sample,group,p_value
G,void,0.42049807776562786
L,void,1.0946346229352305e-05
R,void,0.011332574901706959
G,clash,4.705700818451102e-18
L,clash,0.00010201974232792107
R,clash,5.084332221071898e-22
