sample,group,p_value
G,void,0.3837395091615575
L,void,0.0028366217321330435
R,void,0.00316671605864959
G,clash,6.999591813925112e-17
L,clash,0.0002107102231654157
R,clash,1.4668121063604613e-17
