sample,group,p_value
G,void,0.3837395091636714
L,void,0.002836621732146122
R,void,0.0031667160586716383
G,clash,6.999591814007463e-17
L,clash,0.00021071022316637638
R,clash,1.4668121063537015e-17
