sample,group,p_value
11A,Mutant,8.468961721242951e-05
12A,Mutant,0.0015601315596472526
12T,Mutant,0.0024825937020666934
12V,Mutant,0.005269216144560157
3Y,Mutant,0.002540769206449799
8A,Mutant,3.28125269488038e-05
