sample,group,p_value
11I,Mutant,0.00041766650301352924
12I,Mutant,1.2200003379134185e-07
4I,Mutant,0.021515548399053803
8I,Mutant,1.4214615017243926e-05
