sample,group,p_value
3,Mutant,0.04955360195656143
8,Mutant,0.007778342101703799
12,Mutant,4.9317126975163296e-05
