sample,group,p_value
A,Mutant,6.465105195080269e-11
F,Mutant,0.01575500317087703
T,Mutant,0.0012660621888542375
V,Mutant,0.03393983710458664
