sample,group,p_value
AI,Mutant,1.0216340883767971e-10
FA,Mutant,0.021892692247224007
TI,Mutant,0.0013446245679582195
