sample,group,p_value
4A,Mutant,0.025029101620228526
8A,Mutant,0.04093003464942372
