,C0-Rep1,C1-Rep1,C2-Rep1,C3-Rep1,C4-Rep1,C5-Rep1,C6-Rep1,C0-Rep2,C1-Rep2,C2-Rep2,C3-Rep2,C4-Rep2,C5-Rep2,C6-Rep2,C0-Rep3,C1-Rep3,C2-Rep3,C3-Rep3,C4-Rep3,C5-Rep3,C6-Rep3,C7-Rep3,C0-Rep4,C1-Rep4,C2-Rep4,C3-Rep4,C4-Rep4,C5-Rep4,C6-Rep4,C7-Rep4,C0-Rep5,C1-Rep5,C2-Rep5,C3-Rep5,C4-Rep5,C5-Rep5,C6-Rep5,C7-Rep5
Median,30930,42997,59586,86410,123436,178702,279204,36502,45710,57643,77017,101703,142340,204478,28329,33154,39783,49341,68688,89764,117659,147180,27333,32827,39867,52583,69454,91522,126883,184457,26331,31292,37413,48185,67594,90780,120485,166621
Percent,0.15,0.2405,0.3001,0.2004,0.0901,0.0388,0.006,0.287631491,0.254,0.2614,0.122933712,0.063814911,0.021800384,0.005270078,0.029697425,0.146306293,0.312573737,0.353056141,0.126535817,0.068976202,0.023476696,0.006280314,0.024622491,0.139136614,0.304387991,0.34402795,0.12766033,0.066240303,0.022786759,0.006371765,0.027437945,0.136698537,0.303051072,0.350490616,0.127377403,0.06966862,0.026786836,0.006545355
