Sequence,Mutant,Region,Mutant Type,CHARMM_IMM1,CHARMM_IMM1REF,CHARMM_VDW,Dimer,HBONDMonomer,IMM1Monomer,Monomer,MonomerSasa,SCWRL4_HBOND,VDWMonomer,Mutant_DimerSasa,Mutant_MonomerSasa,Mutant_Position_MonomerSasa,Mutant_Position_Sasa,WT_DimerSasa,WT_MonomerSasa,WT_Position_MonomerSasa,WT_Position_Sasa,Total,Interface,Position,WT_AA,SasaDifference,SasaPercDifference,Mutant_SASA_no_alanine,SASA_no_wt_position,DimerSasaDifference,Segment,PercentGpA_transformed,std_adjusted,Sample,LB-12H_M9-36H,wt_seq,Fluorescence,FluorStdDev,Percent GpA
LLLYFLLALLLGVLLGTLILI,LLLYALLALLLGVLLGTLILI,GAS,void,,,,,,,,,,,3612.98,4632.3,50.3131,42.5881,3577.33,4717.21,137.2,98.3766,-23.3014,1.1e+17,4,F,95.8871,30.75503773,3570.3919,3478.9534,91.4385,1.0,0.2278425388595926,0.02556710206987782,G,17.442000157224875,LLLAALLALLLGVLLGTLILI,19016.78959424018,1507.510791694097,20.66555018604485
LLLYWLLTILVALLLSLLILI,LLLYALLTILVALLLSLLILI,Left,void,,,,,,,,,,,3584.43,4114.05,48.8124,41.7687,3604.75,4130.02,126.011,207.924,-14.8358,1.1e+17,4,W,104.1574,24.78263256,3542.6613,3396.826,145.8353,2.0,0.3329139115948287,0.012328473720093104,L,5200910050390.028,LLLFALLTILVALLLSLLILI,29179.01707593941,1080.5578639701846,33.28799529572205
LLLFALLLLLVTLLYSLLILI,LLLAALLLLLVTLLYSLLILI,Left,void,,,,,,,,,,,3369.2,4122.9,54.8724,105.815,3449.49,4264.16,157.067,270.168,-17.4217,1.1e+17,3,F,63.9158,62.34283937,3263.385,3179.322,84.063,3.0,0.2017915718847717,0.005952891005310482,L,24.79633968920692,LLLAALLLLLVTLLFSLLILI,28464.499943966643,839.7083391761205,20.17709882845575
LLLYWLLTILLALLFSLLILI,LLLYALLTILLALLFSLLILI,Left,void,,,,,,,,,,,3639.55,4259.59,49.9867,44.3855,3654.35,4278.25,127.069,195.78,-16.5746,1.1e+17,4,W,94.0897,32.05303188,3595.1645,3458.57,136.5945,3.0,0.2133735029184696,0.003947797757565546,L,3356874517062.8657,LLLVALLTILLALLFSLLILI,28527.61266879449,527.8127029933908,21.335173791193665
