sample,group,p_value
11I,Mutant,0.00017417709816107356
12I,Mutant,8.464535738133392e-14
4I,Mutant,0.000537489757835792
8I,Mutant,3.4426158610576606e-06
