sample,group,p_value
8,Mutant,0.00010800626100544334
12,Mutant,2.196905611745919e-07
