sample,group,p_value
12A,Mutant,4.500629805498352e-05
12S,Mutant,0.008570725345162554
4A,Mutant,0.007773746096596451
8A,Mutant,0.0008587925949071668
