sample,group,p_value
12I,Mutant,1.1622887668137963e-07
4I,Mutant,0.0008311863399130859
8A,Mutant,0.047981384192179066
8I,Mutant,0.01374345352570593
