sample,group,p_value
A,Mutant,7.469019075425478e-09
T,Mutant,0.0050502575976217705
