sample,group,p_value
AI,Mutant,1.6726092803766653e-08
TI,Mutant,0.005050257597642956
