sample,group,p_value
G,clash,1.841491378446469e-08
G,void,0.46112006244629866
