sample,group,p_value
G,clash,1.8414913784535507e-08
G,void,0.4611200624470029
