sample,group,p_value
A,Mutant,1.3119011047783972e-05
I,Mutant,4.013640784925574e-11
