Sequence,Segments,Fluorescence,FluorStdDev,Rep1-Fluor,Rep2-Fluor,Rep3-Fluor,Sample,Average Percent GpA,LB-12H_M9-24H,LB-12H_M9-36H,LB-24H_M9-24H,LB-24H_M9-36H,LB-36H_M9-24H,LB-36H_M9-36H,std,Percent Error,mean,mean_transformed,Percent GpA,std_adjusted,Type,Mutant Type,percent_wt,wt_seq,position,wt_aa,mut_aa,mut_position
LLLSYLLGVLLGTLLGFLILI,1.0,23296.610213242944,2353.955424415526,23976.542572254017,25235.761216006125,20677.526851468687,G,68.69871599210894,1268.6364083988456,2113.954860214444,1209.1252815367964,2017.6875479140128,1457.9253086959548,2420.1553077735634,3223.1584294019763,14.04019866608193,22956.644033737408,32299.85494672888,69.67018905973009,4534.963803377026,WT,,71.7279170673731,LLLSYLLGVLLGTLLGLLILI,L16F,L,F,16
LLLSYLLGFLLGTLLGLLILI,1.0,25024.26614139102,1758.0877475161944,26315.23532601323,25735.58715462312,23021.97594353671,G,103.18025076801932,6258.465272090734,8335.500843300664,5446.969933983503,7258.925079179638,5162.249900601679,6881.199326357015,1918.812888863042,7.870831792803281,24378.781549079915,38812.07722627655,83.71693193716278,3054.8333137731365,WT,,86.1895343211373,LLLSYLLGVLLGTLLGLLILI,V8F,V,F,8
LLLFYLLGVLLGLLLASLILI,0.0,24065.199953065625,1093.6002499332467,23680.666087272188,25299.129876664003,23215.803895260684,G,95.90690531819256,-28.42782686595693,-44.36191561524038,-45.01820177250683,-57.25878095558272,-36.25211755054687,-50.444287105411625,1473.133928872406,6.072909161528735,24257.46688596234,38256.55566562086,82.51868221680118,2323.2858739028293,WT,,92.22136065334294,LLLTYLLGVLLGLLLASLILI,T3F,T,F,3
LLLSYLLGLLLGFLLSTLILI,1.0,27583.49480342345,4734.725762388192,32974.61267670407,25675.028048371925,24100.843685194373,G,135.94153978806696,99999900.0,-99.99961118047024,15948881249900.012,-37.98763492037681,23375088815450.098,-9.11308958435512,1113.1164380406738,4.472514088748928,24887.935866783148,41143.58599789934,88.74595318760741,1840.152680372579,WT,,94.15541880574516,LLLSYLLGLLLGVLLSTLILI,V12F,V,F,12
