Sequence,Segments,Fluorescence,FluorStdDev,Rep1-Fluor,Rep2-Fluor,Rep3-Fluor,Sample,Average Percent GpA,LB-12H_M9-24H,LB-12H_M9-36H,LB-24H_M9-24H,LB-24H_M9-36H,LB-36H_M9-24H,LB-36H_M9-36H,std,Percent Error,mean,mean_transformed,Percent GpA,std_adjusted,Type,Mutant Type,percent_wt,wt_seq,position,wt_aa,mut_aa,mut_position
LLLYGLLFLLLGVLLATLILI,0.0,19902.69854355748,1142.3627306850212,20144.226991526903,20904.98401351968,18658.88462562586,G,23.48683245592888,-27.16318157542561,-31.48808865581764,-15.116142558924444,-20.15637913155917,-13.70850345058522,-18.83232286604548,1588.2321083986742,8.028699735532108,19781.93431957277,17762.290816230445,38.31293240609456,1426.0809957871377,WT,,111.17253603334989,LLLAGLLFLLLGVLLATLILI,A3Y,A,Y,3
LLLYGLLAALLGILLTLLILI,6.0,20660.84265209125,2776.5961797484383,23602.27910429729,20294.86423409637,18085.384617880096,G,26.54892474326364,-30.208171084543817,-3.1798836287198795,-33.63893783305884,-7.939283704570029,-29.74676140686408,-2.539783786345734,1562.3380195199784,8.141364718845603,19190.12442598824,15052.28736531257,32.46750514057396,1225.461612938812,Mutant,void,110.89309969710312,LLLFGLLAALLGILLTLLILI,F3Y,F,Y,3
LLLAYLLFLLLGTLLGSLILI,1.0,20517.566272520868,1898.1098811754405,20745.143634899945,22291.627566598243,18515.92761606442,G,27.28513008924445,14627133632996.275,-13.557537004309486,8736472165317.833,-48.36977696277806,9309966054977.275,-44.98058085787811,2669.8230387481794,13.084944818661768,20403.77759133133,20609.82248250368,44.4550054856802,2696.7838990597534,WT,,154.00124147036934,LLLAGLLFLLLGTLLGSLILI,G4Y,G,Y,4
LLLLVLLIALLATLLSYLILI,10.0,25388.19600575313,1528.8638611375543,24548.12872199607,27152.900583200364,24463.558712062964,R,117.04989692749004,-16.028907675469124,-24.51077222069754,0.0498627064924677,-10.05610780971172,37.697197171598944,23.78849427949761,1901.6518740101733,7.368393337993573,25808.229647631662,21475.486960338072,44.65499689397676,1582.398350487229,Mutant,void,142.80673531695274,LLLLVLLIALLATLLSFLILI,F16Y,F,Y,16
LLLYALLVALLTLLLSILILI,11.0,25033.59472343301,1357.4634234659632,24315.682836397213,26599.264733284548,24185.83660061728,R,111.86599261327171,-10.159988972842928,28.56036581866207,-14.619785346192288,22.17843145913465,38.8085850351866,98.63401915100091,1706.5513985154118,6.720677339187253,25392.550666950912,17896.017890223706,37.21203736978786,1202.7336189651612,Mutant,void,113.22761652679448,LLLFALLVALLTLLLSILILI,F3Y,F,Y,3
