sample,group,p_value
G,void,0.8642034165417807
L,void,0.3119310512060075
R,void,0.08583812745933925
G,clash,6.864179459276342e-05
L,clash,8.908659873588294e-05
R,clash,1.6424759438043345e-15
