sample,group,p_value
G,void,0.8642034165431426
L,void,0.31193105120684017
R,void,0.08583812745961637
G,clash,6.864179459318562e-05
L,clash,8.908659873563906e-05
R,clash,1.6424759437865355e-15
