sample,group,p_value
11I,Mutant,0.0002798354574332491
15I,Mutant,0.0007594629440978019
