sample,group,p_value
11G,Mutant,4.801640891967259e-05
15G,Mutant,0.003490349275788455
