sample,group,p_value
11I,Mutant,0.0002798354574326825
15I,Mutant,0.00075946294410224
