sample,group,p_value
11G,Mutant,4.8016408919808804e-05
15G,Mutant,0.0034903492757625185
