sample,group,p_value
11,Mutant,0.00016203578084513827
15,Mutant,0.013813675155739478
