Sequence	Interface	InterfaceSequence	Baseline	Dimer	Dimerw/Baseline	HBONDDimer	HBONDMonomer	IMM1Dimer	IMM1Monomer	Monomer	MonomerSasa	SequenceProbability	Total	VDWDimer	VDWMonomer	acceptCycleNumber	axialRotation	bestEnergyTotal	crossingAngle	currEnergyTotal	currEntropy	endAxialRotation	endCrossingAngle	endXShift	endZShift	energyComparison	entropyDiff	geometryNumber	prevEntropy	startEnergy	xShift	zShift	
LLLSYLLGTLLGTLLGTLILI	133002300320020003102	L--SY--GT--GT-LGT-IL-	368.204	-294.276	73.9283	-101.499	-86.3718	-224.835	-265.728	-355.933	4451.57	1.62531e-06	24.8632	32.0577	-3.83354	114	-80.1206	74.8172	-37.0847	74.3713	0.443059	-79.8805	-37.9322	6.90787	2.35422	0.445872	-0.0637174	2	0.379341	61.6572	6.93865	2.19257	
LLLTFLLGTLLGTLLGYLILI	133002300320020003102	L--TF--GT--GT-LGY-IL-	339.948	-214.949	124.999	-72.6314	-72.5716	-225	-271.198	-339.502	4567.97	2.18192e-06	71.186	82.6818	4.26766	122	-80.9279	125.828	-36.9829	125.485	0.48602	-80.1206	-37.0847	6.93865	2.19257	0.343207	-0.142768	1	0.343253	124.553	6.96294	2.0272	
