sample,group,p_value
A,Mutant,0.0190003937701201
I,Mutant,2.498944357818059e-22
