sample,group,p_value
11I,Mutant,7.841480093193459e-16
12I,Mutant,0.030932841385123134
15I,Mutant,0.0006329572723639301
7I,Mutant,0.0007117579842454435
