sample,group,p_value
11G,Mutant,2.9435403556129737e-16
12G,Mutant,0.04864094368806759
15G,Mutant,0.0037095685944995025
7A,Mutant,0.015833094590495013
7G,Mutant,2.0206458791784036e-05
