sample,group,p_value
7,Mutant,0.012929132041484367
11,Mutant,5.0664407532856865e-14
15,Mutant,0.004805723366014467
