sample,group,p_value
7,Mutant,0.01292913204159163
11,Mutant,5.386957990593981e-14
15,Mutant,0.004805723366033861
