sample,group,p_value
A,Mutant,0.016070543177170788
G,Mutant,4.705111821182378e-22
