sample,group,p_value
A,Mutant,0.015056028474953888
G,Mutant,4.70511182114746e-22
