sample,group,p_value
AI,Mutant,0.016070543177170774
GI,Mutant,2.1469935920585254e-21
