sample,group,p_value
11I,Mutant,0.00012166717453042313
12I,Mutant,3.213158993693969e-14
4I,Mutant,0.0008809290403426328
8I,Mutant,3.844478353129554e-06
