sample,group,p_value
8,Mutant,0.00011828713885832228
12,Mutant,7.183570996817887e-08
