sample,group,p_value
G,clash,6.485464770599377e-11
G,void,0.2587653615901563
