sample,group,p_value
G,clash,6.485464770578076e-11
G,void,0.2587653615911182
