sample,group,p_value
11I,Mutant,9.10665820319327e-27
7I,Mutant,2.140902419198065e-05
