sample,group,p_value
11G,Mutant,8.983291473629938e-28
7G,Mutant,2.140902419198065e-05
