Sample,Sequence,Mutant,Position,Type,Mutant Type,WT_AA,mut_AA,PercentGpA,PercentStd,toxgreen_fluor,toxgreen_std,pos_wtAA,pos_mutAA,WT_MUT
G,LLLAYLLGVLLGLLLAFLILI,LLLAYLLGVLLGLLLIFLILI,15,WT,clash,A,I,1.120879346277354,0.0917568498201317,27006.59050553616,1800.911691454492,15A,15I,AI
G,LLLTVLLALLLGFLLGSLILI,LLLTVLLALLLGFLLISLILI,15,WT,clash,G,I,0.7769629407095923,0.069986458157335,18720.230725533205,1373.6242141732926,15G,15I,GI
G,LLLVTLLLGLLFGLLFALILI,LLLVTLLLGLLFGLLAALILI,15,WT,void,F,A,0.8330505977064301,0.2273774113504676,20071.61291483627,4462.736452498793,15F,15A,FA
G,LLLALLLGVLLGTLLGFLILI,LLLALLLGVLLITLLGFLILI,11,WT,clash,G,I,0.9535039402641506,0.1158297263954683,22973.829026010488,2273.390039906808,11G,11I,GI
G,LLLYLLLGALLGVLLSTLILI,LLLYALLGALLGVLLSTLILI,4,WT,void,L,A,0.8428830201770091,0.2177016175794687,20308.516385488827,4272.829648123144,4L,4A,LA
G,LLLTFLLGLLLGYLLASLILI,LLLTFLLGLLLIYLLASLILI,11,WT,clash,G,I,1.231156146588345,0.0840129033933076,29663.61188621728,1648.9212548823175,11G,11I,GI
G,LLLAYLLGLLLGVLLGTLILI,LLLAYLLILLLGVLLGTLILI,7,WT,clash,G,I,1.0488562825835344,0.3091854240997386,25271.258870992417,6068.382318726392,7G,7I,GI
G,LLLAFLLGILLGLLLGTLILI,LLLAFLLIILLGLLLGTLILI,7,WT,clash,G,I,1.2311110369267992,0.1338564433457673,29662.52500906388,2627.200413534741,7G,7I,GI
G,LLLSYLLGVLLGLLLATLILI,LLLSYLLIVLLGLLLATLILI,7,WT,clash,G,I,1.0306914011618922,0.1126748049717276,24833.59221597122,2211.468397017981,7G,7I,GI
G,LLLAYLLGTLLGILLALLILI,LLLAYLLGTLLGILLILLILI,15,WT,clash,A,I,1.002535845401996,0.2050146533227215,24155.209152365365,4023.8226005953534,15A,15I,AI
