Sequence,Segments,Fluorescence,FluorStdDev,Rep1-Fluor,Rep2-Fluor,Rep3-Fluor,Sample,LB-12H_M9-36H,LB-36H_M9-36H,std,Percent Error,mean,mean_transformed,Percent GpA,std_adjusted,Type,Mutant Type,percent_wt,wt_seq,position,wt_aa,mut_aa,mut_position
LLLTYLLLILLGALLGFLILI,13.0,27908.89283,1951.655491,28628.11277,29398.87773,25699.688,D,-89.02688569,-88.70295465,1951.655490246287,6.992952038266824,27908.89283333333,25248.153168715115,60.00302302342736,1765.5912416363933,WT,,74.96750047139797,LLLTYLLLILLGALLGWLILI,W16F,W,F,16
LLLFLLLGLLLGVLLGTLILI,13.0,29271.54428,1976.375664,30270.11636,30549.39108,26995.12541,D,-43.26000037,-32.61457129,1976.3756620285835,6.751866737532857,29271.544283333333,33319.57793554263,79.1850155786658,2249.69349971624,WT,,71.70637158266379,LLLALLLGLLLGVLLGTLILI,A3F,A,F,3
