Sequence	Interface	InterfaceSequence	Baseline	Dimer	Dimerw/Baseline	HBONDDimer	HBONDMonomer	IMM1Dimer	IMM1Monomer	Monomer	MonomerSasa	SequenceProbability	Total	VDWDimer	VDWMonomer	acceptCycleNumber	axialRotation	bestEnergyTotal	crossingAngle	currEnergyTotal	currEntropy	endAxialRotation	endCrossingAngle	endXShift	endZShift	energyComparison	entropyDiff	geometryNumber	prevEntropy	startEnergy	xShift	zShift	
LLLYVLLSTLLGTLLTTLILI	133002200200030003011	L--YV--ST-LGT-LTT-ILI	379.774	-393.417	-13.6429	-114.631	-115.609	-224.694	-278.496	-391.977	4535.7	3.25648e-06	-5.71377	-54.0924	2.12837	103	-99.03	-12.6879	-44.57	-13.5377	0.105187	-99.057	-44.1454	8.39907	1.05005	0.849816	0.969464	0	1.07465	-1.44022	8.44	0.95	
LLLYYLLATLLGTLLTTLILI	133002200200030003011	L--YY--AT-LGT-LTT-ILI	357.291	-371.747	-14.4565	-99.8227	-100.186	-228.698	-280.273	-367.1	4596.52	1.24039e-06	-7.90058	-43.2261	13.3587	113	-99.057	-13.2889	-44.1454	-13.3818	1.07465	-98.886	-44.245	8.39324	1.03921	0.0928872	-0.969464	1	0.105187	-4.64719	8.39907	1.05005	
