sample,group,p_value
11I,Mutant,0.00034646188813364535
12I,Mutant,6.779200567091665e-07
8I,Mutant,0.021572957027242996
