sample,group,p_value
11I,Mutant,0.000346461888133788
12I,Mutant,6.779200567149735e-07
8I,Mutant,0.02157295702722594
