sample,group,p_value
11A,Mutant,0.0050957952403329464
12A,Mutant,0.013264205413325628
12S,Mutant,0.020538660291791588
12T,Mutant,0.006894906164799316
12V,Mutant,0.0007742065181408107
12Y,Mutant,0.024090623854822944
8A,Mutant,0.012687313421897809
