sample,group,p_value
11A,Mutant,0.005095795240329434
12A,Mutant,0.013264205413350473
12S,Mutant,0.020538660291806905
12T,Mutant,0.0068949061648192495
12V,Mutant,0.0007742065181439708
12Y,Mutant,0.024090623854873237
8A,Mutant,0.012687313421942466
