sample,group,p_value
A,Mutant,4.201827973364566e-07
S,Mutant,0.013721677528548365
T,Mutant,0.0015229779387361134
V,Mutant,0.0023609635006431582
