sample,group,p_value
A,Mutant,4.201827973387431e-07
S,Mutant,0.013721677528570687
T,Mutant,0.0015229779387366164
V,Mutant,0.0023609635006470865
