sample,group,p_value
11G,Mutant,1.454624971342848e-07
12G,Mutant,0.007126053966181268
15G,Mutant,0.0005538150494391051
