sample,group,p_value
11I,Mutant,7.499104867358221e-07
12I,Mutant,0.022973177391329317
15I,Mutant,0.02551628941653252
