sample,group,p_value
11G,Mutant,1.454624971335509e-07
12G,Mutant,0.007126053966193721
15G,Mutant,0.0005538150494406703
