sample,group,p_value
11I,Mutant,7.49910486739601e-07
12I,Mutant,0.022973177391106964
15I,Mutant,0.02551628941650747
