sample,group,p_value
7,Mutant,0.044726626492970115
11,Mutant,7.379803418241919e-06
15,Mutant,0.012065474468076785
