sample,group,p_value
7,Mutant,0.044726626492961274
11,Mutant,7.379803418274863e-06
15,Mutant,0.012065474468099406
