sample,group,p_value
A,Mutant,0.03195109311437915
G,Mutant,2.3199200695884667e-10
