sample,group,p_value
A,Mutant,0.03195109311414209
G,Mutant,2.3199200696031114e-10
