sample,group,p_value
AI,Mutant,0.03195109311437915
GI,Mutant,1.294379727903454e-09
