sample,group,p_value
AI,Mutant,0.03195109311414208
GI,Mutant,1.2943797279110454e-09
