sample,group,p_value
G,clash,7.52287036187381e-16
G,void,0.33172244525785655
