sample,group,p_value
G,clash,7.5228703618795065e-16
G,void,0.33172244525871253
