sample,group,p_value
11I,Mutant,5.096506200116362e-18
15I,Mutant,0.0024251707061120234
7I,Mutant,0.0003931849129472273
