sample,group,p_value
11G,Mutant,5.5453090382864884e-18
15G,Mutant,0.016385634253680174
7G,Mutant,2.1585561345394893e-07
