sample,group,p_value
7,Mutant,0.0003820507303269031
11,Mutant,1.678831494175099e-16
15,Mutant,0.011601286471455953
