sample,group,p_value
A,Mutant,0.005899982578011412
G,Mutant,7.208352880798938e-23
