sample,group,p_value
11A,Mutant,0.00012676564015183222
12A,Mutant,7.749453761495625e-13
12L,Mutant,0.004937926985701677
12S,Mutant,0.0027594426782778575
12T,Mutant,1.4958521203519791e-05
12V,Mutant,2.9007197933974487e-05
4A,Mutant,0.047337310871711516
8A,Mutant,8.238982872101221e-05
8T,Mutant,0.0018801123221531407
