sample,group,p_value
11I,Mutant,3.8243819684498614e-05
12I,Mutant,8.616586604973341e-23
4A,Mutant,0.009523890953385584
4I,Mutant,0.007710369506080673
8I,Mutant,1.958237204711604e-05
