sample,group,p_value
11I,Mutant,3.824381968451421e-05
12I,Mutant,8.61658660497686e-23
4A,Mutant,0.009523890953379853
4I,Mutant,0.007710369506062289
8I,Mutant,1.958237204711995e-05
