sample,group,p_value
8,Mutant,0.0071818679444125315
12,Mutant,4.754086072535643e-15
