sample,group,p_value
A,Mutant,2.855728483832387e-15
T,Mutant,7.341757136280592e-09
V,Mutant,0.006718510384509481
