sample,group,p_value
AI,Mutant,2.855728483832531e-15
LI,Mutant,0.043121468057687254
TI,Mutant,6.2611122660217324e-09
VI,Mutant,0.0046483563943608055
