sample,group,p_value
11G,Mutant,4.21504172792879e-11
12G,Mutant,0.014690376513099478
15G,Mutant,0.023623299825859194
7G,Mutant,0.00030604587919980537
