sample,group,p_value
7,Mutant,0.0007170812981928593
11,Mutant,2.2174917115302723e-11
