sample,group,p_value
A,Mutant,0.018199697953225447
G,Mutant,1.0443516477673048e-19
