sample,group,p_value
A,Mutant,0.016470160001383967
G,Mutant,1.0443516477633197e-19
