sample,group,p_value
G,clash,1.151425610281136e-21
L,clash,3.7905414570826104e-05
R,clash,3.5930041460715364e-14
G,void,0.04782628935559058
L,void,0.8609466495019416
R,void,0.936540759516286
