sample,group,p_value
G,clash,1.3617802089352864e-11
G,void,0.4949668033426441
