sample,group,p_value
G,clash,1.36178020894064e-11
G,void,0.49496680334374665
