,high_count,low_count,high_frequency,low_frequency
A,846,131,0.19766355140186917,0.26411290322580644
L,718,82,0.1677570093457944,0.16532258064516128
I,554,43,0.1294392523364486,0.08669354838709678
V,525,62,0.12266355140186916,0.125
T,507,61,0.11845794392523365,0.12298387096774194
S,457,56,0.10677570093457944,0.11290322580645161
F,390,33,0.0911214953271028,0.06653225806451613
Y,255,23,0.05957943925233645,0.046370967741935484
W,28,5,0.0065420560747663555,0.010080645161290322
