,high_count,low_count,high_frequency,low_frequency
A,1318,94,0.23468660968660968,0.3092105263157895
T,716,39,0.1274928774928775,0.12828947368421054
I,690,23,0.12286324786324786,0.0756578947368421
S,630,42,0.11217948717948718,0.13815789473684212
L,628,35,0.11182336182336182,0.11513157894736842
V,625,34,0.11128917378917379,0.1118421052631579
Y,494,22,0.08796296296296297,0.07236842105263158
F,484,14,0.08618233618233619,0.046052631578947366
W,31,1,0.00551994301994302,0.003289473684210526
