,AA,Entropy,Left
0,A,0.143,0.24161849710982658
1,F,0.098,0.07630057803468208
2,G,0.085,0.0
3,I,0.121,0.07167630057803469
4,L,0.211,0.292485549132948
5,S,0.073,0.07861271676300578
6,T,0.066,0.07745664739884393
7,V,0.126,0.07630057803468208
8,W,0.028,0.017341040462427744
9,Y,0.049,0.06820809248554913
