sample,group,p_value
11I,Mutant,3.2561578546182214e-12
12I,Mutant,0.012317808235628955
15I,Mutant,0.002525630033222561
7I,Mutant,0.012728690320846323
