sample,group,p_value
7,Mutant,0.021114126934593712
11,Mutant,3.48436340587014e-13
15,Mutant,0.015515756312628477
