Sequence,Segments,Fluorescence,FluorStdDev,Rep1-Fluor,Rep2-Fluor,Rep3-Fluor,Sample,LB-12H_M9-36H,LB-36H_M9-36H,std,Percent Error,mean,mean_transformed,Percent GpA,std_adjusted,Type,Mutant Type,percent_wt,wt_seq,position,wt_aa,mut_aa,mut_position,Mutant Type_x,Mutant Type_y
LLLYALLALLLGTLLGFLILI,13.0,25532.02086,1146.976004,26104.55385,26280.02147,24211.48726,D,-34.12787555,-1.316358998,1146.9760080157885,4.49230405342771,25532.02086,11169.17258043568,26.543886795131545,501.7531925652484,WT,,70.99671506820384,LLLGALLALLLGTLLGFLILI,G3Y,G,Y,3,,
LLLAYLLGVLLGLLLGFLILI,13.0,31645.96643,2181.163442,32689.47276,33109.3568,29139.06973,D,2114.799586,2847.63252,2181.163439569546,6.892390044065233,31645.96643,47384.0474090159,112.60966569029432,3265.8933660941616,WT,,63.99607625822684,LLLALLLGVLLGLLLGFLILI,L4Y,L,Y,4,,
LLLAYLLGLLLGVLLGTLILI,0.0,26622.68502,2186.111322,27199.32784,28462.67163,24206.0556,G,6558.955859,7031.696322,3009.8820597203617,11.4294846981073,26334.363615,47767.037598506606,103.03261563750353,5459.526253060474,WT,,30.244593622374037,LLLALLLGLLLGVLLGTLILI,L4Y,L,Y,4,,
LLLTYLLGVLLGLLLGFLILI,1.0,24655.04758,1607.080719,26436.88702,24213.00935,23315.24637,G,64.27875449,37.3922687,634.8142910562425,2.6713132280556686,23764.12786,35997.46794398617,77.64587182002755,961.6051229528015,WT,,11.619678798857592,LLLTALLGVLLGLLLGFLILI,A4Y,A,Y,4,,
LLLYALLALLLGTLLSFLILI,0.0,19281.51675,1459.020984,19953.94572,20283.06969,17607.53484,G,-77.62236554,-76.53953403,1891.888835735932,9.98605780616682,18945.302265,13931.202861879585,30.04934662058682,1391.1779708816618,WT,,70.74998944635783,LLLVALLALLLGTLLSFLILI,V3Y,V,Y,3,,
