sample,group,p_value
11I,Mutant,0.010074187858605031
12I,Mutant,0.0002335321770628542
4I,Mutant,0.009406035181878474
