sample,group,p_value
11A,Mutant,0.02546702217662328
11Y,Mutant,1.1951680467376495e-05
12A,Mutant,0.0016784502662804484
4A,Mutant,0.006062859183734766
4L,Mutant,0.011785390697037726
8A,Mutant,0.01782582864724028
8L,Mutant,0.013483965963526112
8S,Mutant,0.039169980178288405
