sample,group,p_value
A,Mutant,5.55673287666636e-07
L,Mutant,0.03968118454567739
T,Mutant,0.030989390449468635
