sample,group,p_value
AI,Mutant,5.55673287663515e-07
TI,Mutant,0.02175059610532352
