sample,group,p_value
11I,Mutant,0.004484095520666665
12I,Mutant,1.9348039793146558e-10
4A,Mutant,0.03927605276308335
8I,Mutant,6.934516389171591e-05
