sample,group,p_value
11A,Mutant,0.013935193042009276
12A,Mutant,0.0009340473319718632
12S,Mutant,0.017022172414733274
12T,Mutant,0.0005724015400595992
12V,Mutant,0.0019275277829641107
3Y,Mutant,0.041034203526162494
8A,Mutant,0.00011422453727118309
