sample,group,p_value
8,Mutant,0.010595418629705325
12,Mutant,5.543865646193236e-06
