sample,group,p_value
A,Mutant,2.5055730999160832e-08
F,Mutant,0.028510037358000836
S,Mutant,0.013600004068332998
T,Mutant,0.00026109343329990973
V,Mutant,0.0011941493766462416
