sample,group,p_value
AI,Mutant,9.58697893925101e-09
SI,Mutant,0.013600004068333126
TI,Mutant,0.0005782752821729798
VI,Mutant,0.0008359295377252962
