Sequence	Interface	InterfaceSequence	Baseline	Dimer	Dimerw/Baseline	HBONDDimer	HBONDMonomer	IMM1Dimer	IMM1Monomer	Monomer	MonomerSasa	SequenceProbability	Total	VDWDimer	VDWMonomer	acceptCycleNumber	axialRotation	bestEnergyTotal	crossingAngle	currEnergyTotal	currEntropy	endAxialRotation	endCrossingAngle	endXShift	endZShift	energyComparison	entropyDiff	geometryNumber	prevEntropy	startEnergy	xShift	zShift	
LLLGYLLYYLLGFLLTFLILI	123002200230021003301	L--GY--YY--GF-LTF--LI	310.882	-63.4981	247.384	-64.2739	-58.8561	-238.451	-284.224	-313.353	4704.53	1.81346e-06	876.207	239.227	29.7268	107	-57.6404	247.898	-41.9331	247.689	0.30482	-57.8458	-41.6459	8.48814	1.15598	0.208657	0.234025	1	0.538845	249.855	8.48293	0.959746	
LLLYTLLTYLLGFLLTFLILI	123002200230021003301	L--YT--TY--GF-LTF--LI	327.607	36.0321	363.639	-85.3046	-72.5913	-231.628	-287.811	-333.696	4767.31	1.89663e-06	1580.99	352.965	26.706	126	-57.8	364.152	-42.46	363.811	0.171816	-57.6404	-41.9331	8.48293	0.959746	0.34126	0.644368	0	0.816184	369.728	8.45	0.82	
LLLYVLLYYLLGFLLGTLILI	123002200230021003301	L--YV--YY--GF-LGT--LI	325.946	-158.638	167.308	-62.0769	-58.8312	-233.973	-284.428	-321.483	4744.59	4.66319e-06	129.788	137.412	21.7761	117	-57.8458	168.469	-41.6459	167.904	0.595564	-58.4048	-42.0595	8.45085	1.26447	0.565919	-0.326092	2	0.269472	162.845	8.48814	1.15598	
