sample,group,p_value
11A,Mutant,0.028269725694598975
12A,Mutant,9.519088227667509e-05
4A,Mutant,0.01369826473985888
8A,Mutant,0.007189616597212358
