Sequence,Segments,Fluorescence,FluorStdDev,Rep1-Fluor,Rep2-Fluor,Rep3-Fluor,Sample,Average Percent GpA,LB-12H_M9-24H,LB-12H_M9-36H,LB-24H_M9-24H,LB-24H_M9-36H,LB-36H_M9-24H,LB-36H_M9-36H,std,Percent Error,mean,mean_transformed,Percent GpA,std_adjusted,Type,Mutant Type,percent_wt,wt_seq,position,wt_aa,mut_aa,mut_position,Mutant Type_x,Mutant Type_y
LLLYFLLVALLLALLSTLILI,4.0,24516.445921518825,1253.4072846046515,24332.890507728724,25851.50974940585,23364.937507421902,R,100.99500190654834,28.4390168877988,-1.765324192398614,-7.261573257756983,-29.0703907062009,43.50861546206534,9.7604346180022,1758.272094217086,7.145058988276171,24608.22362841388,33847.26797046024,33.84263188985259,2418.407262409291,WT,,70.52530996776156,LLLYWLLVALLLALLSTLILI,W4F,W,F,4,,
LLLYALLLTLLVALLSFLILI,5.0,23878.932470074647,829.5358374321148,24146.201567453056,24541.887607343087,22948.7082354278,R,92.53258107706326,-63.01974540155821,-62.50079395316568,-46.42958375282987,-45.67781918537794,-32.5252287696967,-31.5783415554211,1126.547937527825,4.744299023990075,23745.29792138544,20540.950335438607,20.53813682914333,974.5241062824998,WT,,41.50013438917847,LLLYALLLTLLVALLSILILI,I16F,I,F,16,,
