sample,group,p_value
G,void,0.6537945674902098
L,void,0.29892235249646
R,void,0.40529409852713705
G,clash,5.657321192659146e-09
L,clash,0.006192453468579378
R,clash,1.135694513709267e-08
