sample,group,p_value
G,void,0.6537945674894836
L,void,0.29892235249618365
R,void,0.40529409852666254
G,clash,5.657321192646933e-09
L,clash,0.006192453468567923
R,clash,1.1356945137096535e-08
