sample,group,p_value
11A,Mutant,0.003109524743272886
12A,Mutant,0.006069057543090693
12S,Mutant,0.013147143845650893
12T,Mutant,0.004446882868981092
12V,Mutant,0.0001245264000661798
3Y,Mutant,0.032774475765689155
8A,Mutant,0.001164563154215778
