sample,group,p_value
3,Mutant,0.03089420895006529
7,Mutant,0.02955359463899762
8,Mutant,0.014521473376099806
12,Mutant,9.16773289774324e-06
