sample,group,p_value
A,Mutant,7.738536716494805e-07
S,Mutant,0.028229528704332423
T,Mutant,0.0004941642872623638
V,Mutant,0.0018217270322637084
