sample,group,p_value
A,Mutant,7.738536716524304e-07
S,Mutant,0.02822952870429896
T,Mutant,0.0004941642872616796
V,Mutant,0.0018217270322654245
