sample,group,p_value
AI,Mutant,1.085995989143227e-06
SI,Mutant,0.017586479211000018
TI,Mutant,0.0002436432370765548
VI,Mutant,0.0018016715107728321
