sample,group,p_value
A,Mutant,0.026513696720866165
I,Mutant,2.1763456603532844e-31
