sample,group,p_value
11I,Mutant,3.1895223210009035e-20
12A,Mutant,0.04431076711144143
15I,Mutant,0.00011098390498190176
7I,Mutant,6.319437864456327e-09
