sample,group,p_value
11G,Mutant,5.118436934154145e-21
12G,Mutant,0.002054014379875029
15G,Mutant,0.0003728982229294035
7G,Mutant,5.241796318451849e-16
