sample,group,p_value
7,Mutant,3.0864753483537548e-06
11,Mutant,6.469905576037949e-21
15,Mutant,0.0007767868236318133
