sample,group,p_value
A,Mutant,0.04165304657623831
G,Mutant,2.6749243061012137e-34
