sample,group,p_value
AI,Mutant,0.04165304657623827
GI,Mutant,9.653371641965476e-34
LA,Mutant,0.04381528650212406
