sample,group,p_value
7,Mutant,0.0002939250388275455
11,Mutant,2.1681416366044517e-17
15,Mutant,0.02177757863327363
