sample,group,p_value
AI,Mutant,0.0002503105104173224
GI,Mutant,1.185684552873396e-18
