sample,group,p_value
G,clash,7.689630999969166e-46
G,void,0.008267395445393809
