sample,group,p_value
G,clash,7.689630999936896e-46
G,void,0.008267395445253253
