sample,group,p_value
A,Mutant,0.014340377533780937
I,Mutant,2.4333518999609017e-21
