sample,group,p_value
11G,Mutant,8.656434278156764e-16
12G,Mutant,0.04864094368806738
15G,Mutant,0.0020696725771118846
7A,Mutant,0.015833094590495013
7G,Mutant,2.0206458791784036e-05
