sample,group,p_value
11I,Mutant,1.8581574458647996e-16
12I,Mutant,0.04107927986489411
15I,Mutant,0.000716972469416072
7I,Mutant,0.00104414466823434
