sample,group,p_value
11I,Mutant,1.7225956202969374e-16
12I,Mutant,0.04107927986508183
15I,Mutant,0.0007169724694119652
7I,Mutant,0.0010441446682293357
