sample,group,p_value
11G,Mutant,8.656434278230082e-16
12G,Mutant,0.04864094368785742
15G,Mutant,0.00206967257711743
7A,Mutant,0.015833094590464062
7G,Mutant,2.0206458791634382e-05
