sample,group,p_value
11G,Mutant,5.688458840543394e-15
12G,Mutant,0.04864094368785742
15G,Mutant,0.03312616073090324
7A,Mutant,0.01583309459046403
7G,Mutant,2.0206458791634382e-05
