sample,group,p_value
7,Mutant,0.031009333335630686
11,Mutant,3.1975652588212944e-16
15,Mutant,0.002576911755780648
