sample,group,p_value
7,Mutant,0.031009333335810893
11,Mutant,3.4442043862037546e-16
15,Mutant,0.0025769117557978265
