sample,group,p_value
A,Mutant,0.0035737947468773477
G,Mutant,3.541939249605432e-21
