sample,group,p_value
AI,Mutant,0.0035737947468773333
GI,Mutant,8.068827625780812e-21
