sample,group,p_value
AI,Mutant,0.003573794746877355
GI,Mutant,1.2648656553879054e-18
