sample,group,p_value
AI,Mutant,0.004103407993750701
GI,Mutant,1.2648656553873702e-18
