sample,group,p_value
11I,Mutant,0.04308742706779615
12I,Mutant,3.1977837392127416e-07
4I,Mutant,0.00021052399167618722
8I,Mutant,0.008243858713573462
