sample,group,p_value
11S,Mutant,0.030869637048695577
12A,Mutant,0.0001693197391087844
12S,Mutant,0.004050383309411179
4A,Mutant,0.0035859721112087638
5A,Mutant,0.04194139898005943
8A,Mutant,0.0037492729512241282
