sample,group,p_value
AI,Mutant,1.7929763458022643e-08
TI,Mutant,0.008544655261296726
