sample,group,p_value
12I,Mutant,1.142699991808158e-05
4I,Mutant,0.02592269552874286
7I,Mutant,0.048417555485503985
8I,Mutant,0.0026307322114224553
