sample,group,p_value
12I,Mutant,1.1426999918040447e-05
4I,Mutant,0.02592269552865935
7I,Mutant,0.04841755548575812
8I,Mutant,0.0026307322114271273
