sample,group,p_value
11A,Mutant,0.010778068534077787
12A,Mutant,0.0030285368995728343
12T,Mutant,0.047938339226366096
3Y,Mutant,0.023924184317858994
4A,Mutant,0.018399738820204046
8A,Mutant,0.006797229995278619
