sample,group,p_value
11A,Mutant,0.010778068534058941
12A,Mutant,0.003028536899570194
12T,Mutant,0.04793833922655679
3Y,Mutant,0.02392418431799707
4A,Mutant,0.018399738820276117
8A,Mutant,0.006797229995298832
