sample,group,p_value
8,Mutant,0.02626922565083729
12,Mutant,0.00017903877301241118
