sample,group,p_value
8,Mutant,0.026269225650791286
12,Mutant,0.00017903877301269044
