sample,group,p_value
A,Mutant,2.926548328589336e-08
S,Mutant,0.020500395502111347
T,Mutant,0.010145883389545954
