sample,group,p_value
A,Mutant,2.9265483285969625e-08
S,Mutant,0.0205003955019576
T,Mutant,0.010145883389565125
