sample,group,p_value
AI,Mutant,2.9265483285893035e-08
SI,Mutant,0.031384716874953415
TI,Mutant,0.004594323883342812
