sample,group,p_value
AI,Mutant,2.9265483285970154e-08
SI,Mutant,0.03138471687474114
TI,Mutant,0.0045943238833501794
