sample,group,p_value
12A,Mutant,0.001276360860438324
12S,Mutant,0.015836134019412938
4A,Mutant,0.012785969234426023
8A,Mutant,0.001663322459539269
