sample,group,p_value
12A,Mutant,0.001276360860452513
12S,Mutant,0.015836134019296295
4A,Mutant,0.012785969234311882
8A,Mutant,0.0016633224595138337
