sample,group,p_value
12I,Mutant,6.602625758492842e-06
4I,Mutant,0.01147030723267809
