sample,group,p_value
AI,Mutant,5.786697990442288e-06
TI,Mutant,0.02571796511981053
