sample,group,p_value
G,clash,6.418296107558072e-10
L,clash,1.7074740495552367e-05
R,clash,2.8508348008820345e-21
G,void,0.7698719088886112
L,void,0.012303046674404731
R,void,0.003064722186446824
