Sequence	Interface	InterfaceSequence	Baseline	Dimer	Dimerw/Baseline	HBONDDimer	HBONDMonomer	IMM1Dimer	IMM1Monomer	Monomer	MonomerSasa	SequenceProbability	Total	VDWDimer	VDWMonomer	acceptCycleNumber	axialRotation	bestEnergyTotal	crossingAngle	currEnergyTotal	currEntropy	endAxialRotation	endCrossingAngle	endXShift	endZShift	energyComparison	entropyDiff	geometryNumber	prevEntropy	startEnergy	xShift	zShift	
LLLYYLLTGLLTGLLTTLILI	123001200030012003312	L--YYL-TGL-TGL-TT--L-	353.112	-355.123	-2.011	-89.7855	-99.9744	-228.483	-279.108	-362.094	4598.23	2.62531e-07	3.67705	-36.8542	16.9884	127	-2.53	-1.02146	-44.63	-1.55607	0.454934	-3.30906	-44.0922	8.27868	2.43054	0.534605	-0.0860566	0	0.368877	6.97058	8.29	2.4	
LLLYYLLTGLLTGLLTWLILI	123001200030012003312	L--YYL-TGL-TGL-TW--L-	350.854	-352.507	-1.65263	-86.3454	-86.1498	-234.042	-284.352	-353.663	4709.85	4.45507e-07	-3.72287	-32.1192	16.8385	130	-3.30906	-1.30836	-44.0922	-1.37836	0.274265	-3.18045	-44.2282	8.27001	2.54382	0.0700053	0.313076	1	0.58734	1.15694	8.27868	2.43054	
