sample,group,p_value
11I,Mutant,2.7185279138517776e-05
12I,Mutant,1.8226428701031624e-16
4I,Mutant,0.01866135876329647
8I,Mutant,7.073897222411292e-06
