sample,group,p_value
11I,Mutant,0.028333633413263788
15I,Mutant,0.03425566161227547
7I,Mutant,0.02511017603534419
