sample,group,p_value
11G,Mutant,0.03720390188013204
7A,Mutant,0.006350291056723481
7G,Mutant,0.0025876184026029773
