sample,group,p_value
11I,Mutant,0.02833363341318864
15I,Mutant,0.0342556616122073
7I,Mutant,0.02511017603532455
