sample,group,p_value
7,Mutant,0.031545541741590535
11,Mutant,0.024577998809070127
15,Mutant,0.02402427403828638
