sample,group,p_value
A,Mutant,0.0023577173021319844
G,Mutant,0.0002257498065480715
