sample,group,p_value
AI,Mutant,0.012371171366994825
GI,Mutant,0.0009594414278688624
