sample,group,p_value
AI,Mutant,0.012371171366835144
GI,Mutant,0.0009594414278762217
