sample,group,p_value
11,Mutant,0.04044917353209208
12,Mutant,0.014139532473407048
