sample,group,p_value
G,clash,2.0474365330652538e-07
L,clash,0.007277952661350173
R,clash,1.3779445782155113e-09
G,void,0.8337099458543462
L,void,0.21518508210537418
R,void,0.405991182497336
