sample,group,p_value
G,clash,2.0474365330663202e-07
L,clash,0.0072779526613637145
R,clash,1.377944578214115e-09
G,void,0.8337099458553116
L,void,0.21518508210581092
R,void,0.4059911824979955
