sample,group,p_value
G,clash,1.006792303519041e-17
G,void,0.05480494591389001
