sample,group,p_value
G,clash,1.0067923035135718e-17
G,void,0.05480494591365877
