sample,group,p_value
11G,Mutant,9.391594377890631e-08
12G,Mutant,0.005078059942132938
15G,Mutant,1.356753254157391e-05
