sample,group,p_value
11I,Mutant,4.71237036672434e-06
12I,Mutant,0.03252221922609759
15I,Mutant,0.00291442433344027
