sample,group,p_value
11I,Mutant,4.712370366738083e-06
12I,Mutant,0.03252221922594257
15I,Mutant,0.0029144243334485137
