sample,group,p_value
11G,Mutant,9.391594377932186e-08
12G,Mutant,0.005078059942147684
15G,Mutant,1.356753254177114e-05
