sample,group,p_value
11,Mutant,1.4747088681729514e-06
15,Mutant,0.003635311465301507
