sample,group,p_value
11,Mutant,1.4747088681782753e-06
15,Mutant,0.0036353114653145525
