sample,group,p_value
15I,Mutant,0.00695359321413277
7I,Mutant,0.02087408487777992
