sample,group,p_value
7,Mutant,0.028074553111306813
15,Mutant,0.00039971178778474393
