sample,group,p_value
A,Mutant,0.00019285715020640423
G,Mutant,0.0008160253012330753
