sample,group,p_value
AI,Mutant,0.00019285715021024854
GI,Mutant,0.0008160253012278812
