sample,group,p_value
11I,Mutant,0.0491585439159494
12I,Mutant,5.758862530182887e-07
4I,Mutant,0.0017574579298912094
8I,Mutant,0.015687292414383214
