sample,group,p_value
A,Mutant,5.566583784437604e-07
T,Mutant,0.029554138617410134
