sample,group,p_value
AI,Mutant,5.566583784497093e-07
TI,Mutant,0.006611451958357573
