sample,group,p_value
AI,Mutant,3.012058105243973e-06
SI,Mutant,0.020137349396326654
TI,Mutant,0.005134404872184476
