sample,group,p_value
11S,Mutant,0.03086963704886643
12A,Mutant,0.00016931973910714858
12S,Mutant,0.002400041703981074
4A,Mutant,0.002346064808390965
5A,Mutant,0.04194139898018131
8A,Mutant,0.0037492729512792022
