sample,group,p_value
A,Mutant,4.3756964383598646e-09
F,Mutant,0.03267170669924816
T,Mutant,0.03419013572203926
