sample,group,p_value
AI,Mutant,4.3756964384069006e-09
TI,Mutant,0.006466280152233739
