sample,group,p_value
AI,Mutant,8.200739386754866e-14
LI,Mutant,0.043121468057687296
TI,Mutant,6.764610319049535e-08
VI,Mutant,0.004401973450715159
