sample,group,p_value
11G,Mutant,2.460093031191866e-14
12G,Mutant,0.024825333007913262
15G,Mutant,0.01336846655956141
7G,Mutant,3.3871066478392864e-07
