sample,group,p_value
A,Mutant,0.012849306397325504
G,Mutant,9.488071619793243e-09
