sample,group,p_value
11G,Mutant,0.000986950671182806
15G,Mutant,0.001836088949887334
