sample,group,p_value
11I,Mutant,0.008694657860853395
15I,Mutant,0.0003108245206047248
