sample,group,p_value
11I,Mutant,0.008694657860837793
15I,Mutant,0.0003108245206035762
