sample,group,p_value
11G,Mutant,0.0009869506711800823
15G,Mutant,0.0018360889498764087
