sample,group,p_value
11,Mutant,0.006341045409534102
15,Mutant,0.013667013498043635
