sample,group,p_value
11,Mutant,0.0063410454095196404
15,Mutant,0.013667013498020766
