sample,group,p_value
G,clash,4.3176854644022685e-27
G,void,0.06411090488684591
