sample,group,p_value
G,clash,4.3176854644521294e-27
G,void,0.06411090488661694
