sample,group,p_value
G,void,0.5813042670830727
L,void,0.0035272651370280095
R,void,0.01645544966353768
G,clash,7.88579714585389e-10
L,clash,0.04306351538718901
R,clash,2.9811985100683105e-15
