sample,group,p_value
11I,Mutant,8.368440906542298e-16
15I,Mutant,0.0011285028574454016
7I,Mutant,2.2488387784074238e-10
