sample,group,p_value
11G,Mutant,1.5618100435676825e-11
15G,Mutant,0.0064818806049133666
7G,Mutant,7.890863546900267e-10
