sample,group,p_value
7,Mutant,1.7351910301120446e-07
11,Mutant,3.126717432424389e-17
15,Mutant,0.0037345630795337877
