sample,group,p_value
11A,Mutant,0.02583192166765032
12A,Mutant,0.00010912970785394883
12S,Mutant,0.018652724514585592
12T,Mutant,0.011735706592759866
12V,Mutant,0.00039410060572108607
16L,Mutant,0.016094478245055867
3Y,Mutant,0.014858593396690708
7I,Mutant,0.0028351720869743994
8A,Mutant,0.005144399904969846
