sample,group,p_value
AI,Mutant,1.7929763457788277e-08
TI,Mutant,0.008544655261355989
