sample,group,p_value
11A,Mutant,0.0021188675603304495
12A,Mutant,3.1963471074793755e-07
12T,Mutant,0.03801209274603834
4S,Mutant,0.01238203690137861
8A,Mutant,0.006020636667189532
8T,Mutant,0.0032003751825159317
