sample,group,p_value
11A,Mutant,0.002118867560337002
12A,Mutant,3.196347107513387e-07
12T,Mutant,0.03801209274601635
4S,Mutant,0.012382036901409205
8A,Mutant,0.006020636667174352
8T,Mutant,0.003200375182499311
