sample,group,p_value
8,Mutant,0.0007583472905544527
12,Mutant,1.4655282425090655e-06
