sample,group,p_value
11A,Mutant,0.00036635126121104867
12A,Mutant,3.344288817300221e-11
12L,Mutant,0.005896940541235678
12T,Mutant,0.00018048446372896407
12V,Mutant,0.0001890163298332496
8A,Mutant,9.80264676202989e-07
8T,Mutant,0.0007332050766411584
