sample,group,p_value
11A,Mutant,0.00036635126121017686
12A,Mutant,3.3442888172742224e-11
12L,Mutant,0.0058969405412396085
12T,Mutant,0.00018048446372957196
12V,Mutant,0.00018901632983167385
8A,Mutant,9.802646762119814e-07
8T,Mutant,0.0007332050766448447
