sample,group,p_value
11I,Mutant,0.0004722160222177563
12I,Mutant,7.984071384201639e-15
8I,Mutant,1.3739477305071653e-08
