sample,group,p_value
8,Mutant,4.714067374022393e-07
12,Mutant,7.996939686930822e-12
