sample,group,p_value
A,Mutant,1.529884973317683e-11
T,Mutant,8.895138863680258e-08
