sample,group,p_value
AI,Mutant,1.5298849733176553e-11
LI,Mutant,0.0012930853969323863
TI,Mutant,7.322269029078306e-08
