sample,group,p_value
11I,Mutant,4.818227721814403e-29
15I,Mutant,0.0004118372261362029
7I,Mutant,4.614480828976453e-19
