sample,group,p_value
11G,Mutant,2.3620901625403146e-28
15G,Mutant,0.000256194785993176
7G,Mutant,1.390683519571324e-17
