sample,group,p_value
7,Mutant,2.9983863597554757e-12
11,Mutant,4.818227721814403e-29
15,Mutant,0.0006773107057524819
