sample,group,p_value
11I,Mutant,4.955261616909731e-06
15I,Mutant,0.01868130703557798
7I,Mutant,0.0006536703425385867
