sample,group,p_value
11I,Mutant,2.14558646740473e-06
15I,Mutant,0.03661948413640363
7I,Mutant,0.006934120517038393
