sample,group,p_value
11G,Mutant,7.933482317011021e-05
7G,Mutant,3.207429279484766e-07
