sample,group,p_value
11G,Mutant,0.0003043117798491037
15G,Mutant,0.039893172488160523
7G,Mutant,3.621776246334068e-05
