sample,group,p_value
7,Mutant,0.0013136928064463233
11,Mutant,2.1292146559182307e-05
