sample,group,p_value
7,Mutant,0.006356367335017432
11,Mutant,1.7619256598828667e-05
