sample,group,p_value
7,Mutant,0.0013136928064495664
11,Mutant,2.2460703385555616e-05
