sample,group,p_value
A,Mutant,0.012849306397325504
G,Mutant,1.3480855413998229e-09
