sample,group,p_value
AI,Mutant,0.014755630989747328
GI,Mutant,1.566178762277628e-08
