sample,group,p_value
AI,Mutant,0.014755630989747252
GI,Mutant,2.035964351057383e-08
