sample,group,p_value
11Y,Mutant,0.0003578582754958173
12A,Mutant,0.01267473277084682
12L,Mutant,0.0481887618680708
12S,Mutant,0.04449942161473283
4A,Mutant,0.02878601793706927
