sample,group,p_value
AI,Mutant,0.002225842035378726
TI,Mutant,0.03068818432609899
