sample,group,p_value
12A,Mutant,0.032314377907966874
12S,Mutant,0.0385296091597724
7L,Mutant,0.010876601244626107
