sample,group,p_value
A,Mutant,0.032609721459648335
I,Mutant,0.000780075376578961
