sample,group,p_value
11Y,Mutant,0.04583095674489789
12S,Mutant,0.006669461608278431
16F,Mutant,0.042044477780348304
