sample,group,p_value
F,Mutant,0.020356435391415222
S,Mutant,0.030828818334389683
