sample,group,p_value
7,Mutant,0.004403049590601047
11,Mutant,4.7184187998601503e-08
