sample,group,p_value
G,void,0.048299520870139404
L,void,0.24549321529851595
R,void,0.48360533924654203
G,clash,3.9828621813349793e-26
L,clash,0.0018179668018523914
R,clash,1.754684018572372e-13
