sample,group,p_value
A,Mutant,0.02218237975311669
I,Mutant,0.02758317489701101
