sample,group,p_value
4,Mutant,0.038937685623428316
7,Mutant,0.02475001742779728
