sample,group,p_value
T,Mutant,0.03325006913549332
Y,Mutant,0.007000017122831853
