sample,group,p_value
FA,Mutant,0.046082235663623926
TI,Mutant,0.03325006913549337
YA,Mutant,0.007000017122831892
