sample,group,p_value
G,clash,1.6611668178042692e-16
G,void,0.3577136681981473
