sample,group,p_value
G,clash,1.6611668178000784e-16
G,void,0.35771366819916883
