sample,group,p_value
12I,Mutant,0.006470519788331215
4I,Mutant,0.008119598176829074
8I,Mutant,0.044175901575624614
