sample,group,p_value
11I,Mutant,1.584223124337555e-17
15I,Mutant,0.0022743904799645753
7I,Mutant,0.00032168744842565487
