sample,group,p_value
7,Mutant,0.015821485613844777
11,Mutant,1.4051513381744056e-16
15,Mutant,0.007267172503738928
