sample,group,p_value
A,Mutant,0.04272628097269307
G,Mutant,1.0702596861128212e-22
