sample,group,p_value
G,void,0.13886203758410715
L,void,0.0030426796688241627
R,void,0.0196403797297815
G,clash,1.4962877335347742e-22
L,clash,1.3370959352842652e-05
R,clash,5.630279328005171e-22
