sample,group,p_value
11I,Mutant,3.6016044105602903e-06
15I,Mutant,0.02238521816699884
