sample,group,p_value
8,Mutant,6.689309279264782e-05
12,Mutant,3.5350558820428775e-11
