sample,group,p_value
AI,Mutant,3.8679761626293345e-17
LI,Mutant,0.043121468057687296
SI,Mutant,0.0013173735417958072
TI,Mutant,1.5292178317790247e-08
VI,Mutant,0.00019194251372708343
YA,Mutant,0.022209357077329878
