sample,group,p_value
AI,Mutant,0.0003162236631302768
FI,Mutant,0.029186832610785345
