sample,group,p_value
G,clash,7.791768602993761e-20
L,clash,5.3348828353159366e-05
R,clash,3.399679425062308e-20
G,void,0.3217521127103128
L,void,7.08753585402379e-05
R,void,0.08543185659101181
