Sequence,Flow Mean Total,Flow Mean,Mean Std,Percent GpA,Sd,Design,Rep1-Fluor,Rep2-Fluor,Rep3-Fluor,Sample
LLLYSLLLILLAVLLTFL,31418.66667,6917.66667,1478.692102,0.447495921,0.129919538,GJL,24084.709225708484,25617.11111783016,23180.62177800793,R
LLLVALLIALLFTLLSLL,35285.66667,10784.66667,1162.30346,0.402969273,0.013273735,GJL,25786.382555803284,27374.382752955084,24569.57523634332,R
LLLYILLTALLVALLSLL,31424.0,6923.0,2357.616593,0.258678026,0.019407574,GJL,24381.206343908187,26200.294793059453,23647.903580877304,R
LIIFGVMAGVIGT,51264.0,26763.0,4713.50008,1.0,0.091945616,,28634.050357555912,31387.861981272163,27292.35872113816,R
LIIFGVMAIVIGT,31076.0,6575.0,1675.048358,0.262260516,0.032848804,,23637.400213757297,25677.548656500872,22711.62740481134,R
IIVAMTAVGGSICVMLVVICLL,36197.0,11696.0,679.8610152,0.532044962,0.072694619,,25533.36662759644,28367.25503202061,24803.991953169225,R
GIYFVLGVCFGLLLTLCLLVIL,55313.0,30812.0,2991.170172,1.050543816,0.014618961,,27849.618392175584,30605.06892319589,26488.039043103126,R
VVIIAIVCCVVGTSLVWVVIIL,11171.6666666667,,1334.61579989648,0.561183483473427,0.0747741799549446,,26074.621836480343,28843.632391996653,24703.73825283994,R
CAVVVGVGLIVGFAVGLL,5871.33333333333,,1679.63200334676,0.294933190449081,0.086148831231335,,24015.579136259774,26324.90383201249,23188.76210388215,R
