sample,group,p_value
12A,Mutant,0.0490198884481827
12S,Mutant,0.0385296091597724
