sample,group,p_value
11G,Mutant,0.0001160492698286883
12G,Mutant,0.013902098136075796
15G,Mutant,0.01104721146209652
7G,Mutant,0.012089244337955444
