sample,group,p_value
7,Mutant,0.00840817973733431
11,Mutant,0.012692074586319983
