sample,group,p_value
G,clash,1.3595253833983977e-38
L,clash,0.0004991715599068456
R,clash,1.9956488648138734e-05
G,void,0.006245361823372289
L,void,0.11406793605114338
R,void,0.001641702046897573
