sample,group,p_value
A,Mutant,0.001402405907613057
I,Mutant,1.2422743182869197e-06
