sample,group,p_value
12A,Mutant,0.0010520415009627308
12S,Mutant,0.002471649167736899
4A,Mutant,0.0052074854417959475
4L,Mutant,0.0006118651413170048
8A,Mutant,0.005696090988011429
8L,Mutant,0.03787852269138886
