sample,group,p_value
11I,Mutant,0.01831667016016833
12I,Mutant,4.7224864886852273e-07
4A,Mutant,0.00045074144837191387
4I,Mutant,0.0032515363164636515
8I,Mutant,0.030563171001636847
