sample,group,p_value
12,Mutant,5.287062219562614e-05
14,Mutant,0.01791194482194298
