sample,group,p_value
12,Mutant,5.287062219506536e-05
14,Mutant,0.0179119448219675
