sample,group,p_value
A,Mutant,5.53069117870408e-08
F,Mutant,0.020051951037994807
L,Mutant,0.014767566494709275
T,Mutant,0.014108625933415527
