sample,group,p_value
AI,Mutant,5.5306911787040166e-08
FA,Mutant,0.03531807289465655
LA,Mutant,0.007334957958267803
TI,Mutant,0.014108625933415575
