Sequence,Mutant,Region,Mutant Type,CHARMM_IMM1,CHARMM_IMM1REF,CHARMM_VDW,Dimer,HBONDMonomer,IMM1Monomer,Monomer,MonomerSasa,SCWRL4_HBOND,VDWMonomer,Mutant_DimerSasa,Mutant_MonomerSasa,Mutant_Position_MonomerSasa,Mutant_Position_Sasa,WT_DimerSasa,WT_MonomerSasa,WT_Position_MonomerSasa,WT_Position_Sasa,Total,Interface,Position,WT_AA,SasaDifference,SasaPercDifference,Mutant_SASA_no_alanine,SASA_no_wt_position,DimerSasaDifference,Segment,mean_transformed,std_adjusted,Sample,wt_seq
LLLAILLGLLLGVLLSTLILI,LLLAILLGLLLIVLLSTLILI,GAS,clash,21.2397,-266.524,77697600.0,77697300.0,-74.1795,-271.029,-388.567,4527.88,-51.4091,-43.3589,3720.33,4539.3,52.5218,2.3572,3720.57,4521.87,31.7117,2.3572,-10.7027,1.10011e+17,11,G,127.9106,1.809503193,,,,,1357.2758174824774,128.1239507781695,G,LLLAILLGLLLGVLLSTLILI
LLLALLLGLLLGVLLGTLILI,LLLALLLILLLGVLLGTLILI,GAS,clash,33.7065,-268.964,298479000000.0,298479000000.0,-58.7607,-267.77,-371.586,4536.03,-58.9398,-45.0552,3464.7,4523.35,61.1458,4.94371,3464.7,4507.79,41.6494,4.5911,-31.4979,1.10011e+17,7,G,124.65169,3.814726449,,,,,4007.1232787671775,593.5942239114681,G,LLLALLLGLLLGVLLGTLILI
LLLALLLGLLLGVLLGTLILI,LLLALLLGLLLIVLLGTLILI,GAS,clash,32.8505,-268.993,1682180000000000.0,1682180000000000.0,-58.7607,-267.864,-371.446,4555.65,-59.4515,-44.821,3463.56,4526.3,61.5384,3.48641,3464.7,4507.79,40.9657,2.39691,-31.4979,1.10011e+17,11,G,126.78139,2.676340585,,,,,9084.791755707563,1118.2666029230452,G,LLLALLLGLLLGVLLGTLILI
LLLTYLLGVLLGILLALLILI,LLLTYLLIVLLGILLALLILI,GAS,clash,16.9268,-264.936,19753500.0,19753200.0,-44.9618,-274.555,-365.373,4171.42,-54.4115,-45.8562,3237.5,4075.52,56.9445,5.39738,3239.81,4067.64,40.6507,4.81631,-17.05,1.10011e+17,7,G,129.178933,0.417410831,,,,,8439.446448871837,908.9942918075767,G,LLLTYLLGVLLGILLALLILI
LLLTYLLGVLLGILLALLILI,LLLTYLLGVLLIILLALLILI,GAS,clash,16.0492,-264.992,51239900000000.0,51239900000000.0,-44.9618,-274.398,-364.38,4197.07,-49.8368,-45.0196,3239.81,4090.57,58.6798,0.0,3239.81,4067.64,36.7861,0.0,-17.05,1.10011e+17,11,G,130.2678,0.0,,,,,5015.684508029109,597.6527588143836,G,LLLTYLLGVLLGILLALLILI
LLLSYLLGVLLGTLLGLLILI,LLLSYLLGVLLITLLGLLILI,GAS,clash,17.6543,-266.682,2.18e+16,2.18e+16,-58.7296,-272.434,-363.69,4137.53,-52.2484,-32.5268,3245.3,4033.42,62.0747,0.0,3245.3,4012.18,40.895,0.0,-19.8281,1.10011e+17,11,G,130.2678,0.0,,,,,4626.897840321543,385.920447265197,G,LLLSYLLGVLLGTLLGLLILI
