sample,group,p_value
G,void,0.7293763062143417
L,void,0.0005197994449919575
R,void,0.0603348983539526
G,clash,1.4145503713056601e-05
L,clash,0.00025067340121957946
R,clash,2.1323566684752307e-16
