sample,group,p_value
G,void,0.7293763062156755
L,void,0.0005197994449922444
R,void,0.06033489835383329
G,clash,1.4145503712983382e-05
L,clash,0.00025067340121804265
R,clash,2.1323566685006103e-16
