sample,group,p_value
G,void,0.7948157035235618
L,void,0.033394536100602244
R,void,0.003644722162262934
G,clash,7.747204402908697e-10
L,clash,1.6473240301152288e-05
R,clash,5.58516766579193e-22
