sample,group,p_value
AI,Mutant,1.1011424865889307e-06
SI,Mutant,0.04550872499629967
TI,Mutant,0.007550328183557484
