sample,group,p_value
A,Mutant,0.018468059717411202
F,Mutant,0.02968894289873943
