sample,group,p_value
11F,Mutant,0.03159170874132546
12S,Mutant,0.006145689232162136
4A,Mutant,0.018293629720952404
5L,Mutant,0.03815266974966858
8A,Mutant,0.01356484732437779
