sample,group,p_value
A,Mutant,0.0062112023916628695
S,Mutant,0.042375556290502533
