sample,group,p_value
A,Mutant,0.00621120239171308
S,Mutant,0.04237555629042036
