sample,group,p_value
AI,Mutant,0.006211202391713073
FA,Mutant,0.03481765327253775
SI,Mutant,0.04237555629042051
