sample,group,p_value
AI,Mutant,0.006211202391662827
FA,Mutant,0.03481765327267869
SI,Mutant,0.042375556290502533
