Sequence	Interface	InterfaceSequence	Baseline	Dimer	Dimerw/Baseline	HBONDDimer	HBONDMonomer	IMM1Dimer	IMM1Monomer	Monomer	MonomerSasa	SequenceProbability	Total	VDWDimer	VDWMonomer	acceptCycleNumber	axialRotation	bestEnergyTotal	crossingAngle	currEnergyTotal	currEntropy	endAxialRotation	endCrossingAngle	endXShift	endZShift	energyComparison	entropyDiff	prevEntropy	xShift	zShift	
LLLTGLLTGLLTGLLYTLILI	123001300120022003312	L--TGL-TGL-TG--YT--L-	356.163	-312.325	43.838	-93.8222	-86.3118	-224.24	-269.856	-359.521	4490.56	3.03607e-07	43.5899	5.73786	-3.3524	579	-23.263	44.3355	-36.1366	44.3768	0.538845	-23.3454	-35.7084	7.08565	3.0156	-0.0412967	-0.234025	0.30482	7.05727	2.99178	
LLLYGLLTGLLTGLLYTLILI	123001300120022003312	L--YGL-TGL-TG--YT--L-	343.465	-300.151	43.3136	-93.7329	-86.3118	-225.006	-275.76	-349.379	4601.23	4.5081e-07	45.3711	18.5872	12.6929	428	-23.3454	46.3065	-35.7084	44.2664	0.952787	-23.6786	-35.5479	7.10076	3.03815	2.04009	-0.820686	0.132101	7.08565	3.0156	
