sample,group,p_value
A,Mutant,0.010558035393667651
I,Mutant,2.4386347769783113e-16
