sample,group,p_value
11I,Mutant,0.0023068880679091323
12I,Mutant,7.643688159352232e-11
3A,Mutant,0.0021954527816013744
8I,Mutant,1.8891868071005226e-08
