sample,group,p_value
3,Mutant,0.0010544995240793732
8,Mutant,6.526062604930803e-07
12,Mutant,4.1571127376772576e-08
