sample,group,p_value
G,void,0.6353035824364902
L,void,0.8220168350268487
R,void,0.9507505051323021
G,clash,1.4124829392451167e-08
L,clash,8.654187955367113e-05
R,clash,3.244653665125483e-10
