sample,group,p_value
G,void,0.6353035824353434
L,void,0.8220168350283075
R,void,0.9507505051329115
G,clash,1.4124829392385152e-08
L,clash,8.654187955366705e-05
R,clash,3.244653665120371e-10
