sample,group,p_value
11I,Mutant,2.760288141239965e-05
12I,Mutant,0.01542081285694884
15I,Mutant,0.002142640616146355
7I,Mutant,0.034973248438982134
