sample,group,p_value
11G,Mutant,7.712168812142338e-06
12G,Mutant,0.001459775180193476
15G,Mutant,0.03476190283440722
7G,Mutant,4.314354689540962e-05
