sample,group,p_value
11G,Mutant,7.71216881216939e-06
12G,Mutant,0.0014597751801725379
15G,Mutant,0.0347619028342933
7G,Mutant,4.314354689491061e-05
