sample,group,p_value
11I,Mutant,2.760288141233433e-05
12I,Mutant,0.015420812857058114
15I,Mutant,0.0021426406161538262
7I,Mutant,0.034973248438955974
