sample,group,p_value
7,Mutant,0.04697523902832373
11,Mutant,1.7934911329503694e-05
15,Mutant,0.004958646348100759
