sample,group,p_value
7,Mutant,0.04697523902821367
11,Mutant,1.7934911329420736e-05
15,Mutant,0.0049586463481081505
