Sequence,Mutant,Design,Mutant Type,CHARMM_IMM1,CHARMM_IMM1REF,CHARMM_VDW,Dimer,HBONDMonomer,IMM1Monomer,Monomer,MonomerSasa,SCWRL4_HBOND,VDWMonomer,Mutant_DimerSasa,Mutant_MonomerSasa,Mutant_Position_MonomerSasa,Mutant_Position_Sasa,WT_DimerSasa,WT_MonomerSasa,WT_Position_MonomerSasa,WT_Position_Sasa,Total,Interface,Position,WT_AA,SasaDifference,SasaPercDifference,Mutant_SASA_no_alanine,SASA_no_wt_position,DimerSasaDifference,Segment,PercentGpA_transformed,std_adjusted,Sample,LB-12H_M9-36H,wt_seq,Fluorescence,FluorStdDev,Percent GpA
LLLYGLLFALLGILLTLLILI,LLLYGLLAALLGILLTLLILI,GJL,void,,,,,,,,,,,3682.08,4555.69,43.8937,28.9653,3651.6,4660.34,133.949,102.18,-19.6027,1.1e+17,7.0,F,100.6301,22.35056183,3653.1147,3549.42,103.6947,0.0,0.2505226495556184,0.0186347523617455,G,99999900.0,LLLFGLLAALLGILLTLLILI,18837.058548804955,1381.6296050062322,22.67079611405304
LLLYILLGVLLGLLLSFLILI,LLLYALLGVLLGLLLSFLILI,GJL,void,,,,,,,,,,,3322.13,4137.69,68.9487,53.3408,3298.74,4224.35,132.445,101.952,-30.7405,1.1e+17,4.0,I,85.1344,38.52011046,3268.7892,3196.788,72.0012,1.0,0.7437735956107542,0.2527535319732113,G,99999900.0,LLLTALLGVLLGLLLSFLILI,22674.164745576105,1049.1645141721594,94.3788151844419
LLLYLLLALLLGFLLGTLILI,LLLYALLALLLGFLLGTLILI,GJL,void,,,,,,,,,,,3369.3,4175.76,53.3033,72.465,3342.12,4262.44,120.37,121.091,-33.7836,1.1e+17,4.0,L,66.0102,52.33067004,3296.835,3221.029,75.806,1.0,0.3785119505452801,0.0391474209991327,G,99999900.0,LLLAALLALLLGFLLGTLILI,19825.02842124439,1335.3984672233053,38.13966036352681
LLLYFLLALLLGVLLGTLILI,LLLYALLALLLGVLLGTLILI,GJL,void,,,,,,,,,,,3612.98,4632.3,50.3131,42.5881,3577.33,4717.21,137.2,98.3766,-23.3014,1.1e+17,4.0,F,95.8871,30.75503773,3570.3919,3478.9534,91.4385,1.0,0.2541687704776237,0.0126029764636481,G,99999900.0,LLLAALLALLLGVLLGTLILI,18863.366106419428,1413.4502027965866,22.90353951605213
