sample,group,p_value
G,clash,3.9855922743897817e-08
L,clash,0.009938280766309354
R,clash,2.291079816233713e-14
G,void,0.806381589705307
L,void,0.010080324376659875
R,void,0.02336988923941033
