sample,group,p_value
G,clash,3.9855922743900245e-08
L,clash,0.009938280766173571
R,clash,2.2910798162344496e-14
G,void,0.8063815897043072
L,void,0.010080324376747787
R,void,0.023369889239268048
