sample,group,p_value
G,clash,4.6853259661100645e-06
L,clash,0.04540116720896064
R,clash,9.83240959962527e-09
G,void,0.7417492793372715
L,void,0.18469762051831096
R,void,0.05588051550425447
