sample,group,p_value
G,clash,4.685325966089515e-06
L,clash,0.045401167208539484
R,clash,9.832409599698067e-09
G,void,0.7417492793364062
L,void,0.1846976205185331
R,void,0.05588051550403465
