sample,group,p_value
G,void,0.08027469405563713
L,void,2.2978601635395494e-05
R,void,0.007472792476611707
G,clash,1.238040307878403e-15
L,clash,0.0007391375778254744
R,clash,5.98432648289041e-13
