sample,group,p_value
7,Mutant,0.007259031266469867
11,Mutant,2.8513814252015567e-15
15,Mutant,0.008218943817024744
