Sequence	Interface	InterfaceSequence	Baseline	Dimer	Dimerw/Baseline	HBONDDimer	HBONDMonomer	IMM1Dimer	IMM1Monomer	Monomer	MonomerSasa	SequenceProbability	Total	VDWDimer	VDWMonomer	acceptCycleNumber	axialRotation	bestEnergyTotal	crossingAngle	currEnergyTotal	currEntropy	endAxialRotation	endCrossingAngle	endXShift	endZShift	energyComparison	entropyDiff	geometryNumber	prevEntropy	startEnergy	xShift	zShift	
LLLTALLTALLGSLLGALILI	133001200230022003201	L--TAL-TA--GS--GA--LI	370.785	-257.321	113.464	-77.518	-74.1478	-212.649	-259.444	-360.801	4356.08	2.26122e-05	92.7232	32.8456	-27.2092	137	-33.9426	113.949	-35.5099	113.74	0.276169	-34.0421	-35.1816	6.91625	1.93807	0.209127	0.307954	1	0.584123	103.48	6.92088	2.03635	
LLLTGLLTALLFSLLGALILI	133001200230022003201	L--TGL-TA--FS--GA--LI	361.152	-240.327	120.824	-76.3609	-74.0836	-221.036	-264.722	-352.376	4461.41	4.64895e-05	102.473	57.0697	-13.5705	148	-33.68	121.431	-35.81	121.363	0.538845	-33.9426	-35.5099	6.92088	2.03635	0.0674672	-0.234025	0	0.30482	112.049	6.88	2.11	
LLLTGLLTALLGSLLGALILI	133001200230022003201	L--TGL-TA--GS--GA--LI	366.518	-261.106	105.412	-77.8793	-74.0237	-213.12	-258.475	-356.532	4349.8	1.34408e-05	86.4895	29.8941	-24.033	133	-34.0421	106.547	-35.1816	105.996	0.584123	-33.4446	-35.3872	6.95342	1.82679	0.550869	-0.307954	2	0.276169	95.4261	6.91625	1.93807	
