sample,group,p_value
11I,Mutant,0.020834613638856688
12I,Mutant,9.769719583803428e-08
4I,Mutant,0.003251536316437356
5A,Mutant,2.5886581709455883e-05
