sample,group,p_value
12A,Mutant,6.267712747521003e-05
12S,Mutant,0.011470165035559724
4A,Mutant,0.005207485441741258
5F,Mutant,0.011868167754382727
8A,Mutant,0.007995946505862328
8L,Mutant,0.03399961060475865
