sample,group,p_value
5,Mutant,0.0017822954006742621
12,Mutant,1.2213701072831678e-05
