sample,group,p_value
5,Mutant,0.0017822954006667816
12,Mutant,1.2213701073006804e-05
