sample,group,p_value
A,Mutant,8.797265293658272e-08
F,Mutant,0.0007034199485932286
T,Mutant,0.03991394116070014
