Sequence,PercentGpA,PercentStd
SYLLVLLLGFLLGTL,143.465912951312,1.9941908896306
SYLLGVLLGLLLGTL,50.0985174817573,1.30085848281404
TALLALLLGVLLSFL,9.33808967047651,1.45588415436027
GFLLGFLLGTLLGYL,155.069234009594,5.17812644712609
SYLLGILLGLLLGFL,73.2835130131767,27.6253929895559
WWLLGFLLGTLLGWL,103.916819776182,3.9011838959724
YLLLTTLLAALLSFL,76.9226180534014,2.13122957693829
YLLLATLLAFLLSFL,38.9572094413719,0.086752602399797
TYLLTTLLAYLLSTL,125.996406403136,28.3607316725281
YTLLTSLLFTLLTWL,37.5730749958243,0.996930371997856
YLLLATLLAFLLSFL,45.355548295764,11.0463428985196
YSLLLALLFVLLSTL,32.0480087809301,1.25189757182861
LWTLLAVLYLLLSFL,102.585914038401,3.97386476785033
LYVLLWTLALLLSFL,66.0026361919257,3.37394720037087
LAWLLTILLFLLSVL,81.1377000980072,6.9603377306881
LYFLTSLLAILTSLL,71.355192890435,3.22173591851697
LYWLTSLLAYLTSLL,113.905232976859,0.225914038474846
LTWLTALLFTLTSLL,44.4773199074185,0.244757785609404
LWVLTWLLTTLTSLL,88.9498675702117,2.08070170560548