sample,group,p_value
11I,Mutant,0.007251529775324643
12I,Mutant,8.566866436560722e-13
4I,Mutant,0.0018740435246949357
8I,Mutant,1.043120226260081e-05
