sample,group,p_value
8,Mutant,0.00018246856384038028
12,Mutant,2.3566715512297896e-07
