sample,group,p_value
A,Mutant,1.694400003651103e-16
T,Mutant,2.2548536584918843e-06
V,Mutant,0.04538860318819098
