sample,group,p_value
11G,Mutant,6.126630993311511e-05
15G,Mutant,0.005108631269365912
7G,Mutant,2.7012171486372722e-11
