sample,group,p_value
11I,Mutant,9.594426445822492e-05
15I,Mutant,0.001661092478598547
7I,Mutant,9.049829865616284e-05
