sample,group,p_value
7,Mutant,0.00010101584422618522
11,Mutant,0.00031506441574691605
15,Mutant,0.001517918693140223
