sample,group,p_value
A,Mutant,0.025777750230809034
G,Mutant,6.43718849482051e-12
