sample,group,p_value
AI,Mutant,0.025777750230809034
GI,Mutant,6.43718849482051e-12
