sample,group,p_value
12A,Mutant,0.0012763608604383207
12S,Mutant,0.0460045438222419
4A,Mutant,0.014522540836139453
8A,Mutant,0.0007795350980357812
