sample,group,p_value
12I,Mutant,4.536577184548424e-06
4I,Mutant,0.014051470109657654
5A,Mutant,0.03401535650668272
8A,Mutant,0.04764630952649683
