sample,group,p_value
A,Mutant,2.0938170245970783e-06
T,Mutant,0.012204498848744286
