sample,group,p_value
AI,Mutant,1.0198987128033152e-07
IA,Mutant,0.009160764824031227
TI,Mutant,0.026234973692530333
