sample,group,p_value
G,clash,1.3473301216334886e-34
G,void,0.032622505736601824
