sample,group,p_value
11G,Mutant,1.7314194924110424e-30
15G,Mutant,0.011519615448396083
7G,Mutant,1.8954177514285623e-06
