sample,group,p_value
F,Mutant,0.041263415716265184
G,Mutant,1.7010980894626028e-38
