sample,group,p_value
11I,Mutant,3.899593043639296e-11
15I,Mutant,0.014163770248692807
7I,Mutant,0.0005795055685882211
