sample,group,p_value
G,void,0.004330566227476052
L,void,0.05398892049726634
R,void,0.0016417020468975844
G,clash,7.98342187240008e-38
L,clash,0.0004991715599068512
R,clash,1.9956488648138845e-05
