sample,group,p_value
G,clash,1.6881834368625875e-43
L,clash,0.0004991715599068484
R,clash,1.9956488648138845e-05
G,void,0.004076710801682783
L,void,0.05398892049726616
R,void,0.001641702046897573
