sample,group,p_value
11I,Mutant,5.709519833628805e-16
12I,Mutant,0.031050855878841006
15I,Mutant,0.0010539989477526368
7I,Mutant,0.00020361552820949555
