sample,group,p_value
A,Mutant,0.0030403508969311893
G,Mutant,1.5154813236839741e-22
