sample,group,p_value
AI,Mutant,0.0037066550001612544
GI,Mutant,9.078206473597391e-23
