,0.2 - 0.4_freq,0.2 - 0.4_count,0.4 - 0.6_freq,0.4 - 0.6_count,>= 0.6_freq,>= 0.6_count,-0.0 - 0.2_freq,-0.0 - 0.2_count
A,0.19946091644204852,592,0.24914383561643835,291,0.275,55,0.08863636363636364,39
L,0.1681266846361186,499,0.16267123287671234,190,0.145,29,0.18636363636363637,82
I,0.12735849056603774,378,0.10017123287671233,117,0.095,19,0.18863636363636363,83
V,0.12230458221024258,363,0.1232876712328767,144,0.125,25,0.125,55
T,0.11994609164420485,356,0.12157534246575342,142,0.125,25,0.10227272727272728,45
S,0.10545822102425877,313,0.11815068493150685,138,0.105,21,0.09318181818181819,41
F,0.09198113207547169,273,0.07363013698630137,86,0.07,14,0.11363636363636363,50
Y,0.05929919137466307,176,0.0410958904109589,48,0.045,9,0.10227272727272728,45
W,0.006064690026954178,18,0.010273972602739725,12,0.015,3,0.0,0
