,0.4 - 0.6_freq,0.4 - 0.6_count,0.2 - 0.4_freq,0.2 - 0.4_count,-0.0 - 0.2_freq,-0.0 - 0.2_count,>= 0.6_freq,>= 0.6_count
A,0.2846820809248555,394,0.23402061855670103,908,0.1541095890410959,90,0.2777777777777778,20
T,0.14017341040462428,194,0.12757731958762886,495,0.09931506849315068,58,0.1111111111111111,8
L,0.12138728323699421,168,0.10927835051546392,424,0.10787671232876712,63,0.1111111111111111,8
S,0.11921965317919075,165,0.11030927835051546,428,0.11472602739726027,67,0.16666666666666666,12
V,0.1119942196531792,155,0.1115979381443299,433,0.10616438356164383,62,0.125,9
I,0.09248554913294797,128,0.12164948453608247,472,0.1832191780821918,107,0.08333333333333333,6
F,0.0657514450867052,91,0.08582474226804124,333,0.12157534246575342,71,0.041666666666666664,3
Y,0.06141618497109826,85,0.09278350515463918,360,0.1113013698630137,65,0.08333333333333333,6
W,0.002890173410404624,4,0.006958762886597939,27,0.0017123287671232876,1,0.0,0
