sample,group,p_value
11I,Mutant,0.004741056984406571
15I,Mutant,0.00028783703845628806
7I,Mutant,0.010884017795083197
