sample,group,p_value
11I,Mutant,0.004741056984415156
15I,Mutant,0.000287837038454294
7I,Mutant,0.010884017795074703
