sample,group,p_value
11G,Mutant,0.0009322753439296478
15G,Mutant,0.0034903492757625185
7G,Mutant,1.5022566609902514e-05
