sample,group,p_value
11G,Mutant,0.0009322753439262593
15G,Mutant,0.003490349275788461
7G,Mutant,1.5022566610117205e-05
