sample,group,p_value
7,Mutant,0.012659245548046927
11,Mutant,0.002383920814613574
15,Mutant,0.013432541507174475
