sample,group,p_value
A,Mutant,0.011377328615156121
G,Mutant,1.5704881851867292e-07
