sample,group,p_value
A,Mutant,0.011377328615081323
G,Mutant,1.5704881851838633e-07
