sample,group,p_value
AI,Mutant,0.011377328615156121
GI,Mutant,1.5704881851867292e-07
