sample,group,p_value
AI,Mutant,0.011377328615081323
GI,Mutant,1.5704881851838633e-07
