sample,group,p_value
G,clash,1.001780232410784e-21
L,clash,1.3370959352842087e-05
R,clash,7.237493971598932e-22
G,void,0.18449974332223257
L,void,0.003042679668824163
R,void,0.0173047351662948
