sample,group,p_value
A,Mutant,0.00048126692829937665
L,Mutant,0.04878089332186846
