sample,group,p_value
AI,Mutant,2.14543558554357e-15
LI,Mutant,0.04312146805768766
TI,Mutant,7.836997521472448e-09
VI,Mutant,0.005537828735853041
