sample,group,p_value
G,clash,2.336780673942422e-07
L,clash,0.014763513988359544
R,clash,1.2314070343333275e-08
G,void,0.845874743612055
L,void,0.019183124672722873
R,void,0.04004040616833321
