sample,group,p_value
G,clash,2.3367806739450775e-07
L,clash,0.014763513988340067
R,clash,1.2314070343294775e-08
G,void,0.8458747436131212
L,void,0.01918312467279142
R,void,0.040040406168512024
