sample,group,p_value
11I,Mutant,8.477017352762648e-16
15I,Mutant,0.000491050735683355
7I,Mutant,0.00012921269829488095
