sample,group,p_value
11G,Mutant,3.410003210036053e-16
15G,Mutant,0.01258402707040614
7G,Mutant,2.6695654855685537e-07
