sample,group,p_value
11G,Mutant,3.4100032100689857e-16
15G,Mutant,0.012584027070339213
7G,Mutant,2.6695654855413676e-07
