sample,group,p_value
7,Mutant,0.0005837687789506907
11,Mutant,4.467966545731351e-16
15,Mutant,0.017600106268799102
