sample,group,p_value
A,Mutant,0.0007612672963212765
G,Mutant,2.55380044472556e-21
