sample,group,p_value
AI,Mutant,0.00043820399607270285
GI,Mutant,2.6064716143944542e-21
