sample,group,p_value
11I,Mutant,1.3248224769112285e-11
15I,Mutant,0.020198852836149854
7I,Mutant,0.005060769174011843
