sample,group,p_value
11G,Mutant,7.26036375910048e-12
12G,Mutant,0.030281893952857315
15G,Mutant,0.01986381466375165
7G,Mutant,1.0228311654125426e-06
