sample,group,p_value
11G,Mutant,7.260363759159864e-12
12G,Mutant,0.03028189395276491
15G,Mutant,0.01986381466370415
7G,Mutant,1.0228311653999339e-06
