sample,group,p_value
11I,Mutant,1.3248224769003769e-11
15I,Mutant,0.020198852836188486
7I,Mutant,0.005060769173994217
