sample,group,p_value
7,Mutant,0.0028286746890993893
11,Mutant,1.4369913893220232e-11
15,Mutant,0.043121180695799524
