sample,group,p_value
7,Mutant,0.0028286746890835296
11,Mutant,1.4369913893124783e-11
15,Mutant,0.043121180695816684
