sample,group,p_value
A,Mutant,0.00046530669202661946
I,Mutant,5.606451395377131e-10
