sample,group,p_value
11I,Mutant,0.014283739356832869
12I,Mutant,1.2711371229884038e-05
4I,Mutant,0.0025828119280256138
8I,Mutant,0.00023248566948334321
