sample,group,p_value
A,Mutant,1.5482951420488928e-07
F,Mutant,0.024453944959068146
S,Mutant,0.03093697587234738
T,Mutant,0.004056542082485117
