sample,group,p_value
11I,Mutant,0.00018493569366636182
15I,Mutant,0.007807770961216031
7I,Mutant,0.007963214626718415
