sample,group,p_value
11G,Mutant,0.0038585828622777893
15G,Mutant,0.003804587395602924
7G,Mutant,5.289207563266006e-05
