sample,group,p_value
11I,Mutant,0.0001961300927470962
15I,Mutant,0.007807770961238119
7I,Mutant,0.007963214626741228
