sample,group,p_value
7,Mutant,0.002336999001997131
11,Mutant,0.004276240937702247
15,Mutant,0.007965419781368676
