sample,group,p_value
A,Mutant,0.0011342418889976652
G,Mutant,1.5751419560602924e-08
