sample,group,p_value
AI,Mutant,0.0008969487471599002
GI,Mutant,8.769188412845135e-09
