sample,group,p_value
11I,Mutant,0.04526073172069231
12I,Mutant,1.94978702123707e-06
4I,Mutant,0.00021052399167618619
8I,Mutant,0.013550909014295434
