sample,group,p_value
G,clash,2.796146129985048e-08
G,void,0.4855396996057946
