sample,group,p_value
G,clash,2.7961461299742606e-08
G,void,0.485539699606489
