sample,group,p_value
11I,Mutant,2.145533062154826e-18
15I,Mutant,2.0358710920884425e-05
7I,Mutant,1.1474805247644823e-12
