sample,group,p_value
11G,Mutant,9.257242617693835e-23
15G,Mutant,0.0018209431244725761
7G,Mutant,2.438128810336905e-15
