sample,group,p_value
7,Mutant,3.169657384831659e-08
11,Mutant,6.359549916079875e-20
15,Mutant,0.0005714843857868819
