sample,group,p_value
AI,Mutant,0.040012414778956305
GI,Mutant,2.791148617861186e-39
