,G1-Rep1,G1-Rep2,G1-Rep3,G2-Rep1,G2-Rep2,G2-Rep3,G3-Rep1,G3-Rep2,G3-Rep3,G4-Rep1,G4-Rep2,G4-Rep3,L1-Rep1,L1-Rep2,L1-Rep3,L2-Rep1,L2-Rep2,L2-Rep3,L3-Rep1,L3-Rep2,L3-Rep3,L4-Rep1,L4-Rep2,L4-Rep3,R1-Rep1,R1-Rep2,R1-Rep3,R2-Rep1,R2-Rep2,R2-Rep3,R3-Rep1,R3-Rep2,R3-Rep3,R4-Rep1,R4-Rep2,R4-Rep3
Median,12372.0,15709.0,12705.0,28561.0,28901.0,27501.0,46001.0,46401.0,43719.0,82069.0,87565.0,79548.0,17515.0,15412.0,18663.0,26969.0,26087.0,26828.0,42161.0,41893.0,41441.0,67825.0,80659.0,77282.0,16007.0,18612.0,17189.0,24179.0,27429.0,24803.0,40584.0,41738.0,35837.0,71555.0,69838.0,61360.0
Percent,0.649,0.685,0.684868486848685,0.2479,0.2237,0.22712271227122713,0.0951,0.0841,0.0817081708170817,0.008,0.0072,0.006300630063006301,0.3307718386258334,0.2143594448904691,0.27440962761126253,0.4519154706746525,0.4826241541461177,0.4618528610354224,0.2039778506045881,0.28283059983943115,0.24511807447774753,0.013334840094925979,0.02018580112398211,0.01861943687556767,0.2515208726662471,0.3551623083859332,0.38385400556758426,0.6140130060834906,0.4945897204688909,0.4737601814620064,0.12439689532200543,0.14393597835888186,0.1302196102690999,0.010069225928256762,0.006311992786293958,0.012166202701309413
