sample,group,p_value
12A,Mutant,0.00013826579899998246
12S,Mutant,0.011470165035592809
4A,Mutant,0.005207485441795963
4L,Mutant,0.016301098170433945
8A,Mutant,0.0007884959996502387
