sample,group,p_value
11I,Mutant,0.020042641182332024
12I,Mutant,9.769719583803374e-08
4I,Mutant,0.0032515363164373687
5A,Mutant,2.5886581709455883e-05
8I,Mutant,0.026317512167521807
