sample,group,p_value
5,Mutant,0.0017822954006667816
12,Mutant,8.008510445128757e-06
