sample,group,p_value
A,Mutant,1.6392828758033453e-08
F,Mutant,0.0009400131892290395
T,Mutant,0.039913941160755834
