sample,group,p_value
A,Mutant,1.6392828757859213e-08
F,Mutant,0.0009400131892354065
T,Mutant,0.03991394116070026
