sample,group,p_value
AI,Mutant,1.6392828757858667e-08
FA,Mutant,0.015247400862238365
TI,Mutant,0.02171092254162828
