sample,group,p_value
AI,Mutant,1.6392828758033453e-08
FA,Mutant,0.015247400861997482
TI,Mutant,0.021710922541709508
