sample,group,p_value
11I,Mutant,5.487974574786356e-13
12I,Mutant,0.011779415163975454
15I,Mutant,0.005855398436952477
7I,Mutant,0.0019471950918555686
