sample,group,p_value
7,Mutant,0.005548191494335788
11,Mutant,1.2875456495568133e-13
15,Mutant,0.023141886643723186
