sample,group,p_value
F,Mutant,0.014047004289120965
G,Mutant,3.787934134923071e-17
