sample,group,p_value
11G,Mutant,9.990498732141644e-22
7G,Mutant,7.652493391249939e-05
