sample,group,p_value
4A,Mutant,0.044654342744009375
4L,Mutant,0.005567117800185057
