sample,group,p_value
A,Mutant,4.942358609099319e-05
L,Mutant,0.023175068227445077
