sample,group,p_value
11I,Mutant,2.1395060639494397e-05
12I,Mutant,1.0552679456745842e-16
4I,Mutant,0.02220277159567166
8I,Mutant,6.833586368269009e-06
