sample,group,p_value
11I,Mutant,2.139506063952083e-05
12I,Mutant,1.0552679456810255e-16
4I,Mutant,0.022202771595698383
8I,Mutant,6.83358636827518e-06
