sample,group,p_value
8,Mutant,0.0004709511394383013
11,Mutant,0.0025463583270048315
12,Mutant,2.0166673210238417e-11
