sample,group,p_value
8,Mutant,0.00047095113943885217
11,Mutant,0.0025463583270013508
12,Mutant,2.0166673210330402e-11
