sample,group,p_value
A,Mutant,4.57823705450963e-12
S,Mutant,0.018916393415928847
T,Mutant,1.2110132402746065e-06
