sample,group,p_value
AI,Mutant,5.907288526156782e-12
SI,Mutant,0.01891639341594473
TI,Mutant,1.0470822989715521e-06
