sample,group,p_value
G,clash,3.5341393161314594e-21
L,clash,6.774071343272904e-06
R,clash,4.0977694509740124e-20
G,void,0.299308702240572
L,void,0.011860378628624524
R,void,0.11316422145432897
