sample,group,p_value
G,void,0.2615003423673611
L,void,0.013344229719912483
R,void,0.10681653237457057
G,clash,1.108571518430933e-20
L,clash,8.160169786877012e-06
R,clash,7.830115266248849e-20
