sample,group,p_value
G,void,0.2615003423691129
L,void,0.013344229719947866
R,void,0.1068165323750087
G,clash,1.1085715184315625e-20
L,clash,8.160169786922216e-06
R,clash,7.830115266240573e-20
