sample,group,p_value
G,clash,3.534139316144866e-21
L,clash,6.774071343252867e-06
R,clash,4.0977694509673264e-20
G,void,0.2993087022389987
L,void,0.011860378628576692
R,void,0.11316422145396912
