sample,group,p_value
G,clash,5.454525420163437e-06
G,void,0.6334608212793421
