sample,group,p_value
G,clash,5.45452542018627e-06
G,void,0.6334608212798627
