sample,group,p_value
G,clash,3.7440441567361665e-21
L,clash,3.7485507606951634e-06
R,clash,4.440602862946273e-20
G,void,0.3132811047454675
L,void,0.0575975226974415
R,void,0.1139127681344583
