sample,group,p_value
G,clash,3.744044156747786e-21
L,clash,3.748550760691087e-06
R,clash,4.440602862926673e-20
G,void,0.31328110474363935
L,void,0.05759752269720159
R,void,0.11391276813414793
