sample,group,p_value
AI,Mutant,0.012849306397325445
GI,Mutant,1.5661787622796906e-08
