Sequence,Segments,Fluorescence,FluorStdDev,Rep1-Fluor,Rep2-Fluor,Rep3-Fluor,Sample,LB-12H_M9-36H,LB-36H_M9-36H,std,Percent Error,mean,mean_transformed,Percent GpA,std_adjusted,Type,Mutant Type,percent_wt,wt_seq,position,wt_aa,mut_aa,mut_position,Mutant Type_x,Mutant Type_y
LLLYALLALLLGTLLGFLILI,13.0,25532.02086,1146.976004,26104.55385,26280.02147,24211.48726,D,-34.12787555,-1.316358998,1146.9760080157885,4.49230405342771,25532.02086,2578.6976606816147,11.944100670197129,115.84293953644573,WT,,47.88573220555957,LLLGALLALLLGTLLGFLILI,G3Y,G,Y,3,,
LLLAYLLGVLLGLLLGFLILI,13.0,31645.96643,2181.163442,32689.47276,33109.3568,29139.06973,D,2114.799586,2847.63252,2181.163439569546,6.892390044065233,31645.96643,24853.1988250518,115.11590260037656,1712.9794014496076,WT,,60.25070241200663,LLLALLLGVLLGLLLGFLILI,L4Y,L,Y,4,,
LLLAYLLGLLLGVLLGTLILI,0.0,26622.68502,2186.111322,27199.32784,28462.67163,24206.0556,G,6558.955859,7031.696322,3009.8820597203617,11.4294846981073,26334.363615,24495.4322610224,103.47341609093814,2799.7016820087943,WT,,27.54546343753886,LLLALLLGLLLGVLLGTLILI,L4Y,L,Y,4,,
LLLTYLLGVLLGLLLGFLILI,1.0,24655.04758,1607.080719,26436.88702,24213.00935,23315.24637,G,64.27875449,37.3922687,634.8142910562425,2.6713132280556686,23764.12786,17612.036139753487,74.39662726822561,470.4726511311798,WT,,9.908703217675408,LLLTALLGVLLGLLLGFLILI,A4Y,A,Y,4,,
LLLYALLALLLGTLLSFLILI,0.0,19281.51675,1459.020984,19953.94572,20283.06969,17607.53484,G,-77.62236554,-76.53953403,1891.888835735932,9.98605780616682,18945.302265,4706.649797209836,19.88179378389528,470.0087694832076,WT,,71.80762149978771,LLLGALLALLLGTLLSFLILI,G3Y,G,Y,3,,
LLLYALLALLLGTLLSFLILI,0.0,19281.51675,1459.020984,19953.94572,20283.06969,17607.53484,G,-77.62236554,-76.53953403,1891.888835735932,9.98605780616682,18945.302265,4706.649797209836,19.88179378389528,470.0087694832076,WT,,58.28594552364329,LLLVALLALLLGTLLSFLILI,V3Y,V,Y,3,,
LLLYALLALLLGVLLGTLILI,7.0,19016.78959,1507.510792,19070.92251,20496.50481,17482.94147,G,17.44200016,15.24474781,2130.911073249179,11.221390946772797,18989.72314,4825.6141677286,20.384322160594795,541.5010313436825,Mutant,,67.47044496225234,LLLAALLALLLGVLLGTLILI,A3Y,A,Y,3,void,void
