sample,group,p_value
12I,Mutant,0.01279073003313843
4I,Mutant,0.002896352512974051
8I,Mutant,0.044175901575775584
