sample,group,p_value
4,Mutant,0.021933133894642538
12,Mutant,0.03467551778642394
