Sequence	Interface	InterfaceSequence	Baseline	Dimer	Dimerw/Baseline	HBONDDimer	HBONDMonomer	IMM1Dimer	IMM1Monomer	Monomer	MonomerSasa	SequenceProbability	Total	VDWDimer	VDWMonomer	acceptCycleNumber	axialRotation	bestEnergyTotal	crossingAngle	currEnergyTotal	currEntropy	endAxialRotation	endCrossingAngle	endXShift	endZShift	energyComparison	entropyDiff	geometryNumber	prevEntropy	startEnergy	xShift	zShift	
LLLWFLLTTLLGTLLTTLILI	033002300210031003121	L--WF--TT-LGT-LTT-I-I	364.988	-372.252	-7.26477	-97.9872	-113.998	-226.782	-280.623	-385.593	4567.14	2.25513e-07	146.795	-47.4829	9.02847	121	-98.3533	-5.8406	-38.6424	-6.34709	0.917682	-98.164	-38.9502	8.87096	5.36514	0.506486	-0.776469	2	0.141213	13.3405	8.85726	5.27993	
LLLWTLLGTLLGTLLTTLILI	033002300210031003121	L--WT--GT-LGT-LTT-I-I	374.328	-374.621	-0.29338	-98.5318	-100.173	-222.084	-276.23	-382.142	4541.18	9.77992e-08	4.36181	-54.0054	-5.73953	114	-98.72	1.26243	-38.99	0.134637	0.428016	-98.5165	-38.9275	8.80598	5.22232	1.12779	-0.0348336	0	0.393183	7.52056	8.84	5.18	
LLLWTLLTTLLGTLLTTLILI	033002300210031003121	L--WT--TT-LGT-LTT-I-I	379.121	-387.696	-8.57475	-108.371	-114.041	-223.813	-279.574	-398.722	4526.6	2.53127e-08	146.995	-55.5126	-5.1076	106	-98.5165	-7.03879	-38.9275	-7.21702	1.35772	-98.3533	-38.6424	8.85726	5.27993	0.178236	-1.29475	1	0.0629772	11.026	8.80598	5.22232	
