sample,group,p_value
A,Mutant,0.02610686639445085
I,Mutant,9.63850489152781e-23
