sample,group,p_value
11A,Mutant,0.00020083719067709693
12A,Mutant,1.8394672709108937e-12
12L,Mutant,0.004937926985694208
12S,Mutant,0.0024607615822832976
12T,Mutant,1.4958521203592744e-05
12V,Mutant,2.0648907451193178e-05
4A,Mutant,0.047337310871566535
8A,Mutant,0.00011988020094797068
8T,Mutant,0.0017574163345659003
