sample,group,p_value
11I,Mutant,3.8243819684498614e-05
12I,Mutant,1.2708183279743288e-22
4I,Mutant,0.007710369506080785
8I,Mutant,4.013296979513337e-06
