sample,group,p_value
8,Mutant,0.00538201332686249
12,Mutant,1.0865199944416305e-14
