sample,group,p_value
8,Mutant,0.002898141879782887
12,Mutant,1.0089678642564193e-14
