sample,group,p_value
8,Mutant,0.0028981418797851487
12,Mutant,1.0089678642557926e-14
