sample,group,p_value
A,Mutant,3.720419432096271e-15
T,Mutant,9.049160428228187e-09
V,Mutant,0.00536441995076179
