sample,group,p_value
A,Mutant,1.7052556923686624e-15
S,Mutant,0.04496615549782933
T,Mutant,3.46896351832166e-09
V,Mutant,0.006367433928700162
