sample,group,p_value
AI,Mutant,1.7052556923688038e-15
LI,Mutant,0.04312146805768766
SI,Mutant,0.044966155497829695
TI,Mutant,2.9465750283769215e-09
VI,Mutant,0.004401973450706732
