sample,group,p_value
11I,Mutant,0.00012166717453042462
12I,Mutant,3.213158993694016e-14
4I,Mutant,0.0008809290403426143
8I,Mutant,3.844478353129554e-06
