sample,group,p_value
8,Mutant,0.0001182871388583221
12,Mutant,7.183570996817558e-08
