sample,group,p_value
8,Mutant,0.0001182871388578837
12,Mutant,7.183570996837084e-08
