sample,group,p_value
A,Mutant,2.2351598014978743e-14
T,Mutant,9.257166747152261e-08
V,Mutant,0.0022449609915949783
