sample,group,p_value
12I,Mutant,1.1622887668135791e-07
4I,Mutant,0.0008311863399126548
8A,Mutant,0.04798138419192475
8I,Mutant,0.01374345352580754
