sample,group,p_value
A,Mutant,7.469019075400094e-09
T,Mutant,0.005050257597642945
