sample,group,p_value
AI,Mutant,1.6726092803763192e-08
TI,Mutant,0.005050257597621781
