sample,group,p_value
11I,Mutant,3.824381968451394e-05
12I,Mutant,1.359083762004092e-22
4A,Mutant,0.014559019885627612
4I,Mutant,0.007710369506062289
8I,Mutant,9.921910980785567e-06
