Sequence,Type,Clash Mutant,Mutant Type,Geometry,Interface,Seed,HBONDDimerOptimize,HBONDDimerPreOptimize,HBONDMonomer,IMM1DimerOptimize,IMM1DimerPreOptimize,IMM1Monomer,Monomer,MonomerSasa,OptimizeSasa,PreBBOptimizeSasa,Total,TotalPreOptimize,VDWDimerOptimize,VDWDimerPreOptimize,VDWMonomer,endAxialRotation,endAxialRotationPrime,endCrossingAngle,endXShift,endZShift,endZShiftPrime,firstRepackEnergy,preOptimizeAxialRotation,preOptimizeAxialRotationPrime,preOptimizeCrossingAngle,preOptimizeEnergy,preOptimizeXShift,preOptimizeZShift,preOptimizeZShiftPrime,replicateNumber,Directory,PercentGpA,PercentStd,Sample,LB-12H_M9-36H,VDWDiff,HBONDDiff,IMM1Diff
VFLLGTLLGILLALL,WT,LLLVFLLGTLLIILLALLILI,clash,AAAVFLLGTLLGILLALLAAA_1,110011001100110000,1,-62.8378,-68.0636,-58.6932,-219.505,-218.293,-233.108,-292.726,4143.45,3225.85,3352.24,-35.1444,-33.3547,-45.528,-39.7243,-0.924768,-71.1594,57.4586,-39.9932,6.4203,4.93083,4.2927,-29.1805,-65.0104,55.0216,-43.8705,-322.216,6.506,3.67948,3.0048,1,AAAVFLLGTLLGILLALLAAA,1.1979855218268636,0.1376751217404344,D,99999900.0,-44.603232,-4.144600000000004,13.603000000000009
YLLLAVLLGFLLATL,WT,LLLYLLLAVLLIFLLATLILI,clash,AAAYLLLAVLLGFLLATLAAA_2,110011001100110000,1,-63.383,-64.3352,-58.7343,-223.091,-223.192,-243.038,-290.58,4280.96,3545.38,3526.34,-17.7552,4.39177,-21.861,1.33877,11.1928,-63.0012,44.3333,-39.3537,7.04317,1.93517,1.10017,-17.007,-63.0129,43.6304,-40.5932,-307.492,7.074,1.84204,0.996496,2,AAAYLLLAVLLGFLLATLAAA,1.0918445759609,0.0492961127917123,D,99999900.0,-33.0538,-4.648700000000005,19.947000000000003
AVLLGILLGLLLTFL,WT,LLLAVLLGILLLLLLTFLILI,clash,AAAAVLLGILLGLLLTFLAAA_2,110011001100110000,1,-59.4997,-58.5952,-58.7585,-217.737,-217.45,-237.972,-299.084,4026.26,3289.49,3293.58,-13.1933,-7.83862,-35.0403,-30.8766,-2.35341,-106.62,23.4651,-36.0668,7.30763,5.66081,4.51279,-7.43583,-106.47,21.0167,-38.4019,-308.086,7.4459,5.30775,4.123,2,AAAAVLLGILLGLLLTFLAAA,1.028204138520383,0.0178303300105078,D,99999900.0,-32.686890000000005,-0.7411999999999992,20.235000000000014
