sample,group,p_value
G,void,0.34503270146581966
L,void,8.290727062893572e-07
R,void,0.0013640094786229906
G,clash,2.716520859833327e-16
L,clash,0.0005139689729771051
R,clash,1.3088768825028083e-17
