sample,group,p_value
11I,Mutant,0.00023958102303213647
12I,Mutant,0.04603814445351121
