sample,group,p_value
11G,Mutant,1.1603637702118794e-06
12G,Mutant,0.005918527975740126
