sample,group,p_value
11I,Mutant,0.00023958102303286717
12I,Mutant,0.04603814445336329
