sample,group,p_value
11A,Mutant,0.0003292889406668497
12A,Mutant,1.2882244642054089e-11
12L,Mutant,0.009739509010982809
12T,Mutant,7.135014430968573e-05
12V,Mutant,0.0021146214682984383
8A,Mutant,1.8585012225932412e-06
8T,Mutant,0.005566043719807385
