sample,group,p_value
11A,Mutant,0.0003292889406674175
12A,Mutant,1.2882244642064755e-11
12L,Mutant,0.009739509011025728
12T,Mutant,7.135014430984829e-05
12V,Mutant,0.00211462146829883
8A,Mutant,1.8585012225737963e-06
8T,Mutant,0.005566043719807305
