sample,group,p_value
AI,Mutant,1.1455012024493722e-14
TI,Mutant,8.381501021075895e-08
VI,Mutant,0.00455911544254665
