sample,group,p_value
A,Mutant,0.031665427936936066
I,Mutant,1.0729990287981927e-18
