sample,group,p_value
11G,Mutant,2.202113728951969e-10
7G,Mutant,4.314354689491061e-05
