sample,group,p_value
11G,Mutant,2.2021137288794165e-10
7G,Mutant,4.314354689540992e-05
