sample,group,p_value
7,Mutant,0.009316198499313338
11,Mutant,5.86430305402672e-10
15,Mutant,0.012267954785503693
