sample,group,p_value
7,Mutant,0.007417699586781508
11,Mutant,7.069982088201366e-15
15,Mutant,0.008696765402653388
