sample,group,p_value
A,Mutant,0.0004812669283066852
L,Mutant,0.04878089332177233
