sample,group,p_value
11I,Mutant,2.323799840934934e-05
12I,Mutant,0.006761147972917579
7I,Mutant,0.02900791936836719
