sample,group,p_value
11I,Mutant,2.4788984264319415e-05
12I,Mutant,0.006761147972869986
7I,Mutant,0.029007919368416183
