sample,group,p_value
11G,Mutant,2.1345635380529603e-05
12G,Mutant,0.013902098136075755
7G,Mutant,0.005799331755764027
