sample,group,p_value
F,Mutant,0.0333986952817387
G,Mutant,6.4122750453329665e-09
