sample,group,p_value
G,clash,4.072167181657825e-09
L,clash,0.0015529906963437905
R,clash,1.1534816536909587e-21
G,void,0.5846318544815454
L,void,5.4108564127882124e-06
R,void,0.0024923807765805744
