sample,group,p_value
11I,Mutant,0.0012239066947159918
12I,Mutant,0.027189212411059906
15I,Mutant,0.00045576766368990944
7I,Mutant,0.026674316409958668
