sample,group,p_value
11G,Mutant,0.0002612933919445838
12G,Mutant,0.02290006448827353
15G,Mutant,0.012950559706965513
7G,Mutant,1.5022566609902568e-05
