sample,group,p_value
11G,Mutant,0.00026129339194461317
12G,Mutant,0.022900064488306775
15G,Mutant,0.012950559706961006
7G,Mutant,1.5022566610117205e-05
