sample,group,p_value
11I,Mutant,0.0012239066947158598
12I,Mutant,0.02718921241086374
15I,Mutant,0.00045576766368811774
7I,Mutant,0.026674316409975786
