sample,group,p_value
7,Mutant,0.027752694446213037
11,Mutant,0.0021376325225215768
15,Mutant,0.0022053398192645136
