sample,group,p_value
7,Mutant,0.027752694446269113
11,Mutant,0.0021376325225231476
15,Mutant,0.002205339819259436
