sample,group,p_value
A,Mutant,0.005345771614700644
G,Mutant,1.4052482866298899e-08
