sample,group,p_value
A,Mutant,0.0053457716147247486
G,Mutant,1.4052482866204531e-08
