sample,group,p_value
AI,Mutant,0.009736674601365927
GI,Mutant,1.405248286629905e-08
