sample,group,p_value
AI,Mutant,0.009736674601301155
GI,Mutant,1.4052482866204531e-08
