sample,group,p_value
G,clash,1.117915196722499e-16
G,void,0.4021009585007156
