Sequence,Segments,Fluorescence,FluorStdDev,Rep1-Fluor,Rep2-Fluor,Rep3-Fluor,Sample,Average Percent GpA,LB-12H_M9-24H,LB-12H_M9-36H,LB-24H_M9-24H,LB-24H_M9-36H,LB-36H_M9-24H,LB-36H_M9-36H,std,Percent Error,mean,mean_transformed,Percent GpA,std_adjusted,Type,Mutant Type,percent_wt,wt_seq,position,wt_aa,mut_aa,mut_position
LLLYFLLGVLLITLLGLLILI,6.0,18867.637907275344,436.1676041536499,19192.57864926254,19038.41266311895,18371.922409444545,G,12.6382447524673,31.920278366095967,-3.938102292765773,4.662669313552633,-23.786587188186846,16.839482089832188,-14.919658177705514,471.2797779679139,2.519516476149114,18705.167536281748,20275.18153464521,68.2847502589289,510.8365393345288,Mutant,clash,69.54336177894503,LLLYFLLGVLLGTLLGLLILI,G11I,G,I,11
LLLAFLLGILLIVLLGLLILI,6.0,19758.270470073447,1457.1328903155097,19730.745601423445,21228.970805011777,18315.095003785114,G,19.20419110585051,-47.90522124029288,-57.46581025869549,-39.30826323631324,-50.446591602907255,-20.591604248042472,-35.16486963989652,2060.421338582757,10.420887667673265,19772.03290439845,21647.261142146697,72.90577489308629,2255.836766750992,Mutant,clash,47.376555324592424,LLLAFLLGILLGVLLGLLILI,G11I,G,I,11
LLLALLLGLLLIVLLGTLILI,7.0,19906.83570179293,1760.078234523225,19636.52381528635,21786.43253101867,18297.550759073776,G,20.11146388254662,21.318531722477147,15.79185480391232,32.65746013652079,26.61423728670032,164.93321244253875,152.86415547837396,2467.011959700372,12.309215587913602,20041.991645046222,21994.45104443349,74.07507518909422,2707.3443964374333,Mutant,clash,36.03968920522481,LLLALLLGLLLGVLLGTLILI,G11I,G,I,11
