Sequence,Flow Mean,Mean Std,Mean Standard Error,Flow Median,Median Std,Median Standard Error
CAVVVGVGLIVGFAVGLL,21048.9492333333,1143.19813114021,,16210.9752666667,705.98003234317,
IIVAMTAVGGSICVMLVVICLL,23129.7213666667,852.471988067529,,20548.2812666667,1039.43735963727,
GIYFVLGVCFGLLLTLCLLVIL,50839.8476666667,6062.2430766142,,47521.4909,2543.20498077248,
VVIIAIVCCVVGTSLVWVVIIL,24559.084,978.535948017225,,22896.0475,911.627302836175,
LIIFGVMAGVIGT,29401.0911666667,9354.48783215742,,25505.8431,9378.4229208474,
LIIFGVMAIVIGT,19813.9043333333,475.656751337057,,15449.4143666667,125.244863401671,
NA,12429.6644,564.91624703732,,11765.2102666667,178.133281822246,
