Sequence,Percent GpA,Sd
LLLTALLAFLLGVLLGL,1.24546006014533,0.0422159772558379
LLLYVLLTILLGLLLGAL,0.277468733463261,0.0198232302850485
LLLYFLLGLLLGTLLAVL,1.21755572477704,0.0115257460746608
LLLWTLLALLLGILLGFL,0.381122626776288,0.0288076672093247
LLLALLLGLLLGTLLAFL,1.26247288503254,0.0139651838667762
LLLYFLLGLLLGTLLAVL,1.24639351971239,0.0703485267359419
LIIFGVMAIVIGT,0.262260516056611,0.0328488038905657
IIVAMTAVGGSICVMLVVICLL,0.532044961546046,0.072694619443932
GIYFVLGVCFGLLLTLCLLVIL,1.0505438162705,0.0146189607316926
LLLYGLLFALLGTLLSLL,0.276401499582757,0.0150685963252837
LLLYALLALLLGTLLSFL,0.0127912914596021,0.000519949858408762
LLLVGLLLALLGLLLGTL,0.379429311611802,0.0235695242535329
LLLAVLLLTLLGGLLFAL,0.400515637260397,0.00834061847111677
LLLYVLLGALLGILLTLL,0.992464721194684,0.00678050576867454
