sample,group,p_value
7,Mutant,0.0006228220518792558
11,Mutant,1.616977018017703e-16
15,Mutant,0.013337898280510716
