sample,group,p_value
A,Mutant,0.017540795641587743
G,Mutant,1.3689219551118272e-24
