sample,group,p_value
A,Mutant,0.019395125863385473
G,Mutant,1.3689219551179308e-24
