sample,group,p_value
11I,Mutant,0.00018215470257350818
12A,Mutant,0.03435325193624449
12I,Mutant,7.228547364897619e-08
7A,Mutant,0.006049540867414777
8I,Mutant,0.005484345158028002
