sample,group,p_value
11A,Mutant,0.00035360946565971154
12A,Mutant,0.0033032242112340576
12S,Mutant,0.021107385468875365
12T,Mutant,0.0022569163674248114
12V,Mutant,0.013945385319330171
3Y,Mutant,0.042591800398853255
7I,Mutant,0.01871314288562765
7V,Mutant,0.027120072554129862
8A,Mutant,0.01118366234607646
