sample,group,p_value
7,Mutant,0.0006713858535779953
12,Mutant,6.69753308656893e-05
