sample,group,p_value
A,Mutant,1.9370823983042108e-08
S,Mutant,0.022427667690871327
T,Mutant,0.0024365935336484305
V,Mutant,0.0010590933403363941
Y,Mutant,0.013288346120789031
