sample,group,p_value
AI,Mutant,2.4278468788919917e-08
SI,Mutant,0.022427667690871237
TI,Mutant,0.005857054309292261
VI,Mutant,0.0029969202455206855
YA,Mutant,0.006972893315659202
