sample,group,p_value
G,clash,3.126292186869619e-17
G,void,0.3077883735950937
