Amino Acid,Count,Percentage
Y,71,5.346385542168674
F,130,9.789156626506024
A,168,12.650602409638553
L,327,24.623493975903614
G,283,21.310240963855424
T,141,10.617469879518072
S,78,5.873493975903615
V,96,7.228915662650602
I,34,2.5602409638554215
