sample,group,p_value
G,void,0.6071621699289566
L,void,0.0503572969816812
R,void,0.07750172561091151
G,clash,1.1082288625035618e-08
L,clash,0.01124470081062709
R,clash,2.3240016901216458e-10
