sample,group,p_value
G,clash,1.5994757689114886e-15
G,void,0.4370523605114308
