sample,group,p_value
G,void,0.8524759037402404
L,void,0.07236760843754132
R,void,0.013403261926942057
G,clash,0.00011462489890163017
L,clash,0.005993852891611963
R,clash,9.30219922038277e-12
