sample,group,p_value
G,void,0.8524759037410975
L,void,0.07236760843770434
R,void,0.013403261926993364
G,clash,0.00011462489890200764
L,clash,0.0059938528916512225
R,clash,9.302199220334e-12
