sample,group,p_value
G,clash,5.45452542018627e-06
L,clash,0.006999285362083005
R,clash,8.747775883624313e-09
G,void,0.6334608212798631
L,void,0.15478144117217524
R,void,0.04410727900815417
