sample,group,p_value
A,Mutant,0.043985718267143425
I,Mutant,1.8267733333574884e-14
