sample,group,p_value
11I,Mutant,0.004484095520651653
12I,Mutant,1.1950748802995353e-10
4A,Mutant,0.049258345827388444
8I,Mutant,2.900154352872656e-05
