sample,group,p_value
8,Mutant,0.003246128109697825
12,Mutant,1.8523365793246064e-06
