sample,group,p_value
11G,Mutant,2.9148270125492427e-35
7G,Mutant,1.7255177673118333e-07
