sample,group,p_value
11G,Mutant,5.486749373321703e-31
7G,Mutant,1.6512826332418554e-05
