sample,group,p_value
11I,Mutant,1.1112813732163532e-34
15I,Mutant,0.002443171660969636
7I,Mutant,1.725517767339392e-07
