sample,group,p_value
7,Mutant,1.6865567523145027e-05
11,Mutant,1.5244882443764162e-25
15,Mutant,0.004179196041573187
