sample,group,p_value
11I,Mutant,0.00886384052308261
12I,Mutant,5.624821916083114e-08
3A,Mutant,0.014301103215808563
4I,Mutant,0.046009145400283225
8I,Mutant,0.00047113743238567896
