sample,group,p_value
3,Mutant,0.030894208949872343
7,Mutant,0.029553594639103974
8,Mutant,0.014521473376065575
12,Mutant,9.167732897724726e-06
