sample,group,p_value
G,clash,8.000926322919141e-10
L,clash,1.6473240301152383e-05
R,clash,5.585167665791688e-22
G,void,0.9157478247093386
L,void,0.033394536100601904
R,void,0.0036447221622629843
