sample,group,p_value
G,clash,8.000926322938379e-10
L,clash,1.6473240301135886e-05
R,clash,5.585167665830148e-22
G,void,0.9157478247111284
L,void,0.0333945361003421
R,void,0.003644722162233524
