sample,group,p_value
7,Mutant,0.0015989390609139316
11,Mutant,0.0002993105328962358
