sample,group,p_value
11I,Mutant,1.5111094857173346e-05
12I,Mutant,1.8657317495636434e-22
4A,Mutant,0.016116335607272027
4I,Mutant,0.007710369506080679
8I,Mutant,1.080818149193627e-05
