sample,group,p_value
11I,Mutant,1.5111094857187677e-05
12I,Mutant,1.865731749566984e-22
4A,Mutant,0.016116335607231674
4I,Mutant,0.007710369506062303
8I,Mutant,1.0808181491934497e-05
