sample,group,p_value
11I,Mutant,0.00017417709816056954
12I,Mutant,2.7941655746064467e-14
4I,Mutant,0.00020608787087757384
8I,Mutant,8.943035459857351e-06
