sample,group,p_value
11I,Mutant,0.00017417709816107356
12I,Mutant,2.7941655746009694e-14
4I,Mutant,0.00020608787087716396
8I,Mutant,8.943035459892003e-06
