sample,group,p_value
11A,Mutant,0.0010688155663673288
12A,Mutant,1.6568784871150366e-08
12T,Mutant,0.0003570969822345017
12V,Mutant,0.004468837810053616
4A,Mutant,0.0022239348716877605
8A,Mutant,8.143205635427924e-05
8S,Mutant,0.04088971911085158
8T,Mutant,0.013122746252381778
