sample,group,p_value
A,Mutant,4.110868770087425e-15
T,Mutant,2.550202550637654e-07
V,Mutant,0.0009285257287582681
