sample,group,p_value
AI,Mutant,1.5800685561935165e-15
TI,Mutant,1.8483985598007602e-07
VI,Mutant,0.0005302330096464141
