sample,group,p_value
AI,Mutant,1.580068556187286e-15
TI,Mutant,1.8483985597980728e-07
VI,Mutant,0.0005302330096455192
