sample,group,p_value
11A,Mutant,0.028974405241341733
12A,Mutant,0.0003105362989844001
12S,Mutant,0.031589090468268355
12T,Mutant,0.00032928217980150856
12V,Mutant,0.001293134603364039
8A,Mutant,0.0007432861864544795
