sample,group,p_value
11I,Mutant,0.0027973539275779383
12I,Mutant,5.339670053301383e-11
8I,Mutant,0.000956034105498846
