sample,group,p_value
11A,Mutant,0.02897440524132537
12A,Mutant,0.00031053629898411333
12S,Mutant,0.03158909046817737
12T,Mutant,0.00032928217980019147
12V,Mutant,0.0012931346033578427
8A,Mutant,0.0007432861864464062
