sample,group,p_value
11I,Mutant,0.0027973539275872876
12I,Mutant,5.339670053358742e-11
8I,Mutant,0.000956034105502922
