sample,group,p_value
8,Mutant,0.0031602811865494573
12,Mutant,7.500478468223872e-10
