sample,group,p_value
8,Mutant,0.0031602811865603666
12,Mutant,7.500478468258319e-10
