sample,group,p_value
A,Mutant,1.1223814378155232e-07
T,Mutant,0.0014437780926823197
V,Mutant,0.005767922266990946
