sample,group,p_value
A,Mutant,1.1223814378041815e-07
T,Mutant,0.001443778092682178
V,Mutant,0.00576792226699044
