sample,group,p_value
AI,Mutant,1.1223814378042019e-07
TI,Mutant,0.0012759741684508442
VI,Mutant,0.0020369807590329267
