sample,group,p_value
AI,Mutant,1.1223814378155547e-07
TI,Mutant,0.0012759741684507044
VI,Mutant,0.0020369807590342745
