sample,group,p_value
11G,Mutant,1.024879249721171e-25
15G,Mutant,0.012362036538490504
7G,Mutant,3.9539781387285675e-05
