sample,group,p_value
11G,Mutant,1.0248792498432201e-25
15G,Mutant,0.012362036538546907
7G,Mutant,3.9539781387512835e-05
