sample,group,p_value
11I,Mutant,8.801990971190785e-27
15I,Mutant,0.0008205322957087107
7I,Mutant,3.9539781387512835e-05
