sample,group,p_value
11I,Mutant,8.80199096993591e-27
15I,Mutant,0.0008205322957066357
7I,Mutant,3.9539781387285675e-05
