sample,group,p_value
7,Mutant,0.0007368572848461853
11,Mutant,1.7196192338106504e-22
15,Mutant,0.0010206562244406536
