Amino Acid,Count,Percentage
Y,89,5.156431054461182
F,197,11.413673232908458
L,463,26.825028968713788
A,248,14.36848203939745
V,194,11.239860950173812
T,199,11.529548088064889
S,190,11.00811123986095
I,127,7.358053302433372
W,19,1.100811123986095
