sample,group,p_value
11G,Mutant,7.8792390878687e-09
7G,Mutant,0.0005795055685933652
