sample,group,p_value
11G,Mutant,7.87923908806418e-09
7G,Mutant,0.0005795055685882211
