sample,group,p_value
11I,Mutant,4.671442632360283e-08
15I,Mutant,0.0026459843306754845
7I,Mutant,0.0005795055685933652
