sample,group,p_value
7,Mutant,0.006020437537627843
11,Mutant,8.638335332007655e-05
15,Mutant,0.021126364444493877
