sample,group,p_value
A,Mutant,5.530846226858041e-11
S,Mutant,0.020603399082625182
T,Mutant,5.13973148924922e-07
