sample,group,p_value
11I,Mutant,0.020677146779331853
15I,Mutant,0.02389132480250631
