sample,group,p_value
11I,Mutant,0.020677146779405645
15I,Mutant,0.0238913248025396
