sample,group,p_value
7,Mutant,0.008801076471551246
11,Mutant,0.0021376325225231476
15,Mutant,0.004169788916678909
