sample,group,p_value
A,Mutant,0.009736674601301187
G,Mutant,3.1088024485215e-09
