sample,group,p_value
11G,Mutant,0.00012863106432301163
12G,Mutant,0.009499092397964315
15G,Mutant,0.007515866511727871
