sample,group,p_value
11I,Mutant,0.006852269266476334
12I,Mutant,0.01469329435149119
15I,Mutant,0.03575355770201931
