sample,group,p_value
11G,Mutant,0.00012863106432325845
12G,Mutant,0.009499092397933633
15G,Mutant,0.007515866511723965
