sample,group,p_value
11I,Mutant,0.006852269266485414
12I,Mutant,0.014693294351380122
15I,Mutant,0.035753557702041444
