sample,group,p_value
7,Mutant,0.017911983099285694
11,Mutant,0.019102731378545488
