sample,group,p_value
A,Mutant,0.03195109311437918
G,Mutant,1.1466128100597685e-05
