sample,group,p_value
A,Mutant,0.03195109311414194
G,Mutant,1.1466128100638331e-05
