sample,group,p_value
AI,Mutant,0.03195109311437918
GI,Mutant,1.146612810059758e-05
