sample,group,p_value
AI,Mutant,0.031951093114141946
GI,Mutant,1.1466128100638333e-05
