Sequence,Segments,Fluorescence,FluorStdDev,Rep1-Fluor,Rep2-Fluor,Rep3-Fluor,Sample,LB-12H_M9-36H,LB-36H_M9-36H,std,Percent Error,mean,mean_transformed,Percent GpA,std_adjusted,Type,Mutant Type,percent_wt,wt_seq,position,wt_aa,mut_aa,mut_position
LLLALLLILLLGVLLGTLILI,14.0,27248.51696,1989.213358,28164.52637,28614.70108,24966.32343,D,-73.74645813,-74.57574143,1989.213361774269,7.30026285355043,27248.51696,22580.01814804304,76.94050356235729,1648.4006771865318,Mutant,clash,73.36122341279366,LLLALLLGLLLGVLLGTLILI,G7I,G,I,7
LLLALLLGLLLIVLLGTLILI,14.0,26800.15185,1334.87856,26997.475,28025.38546,25377.5951,D,19.45892026,70.60852296,1334.8785584408274,4.980861921029745,26800.151853333333,21713.5072714478,73.98790260560052,1081.5198154035684,Mutant,clash,70.54597775662361,LLLALLLGLLLGVLLGTLILI,G11I,G,I,11
LLLTALLGVLLGLLLIFLILI,15.0,26510.37616,1821.716564,27040.68398,28008.09816,24482.34635,D,15.33352083,53.34507864,1821.716564601337,6.871711489031848,26510.37616333333,21153.48646825768,72.07965424546454,1453.6065599700603,Mutant,clash,70.53945220654909,LLLTALLGVLLGLLLGFLILI,G15I,G,I,15
LLLTALLGVLLILLLGFLILI,15.0,26544.16403,1978.08416,27135.64678,28159.03201,24337.81332,D,-7.426461491,132.1300125,1978.0841604813404,7.452049187719465,26544.164036666665,21218.78494778928,72.30215618784905,1581.234291345671,Mutant,clash,70.75719971512133,LLLTALLGVLLGLLLGFLILI,G11I,G,I,11
LLLALLLGLLLGVLLGTLILI,13.0,31491.09447,1521.866057,31610.56904,32949.7019,29913.01247,D,-65.29178313,-48.76597255,1521.8660595551576,4.832687098268254,31491.09447,30779.22790489512,104.8789809971182,1487.4637759064487,WT,,100.0,LLLALLLGLLLGVLLGTLILI,-1-1-1,-,1,1-1-
LLLALLLGFLLGVLLGTLILI,13.0,31324.87979,2224.165813,32312.69884,32884.03472,28777.90579,D,-54.39590799,-48.23744016,2224.1658130591586,7.100317155063894,31324.879783333337,30458.001226670112,103.78441401235084,2162.614686186829,WT,,98.95635238408978,LLLALLLGLLLGVLLGTLILI,L8F,L,F,8
LLLAYLLGLLLGVLLGTLILI,13.0,31064.49681,2283.363274,31332.14105,33202.24304,28659.10634,D,15061.79735,10134.52096,2283.3632755489457,7.350395177860747,31064.49681,29954.78481861612,102.06972434369484,2201.795058846122,WT,,97.32143025540975,LLLALLLGLLLGVLLGTLILI,L4Y,L,Y,4
