Sequence,Segments,Fluorescence,FluorStdDev,Rep1-Fluor,Rep2-Fluor,Rep3-Fluor,Sample,LB-12H_M9-36H,LB-36H_M9-36H,std,Percent Error,mean,mean_transformed,Percent GpA,std_adjusted,Type,Mutant Type,percent_wt,wt_seq,position,wt_aa,mut_aa,mut_position
LLLALLLGALLGVLLGTLILI,7.0,25442.40906,1533.320145,27199.20347,24754.60493,24373.41878,G,-41.65903834,-47.16969715,269.53931155939347,1.0972935249765758,24564.011855,27810.15366143012,93.66177038328328,305.1590154129088,Mutant,void,45.56918892160813,LLLALLLGLLLGVLLGTLILI,L8A,L,A,8
LLLAALLGLLLGVLLGTLILI,6.0,26119.15828,2104.828631,26821.688,27782.87297,23752.91388,G,344.3889149,328.3706521,2849.6114004433684,11.058767410449924,25767.893425,29358.44775829704,98.87626750372404,3246.6824529085197,Mutant,void,48.106194184696314,LLLALLLGLLLGVLLGTLILI,L4A,L,A,4
LLLTALLGVLLGLLLGSLILI,7.0,25556.81613,1089.623832,26347.3042,26009.29053,24313.85365,G,-66.0393681,-64.39789909,1198.854914921761,4.764626433648888,25161.57209,28578.66694996972,96.2500450129027,1361.6667198827356,Mutant,void,27.564430662630617,LLLTALLGVLLGLLLGFLILI,F16S,F,S,16
LLLAALLGVLLGLLLGFLILI,6.0,26543.94736,2398.244648,26855.89289,28770.95485,24004.99434,G,-2.607168432,-8.577047835,3370.0429954882943,12.771131726520805,26387.974595,30155.92488479656,101.56208939516183,3851.252890388036,Mutant,void,29.085712850415256,LLLTALLGVLLGLLLGFLILI,T3A,T,A,3
LLLTALLGVLLGLLLGALILI,7.0,26904.13278,1207.702313,26038.53058,28283.82062,26390.04714,G,-40.21734201,-32.83974867,1339.1000697392467,4.898501330169098,27336.93388,31376.367240378542,105.672415179988,1536.9717666286838,Mutant,void,30.262842586629656,LLLTALLGVLLGLLLGFLILI,F16A,F,A,16
LLLSALLGVLLGLLLGFLILI,6.0,26804.68824,1248.313074,28106.12624,26690.6068,25617.33168,G,-29.9459075,-28.86087528,758.920115430807,2.9017397262596423,26153.96924,29854.97409461065,100.54851772812884,866.3136435678422,Mutant,void,28.795442586813884,LLLTALLGVLLGLLLGFLILI,T3S,T,S,3
LLLAYLLGTLLGILLAALILI,7.0,26031.61767,2512.690395,27272.89907,27682.10629,23139.84765,G,-99.99944131,-99.99944131,3211.861886247185,12.639663126841144,25410.97697,28899.422839133964,97.33031823993107,3652.789692467924,Mutant,void,51.63255870446799,LLLAYLLGTLLGILLALLILI,L16A,L,A,16
LLLAALLGILLGVLLGLLILI,6.0,24990.06092,1130.574851,26270.84968,24568.49208,24130.84101,G,181.5609107,252.3633712,309.4660393905483,1.2709251636716747,24349.666545,27534.48736132711,92.73335430845712,349.9427285631032,Mutant,void,60.26116446839653,LLLAFLLGILLGVLLGLLILI,F4A,F,A,4
