sample,group,p_value
AI,Mutant,0.039337558671299275
FA,Mutant,0.029488032415155633
