sample,group,p_value
AI,Mutant,0.03933755867152819
FA,Mutant,0.029488032414923617
