sample,group,p_value
11G,Mutant,9.652520844085019e-11
15G,Mutant,0.006557863156070618
7G,Mutant,1.5257033329180337e-10
