sample,group,p_value
11I,Mutant,2.4121185075324957e-09
15I,Mutant,0.045204916492740256
7I,Mutant,4.339990556004535e-09
