sample,group,p_value
7,Mutant,8.110386032504482e-09
11,Mutant,4.447038703298103e-08
15,Mutant,0.012638439804194549
