sample,group,p_value
A,Mutant,0.012975912634457413
G,Mutant,3.057520149771066e-17
