sample,group,p_value
AI,Mutant,0.012975912634457413
GI,Mutant,3.057520149771066e-17
