sample,group,p_value
G,clash,8.686243574809392e-16
G,void,0.3113398423234983
