sample,group,p_value
G,clash,8.686243574824678e-16
G,void,0.31133984232442424
