sample,group,p_value
G,void,0.831102008329243
L,void,2.5449335581270024e-05
R,void,0.001726708132956688
G,clash,1.4314869848508814e-09
L,clash,0.0006716173292727596
R,clash,1.4800751303766148e-21
