sample,group,p_value
AI,Mutant,0.00963621264617574
FA,Mutant,0.00804051797807447
SI,Mutant,0.04824014720307933
