sample,group,p_value
AI,Mutant,0.00963621264622567
FA,Mutant,0.008040517978019685
SI,Mutant,0.04824014720299036
