Sequence,RotamerValues,Interface,InterfaceSequence,Seed,Density,Baseline,Dimer,Dimerw/Baseline,HBONDDimer,HBONDDimerOptimize,HBONDDimerPreOptimize,HBONDMonomer,IMM1Dimer,IMM1DimerOptimize,IMM1DimerPreOptimize,IMM1Monomer,Monomer,MonomerSasa,OptimizeSasa,PreBBOptimizeSasa,SequenceEntropy,SequenceProbability,Total,TotalPreOptimize,Totalw/Entropy,VDWDimer,VDWDimerOptimize,VDWDimerPreOptimize,VDWMonomer,acceptCycleNumber,acceptTemp,endAxialRotation,endAxialRotationPrime,endCrossingAngle,endXShift,endZShift,endZShiftPrime,firstRepackEnergy,preOptimizeAxialRotation,preOptimizeAxialRotationPrime,preOptimizeCrossingAngle,preOptimizeEnergy,preOptimizeXShift,preOptimizeZShift,preOptimizeZShiftPrime,preRepackTotal,replicateNumber,startAxialRotation,startAxialRotationPrime,startCrossingAngle,startXShift,startZShift,startZShiftPrime,Directory,VDWDiff,HBONDDiff,IMM1Diff,VDWRepackDiff,HBONDRepackDiff,IMM1RepackDiff,RepackChange,SasaDiff,AxChange,xChange,crossChange,zChange,Region,AA,Position
LLLLALLWLLTSLLFVLLILI,13003200200230021032,000110011011001100000,LL-LA--WL-TS--FV-LI--,1677890000.0,0.96,382.642,-392.059,-9.41729,-74.1676,-74.0356,-74.1241,-74.2124,-226.946,-226.043,-226.942,-249.933,-383.251,4601.24,3698.46,3720.42,50.0267,0.000213803,-13.911,-8.76852,40.6094,-90.9454,-97.0836,-90.9532,-59.1052,491,14.6888,-99.1025,31.4505,29.8477,8.91006,5.6112,4.58296,-9.63019,-99.1025,30.9175,29.2936,-8.76852,9.10713,5.53924,4.503,-8.80821,1,-99.1025,29.8248,26.5768,9.0762,5.39173,4.3391,design_328,-37.9784,0.1768,23.889999999999983,-6.130400000000009,0.0884999999999962,0.8990000000000009,-5.142479999999999,-902.7799999999996,1.625700000000002,-0.1661400000000004,3.270900000000001,0.2438599999999997,Left,W,7
LLLLALLWFLTSLLYVLLILI,13002300200230031022,000110011011001100000,LL-LA--WF-TS--YV-LI--,1677890000.0,0.98,367.269,-376.384,-9.11522,-74.1791,-74.0798,-74.125,-74.1722,-230.478,-230.512,-230.474,-252.525,-369.532,4603.36,3795.41,3795.89,54.5667,9.93017e-05,-12.8634,-6.8023,45.4515,-71.7267,-77.8039,-71.7354,-42.8356,490,177.29,-97.2084,36.3848,30.4026,8.95161,5.99321,5.03898,-11.0176,-97.2084,35.6045,29.3088,-6.8023,9.1497,5.88787,4.92194,-6.85155,1,-97.2084,34.4129,25.3425,9.1745,5.72701,4.7432,design_191,-34.9683,0.0923999999999978,22.013000000000005,-6.0685,0.0451999999999941,-0.0380000000000109,-6.061100000000001,-807.9499999999998,1.971899999999998,-0.2228899999999996,5.060099999999999,0.2957799999999997,Left,W,7
