sample,group,p_value
G,clash,1.208534560685876e-39
G,void,0.009332825626953943
