sample,group,p_value
G,clash,2.3437940813219398e-38
G,void,0.007201620746711234
