sample,group,p_value
A,Mutant,0.008288111379064222
I,Mutant,5.841020907230765e-06
