sample,group,p_value
A,Mutant,0.008288111379158749
I,Mutant,5.841020907229952e-06
