sample,group,p_value
12A,Mutant,6.267712747517631e-05
12S,Mutant,0.011470165035592847
4A,Mutant,0.0052074854417959475
5F,Mutant,0.011868167754436209
8A,Mutant,0.00799594650602979
8L,Mutant,0.03399961060449332
