sample,group,p_value
11I,Mutant,0.020834613638622358
12I,Mutant,9.769719583871378e-08
4I,Mutant,0.0032515363164636385
5A,Mutant,2.5886581709288997e-05
