sample,group,p_value
A,Mutant,8.797265293755479e-08
F,Mutant,0.0007034199485925036
T,Mutant,0.0399139411607559
