sample,group,p_value
AI,Mutant,8.797265293755361e-08
FA,Mutant,0.02239923394811583
TI,Mutant,0.0399139411607558
