sample,group,p_value
AI,Mutant,8.797265293658239e-08
FA,Mutant,0.022399233948224153
TI,Mutant,0.03991394116070017
