sample,group,p_value
AI,Mutant,0.009680340044104889
FA,Mutant,0.032416181600699735
