sample,group,p_value
AI,Mutant,0.009680340044143119
FA,Mutant,0.03241618160117902
