sample,group,p_value
11I,Mutant,0.00028770363745941804
12A,Mutant,0.04855305708027516
15I,Mutant,0.021305345631050885
7I,Mutant,0.00011938952047295004
