sample,group,p_value
11G,Mutant,0.0009026720234431127
12G,Mutant,0.036561402814084924
7G,Mutant,3.621776246287108e-05
