sample,group,p_value
11G,Mutant,0.0009026720234439124
12G,Mutant,0.036561402814114345
7G,Mutant,3.621776246334068e-05
