sample,group,p_value
7,Mutant,3.320078906624126e-06
11,Mutant,0.003554798190352091
