sample,group,p_value
A,Mutant,0.012433028495349717
G,Mutant,1.646047153526974e-07
