sample,group,p_value
AI,Mutant,0.012433028495349717
GI,Mutant,5.078215631153868e-08
