sample,group,p_value
AI,Mutant,0.014187999546130805
GI,Mutant,5.078215631121252e-08
