sample,group,p_value
A,Mutant,0.0014164211356297938
I,Mutant,0.017434070008389306
