sample,group,p_value
14F,Mutant,0.039237552136433276
4A,Mutant,0.023484610951535118
4Y,Mutant,0.0010761109712289327
8A,Mutant,0.00790305427137683
