sample,group,p_value
11I,Mutant,0.04637355005206812
12A,Mutant,0.03993535149314405
12I,Mutant,0.00045187222408819773
14A,Mutant,0.00532655694249212
4A,Mutant,0.03229553692710983
