sample,group,p_value
A,Mutant,0.016417589301535623
F,Mutant,0.0012902811961794014
