sample,group,p_value
AI,Mutant,0.016417589301535623
FA,Mutant,0.0005149346950425595
