sample,group,p_value
G,void,0.42752732589416276
L,void,0.03432523350610411
R,void,0.05377900006563139
G,clash,1.3359791237900359e-14
L,clash,0.005446414079671331
R,clash,2.0637485394063016e-15
