sample,group,p_value
G,clash,1.0372052005366263e-08
L,clash,1.0664797685344548e-05
R,clash,1.1709634122433138e-21
G,void,0.8447613462067984
L,void,0.147831981908749
R,void,0.002078214990958261
