sample,group,p_value
G,clash,1.0372052005358031e-08
L,clash,1.0664797685261435e-05
R,clash,1.1709634122238695e-21
G,void,0.8447613462044489
L,void,0.1478319819097327
R,void,0.002078214990970741
