sample,group,p_value
G,clash,3.8428134305828763e-19
L,clash,0.003751618992057378
R,clash,1.0445012204938731e-19
G,void,0.13085375276684166
L,void,0.0111159566240557
R,void,0.007473519288702663
