sample,group,p_value
G,clash,7.768369312079228e-08
L,clash,0.01449287597631778
R,clash,3.371576661945272e-11
G,void,0.776463876402567
L,void,0.14711433684249878
R,void,0.035534514959988515
