sample,group,p_value
G,clash,7.768369312077607e-08
L,clash,0.014492875976204809
R,clash,3.371576661940132e-11
G,void,0.7764638764017046
L,void,0.14711433684266645
R,void,0.03553451495988221
