AA,Count,Average
A,34,0.019506597819850834
F,40,0.022948938611589215
G,97,0.055651176133103844
I,171,0.0981067125645439
L,1008,0.5783132530120482
S,27,0.01549053356282272
T,122,0.0699942627653471
V,25,0.01434308663224326
W,78,0.04475043029259897
Y,141,0.08089500860585198
