sample,group,p_value
11I,Mutant,8.122647512357471e-17
15I,Mutant,2.3134609678958275e-05
7I,Mutant,0.0005113904826461713
