sample,group,p_value
11G,Mutant,2.519769978345566e-14
12G,Mutant,0.043777390808040134
15G,Mutant,0.0009322243633774324
7G,Mutant,1.164927158739791e-06
