sample,group,p_value
7,Mutant,0.012040746968096924
11,Mutant,8.379979862956445e-16
15,Mutant,0.00030409724664873017
