sample,group,p_value
A,Mutant,0.013039048611861254
G,Mutant,2.0339661167208409e-22
