sample,group,p_value
AI,Mutant,0.0008068315739847793
GI,Mutant,3.813341241411184e-22
