sample,group,p_value
12I,Mutant,1.2812920441043325e-07
4I,Mutant,0.00019059510365702033
8I,Mutant,0.012881305328484721
