sample,group,p_value
11S,Mutant,0.030869637048695577
12A,Mutant,0.0001693197391087844
12S,Mutant,0.002400041703975249
4A,Mutant,0.0023460648084226016
5A,Mutant,0.04194139898005943
8A,Mutant,0.0037492729512241365
