sample,group,p_value
12I,Mutant,1.2812920441064898e-07
4I,Mutant,0.00019059510365588946
8I,Mutant,0.01288130532855911
