sample,group,p_value
A,Mutant,4.3756964384067715e-09
F,Mutant,0.032671706699097865
T,Mutant,0.03419013572181775
