sample,group,p_value
AI,Mutant,4.375696438359801e-09
TI,Mutant,0.006466280152265605
