Sequence,Segments,Fluorescence,FluorStdDev,Rep1-Fluor,Rep2-Fluor,Rep3-Fluor,Sample,Average Percent GpA,LB-12H_M9-24H,LB-12H_M9-36H,LB-24H_M9-24H,LB-24H_M9-36H,LB-36H_M9-24H,LB-36H_M9-36H,Rep1-Fluor_transformed,Rep2-Fluor_transformed,Rep3-Fluor_transformed,reconstruction_transformed,std_adjusted,PercentGpA_transformed,PercentGpA_reconstructed_GpA,Type,Mutant Type,mean_transformed,percent_wt,wt_seq,position,wt_aa,mut_aa,mut_position,Mutant Type_x,Mutant Type_y
LLLTALLALLLGLLLGFLILI,13.0,29057.88073781169,1174.5766161511065,30190.86374664751,29137.061250346665,27845.71721644092,D,94.0269280194332,99999900.0,99999900.0,99999900.0,99999900.0,99999900.0,99999900.0,0.0082249614012916,0.0068959942213862,0.0082288896272934,0.0077832817499904,0.000768416050426,0.7362093819162997,6963.698237215238,WT,,,100.0,LLLTALLALLLGLLLGFLILI,-1-1-1,-,1,1-1-,,
LLLTALLASLLGLLLGFLILI,13.0,27635.61993494631,1528.375964381065,28772.086706912352,28236.687855582142,25898.08524234444,D,87.02778359116786,99999900.0,99999900.0,99999900.0,99999900.0,99999900.0,99999900.0,0.0049144826746481,0.0044946366755398,0.004666249952843,0.004691789767677,0.0002110850002916,0.4437896193269576,4197.741927381344,WT,,,59.75082963764861,LLLTALLALLLGLLLGFLILI,L8S,L,S,8,,
LLLTVLLAILLGLLLGFLILI,13.0,27664.31361176884,1214.9434712480336,28742.52255370267,27902.50364514287,26347.914636460955,D,87.2167405955379,99999900.0,99999900.0,99999900.0,99999900.0,99999900.0,99999900.0,0.0048454996720122,0.0036033444848694,0.0054890851021565,0.0046459764196794,0.000958572670739,0.4394562008929041,4156.752748145694,WT,,,179.91511013907987,LLLTVLLALLLGLLLGFLILI,L8I,L,I,8,,
LLLTALLGILLGLLLGFLILI,13.0,30908.35065940098,1990.152557138824,33166.46191364724,30148.628720520595,29409.961344035102,D,102.91919636479012,99999900.0,99999900.0,99999900.0,99999900.0,99999900.0,99999900.0,0.0151680216249972,0.0095939139864079,0.011090230097984,0.0119507219031297,0.0028849616291533,1.1304015283485678,10692.3048302056,WT,,,207.4411879291855,LLLTVLLGILLGLLLGFLILI,V4A,V,A,4,,
LLLTALLAILLGLLLGFLILI,15.0,27434.21445164486,1076.240221321001,28298.67315917095,27775.177422744026,26228.792773019613,D,86.12623986504836,99999900.0,99999900.0,99999900.0,99999900.0,99999900.0,99999900.0,0.0038098514078528,0.0032637567241475,0.0052711854771581,0.0041149312030528,0.0010379054921729,0.3892254006648761,3681.626861959151,Mutant,,,46.32059923411341,LLLTALLALLLGLLLGFLILI,L8I,L,I,8,void,void
