Sequence,Segments,Fluorescence,FluorStdDev,Rep1-Fluor,Rep2-Fluor,Rep3-Fluor,Sample,Average Percent GpA,LB-12H_M9-24H,LB-12H_M9-36H,LB-24H_M9-24H,LB-24H_M9-36H,LB-36H_M9-24H,LB-36H_M9-36H,Rep1-Fluor_transformed,Rep2-Fluor_transformed,Rep3-Fluor_transformed,reconstruction_transformed,std_adjusted,PercentGpA_transformed,PercentGpA_reconstructed_GpA,Type,Mutant Type,mean_transformed,percent_wt,wt_seq,position,wt_aa,mut_aa,mut_position,Mutant Type_x,Mutant Type_y
LLLTALLALLLGLLLGFLILI,13.0,29057.88073781169,1174.5766161511065,30190.86374664751,29137.061250346665,27845.71721644092,D,94.0269280194332,99999900.0,99999900.0,99999900.0,99999900.0,99999900.0,99999900.0,0.0079188868512811,0.0072625803228521,0.0084523108210869,0.0078779259984067,0.0005959219816457,0.7634632867291875,7398.8533314633405,WT,,,100.0,LLLTALLALLLGLLLGFLILI,-1-1-1,-,1,1-1-,,
LLLTALLASLLGLLLGFLILI,13.0,27635.61993494631,1528.375964381065,28772.086706912352,28236.687855582142,25898.08524234444,D,87.02778359116786,99999900.0,99999900.0,99999900.0,99999900.0,99999900.0,99999900.0,0.0054818850841879,0.0050651560205972,0.0047706282411237,0.0051058897819696,0.0003573737590927,0.4948205143597326,4795.390262748238,WT,,,69.2254503333515,LLLTALLALLLGLLLGFLILI,L8S,L,S,8,,
LLLTVLLAILLGLLLGFLILI,13.0,27664.31361176884,1214.9434712480336,28742.52255370267,27902.50364514287,26347.914636460955,D,87.2167405955379,99999900.0,99999900.0,99999900.0,99999900.0,99999900.0,99999900.0,0.005431103395736,0.0042495560598263,0.0056209578035363,0.0051005390863662,0.0007430614090602,0.4943019692943801,4790.364953802821,WT,,,141.18852032462576,LLLTVLLALLLGLLLGFLILI,L8I,L,I,8,,
LLLTALLGILLGLLLGFLILI,13.0,30908.35065940098,1990.152557138824,33166.46191364724,30148.628720520595,29409.961344035102,D,102.91919636479012,99999900.0,99999900.0,99999900.0,99999900.0,99999900.0,99999900.0,0.0130300056444715,0.009731381550494,0.011409260815731,0.0113902160035655,0.0016493945122362,1.1038453202525944,10697.553853782309,WT,,,179.8039596097529,LLLTVLLGILLGLLLGFLILI,V4A,V,A,4,,
LLLTALLAILLGLLLGFLILI,15.0,27434.21445164486,1076.240221321001,28298.67315917095,27775.177422744026,26228.792773019613,D,86.12623986504836,99999900.0,99999900.0,99999900.0,99999900.0,99999900.0,99999900.0,0.0046687131621028,0.0039388075003504,0.0053957772276586,0.0046677659633706,0.0007284853254954,0.4523611855199354,4383.909642659867,Mutant,,,58.95668481924964,LLLTALLALLLGLLLGFLILI,L8I,L,I,8,void,void
