sample,group,p_value
11F,Mutant,0.03458507202248129
12S,Mutant,0.017570060197853152
8A,Mutant,0.04501386383370131
