sample,group,p_value
AI,Mutant,0.03787954802169185
FA,Mutant,0.041369877731274894
