sample,group,p_value
12A,Mutant,0.031236561370209588
4A,Mutant,0.026979660069057734
8L,Mutant,0.014629044204550534
