sample,group,p_value
11G,Mutant,0.0013884787803499228
15G,Mutant,0.010295435386846267
7G,Mutant,0.00014064596971340282
