sample,group,p_value
11G,Mutant,0.001388478780359169
15G,Mutant,0.010295435386819382
7G,Mutant,0.000140645969711878
