sample,group,p_value
11I,Mutant,0.0002877116694495731
15I,Mutant,0.004314429815812299
7I,Mutant,0.0021305050712985434
