sample,group,p_value
11I,Mutant,0.00027302823320613005
15I,Mutant,0.004314429815794765
7I,Mutant,0.0021305050712918856
