sample,group,p_value
AI,Mutant,0.00032865668819069674
GI,Mutant,2.037161335053021e-08
