sample,group,p_value
G,void,0.40565983565001906
L,void,0.06185878256813315
R,void,0.26355672595662016
G,clash,2.1282807144829513e-16
L,clash,0.004526066101316348
R,clash,3.253193740037802e-14
