sample,group,p_value
AI,Mutant,4.462188047978914e-09
LA,Mutant,0.006364163554013579
SI,Mutant,0.04882245113266354
TI,Mutant,0.004056542082464552
