sample,group,p_value
11I,Mutant,6.279271293740229e-05
12I,Mutant,2.948736755800478e-13
4I,Mutant,0.011465352312538441
8I,Mutant,0.00012594831443967012
