sample,group,p_value
11I,Mutant,6.831929679147236e-05
12I,Mutant,4.1037165431068403e-13
4I,Mutant,0.01146535231253045
8I,Mutant,0.00015594372278547795
