sample,group,p_value
11I,Mutant,6.831929679142617e-05
12I,Mutant,4.103716543076192e-13
4I,Mutant,0.011465352312538268
8I,Mutant,0.0001559437227855586
