sample,group,p_value
11A,Mutant,0.0010244603510644495
11T,Mutant,0.036680105653443346
12A,Mutant,8.563594476552905e-08
12T,Mutant,0.0004379294494907472
12V,Mutant,0.00033392097300692517
12Y,Mutant,0.007432030802378076
4A,Mutant,0.03130780457516914
8A,Mutant,0.0015198295467575848
8T,Mutant,0.036750213525925654
