sample,group,p_value
8,Mutant,0.0035278046351637873
11,Mutant,0.0015916745802660713
12,Mutant,1.6107132825497353e-09
