sample,group,p_value
A,Mutant,1.0044364285508218e-08
T,Mutant,1.0694868961383715e-06
