sample,group,p_value
AI,Mutant,4.881266255450202e-09
TI,Mutant,1.1102068408664948e-06
