sample,group,p_value
AI,Mutant,2.776470827049004e-17
LI,Mutant,0.048954891606069015
SI,Mutant,0.0028785887937665226
TI,Mutant,7.438790471726729e-08
VI,Mutant,0.00018651884674101134
