,< 0.5_freq,< 0.5_count,>= 0.5_freq,>= 0.5_count
A,0.19766355140186917,846,0.26411290322580644,131
L,0.1677570093457944,718,0.16532258064516128,82
I,0.1294392523364486,554,0.08669354838709678,43
V,0.12266355140186916,525,0.125,62
T,0.11845794392523365,507,0.12298387096774194,61
S,0.10677570093457944,457,0.11290322580645161,56
F,0.0911214953271028,390,0.06653225806451613,33
Y,0.05957943925233645,255,0.046370967741935484,23
W,0.0065420560747663555,28,0.010080645161290322,5
