,< 0.5_freq,< 0.5_count,>= 0.5_freq,>= 0.5_count
A,0.23468660968660968,1318,0.3092105263157895,94
T,0.1274928774928775,716,0.12828947368421054,39
I,0.12286324786324786,690,0.0756578947368421,23
S,0.11217948717948718,630,0.13815789473684212,42
L,0.11182336182336182,628,0.11513157894736842,35
V,0.11128917378917379,625,0.1118421052631579,34
Y,0.08796296296296297,494,0.07236842105263158,22
F,0.08618233618233619,484,0.046052631578947366,14
W,0.00551994301994302,31,0.003289473684210526,1
