sample,group,p_value
AI,Mutant,9.776416646283094e-18
LI,Mutant,0.04895489160606906
SI,Mutant,0.0009671244379999897
TI,Mutant,4.118157188189619e-07
VI,Mutant,0.00017690843030105516
