sample,group,p_value
12A,Mutant,0.01056367566871621
4A,Mutant,0.024958595621057022
