sample,group,p_value
AI,Mutant,0.0013765310222800281
FA,Mutant,0.027581235998799514
