sample,group,p_value
11G,Mutant,1.347832839852515e-07
7G,Mutant,9.174179678794249e-06
