sample,group,p_value
FA,Mutant,0.032788837629303125
GI,Mutant,1.0961637520156297e-08
