sample,group,p_value
AI,Mutant,0.03345676449670129
FA,Mutant,0.02273417482861452
