sample,group,p_value
AI,Mutant,0.03345676449687775
FA,Mutant,0.022734174828560494
