sample,group,p_value
G,void,0.13372442434052767
L,void,0.14421362854516748
R,void,0.5911598367276496
G,clash,9.029913638204003e-23
L,clash,0.002523243524668225
R,clash,3.1118501690785147e-16
