sample,group,p_value
G,clash,1.0585704325300141e-07
L,clash,0.0004909430359928298
R,clash,1.2239070486646907e-09
G,void,0.6905146904789987
L,void,0.8330172231835511
R,void,0.7329252502196189
