sample,group,p_value
G,clash,1.0585704325332941e-07
L,clash,0.0004909430359937855
R,clash,1.2239070486651814e-09
G,void,0.6905146904801706
L,void,0.8330172231848423
R,void,0.73292525022033
