sample,group,p_value
11G,Mutant,1.5281627825650478e-05
15G,Mutant,0.0037772152315099007
7G,Mutant,9.174179678667407e-06
