sample,group,p_value
11G,Mutant,1.2971290992741345e-08
12G,Mutant,0.005078059942147688
15G,Mutant,0.0005564464890440041
