sample,group,p_value
11G,Mutant,1.2971290992668984e-08
12G,Mutant,0.005078059942132938
15G,Mutant,0.0005564464890415034
