sample,group,p_value
11,Mutant,8.838014059589994e-07
15,Mutant,0.003661891040459508
