sample,group,p_value
11A,Mutant,0.02398777218673275
11F,Mutant,0.03452202532117709
11S,Mutant,0.04631612436104836
11Y,Mutant,5.036188994440388e-07
12A,Mutant,0.0022683221476290974
12S,Mutant,0.009505576011511628
15L,Mutant,0.02841074258155295
4A,Mutant,0.01069176963271799
8L,Mutant,0.04083630056877242
