sample,group,p_value
11I,Mutant,0.037982730846242485
12I,Mutant,1.1989817392899824e-05
4I,Mutant,0.0134343965309351
