sample,group,p_value
11A,Mutant,0.023987772186966717
11F,Mutant,0.03452202532129695
11S,Mutant,0.046316124360588684
11Y,Mutant,5.036188994343181e-07
12A,Mutant,0.002268322147629115
12S,Mutant,0.009505576011590232
15L,Mutant,0.028410742581361777
4A,Mutant,0.010691769632922843
8L,Mutant,0.04083630056882442
