sample,group,p_value
11I,Mutant,0.03798273084618964
12I,Mutant,1.1989817392880601e-05
4I,Mutant,0.013434396531107628
