sample,group,p_value
7,Mutant,0.03694718435640518
12,Mutant,5.2671225067904266e-05
