sample,group,p_value
7,Mutant,0.03694718435643448
12,Mutant,5.2671225067789605e-05
