sample,group,p_value
A,Mutant,1.335599943933167e-05
F,Mutant,0.025517963581588515
T,Mutant,0.026144006970942216
