sample,group,p_value
A,Mutant,1.3355999439499573e-05
F,Mutant,0.02551796358169515
T,Mutant,0.02614400697071562
