sample,group,p_value
AI,Mutant,6.942889975279465e-06
TI,Mutant,0.009768373181394785
