sample,group,p_value
11I,Mutant,6.408663801715928e-12
12I,Mutant,0.0120066575525404
15I,Mutant,0.005001562187146803
7I,Mutant,0.0019471950918506038
