sample,group,p_value
11G,Mutant,1.8149179072035711e-12
12G,Mutant,0.008413515269913359
15G,Mutant,0.005158779366485459
7G,Mutant,5.551011229176134e-07
