sample,group,p_value
7,Mutant,0.0007283060726419123
11,Mutant,2.7133720358177224e-12
15,Mutant,0.009787522218570679
