sample,group,p_value
12A,Mutant,0.0022683221476291105
12S,Mutant,0.0024000417039810582
4A,Mutant,0.002346064808390949
8A,Mutant,0.0028526624541982664
8L,Mutant,0.048559725310092325
