sample,group,p_value
11S,Mutant,0.0308696370488664
11Y,Mutant,0.00029522355366748805
12A,Mutant,0.0022683221476290974
12S,Mutant,0.002400041703981065
4A,Mutant,0.002346064808390949
8A,Mutant,0.0010420145783814625
