sample,group,p_value
A,Mutant,9.236884875033112e-07
T,Mutant,0.03419013572181791
