sample,group,p_value
A,Mutant,9.236884875004941e-07
T,Mutant,0.03419013572203921
