sample,group,p_value
A,Mutant,6.538196086524756e-07
T,Mutant,0.03419013572181783
