sample,group,p_value
AI,Mutant,7.59366131311896e-07
TI,Mutant,0.00854465526129672
