sample,group,p_value
AI,Mutant,6.538196086495639e-07
TI,Mutant,0.00854465526135597
