sample,group,p_value
AI,Mutant,6.538196086524924e-07
TI,Mutant,0.008544655261296743
