Sequence,Segments,Fluorescence,FluorStdDev,Rep1-Fluor,Rep2-Fluor,Rep3-Fluor,Sample,Average Percent GpA,LB-12H_M9-24H,LB-12H_M9-36H,LB-24H_M9-24H,LB-24H_M9-36H,LB-36H_M9-24H,LB-36H_M9-36H,Rep1-Fluor_transformed,Rep2-Fluor_transformed,Rep3-Fluor_transformed,PercentGpA_transformed,std_adjusted,Percent GpA,Type,Mutant Type,mean_transformed,percent_wt,wt_seq,position,wt_aa,mut_aa,mut_position,Mutant Type_x,Mutant Type_y
LLLAVLLYTLLGGLLFLLILI,13.0,27027.11069003064,1384.6575322640847,28081.259865568907,27541.11900887349,25458.953195649523,D,84.08192479971778,99999900.0,99999900.0,99999900.0,99999900.0,99999900.0,99999900.0,0.4295267183024591,0.3367571555600085,0.3940520280213784,0.386778633961282,0.0468105184624295,36.889693153132846,WT,,,138.33323531841262,LLLAVLLTTLLGGLLFLLILI,T7Y,T,Y,7,,
LLLYFLLGTLLGILLALLILI,13.0,30661.620326701308,2215.5132349274054,33176.15374050567,29812.201848046498,28996.50539155176,D,101.67117273648353,99999900.0,99999900.0,99999900.0,99999900.0,99999900.0,99999900.0,1.304665307991694,0.891030821602534,1.0627689349414238,1.0861550215118838,0.2078065298935932,99.4924962054603,WT,,,125.47721561451291,LLLVFLLGTLLGILLALLILI,V3Y,V,Y,3,,
LLLALLLGTLLGYLLGFLILI,13.0,32587.50328220956,5816.728564796714,39260.95370290927,29908.90101506192,28592.65512865748,D,110.41369863333192,99999900.0,99999900.0,99999900.0,99999900.0,99999900.0,99999900.0,2.349837864741972,0.9146309302733452,0.9864275882400698,1.4169654610851292,0.8086883708525613,92.345701735576,WT,,,203.31330077921265,LLLALLLGTLLGLLLGFLILI,L12Y,L,Y,12,,
LLLAYLLGFLLGTLLGLLILI,13.0,31341.79769913488,1682.3545316778566,33200.9976760167,30899.894701384907,29924.500720003027,D,105.084843178043,99999900.0,99999900.0,99999900.0,99999900.0,99999900.0,99999900.0,1.308932695540707,1.1564898770580665,1.2381914110810055,1.2345379945599262,0.0762870488086949,115.91489948414832,WT,,,147.15067812370597,LLLAVLLGFLLGTLLGLLILI,V4Y,V,Y,4,,
LLLYLLLGILLGVLLATLILI,13.0,31430.208222705787,2919.035061425807,34656.5539207562,30661.893804032603,28972.176943328563,D,105.27093732795102,99999900.0,99999900.0,99999900.0,99999900.0,99999900.0,99999900.0,1.5589503544954777,1.0984040918892133,1.058170036113917,1.2385081608328692,0.2782392754815733,99.0619643098604,WT,,,154.5599362137493,LLLFLLLGILLGVLLATLILI,F3Y,F,Y,3,,
