sample,group,p_value
G,void,0.47431271158088084
L,void,0.2263723915265201
R,void,0.46645155066115573
G,clash,4.2631878742470786e-10
L,clash,0.002221871934767145
R,clash,2.1607336205154697e-12
