sample,group,p_value
11I,Mutant,3.494089630040889e-16
15I,Mutant,0.0041770007207309195
7I,Mutant,0.003180124924149205
