sample,group,p_value
7,Mutant,0.006630429838846612
11,Mutant,5.05720965498149e-14
15,Mutant,0.018295086658745005
