sample,group,p_value
7,Mutant,0.006630429838906595
11,Mutant,5.41645903058396e-14
15,Mutant,0.018295086658790732
