sample,group,p_value
11I,Mutant,0.000762669431565063
15I,Mutant,0.008414662112943333
