sample,group,p_value
11I,Mutant,0.0007626694315623568
15I,Mutant,0.00841466211292958
