sample,group,p_value
7,Mutant,0.00024249996849178639
11,Mutant,0.0004126545895333539
15,Mutant,0.027513995520845613
