sample,group,p_value
7,Mutant,0.00024249996849252158
11,Mutant,0.000412654589531629
15,Mutant,0.027513995520836606
