sample,group,p_value
A,Mutant,0.04151482864448278
I,Mutant,1.3232724080260879e-28
