sample,group,p_value
7,Mutant,0.044397562903898784
8,Mutant,0.02190255722348713
11,Mutant,2.1160546058037894e-20
15,Mutant,0.0012423937329648623
