sample,group,p_value
F,Mutant,0.0036709158708161673
G,Mutant,2.5803284653971095e-28
