Sequence	Interface	InterfaceSequence	Baseline	Dimer	Dimerw/Baseline	HBONDDimer	HBONDMonomer	IMM1Dimer	IMM1Monomer	Monomer	MonomerSasa	SequenceProbability	Total	VDWDimer	VDWMonomer	acceptCycleNumber	axialRotation	bestEnergyTotal	crossingAngle	currEnergyTotal	currEntropy	endAxialRotation	endCrossingAngle	endXShift	endZShift	energyComparison	entropyDiff	geometryNumber	prevEntropy	startEnergy	xShift	zShift	
LLLWTLLATLLGTLLSTLILI	033002300220032003111	L--WT--AT--GT--ST-ILI	393.313	-399.95	-6.63688	-121.425	-101.732	-225.289	-276.174	-389.932	4537.14	2.11191e-06	-4.16965	-53.2354	-12.0257	130	-87.3755	-6.20801	-37.8568	-6.23265	0.404229	-87.636	-38.526	8.89298	3.79449	0.0246436	0.0122911	1	0.416521	-10.0185	8.89397	3.73978	
LLLYGLLYYLLGTLLATLILI	033002300220032003111	L--YG--YY--GT--AT-ILI	341.275	-351.437	-10.1621	-83.9677	-72.6414	-231.19	-280.446	-338.014	4674.84	2.372e-06	-8.31559	-36.2798	15.0731	130	-87.92	-9.77863	-37.85	-9.9179	0.244161	-87.3755	-37.8568	8.89397	3.73978	0.139266	0.398052	0	0.642213	-13.423	8.86	3.68	
LLLYYLLATLLGTLLSTLILI	033002300220032003111	L--YY--AT--GT--ST-ILI	371.507	-376.654	-5.14617	-110.227	-101.732	-230.134	-279.076	-370.803	4576.76	5.48778e-06	0.370093	-36.2924	10.0051	119	-87.636	-3.69512	-38.526	-4.74194	0.404229	-87.5692	-38.0788	8.87467	3.7462	1.04683	0.0122911	2	0.416521	-5.85075	8.89298	3.79449	
