sample,group,p_value
11A,Mutant,2.498743060870529e-05
12A,Mutant,4.930352695631897e-13
12S,Mutant,0.0018508798047060786
12T,Mutant,0.00037805983563181145
12V,Mutant,5.3049547417797296e-05
8A,Mutant,1.2026686984383063e-05
8T,Mutant,0.0015058536968576047
