sample,group,p_value
11I,Mutant,2.7078713755515344e-16
15I,Mutant,0.0020864560692636152
7I,Mutant,0.0005134787272739995
