sample,group,p_value
11G,Mutant,9.965814088206645e-06
12G,Mutant,0.012289272093705502
15G,Mutant,0.003628181171561918
7G,Mutant,9.174179678667407e-06
