sample,group,p_value
A,Mutant,0.027958624539734876
G,Mutant,1.9927625324706526e-10
