sample,group,p_value
12I,Mutant,0.001266220470912415
8I,Mutant,4.3772866385197004e-05
