sample,group,p_value
11A,Mutant,0.020267832005724525
8A,Mutant,0.00026321954889401084
8T,Mutant,0.030745499910292413
