sample,group,p_value
8,Mutant,0.024447471919745684
12,Mutant,0.0009304220111440607
