sample,group,p_value
A,Mutant,2.03036518629902e-07
T,Mutant,0.0061972462630479515
