sample,group,p_value
AI,Mutant,2.0303651862989906e-07
TI,Mutant,0.003020119743392928
