sample,group,p_value
11I,Mutant,1.9913621688969656e-14
12I,Mutant,0.028806637650504903
15I,Mutant,0.006535659875768823
7I,Mutant,0.0008528921905449479
