sample,group,p_value
7,Mutant,0.0019122473543396127
11,Mutant,1.6265415918093037e-13
15,Mutant,0.03141743297173483
