sample,group,p_value
11I,Mutant,3.672350899508607e-18
12I,Mutant,0.041354087012976964
15I,Mutant,0.004488633587913483
7I,Mutant,0.0003237569669274892
