sample,group,p_value
A,Mutant,0.043586448361359637
G,Mutant,1.886315138958433e-24
