sample,group,p_value
AI,Mutant,0.04021951717257455
GI,Mutant,4.0651088718834416e-24
LI,Mutant,0.0372024242960667
