sample,group,p_value
G,void,0.051010282728470586
L,void,0.7176986932501832
R,void,0.7705907265811984
G,clash,1.2055206921436791e-20
L,clash,9.590306055649114e-05
R,clash,2.4971495294704846e-14
