sample,group,p_value
A,Mutant,0.023956164839023606
I,Mutant,2.81391071956139e-12
