sample,group,p_value
AI,Mutant,1.0846564798109654e-06
FA,Mutant,0.005309555729819248
SI,Mutant,0.0015171862534476984
TI,Mutant,0.00042497821916259227
VI,Mutant,0.0006764515391488179
