Sample,Sequence,Mutant,Position,Type,Mutant Type,WT_AA,mut_AA,PercentGpA,PercentStd,toxgreen_fluor,toxgreen_std,pos_wtAA,pos_mutAA,WT_MUT
G,LLLYLLLGALLGVLLSTLILI,LLLYLLLGALLGVLLITLILI,15,WT,clash,S,I,0.8428830201770091,0.2177016175794687,20308.516385488827,4272.829648123144,15S,15I,SI
G,LLLVTLLLGLLFGLLFALILI,LLLVTLLLGLLAGLLFALILI,11,WT,void,F,A,0.8330505977064301,0.2273774113504676,20071.61291483627,4462.736452498793,11F,11A,FA
G,LLLAYLLGVLLGLLLAFLILI,LLLAYLLGVLLGALLAFLILI,12,WT,void,L,A,1.120879346277354,0.0917568498201317,27006.59050553616,1800.911691454492,12L,12A,LA
G,LLLVGLLLILLGALLATLILI,LLLVGLLLILLGILLATLILI,12,WT,clash,A,I,0.9554958050193876,0.1172668973806196,23021.821234941464,2301.5973947511657,12A,12I,AI
L,LLLLILLLALLFVLTSLLILI,LLLLILLLALLFVLTILLILI,15,WT,clash,S,I,0.3473334633924118,0.1404403184244166,8160.69863032391,2756.42212939026,15S,15I,SI
R,LLLTYLLVALLTFLLSLLILI,LLLTYLLVALLIFLLSLLILI,11,WT,clash,T,I,0.5886977549001953,0.2507101361092754,13502.286341016714,4920.6878412421975,11T,11I,TI
G,LLLTALLFLLLGYLLGSLILI,LLLTALLFLLLIYLLGSLILI,11,WT,clash,G,I,1.0902176615987655,0.1162041563337594,26267.8244955396,2280.738976240116,11G,11I,GI
G,LLLTILLALLLGFLLGSLILI,LLLTALLALLLGFLLGSLILI,4,WT,void,I,A,0.7535418148964517,0.0905735274601864,18155.91953888008,1777.686623440695,4I,4A,IA
G,LLLYVLLGALLGILLTLLILI,LLLYVLLGALLGALLTLLILI,12,WT,void,I,A,0.953808510676055,0.1021938767810482,22981.16737908615,2005.759219544127,12I,12A,IA
G,LLLTVLLALLLGFLLGSLILI,LLLTVLLALLLGFLLISLILI,15,WT,clash,G,I,0.7769629407095923,0.069986458157335,18720.230725533205,1373.6242141732926,15G,15I,GI
G,LLLYLLLGTLLGILLAFLILI,LLLYLLLGTLLGILLIFLILI,15,WT,clash,A,I,0.4345279325817713,0.0737585293956083,10469.563898733046,1447.6586564585202,15A,15I,AI
G,LLLTALLFLLLGVLLASLILI,LLLTALLFLLLIVLLASLILI,11,WT,clash,G,I,0.8197424357000297,0.1079198890631077,19750.964592706445,2118.143662551448,11G,11I,GI
G,LLLTLLLGLLLGVLLGSLILI,LLLTLLLGLLLIVLLGSLILI,11,WT,clash,G,I,0.9090597279285144,0.210188212776299,21902.985275617568,4125.364052005791,11G,11I,GI
G,LLLALLLGVLLGTLLGFLILI,LLLALLLIVLLGTLLGFLILI,7,WT,clash,G,I,0.9535039402641506,0.1158297263954683,22973.829026010488,2273.390039906808,7G,7I,GI
G,LLLALLLGFLLGTLLGVLILI,LLLALLLGFLLITLLGVLILI,11,WT,clash,G,I,1.1125742776789744,0.1024783925869566,26806.48726737575,2011.34341114466,11G,11I,GI
G,LLLAFLLGTLLGVLLGLLILI,LLLAFLLITLLGVLLGLLILI,7,WT,clash,G,I,1.3299063548579249,0.244265207184603,32042.91028784085,4794.193221172257,7G,7I,GI
