sample,group,p_value
11G,Mutant,1.0947119850748583e-12
15G,Mutant,0.026875818071635197
3Y,Mutant,0.048409108012741675
7A,Mutant,0.02839117583714491
7G,Mutant,2.1924874312979163e-07
8L,Mutant,0.028325579506362896
