sample,group,p_value
7,Mutant,0.03444320566894598
11,Mutant,4.032306455203039e-12
15,Mutant,0.027820239464575288
