sample,group,p_value
A,Mutant,0.00018281244198808326
G,Mutant,1.9148258269496607e-16
Y,Mutant,0.028881843450963358
