sample,group,p_value
AI,Mutant,0.00015661265097843098
GI,Mutant,6.179956986964803e-16
YA,Mutant,0.030758448164589947
