sample,group,p_value
3,Mutant,0.026155376429289882
8,Mutant,0.002085960502262782
11,Mutant,0.0014700159442981387
12,Mutant,2.7243771789252284e-09
