sample,group,p_value
3,Mutant,0.026155376429348145
8,Mutant,0.002085960502264049
11,Mutant,0.001470015944295128
12,Mutant,2.7243771789365103e-09
