sample,group,p_value
A,Mutant,1.3724586871702765e-08
T,Mutant,1.2526745982184912e-06
