sample,group,p_value
AI,Mutant,1.569536893935098e-08
TI,Mutant,7.603986400582861e-07
