sample,group,p_value
AI,Mutant,1.5695368939276083e-08
TI,Mutant,7.6039864005716e-07
