sample,group,p_value
11G,Mutant,1.1201643600093819e-13
12G,Mutant,0.03528367552938065
7A,Mutant,0.002544818204057268
7G,Mutant,0.000712253564637768
