sample,group,p_value
7,Mutant,0.0021417256745507895
11,Mutant,5.17553832692154e-12
15,Mutant,0.02817663266851648
