sample,group,p_value
AI,Mutant,0.002000752808515699
GI,Mutant,1.399116894242264e-15
TI,Mutant,0.022454861715667785
