sample,group,p_value
G,clash,1.4299805299334694e-43
L,clash,0.01722153457294888
R,clash,0.007395612770716972
G,void,0.00424363373912878
L,void,0.12939246651321204
R,void,0.04431903695804844
