sample,group,p_value
G,void,0.03933336713051756
L,void,0.7032097242398982
R,void,0.6480199618283591
G,clash,9.177810282853501e-23
L,clash,9.34206408339781e-06
R,clash,1.123892631118557e-14
