sample,group,p_value
11A,Mutant,9.574623352077933e-05
12A,Mutant,1.1225844052379218e-13
12L,Mutant,0.004937926985701677
12S,Mutant,0.005428699333643386
12T,Mutant,1.2997188718242252e-05
12V,Mutant,6.864991933249406e-05
8A,Mutant,3.2104091889678204e-06
8S,Mutant,0.040889719110911577
8T,Mutant,0.0006784595278466505
