sample,group,p_value
11A,Mutant,9.574623352076424e-05
12A,Mutant,1.1225844052335699e-13
12L,Mutant,0.004937926985694176
12S,Mutant,0.005428699333654214
12T,Mutant,1.2997188718289249e-05
12V,Mutant,6.864991933238166e-05
8A,Mutant,3.2104091890247253e-06
8S,Mutant,0.040889719110851645
8T,Mutant,0.0006784595278469859
