sample,group,p_value
A,Mutant,7.875349050868294e-17
T,Mutant,5.120140864627478e-09
V,Mutant,0.011037279078620591
