sample,group,p_value
A,Mutant,7.875349050889857e-17
T,Mutant,5.120140864639632e-09
V,Mutant,0.011037279078642563
