sample,group,p_value
AI,Mutant,7.875349050889064e-17
LI,Mutant,0.043121468057687296
TI,Mutant,3.999182579065875e-09
VI,Mutant,0.008017666267364795
