sample,group,p_value
AI,Mutant,7.875349050868294e-17
LI,Mutant,0.04312146805768779
TI,Mutant,3.9991825790567334e-09
VI,Mutant,0.008017666267345402
