sample,group,p_value
12A,Mutant,0.0001382657990001356
12S,Mutant,0.011470165035559724
4A,Mutant,0.005207485441741258
4L,Mutant,0.0006118651413244572
8A,Mutant,0.0025507021532943075
