sample,group,p_value
A,Mutant,9.261469819110207e-09
L,Mutant,0.031491491771922286
T,Mutant,0.025868667210815172
