sample,group,p_value
A,Mutant,9.261469818987903e-09
L,Mutant,0.03149149177251369
T,Mutant,0.025868667210761975
