sample,group,p_value
AI,Mutant,1.8305154502412107e-08
TI,Mutant,0.025868667210762024
