sample,group,p_value
8,Mutant,0.0002281908159364892
12,Mutant,1.24452386103235e-07
