sample,group,p_value
AI,Mutant,0.014475423756139832
FA,Mutant,0.044677273190515586
