AA,Count,Average
A,14,0.08333333333333333
F,6,0.03571428571428571
G,10,0.05952380952380952
I,19,0.1130952380952381
L,98,0.5833333333333334
S,5,0.02976190476190476
T,11,0.06547619047619048
V,5,0.02976190476190476
W,0,0.0
Y,0,0.0
