sample,group,p_value
G,void,0.3949973303385321
L,void,0.002400531075886449
R,void,0.0024012652826432093
G,clash,2.527529066967851e-21
L,clash,4.2432677070935025e-08
R,clash,2.0277885400823066e-28
