sample,group,p_value
G,clash,1.3359791237899832e-14
G,void,0.4275273258941603
