sample,group,p_value
G,clash,1.335979123793168e-14
G,void,0.4275273258954513
