sample,group,p_value
11I,Mutant,1.8679296803962277e-10
12I,Mutant,0.031119870593681938
15I,Mutant,0.018376242865682815
7I,Mutant,0.01260377699587062
