sample,group,p_value
11I,Mutant,1.867929680386016e-10
12I,Mutant,0.031119870593787378
15I,Mutant,0.01837624286569304
7I,Mutant,0.012603776995831765
