sample,group,p_value
11G,Mutant,3.430356274290185e-11
12G,Mutant,0.03056304818547861
15G,Mutant,0.031885883920007296
7G,Mutant,1.5022566610117205e-05
