sample,group,p_value
11G,Mutant,3.430356274305132e-11
12G,Mutant,0.030563048185479468
15G,Mutant,0.03188588391998531
7G,Mutant,1.5022566609902514e-05
