sample,group,p_value
7,Mutant,0.00812258851462471
11,Mutant,8.31007513112655e-10
