sample,group,p_value
7,Mutant,0.00812258851466656
11,Mutant,8.310075131159383e-10
