Sequence	Interface	InterfaceSequence	Baseline	Dimer	Dimerw/Baseline	HBONDDimer	HBONDMonomer	IMM1Dimer	IMM1Monomer	Monomer	MonomerSasa	SequenceProbability	Total	VDWDimer	VDWMonomer	acceptCycleNumber	axialRotation	bestEnergyTotal	crossingAngle	currEnergyTotal	currEntropy	endAxialRotation	endCrossingAngle	endXShift	endZShift	energyComparison	entropyDiff	geometryNumber	prevEntropy	startEnergy	xShift	zShift	
LLLTGLLYALLGSLLFTLILI	133001300120022003212	L--TGL-YAL-GS--FT--L-	355.184	442.539	797.723	-76.7959	-74.1861	-228.155	-271.561	-345.271	4576.03	3.0199e-05	601.691	747.49	0.476895	113	-50.82	798.738	-44.28	798.09	0.366931	-50.4187	-43.2803	6.84928	5.56602	0.647633	0.0902614	0	0.457192	787.81	6.85	5.21	
LLLYGLLFALLGSLLVTLILI	133001300120022003212	L--YGL-FAL-GS--VT--L-	350.502	265.403	615.905	-76.6063	-74.1893	-222.407	-273.106	-346.933	4563.33	0.000115305	608.212	564.417	0.362379	131	-50.4187	616.491	-43.2803	616.037	0.132101	-50.3339	-44.1027	6.86329	5.5705	0.453638	0.820686	1	0.952787	612.336	6.84928	5.56602	
