sample,group,p_value
G,void,0.4611200624470009
L,void,0.1547814411721749
R,void,0.04410727900815364
G,clash,1.841491378453504e-08
L,clash,0.006999285362083022
R,clash,8.747775883624568e-09
