sample,group,p_value
G,void,0.4611200624462979
L,void,0.15478144117252413
R,void,0.04410727900799402
G,clash,1.841491378446479e-08
L,clash,0.006999285361984888
R,clash,8.747775883628317e-09
