sample,group,p_value
11G,Mutant,4.091031690274653e-15
12G,Mutant,0.031695094277770404
7A,Mutant,0.01583309459046403
7G,Mutant,0.00018137613114141583
