sample,group,p_value
7,Mutant,0.0022807393961155006
11,Mutant,2.2163753647008537e-14
