sample,group,p_value
A,Mutant,0.015846291326253682
G,Mutant,4.726836867777395e-20
