Sequence	Interface	InterfaceSequence	Baseline	Dimer	Dimerw/Baseline	HBONDDimer	HBONDMonomer	IMM1Dimer	IMM1Monomer	Monomer	MonomerSasa	SequenceProbability	Total	VDWDimer	VDWMonomer	acceptCycleNumber	axialRotation	bestEnergyTotal	crossingAngle	currEnergyTotal	currEntropy	endAxialRotation	endCrossingAngle	endXShift	endZShift	energyComparison	entropyDiff	geometryNumber	prevEntropy	startEnergy	xShift	zShift	
LLLYGLLTGLLTGLLTTLILI	123001300130022003211	L--YGL-TGL-TG--TT--LI	354.639	-347.617	7.02204	-93.8613	-100.054	-220.929	-272.035	-364.348	4525.79	3.20305e-07	12.0705	-32.8267	7.74045	103	-15.45	7.82256	-38.26	7.512	0.489954	-15.7551	-38.1938	7.37646	2.94365	0.310568	-0.149774	0	0.34018	16.7315	7.3	2.91	
LLLYGLLTGLLTGLLYTLILI	123001300130022003211	L--YGL-TGL-TG--YT--LI	343.465	-337.231	6.23392	-81.4353	-86.3118	-224.8	-275.668	-349.287	4602.35	4.75605e-07	7.08096	-30.9955	12.6929	97	-15.7551	7.12159	-38.1938	6.53874	0.30482	-15.7716	-38.5864	7.37124	2.99403	0.582847	0.234025	1	0.538845	12.0562	7.37646	2.94365	
