sample,group,p_value
G,clash,3.5539602757144087e-10
L,clash,0.003684659835030171
R,clash,1.4158562871940806e-11
G,void,0.4013556759292872
L,void,0.6256523906863501
R,void,0.9634189494922789
