sample,group,p_value
A,Mutant,0.026516177194809348
G,Mutant,7.192019484299001e-07
