sample,group,p_value
AI,Mutant,0.02651617719474036
GI,Mutant,7.192019484328149e-07
