sample,group,p_value
12I,Mutant,0.012897458977340284
4I,Mutant,0.03625030227197411
