sample,group,p_value
A,Mutant,0.020214687427589032
F,Mutant,0.039520115109886844
