sample,group,p_value
A,Mutant,0.020214687427724438
F,Mutant,0.039520115109713115
