sample,group,p_value
G,clash,1.1693834973119316e-07
G,void,0.513888550927514
