sample,group,p_value
G,clash,1.1693834973120827e-07
G,void,0.5138885509270941
