sample,group,p_value
11G,Mutant,3.5462485633064007e-06
12G,Mutant,0.009499092397933631
15G,Mutant,0.007515866511723965
