sample,group,p_value
11G,Mutant,3.5462485632953046e-06
12G,Mutant,0.009499092397964315
15G,Mutant,0.007515866511727871
