sample,group,p_value
11I,Mutant,0.002319397012688589
12I,Mutant,4.7535428526952537e-08
3A,Mutant,0.006590492453031155
8I,Mutant,1.0585132252812883e-06
