sample,group,p_value
A,Mutant,6.132168444181368e-09
F,Mutant,0.030542629568746173
S,Mutant,0.02024679374178026
T,Mutant,0.0003496453420047552
V,Mutant,0.002577806821798154
