sample,group,p_value
12A,Mutant,0.010563675668746787
4A,Mutant,0.02495859562075822
