Sequence	Interface	InterfaceSequence	Baseline	Dimer	Dimerw/Baseline	HBONDDimer	HBONDMonomer	IMM1Dimer	IMM1Monomer	Monomer	MonomerSasa	SequenceProbability	Total	VDWDimer	VDWMonomer	acceptCycleNumber	axialRotation	bestEnergyTotal	crossingAngle	currEnergyTotal	currEntropy	endAxialRotation	endCrossingAngle	endXShift	endZShift	energyComparison	entropyDiff	geometryNumber	prevEntropy	startEnergy	xShift	zShift	
LLLTGLLTGLLIGLLTTLILI	123001200120033003212	L--TGL-TGL-IG--TT--L-	368.863	3769.58	4138.44	-91.7839	-86.3245	-218.336	-266.984	-370.423	4437.49	7.49723e-07	3907.78	4079.7	-17.115	117	-39.1187	4139.3	-35.8496	4138.93	0.489954	-38.6813	-36.0459	6.56577	5.72239	0.364615	-0.149774	1	0.34018	4140	6.60914	5.8417	
LLLYGLLTGLLTGLLFTLILI	123001200120033003212	L--YGL-TGL-TG--FT--L-	340.829	3952.71	4293.54	-94.5453	-86.3148	-220.192	-273.791	-345.369	4580.17	1.80324e-06	4140.97	4267.44	14.7364	122	-40.1	4293.79	-36.23	4293.71	0.171816	-39.1187	-35.8496	6.60914	5.8417	0.0832076	0.644368	0	0.816184	4298.08	6.58	6	
