Sequence	Interface	InterfaceSequence	Baseline	Dimer	Dimerw/Baseline	HBONDDimer	HBONDMonomer	IMM1Dimer	IMM1Monomer	Monomer	MonomerSasa	SequenceProbability	Total	VDWDimer	VDWMonomer	acceptCycleNumber	axialRotation	bestEnergyTotal	crossingAngle	currEnergyTotal	currEntropy	endAxialRotation	endCrossingAngle	endXShift	endZShift	energyComparison	entropyDiff	geometryNumber	prevEntropy	startEnergy	xShift	zShift	
LLLYYLLTGLLTGLLTTLILI	113000300120022003301	LL-YYL-TGL-TG--TT--LI	353.112	-358.578	-5.46598	-93.0087	-99.9744	-227.61	-279.134	-362.12	4594.48	2.14282e-07	0.0234433	-37.959	16.9884	100	-0.201281	-4.30444	-39.5258	-5.01104	0.454934	0.15227	-39.0285	8.93004	2.64911	0.7066	-0.0860566	1	0.368877	3.5424	8.86921	2.6601	
LLLYYLLTTLLTGLLTTLILI	113000300120022003301	LL-YYL-TTL-TG--TT--LI	357.756	-369.552	-11.796	-102.129	-113.834	-228.769	-283.51	-377.693	4628.52	6.65536e-08	2313.34	-38.6547	19.6513	120	-0.93	-11.1428	-38.74	-11.2004	0.595564	-0.201281	-39.5258	8.86921	2.6601	0.0576749	-0.326092	0	0.269472	8.14042	8.75	2.52	
