sample,group,p_value
11I,Mutant,2.0279018772835603e-12
12I,Mutant,0.02731421651677276
15I,Mutant,0.02268945394344391
7I,Mutant,0.00384941512129553
