sample,group,p_value
7,Mutant,0.027994987312037617
11,Mutant,7.721030862783069e-11
