sample,group,p_value
A,Mutant,4.185149175380706e-05
G,Mutant,6.088326236298613e-13
