sample,group,p_value
A,Mutant,3.191059258417326e-05
G,Mutant,6.088326236376092e-13
