sample,group,p_value
AI,Mutant,5.968072341865782e-05
FA,Mutant,0.03805160867509572
GI,Mutant,3.386650818731868e-13
TI,Mutant,0.00942977166819604
