sample,group,p_value
12I,Mutant,2.5959883144573117e-05
4A,Mutant,0.03424319499819238
4I,Mutant,0.005629366901622125
8I,Mutant,0.000547739989948418
