sample,group,p_value
12I,Mutant,2.5959883144579205e-05
4A,Mutant,0.0342431949983294
4I,Mutant,0.005629366901578957
8I,Mutant,0.0005477399899566085
