sample,group,p_value
A,Mutant,3.6903383489786107e-07
T,Mutant,0.020610672205979466
