sample,group,p_value
AI,Mutant,1.6837457244342525e-07
TI,Mutant,0.018657482551249424
