sample,group,p_value
11I,Mutant,8.705257497120988e-34
15I,Mutant,0.011631041739295172
7I,Mutant,3.5091543271229753e-16
