sample,group,p_value
11G,Mutant,8.365219790045584e-34
15G,Mutant,0.021983029097877662
7G,Mutant,2.939194070363214e-15
