sample,group,p_value
7,Mutant,2.2098960171089014e-13
11,Mutant,8.365219790045584e-34
15,Mutant,0.01163104173929515
