sample,group,p_value
G,void,0.19508813922628007
L,void,0.00012616216408422684
R,void,0.07491315361684546
G,clash,1.6239231166661697e-20
L,clash,0.00016388884920774828
R,clash,1.3607361215609219e-14
