sample,group,p_value
G,void,0.1950881392278703
L,void,0.0001261621640865741
R,void,0.07491315361720172
G,clash,1.623923116631405e-20
L,clash,0.00016388884920619915
R,clash,1.3607361215565592e-14
