sample,group,p_value
G,void,0.30778837359602007
L,void,0.24205655129378212
R,void,0.7959574039876217
G,clash,3.12629218683809e-17
L,clash,0.009241315114547878
R,clash,2.9195040574155936e-12
