sample,group,p_value
11G,Mutant,0.00017800772016909655
15G,Mutant,0.0015136353390368847
7G,Mutant,4.314354689491074e-05
