sample,group,p_value
11I,Mutant,0.0008486800513874182
12I,Mutant,0.042078615287361065
15I,Mutant,0.000269670043795014
7I,Mutant,0.014716317410171943
