sample,group,p_value
11I,Mutant,0.0008486800513863775
12I,Mutant,0.04207861528727748
15I,Mutant,0.00026967004379442096
7I,Mutant,0.014716317410180554
