sample,group,p_value
11G,Mutant,0.00017800772016860579
15G,Mutant,0.0015136353390368274
7G,Mutant,4.314354689540977e-05
