sample,group,p_value
11,Mutant,0.0003625827811774987
15,Mutant,0.0017457648041400468
