sample,group,p_value
11,Mutant,0.00036258278117694075
15,Mutant,0.0017457648041363264
