sample,group,p_value
G,clash,4.997404666259128e-10
L,clash,0.0430635153871882
R,clash,2.9811985100679228e-15
G,void,0.40055707843368993
L,void,0.0035272651370280477
R,void,0.016455449663538468
