sample,group,p_value
7,Mutant,0.02982484027681898
11,Mutant,0.010672578621236934
15,Mutant,0.027188807109389285
