sample,group,p_value
11A,Mutant,0.0033413242828823184
12A,Mutant,9.519088227667498e-05
14Y,Mutant,0.027709517267773907
8A,Mutant,0.02652872959001535
