sample,group,p_value
A,Mutant,1.09338816595362e-05
T,Mutant,0.01184884331648082
