sample,group,p_value
AI,Mutant,1.3454004281031925e-06
TI,Mutant,0.02106536841928219
