sample,group,p_value
11I,Mutant,1.9978577178229538e-11
12I,Mutant,0.014478909206846455
15I,Mutant,0.005087025526220194
7I,Mutant,0.006038406961676386
