sample,group,p_value
11G,Mutant,2.503767867836366e-12
12G,Mutant,0.010312153670540305
15G,Mutant,0.008616548543250965
7G,Mutant,1.0228311654125426e-06
