sample,group,p_value
11I,Mutant,1.9978577178325707e-11
12I,Mutant,0.014478909206710185
15I,Mutant,0.005087025526210932
7I,Mutant,0.006038406961696626
