sample,group,p_value
11G,Mutant,2.5037678678515305e-12
12G,Mutant,0.010312153670468458
15G,Mutant,0.00861654854323293
7G,Mutant,1.02283116539993e-06
