sample,group,p_value
7,Mutant,0.0033823317633354145
11,Mutant,3.19662151112906e-12
15,Mutant,0.02733560932545817
