sample,group,p_value
7,Mutant,0.0033823317633189264
11,Mutant,3.19662151110987e-12
15,Mutant,0.02733560932546833
