sample,group,p_value
G,clash,5.05126104975566e-06
L,clash,0.0059938528916512095
R,clash,9.302199220334e-12
G,void,0.7855407969108258
L,void,0.0723676084377048
R,void,0.013403261926993133
