sample,group,p_value
G,clash,5.051261049739483e-06
L,clash,0.005993852891611928
R,clash,9.302199220382938e-12
G,void,0.7855407969099545
L,void,0.07236760843754116
R,void,0.01340326192694207
