sample,group,p_value
G,clash,3.276703077108652e-17
L,clash,1.7880788848684984e-05
R,clash,5.697475738645453e-23
G,void,0.45547848094609045
L,void,7.12047043647063e-05
R,void,0.005367166989074845
