sample,group,p_value
G,clash,1.0581497954606518e-09
L,clash,0.0017720888305158779
R,clash,5.348322863347737e-21
G,void,0.9300733019234158
L,void,8.69967249227686e-06
R,void,0.0022259120458268072
