sample,group,p_value
11G,Mutant,1.1988537895734275e-10
12G,Mutant,0.012075394558874283
15G,Mutant,0.011479116480419814
7G,Mutant,0.00030604587919980537
