sample,group,p_value
11I,Mutant,1.7655339680231476e-10
12I,Mutant,0.028149146521563084
15I,Mutant,0.008946500965996081
7I,Mutant,0.011548711472131558
