sample,group,p_value
11I,Mutant,1.7655339680304547e-10
12I,Mutant,0.028149146521450525
15I,Mutant,0.008946500965955914
7I,Mutant,0.011548711472171706
