sample,group,p_value
11G,Mutant,1.198853789579565e-10
12G,Mutant,0.012075394558876632
15G,Mutant,0.011479116480357474
7G,Mutant,0.0003060458791985848
