sample,group,p_value
7,Mutant,0.0007170812981959207
11,Mutant,2.807662543766443e-11
15,Mutant,0.039216020297827586
