sample,group,p_value
7,Mutant,0.0007170812981928609
11,Mutant,2.8076625437514278e-11
15,Mutant,0.03921602029787319
