sample,group,p_value
7,Mutant,0.0007595766225966585
11,Mutant,2.723723810158195e-14
12,Mutant,0.04661965561451412
15,Mutant,0.004118778806280895
