sample,group,p_value
A,Mutant,0.009513658260635043
G,Mutant,2.2352821106384308e-20
