sample,group,p_value
11I,Mutant,1.9092204722103666e-06
12I,Mutant,0.043854106543139315
15I,Mutant,0.008423357511210776
