sample,group,p_value
11G,Mutant,4.554725623135207e-08
12G,Mutant,0.005078059942147688
15G,Mutant,0.0005564464890440037
