sample,group,p_value
11G,Mutant,4.554725623115474e-08
12G,Mutant,0.005078059942132938
15G,Mutant,0.0005564464890415044
