sample,group,p_value
7,Mutant,0.036718968734182206
11,Mutant,7.933146948025451e-07
15,Mutant,0.019401794174382037
