sample,group,p_value
7,Mutant,0.03671896873423879
11,Mutant,7.933146948000936e-07
15,Mutant,0.019401794174310753
