sample,group,p_value
11I,Mutant,0.030295108762437645
12I,Mutant,1.0249052077873016e-08
3A,Mutant,0.0053037976861155965
8I,Mutant,2.7517415086115958e-08
