sample,group,p_value
11A,Mutant,0.03448853743660267
12A,Mutant,0.02514280543992745
12T,Mutant,7.5027914726751e-05
12V,Mutant,0.018902438926118186
3Y,Mutant,0.0020777965904836323
8A,Mutant,2.3319847787206407e-06
8T,Mutant,0.01970775220565448
