sample,group,p_value
3,Mutant,0.002846029433638798
8,Mutant,4.879268212674241e-07
12,Mutant,9.098422778914642e-09
