sample,group,p_value
3,Mutant,0.002846029433649108
8,Mutant,4.879268212694605e-07
12,Mutant,9.098422778941605e-09
