sample,group,p_value
A,Mutant,3.9676313594674125e-09
T,Mutant,2.183670333073483e-05
V,Mutant,0.012358542036439516
Y,Mutant,0.00023268683212554128
