sample,group,p_value
AI,Mutant,2.4790825180265693e-09
TI,Mutant,8.45170130171001e-06
VI,Mutant,0.0016510615026801999
YA,Mutant,0.00033381680556381684
