sample,group,p_value
G,void,0.3128958139950615
L,void,0.12814129787241765
R,void,0.5066385379260336
G,clash,2.012912910543427e-19
L,clash,0.003008455866630675
R,clash,4.408888940706911e-16
