sample,group,p_value
A,Mutant,2.6775021314450033e-15
T,Mutant,2.550202550641042e-07
V,Mutant,0.0009285257287592215
