sample,group,p_value
A,Mutant,0.015222427979104933
I,Mutant,7.893230022868321e-29
