sample,group,p_value
11I,Mutant,8.88472782729656e-06
12I,Mutant,2.2725056530330534e-17
3A,Mutant,0.0009394021052327897
4I,Mutant,0.00018033309480404506
8I,Mutant,5.856450483828861e-08
