sample,group,p_value
11A,Mutant,0.032880412847781745
11I,Mutant,5.7318308331049964e-05
12I,Mutant,2.916989865167906e-17
4I,Mutant,0.0005262747466972632
8I,Mutant,1.3369384672403732e-08
