sample,group,p_value
11A,Mutant,0.00028058028232241046
12A,Mutant,5.547678418278029e-10
12L,Mutant,0.007863129284247124
12S,Mutant,0.013135198569553938
12T,Mutant,0.002398321949733428
12V,Mutant,0.0007778614255603319
4A,Mutant,0.0022239348716877605
7F,Mutant,0.0053137796335185694
8A,Mutant,8.65578125928166e-06
8S,Mutant,0.04088971911085158
8T,Mutant,0.0001720113291994094
