sample,group,p_value
8,Mutant,0.0008699165026557757
12,Mutant,1.7497590640151693e-10
