sample,group,p_value
AI,Mutant,1.207196812489366e-17
LI,Mutant,0.048954891606069015
SI,Mutant,0.001562802930682496
TI,Mutant,1.8252573228505015e-08
VI,Mutant,0.0001769084303010563
