sample,group,p_value
AI,Mutant,1.2071968124883407e-17
LI,Mutant,0.04895489160600891
SI,Mutant,0.0015628029306828206
TI,Mutant,1.8252573228494517e-08
VI,Mutant,0.0001769084303022329
