sample,group,p_value
AI,Mutant,9.776416646294075e-18
LI,Mutant,0.04895489160600904
SI,Mutant,0.0009671244380000459
TI,Mutant,4.118157188191166e-07
VI,Mutant,0.0001769084303022329
