Sequence,Segments,Fluorescence,FluorStdDev,Rep1-Fluor,Rep2-Fluor,Rep3-Fluor,Sample,Average Percent GpA,LB-12H_M9-24H,LB-12H_M9-36H,LB-24H_M9-24H,LB-24H_M9-36H,LB-36H_M9-24H,LB-36H_M9-36H,std,Percent Error,mean,mean_transformed,Percent GpA,std_adjusted,Type,Mutant Type,percent_wt,wt_seq,position,wt_aa,mut_aa,mut_position
LLLTYLLIVLLGLLLASLILI,7.0,21025.14255896861,1216.9475530448942,21578.715271743964,21866.89510919745,19629.81729596443,G,41.13099437520416,-59.38216583615519,-67.10437700158143,-59.18931897095187,-66.94819393803931,-56.31574600159711,-64.62094102058852,1581.852891779041,7.623991396399251,20748.356202580937,22187.7096312685,47.85847884959067,1691.5890733459582,Mutant,clash,53.485755222226075,LLLTYLLGVLLGLLLASLILI,G7I,G,I,7
