sample,group,p_value
11G,Mutant,9.284815485408569e-20
12G,Mutant,0.002096726810324803
15G,Mutant,0.00046627964878622364
7G,Mutant,7.301418675124368e-14
