sample,group,p_value
11I,Mutant,2.1610847535538177e-19
12I,Mutant,0.019221690114911323
15I,Mutant,0.0007547642892210027
7I,Mutant,6.192859406617394e-09
