sample,group,p_value
7,Mutant,1.8185459998143933e-07
11,Mutant,4.2535252302805685e-20
15,Mutant,0.004839096286293607
