sample,group,p_value
11I,Mutant,4.897638791847084e-05
7I,Mutant,0.0023587003681049936
