sample,group,p_value
11G,Mutant,0.0001383445602272532
12G,Mutant,0.04987181312858622
7A,Mutant,0.005026355143006134
7G,Mutant,0.0011779410150192307
