sample,group,p_value
7,Mutant,0.00373542049776521
11,Mutant,0.00023452904887655683
