sample,group,p_value
AI,Mutant,0.020636462226727284
GI,Mutant,1.6329875265303555e-07
