sample,group,p_value
AI,Mutant,0.023366915433290433
GI,Mutant,1.6329875264692307e-07
