sample,group,p_value
11I,Mutant,0.04558899371899501
12I,Mutant,2.244029661364286e-07
15A,Mutant,0.043237880976750645
4I,Mutant,0.00033723091156642423
8I,Mutant,0.013557539526402259
