sample,group,p_value
11Y,Mutant,0.0003055158271123649
12A,Mutant,0.012586118484336
4A,Mutant,0.005163047608022163
8A,Mutant,0.015150502428876994
