sample,group,p_value
11I,Mutant,0.0002713186179194146
12A,Mutant,0.048553057080506244
15I,Mutant,0.021305345631042125
7I,Mutant,0.00011938952047309716
