sample,group,p_value
7,Mutant,3.3200789066624904e-06
11,Mutant,0.003719289140018807
