sample,group,p_value
A,Mutant,0.014187999546130769
G,Mutant,1.6460471535181128e-07
