sample,group,p_value
11Y,Mutant,3.608423716161445e-09
12A,Mutant,0.0011986628804852408
15L,Mutant,0.013415863097803531
4L,Mutant,0.030112119117040304
5L,Mutant,0.04546097562608443
8L,Mutant,0.007731421613001477
