sample,group,p_value
A,Mutant,3.5263526756462957e-05
F,Mutant,0.027716180295040478
T,Mutant,0.04222181194417494
