,TM,p.mean,p.sd,p.n,p.se,Segment,ID,Name,StartRes,Mutation,MutRes,Library,MutResFac,label,baseSub,perGpA,se.perGpA
355,CAVVVGVGLIVGFAVGL,40667.204940132,2495.76887984201,3,1440.93283461187,5,Q07075,AMPE_HUMAN,23,L35F,35,17,35,Mutation,13506.964940132,0.285952167725704,0.0305055850393272
1827,IIVAMTAVGGSICVMLVVICL,50808.108403348,2184.85962328378,3,1261.42929164444,22,F2Z333,FND10_HUMAN,183,V184I,184,21,184,Mutation,23647.868403348,0.500642391684733,0.0267053658595563
1078,GIYFVLGVCFGLLLTLCLLVI,112106.195911686,21526.7172007038,3,12428.4559705953,18,Q9NVM1,EVA1B_HUMAN,29,L30I,30,21,30,Mutation,84945.9559116861,1.79836701584281,0.263119356719117
4757,VVIIAIVCCVVGTSLVWVVII,47179.5957498531,4997.0345445614,3,2885.03923945238,19,Q6UXM1,LRIG3_HUMAN,810,V815I,815,21,815,Mutation,20019.3557498531,0.423824167643584,0.0610783568441736
4787,VVIIAVVCCVVGTSLVWIVII,50368.5714166603,5153.67300531812,3,2975.47449693573,19,Q6UXM1,LRIG3_HUMAN,810,V827I,827,21,827,Mutation,23208.3314166603,0.491337077374963,0.0629929363245244
2412,LALGLGACLLAGTSLSVLWVY,47816.8533058342,5959.40491650152,3,3440.66403275213,19,Q8N5D6,GBGT1_HUMAN,6,F12A,12,21,12,Mutation,20656.6133058342,0.437315368689865,0.0728413335595524
868,FHMIAVGLSSSILGCLITLLV,132336.826665922,25348.4847305873,3,14634.9544827537,18,Q13591,SEM5A_HUMAN,969,L985I,985,21,985,Mutation,105176.586665922,2.22666402736786,0.309832518071934
2839,LIIFGMAGVIGT,37382.7384084188,3624.56099348232,3,2092.64126528124,0,P02724,GLPA_HUMAN,75,WT,NA,21,NA,WT,10222.4984084188,0.216417647666696,0.0443027215019617
2840,LIIFGMAIVIGT,35269.0115395196,3605.22838804798,3,2081.47958032958,0,P02724,GLPA_HUMAN,75,G83I,83,21,83,Mutation,8108.7715395196,0.171668528762425,0.0440664205993131
2503,LIIFGMAGVIGT,40230.6904393472,2011.63533627287,3,1161.41820290851,0,P02724,GLPA_HUMAN,75,WT,NA,17,NA,WT,13070.4504393472,0.276710841617552,0.0245880591405854
2504,LIIFGMAIVIGT,37523.9526760583,1605.63934914255,3,927.016310448906,0,P02724,GLPA_HUMAN,75,G83I,83,17,83,Mutation,10363.7126760583,0.219407255333873,0.0196256023958672
2084,LIIFGMAGVIGT,39298.2659444967,1551.50849282515,3,895.763845982589,0,P02724,GLPA_HUMAN,75,WT,NA,19,NA,WT,12138.0259444967,0.256970744066042,0.0189639652330756
2085,LIIFGMAIVIGT,37394.9583799278,2715.8860715398,3,1568.01755449186,0,P02724,GLPA_HUMAN,75,G83I,83,19,83,Mutation,10234.7183799278,0.216676353257333,0.0331960600124666