sample,group,p_value
A,Mutant,0.03513744332324146
I,Mutant,1.5901921441594245e-14
