sample,group,p_value
A,Mutant,0.035137443323141095
I,Mutant,1.5901921441480602e-14
