sample,group,p_value
11I,Mutant,0.0009872767229885662
12I,Mutant,3.147218534470782e-08
3A,Mutant,0.002741240882514628
8I,Mutant,5.556186064837331e-08
