sample,group,p_value
11A,Mutant,0.0034736398784381978
12A,Mutant,0.00039617712663969775
12S,Mutant,0.0296650084307146
12T,Mutant,0.003710520239880095
12V,Mutant,0.0003234833698822359
16L,Mutant,0.013841775401919137
3Y,Mutant,0.001387064590222983
8A,Mutant,9.321227357544796e-06
8T,Mutant,0.02433451195098402
