sample,group,p_value
A,Mutant,2.786921986256218e-08
F,Mutant,0.0010514840101367698
T,Mutant,2.9751741387528995e-05
V,Mutant,1.8185106413146503e-05
Y,Mutant,0.02749036989215193
