sample,group,p_value
AI,Mutant,2.786921986234327e-08
FA,Mutant,0.0026628721330246054
TI,Mutant,4.6983868801883525e-05
VI,Mutant,3.2785966996945736e-06
