sample,group,p_value
11I,Mutant,0.0003046979031986908
15I,Mutant,0.045500181528479865
