sample,group,p_value
11G,Mutant,5.309394437468949e-06
7G,Mutant,4.314354689540977e-05
