sample,group,p_value
11I,Mutant,0.0003046979031977447
15I,Mutant,0.045500181528520825
