sample,group,p_value
A,Mutant,0.02651617719474036
G,Mutant,7.192019484328149e-07
