Sequence,Rep1-Fluor,Rep2-Fluor,Rep3-Fluor,mean
YIAIGIGVGLLLSGFLVL,29359.13793208379,30641.524063141114,27745.54040119192,29248.73413213894
GTIAVIVFFLIGFMIGYL,25736.96004174977,27309.83537547216,24216.36720171732,25754.387539646417
CTGAFLISCMVGSVIVYL,24309.47707195665,26005.503046581336,22416.61164983907,24243.863922792352
CAVVVGVGLIVGFAVGLL,26781.55502798459,26483.99599697818,24866.964895779507,26044.171973580756
VVATSLVVLTLGVLLAFL,26382.40910521012,27123.4604743082,24403.34930694513,25969.73962882115
LLLSSLLLLLLGLLVAIL,27942.078271098228,28983.195083607643,25357.73593773712,27427.669764147664
IIVAMTAVGGSICVMLVVICLL,27505.64180792752,28106.37138260476,27483.442914913783,27698.485368482023
ILFVIAVASELGYFLCIL,25410.416320192187,27179.069097137057,24770.03099618668,25786.505471171975
LIIFGVMAIVIGT,26984.88496903588,27042.60699944581,24104.067111772623,26043.85302675144
LIIFGVMAGVIGT,32485.280859945706,31905.597395866,27859.72264346024,30750.200299757318
LIVVLFGISITGGLFYTL,24341.086457563106,28182.668396897807,23147.755137739536,25223.836664066814
VVIIAIVCCVVGTSLVWVVIIL,30132.38321060364,27993.458702429965,26835.084752476683,28320.308888503427
MIAVGLSSSILGCLLTLL,31842.73949213066,31395.96438406747,28492.21438643136,30576.972754209826
GIYFVLGVCFGLLLTLCLLVIL,31671.41312694176,33681.0376782197,29200.398251740306,31517.616352300585
LALGLGACLLAGTSLSVLWVYL,52720.0,0.0,48162.0,33627.333333333336
FHMIAVGLSSSILGCLITLLVL,0.0,0.0,0.0,0.0
