sample,group,p_value
11A,Mutant,4.2559508668151366e-05
11F,Mutant,0.04500161780880008
12A,Mutant,0.002112452675559825
12T,Mutant,0.0028992575375592407
12V,Mutant,0.0015211530514183337
8A,Mutant,5.389026310831315e-05
