sample,group,p_value
11A,Mutant,0.044526280528360954
11I,Mutant,5.39170266766951e-05
12I,Mutant,9.349745585725208e-08
3A,Mutant,0.02623683873461263
4I,Mutant,0.030194325470764248
7A,Mutant,0.007000797169243224
8I,Mutant,3.0283515073344715e-05
