sample,group,p_value
3,Mutant,0.008299556498226628
7,Mutant,0.010803317805838559
8,Mutant,0.006285543198661987
11,Mutant,0.031548303598836445
12,Mutant,6.252566058421439e-05
