sample,group,p_value
A,Mutant,3.45160914560703e-11
F,Mutant,0.00884871244987322
T,Mutant,0.0008711732360714893
V,Mutant,0.0254147822980403
