sample,group,p_value
AI,Mutant,2.8422599133239314e-11
FA,Mutant,0.008848712449873163
TI,Mutant,0.0009535618017643098
