sample,group,p_value
11G,Mutant,4.669575037622961e-13
15G,Mutant,0.006532382654497719
7A,Mutant,0.04712497495638008
7G,Mutant,2.0206458791634382e-05
