sample,group,p_value
G,void,0.6290581748670592
L,void,0.0687463321506915
R,void,0.22864434183451066
G,clash,1.5049031144443782e-08
L,clash,0.01772263550456984
R,clash,5.826615846464922e-10
