sample,group,p_value
A,Mutant,0.03166542793691972
I,Mutant,1.0729990288369077e-18
