sample,group,p_value
11I,Mutant,5.86430305402672e-10
15I,Mutant,0.002140041424496492
7I,Mutant,0.0002474983890493617
