sample,group,p_value
G,clash,6.418296107493885e-10
L,clash,1.707474049534739e-05
R,clash,2.8508348008793514e-21
G,void,0.7698719088907522
L,void,0.012303046674594156
R,void,0.0030647221864655736
