sample,group,p_value
11I,Mutant,0.0021483227567237607
15I,Mutant,0.0005599722976002324
