sample,group,p_value
11I,Mutant,0.0021483227567244104
15I,Mutant,0.000559972297597233
