sample,group,p_value
11,Mutant,0.0034430269481295897
15,Mutant,0.010455009792423952
