sample,group,p_value
11,Mutant,0.0034430269481241175
15,Mutant,0.010455009792455512
