sample,group,p_value
A,Mutant,5.530846226835421e-11
S,Mutant,0.020603399082615947
T,Mutant,5.139731489249533e-07
