sample,group,p_value
G,clash,8.000926322938379e-10
L,clash,1.6473240301136072e-05
R,clash,5.585167665828144e-22
G,void,0.9371164746835041
L,void,0.033394536100341814
R,void,0.0036447221622337472
