Sequence,Segments,Fluorescence,FluorStdDev,Rep1-Fluor,Rep2-Fluor,Rep3-Fluor,Sample,LB-12H_M9-36H,LB-36H_M9-36H,std,Percent Error,mean,mean_transformed,Percent GpA,std_adjusted,Type,Mutant Type,percent_wt,wt_seq,position,wt_aa,mut_aa,mut_position,Mutant Type_x,Mutant Type_y
LLLALLLGLLLGVLLGTLILI,13.0,31491.09447,1521.866057,31610.56904,32949.7019,29913.01247,D,-65.29178313,-48.76597255,1521.8660595551576,4.832687098268254,31491.09447,30779.22790489512,104.8789809971182,1487.4637759064487,WT,,100.0,LLLALLLGLLLGVLLGTLILI,-1-1-1,-,1,1-1-,,
LLLFLLLGLLLGVLLGTLILI,13.0,29271.54428,1976.375664,30270.11636,30549.39108,26995.12541,D,-43.26000037,-32.61457129,1976.3756620285835,6.751866737532857,29271.544283333333,26489.722880309208,90.26266517039664,1788.5507880202279,WT,,86.06363669082255,LLLALLLGLLLGVLLGTLILI,A3F,A,F,3,,
LLLAYLLGLLLGVLLGTLILI,13.0,31064.49681,2283.363274,31332.14105,33202.24304,28659.10634,D,15061.79735,10134.52096,2283.3632755489457,7.350395177860747,31064.49681,29954.78481861612,102.06972434369484,2201.7950588461226,WT,,97.32143025540977,LLLALLLGLLLGVLLGTLILI,L4Y,L,Y,4,,
LLLTYLLLILLIALLGWLILI,15.0,27476.65214,1818.661361,27554.39407,29255.19591,25620.36645,D,-65.49435726,-54.43094731,1818.6613638037047,6.618933610676319,27476.65214333333,23020.912443234804,78.44283313833085,1523.7389111896355,Mutant,,86.52225671340086,LLLTYLLLILLGALLGWLILI,G11I,G,I,11,clash,clash
LLLALLLILLLGVLLGTLILI,14.0,27248.51696,1989.213358,28164.52637,28614.70108,24966.32343,D,-73.74645813,-74.57574143,1989.213361774269,7.30026285355043,27248.51696,22580.01814804304,76.94050356235729,1648.4006771865318,Mutant,,73.36122341279366,LLLALLLGLLLGVLLGTLILI,G7I,G,I,7,clash,clash
LLLALLLGLLLGVLLITLILI,14.0,29576.13205,1205.697054,29630.75858,30753.58737,28344.0502,D,-22.45529654,-8.605096355,1205.6970542958884,4.076588014475978,29576.13205,27078.36951844007,92.2684549116242,1103.8735663042444,Mutant,,87.9761168867187,LLLALLLGLLLGVLLGTLILI,G15I,G,I,15,clash,clash
LLLALLLGLLLIVLLGTLILI,14.0,26800.15185,1334.87856,26997.475,28025.38546,25377.5951,D,19.45892026,70.60852296,1334.8785584408274,4.980861921029745,26800.151853333333,21713.5072714478,73.98790260560052,1081.5198154035684,Mutant,,70.54597775662361,LLLALLLGLLLGVLLGTLILI,G11I,G,I,11,clash,clash
