AA,Count,Average
A,8,0.06349206349206349
F,7,0.05555555555555555
G,7,0.05555555555555555
I,16,0.12698412698412698
L,70,0.5555555555555556
S,4,0.031746031746031744
T,8,0.06349206349206349
V,5,0.03968253968253968
W,1,0.007936507936507936
Y,0,0.0
