AA,Count,Average
A,25,0.051759834368530024
F,11,0.022774327122153208
G,23,0.047619047619047616
I,62,0.12836438923395446
L,271,0.5610766045548654
S,9,0.018633540372670808
T,46,0.09523809523809523
V,24,0.049689440993788817
W,3,0.006211180124223602
Y,9,0.018633540372670808
