sample,group,p_value
11G,Mutant,1.0413379449242196e-21
15G,Mutant,0.033461704724296486
7G,Mutant,1.9305581106672686e-14
