sample,group,p_value
11I,Mutant,1.987706241846707e-16
15I,Mutant,0.028583163133173557
7I,Mutant,5.2377120336403914e-11
