sample,group,p_value
7,Mutant,7.40246767436644e-08
11,Mutant,8.592137717803651e-17
15,Mutant,0.028583163133173557
