Sample,Sequence,Mutant,Position,Type,Mutant Type,WT_AA,mut_AA,PercentGpA,PercentStd,toxgreen_fluor,toxgreen_std,pos_wtAA,pos_mutAA,WT_MUT
G,LLLAYLLGVLLGLLLAFLILI,LLLAYLLGVLLGALLAFLILI,12,WT,void,L,A,1.120879346277354,0.0917568498201317,27006.59050553616,1800.911691454492,12L,12A,LA
G,LLLAFLLGILLGLLLGTLILI,LLLAFLLGILLILLLGTLILI,11,WT,clash,G,I,1.2311110369267992,0.1338564433457673,29662.52500906388,2627.200413534741,11G,11I,GI
G,LLLAFLLGTLLGVLLGLLILI,LLLAFLLGTLLIVLLGLLILI,11,WT,clash,G,I,1.3299063548579249,0.244265207184603,32042.91028784085,4794.193221172257,11G,11I,GI
G,LLLALLLGALLGTLLSFLILI,LLLALLLGALLITLLSFLILI,11,WT,clash,G,I,1.0088951246997548,0.1871685088000292,24308.430328671297,3673.556322177949,11G,11I,GI
G,LLLTFLLGLLLGYLLASLILI,LLLTFLLGLLLGALLASLILI,12,WT,void,Y,A,1.231156146588345,0.0840129033933076,29663.61188621728,1648.9212548823175,12Y,12A,YA
