sample,group,p_value
G,clash,1.2085345606999117e-39
G,void,0.0093328256268542
