sample,group,p_value
11G,Mutant,5.9880391911370574e-05
12G,Mutant,0.02290006448830667
15G,Mutant,0.019926001271410445
7G,Mutant,9.17417967879423e-06
