sample,group,p_value
11I,Mutant,0.00017137785191758992
12I,Mutant,0.023508310220781026
15I,Mutant,0.0006332980853591562
7I,Mutant,0.025747789119158152
