sample,group,p_value
11G,Mutant,5.988039191137803e-05
12G,Mutant,0.02290006448827353
15G,Mutant,0.019926001271386176
7G,Mutant,9.174179678667423e-06
