sample,group,p_value
11I,Mutant,0.00017137785191756105
12I,Mutant,0.02350831022095056
15I,Mutant,0.0006332980853614852
7I,Mutant,0.02574778911914203
