sample,group,p_value
7,Mutant,0.025756364095967627
11,Mutant,0.0002019859335196829
15,Mutant,0.0025397082905391113
