sample,group,p_value
7,Mutant,0.025756364096018967
11,Mutant,0.00020198593351984076
15,Mutant,0.0025397082905333846
