sample,group,p_value
G,void,0.8409514906745239
L,void,0.033394536100601724
R,void,0.003644722162262884
G,clash,2.8223803678314966e-10
L,clash,1.6473240301152566e-05
R,clash,5.58516766579213e-22
