sample,group,p_value
11G,Mutant,2.2076340792264088e-14
12G,Mutant,0.04864094368806768
15A,Mutant,0.009464234908005128
15G,Mutant,0.016144025542868874
7A,Mutant,0.015833094590495013
7G,Mutant,5.060371060633997e-06
