sample,group,p_value
AI,Mutant,0.030059882240794342
GI,Mutant,8.542841725108937e-20
