sample,group,p_value
A,Mutant,0.0033764531849379167
I,Mutant,0.0005259585318605312
