sample,group,p_value
4I,Mutant,0.0063138851669844774
8A,Mutant,0.01264863033487423
