sample,group,p_value
AI,Mutant,0.00021024703073680773
TI,Mutant,0.041341280548396975
