sample,group,p_value
11G,Mutant,4.264229485372628e-28
7G,Mutant,1.6512826332622266e-05
