sample,group,p_value
G,void,0.016884449864760172
L,void,0.046197142267211694
R,void,0.11715550926026877
G,clash,4.9221045112616585e-32
L,clash,0.005111067686697432
R,clash,9.93180964547518e-12
