sample,group,p_value
G,void,0.3625438875577308
L,void,2.9878976847581144e-05
R,void,0.0974664178500931
G,clash,6.703664562715904e-19
L,clash,0.0002706254151815094
R,clash,1.463364154748068e-19
