sample,group,p_value
G,void,0.362543887559291
L,void,2.9878976848094033e-05
R,void,0.09746641785040663
G,clash,6.703664562528935e-19
L,clash,0.0002706254151806642
R,clash,1.4633641547563171e-19
