sample,group,p_value
11G,Mutant,2.138822316380405e-10
12G,Mutant,0.014690376513099518
15G,Mutant,0.035519439490138575
7G,Mutant,0.00035412437860471863
