sample,group,p_value
11G,Mutant,2.1388223163882894e-10
12G,Mutant,0.014690376513088488
15G,Mutant,0.03551943949006324
7G,Mutant,0.00035412437860773684
