sample,group,p_value
11I,Mutant,1.3282758300274477e-10
12I,Mutant,0.008295338500834235
15I,Mutant,0.03234143340627713
7I,Mutant,0.021337545825353525
