sample,group,p_value
11I,Mutant,1.3282758300322314e-10
12I,Mutant,0.008295338500819247
15I,Mutant,0.03234143340622707
7I,Mutant,0.021337545825460973
