sample,group,p_value
7,Mutant,0.001595079466555967
11,Mutant,9.542969414920542e-11
