sample,group,p_value
7,Mutant,0.0015950794665448081
11,Mutant,9.54296941487664e-11
