sample,group,p_value
G,clash,2.5401528709765237e-06
G,void,0.39061167016890347
