sample,group,p_value
G,clash,2.540152870975859e-06
G,void,0.3906116701685714
