sample,group,p_value
G,void,0.3548752920695001
L,void,0.013998133086312141
R,void,0.009674137946854783
G,clash,7.876104478886551e-20
L,clash,6.5811033728647354e-06
R,clash,3.288217279461252e-23
