sample,group,p_value
G,void,0.35487529206751234
L,void,0.01399813308621802
R,void,0.009674137946805909
G,clash,7.876104478846572e-20
L,clash,6.5811033728122524e-06
R,clash,3.288217279443365e-23
