sample,group,p_value
11G,Mutant,3.0900800993824724e-06
12G,Mutant,0.012289272093740143
7G,Mutant,9.174179678794198e-06
