sample,group,p_value
11I,Mutant,9.662441074017096e-06
12I,Mutant,0.010771068083761982
15I,Mutant,0.007565140001370598
7I,Mutant,0.011101880410400743
