sample,group,p_value
11G,Mutant,3.0900800993831577e-06
12G,Mutant,0.012289272093705521
7G,Mutant,9.174179678667407e-06
