sample,group,p_value
11A,Mutant,0.015746376092537394
8A,Mutant,0.0001876494417738689
