sample,group,p_value
12I,Mutant,0.006594818039311516
8I,Mutant,0.0001652715774681954
