sample,group,p_value
11A,Mutant,0.01574637609259181
8A,Mutant,0.00018764944177355138
