Sequence	Interface	InterfaceSequence	Baseline	Dimer	Dimerw/Baseline	HBONDDimer	HBONDMonomer	IMM1Dimer	IMM1Monomer	Monomer	MonomerSasa	SequenceProbability	Total	VDWDimer	VDWMonomer	acceptCycleNumber	axialRotation	bestEnergyTotal	crossingAngle	currEnergyTotal	currEntropy	endAxialRotation	endCrossingAngle	endXShift	endZShift	energyComparison	entropyDiff	geometryNumber	prevEntropy	startEnergy	xShift	zShift	
LLLYGLLYFLLGTLLTWLILI	133002200210031003312	L--YG--YF-LGT-LTW--L-	332.346	-347.262	-14.9155	-70.1095	-72.608	-234.109	-288.409	-335.411	4723.5	1.98453e-06	79.1082	-43.0438	25.6061	124	-70.0373	-14.671	-40.2277	-14.7956	0.119894	-70.5955	-40.1211	7.07436	4.1465	0.124551	0.884404	2	1.0043	-11.8505	7.14659	3.88082	
LLLYGLLYTLLGTLLGTLILI	133002200210031003312	L--YG--YT-LGT-LGT--L-	343.75	-351.939	-8.18843	-91.563	-86.4288	-224.441	-275.635	-350.205	4568.98	4.5081e-07	-6.3209	-35.9349	11.8585	129	-69.8443	-6.88169	-40.7382	-7.18413	1.0043	-70.0373	-40.2277	7.14659	3.88082	0.302438	-0.884404	1	0.119894	-1.73357	7.17026	3.86028	
LLLYGLLYTLLGTLLTWLILI	133002200210031003312	L--YG--YT-LGT-LTW--L-	346.476	-355.56	-9.0842	-83.3073	-86.4052	-231.364	-286.744	-355.443	4640.9	4.45507e-07	234.628	-40.8887	17.7061	111	-69.71	-8.64116	-40.8	-8.81216	0.272043	-69.8443	-40.7382	7.17026	3.86028	0.171001	0.319086	0	0.591129	-0.117264	7.22	3.57	
