sample,group,p_value
11A,Mutant,3.661439444498629e-05
12A,Mutant,9.409940243162757e-11
12S,Mutant,0.004038481105149532
12T,Mutant,0.0003282604154179355
12V,Mutant,2.331335885280346e-05
8A,Mutant,0.00019446372662451346
8T,Mutant,0.006375617761903796
