sample,group,p_value
11A,Mutant,3.6614394445079605e-05
12A,Mutant,9.409940243138757e-11
12S,Mutant,0.004038481105159786
12T,Mutant,0.00032826041541884725
12V,Mutant,2.331335885279848e-05
8A,Mutant,0.00019446372662539538
8T,Mutant,0.00637561776190463
