sample,group,p_value
AI,Mutant,5.907288526112456e-12
SI,Mutant,0.018916393415928847
TI,Mutant,1.0470822989716908e-06
