sample,group,p_value
A,Mutant,0.01677761235421034
I,Mutant,0.029080279436633844
