sample,group,p_value
12I,Mutant,1.2812920441043582e-07
4I,Mutant,0.00011298396631954085
8I,Mutant,0.012881305328484721
