sample,group,p_value
11S,Mutant,0.0308696370488664
12A,Mutant,0.0001693197391071478
12S,Mutant,0.002400041703981065
4A,Mutant,0.002346064808390949
4T,Mutant,0.03923358162124117
5A,Mutant,0.04194139898018131
8A,Mutant,0.003749272951279199
