sample,group,p_value
AI,Mutant,1.0145722569126984e-08
TI,Mutant,0.006466280152233739
