sample,group,p_value
G,clash,8.864922193812103e-08
L,clash,0.004118332068689613
R,clash,1.6742347436619319e-12
G,void,0.713064777355604
L,void,0.03621824098441455
R,void,0.005064984540617088
