sample,group,p_value
G,clash,8.864922193841766e-08
L,clash,0.004118332068701494
R,clash,1.6742347436492788e-12
G,void,0.7130647773565922
L,void,0.03621824098443581
R,void,0.005064984540637997
