sample,group,p_value
11S,Mutant,0.04631612436104836
12A,Mutant,0.0030410800547266293
12S,Mutant,0.004634912997279517
4A,Mutant,0.0028323588983115875
8A,Mutant,0.004328377802096483
