sample,group,p_value
11I,Mutant,0.0491585439159494
12I,Mutant,5.255704064274251e-06
4I,Mutant,0.0011650650239994921
8I,Mutant,0.016633813368507073
