sample,group,p_value
11I,Mutant,2.2246128916273517e-13
12I,Mutant,0.042169910215434175
15I,Mutant,0.036575223180274355
7I,Mutant,4.789730685705755e-06
