sample,group,p_value
11G,Mutant,1.1330148194020421e-13
12G,Mutant,0.006459879588476024
15G,Mutant,0.008048502610299097
7G,Mutant,1.195588709058751e-10
