sample,group,p_value
7,Mutant,2.2676761190489232e-05
11,Mutant,2.7483979831906347e-14
15,Mutant,0.03647636184244462
