sample,group,p_value
G,clash,1.4773358422272387e-44
G,void,0.002622027213343124
