sample,group,p_value
11I,Mutant,1.5797531331371841e-10
12I,Mutant,0.01999701526309001
15I,Mutant,0.019465981734258397
7I,Mutant,0.006511677776699652
