sample,group,p_value
11I,Mutant,1.579753133130367e-10
12I,Mutant,0.01999701526317735
15I,Mutant,0.019465981734355736
7I,Mutant,0.0065116777766474595
