sample,group,p_value
11G,Mutant,4.537531616656547e-11
12G,Mutant,0.014690376513099544
15G,Mutant,0.01999787800895887
7G,Mutant,0.00035412437860471863
