sample,group,p_value
11G,Mutant,4.537531616679034e-11
12G,Mutant,0.014690376513088464
15G,Mutant,0.019997878008840966
7G,Mutant,0.00035412437860773684
