sample,group,p_value
7,Mutant,0.0018940700235538497
11,Mutant,3.2783978039227785e-11
