sample,group,p_value
G,clash,2.476893657710367e-05
L,clash,0.045401167208539484
R,clash,9.832409599697923e-09
G,void,0.7216940533116555
L,void,0.1846976205185331
R,void,0.05588051550403372
