sample,group,p_value
G,clash,2.4768936577212724e-05
L,clash,0.04540116720896064
R,clash,9.832409599625057e-09
G,void,0.7216940533123666
L,void,0.18469762051831096
R,void,0.05588051550425512
