sample,group,p_value
G,void,0.4275273258954527
L,void,0.034325233506131855
R,void,0.05377900006582407
G,clash,1.335979123793168e-14
L,clash,0.005446414079699898
R,clash,2.0637485394186453e-15
