sample,group,p_value
11I,Mutant,1.4310133734167265e-19
15I,Mutant,0.03486269074315472
7I,Mutant,7.652493391249939e-05
