sample,group,p_value
11G,Mutant,1.5651127039244208e-21
7G,Mutant,7.652493391249939e-05
