sample,group,p_value
G,void,0.3248879648285765
L,void,0.0035562369961124876
R,void,0.01651343544416015
G,clash,3.562640634541477e-20
L,clash,1.1103188273398643e-05
R,clash,4.3513431188787635e-22
