sample,group,p_value
G,clash,1.0000292164459938e-19
L,clash,1.3370959352963319e-05
R,clash,9.28796839652796e-22
G,void,0.2683138849445962
L,void,0.003042679668833973
R,void,0.015146745624310126
