sample,group,p_value
G,void,0.32488796482688
L,void,0.003556236996093614
R,void,0.01651343544407548
G,clash,3.562640634526726e-20
L,clash,1.1103188273328528e-05
R,clash,4.351343118879919e-22
