sample,group,p_value
11G,Mutant,1.4184953367460643e-13
12G,Mutant,0.006459879588476064
15G,Mutant,0.03100654316211953
7G,Mutant,1.8437232792849515e-10
