sample,group,p_value
11I,Mutant,1.2432979353390654e-12
12I,Mutant,0.023358261583900617
15I,Mutant,0.02750660361163812
7I,Mutant,5.3447264043226016e-05
