sample,group,p_value
7,Mutant,0.00014943543830285642
11,Mutant,2.30329594210185e-13
15,Mutant,0.02303177741637493
