sample,group,p_value
11I,Mutant,1.7201304382426217e-17
12I,Mutant,0.03424211702216734
15I,Mutant,0.0016576890531247975
7I,Mutant,0.00013145743794804106
