sample,group,p_value
11G,Mutant,1.602112907352825e-17
12G,Mutant,0.0479411490599555
15G,Mutant,0.027540561889786815
7A,Mutant,0.015833094590495013
7G,Mutant,2.6695654855685484e-07
