sample,group,p_value
7,Mutant,0.0006228220518733784
11,Mutant,1.5231544707898016e-16
15,Mutant,0.013337898280462392
