sample,group,p_value
AI,Mutant,0.017540795641587767
GI,Mutant,3.1070000956079663e-24
