sample,group,p_value
G,clash,6.057407813301685e-16
L,clash,1.7880788848648877e-05
R,clash,5.697475738656084e-23
G,void,0.5891638880983506
L,void,7.120470436611406e-05
R,void,0.005367166989107263
