sample,group,p_value
11G,Mutant,1.677718162806416e-16
12G,Mutant,0.04794114905995514
15A,Mutant,0.009464234908005128
15G,Mutant,0.035866780727062154
7A,Mutant,0.015833094590495013
7G,Mutant,2.0206458791784036e-05
