sample,group,p_value
11G,Mutant,4.679812550077597e-13
12G,Mutant,0.004411364043110623
15G,Mutant,0.007381468101794065
3Y,Mutant,0.04682190063953907
7G,Mutant,1.0228311654125426e-06
