sample,group,p_value
11I,Mutant,3.25615785463581e-12
12I,Mutant,0.012317808235509077
15I,Mutant,0.0025256300332141836
7I,Mutant,0.012728690320884816
