sample,group,p_value
7,Mutant,0.0211141269346557
11,Mutant,3.484363405895856e-13
15,Mutant,0.015515756312610068
