sample,group,p_value
A,Mutant,0.0013658728853703232
I,Mutant,0.048300270642896236
