sample,group,p_value
11A,Mutant,0.024327542462381453
14F,Mutant,0.049868888997254245
4Y,Mutant,0.0024052952067371786
8A,Mutant,0.03477076463249967
