sample,group,p_value
12I,Mutant,0.004376641472809768
14A,Mutant,0.009795046935911662
