sample,group,p_value
A,Mutant,0.031191641911183978
L,Mutant,0.029938114557283176
