sample,group,p_value
AI,Mutant,0.031191641911184276
LA,Mutant,0.03818440359178469
YA,Mutant,0.04752802012269832
