sample,group,p_value
11G,Mutant,3.277351611101961e-12
12G,Mutant,0.010312153670540352
15G,Mutant,0.005158779366485459
7G,Mutant,5.551011229176134e-07
