sample,group,p_value
11I,Mutant,1.738091099670851e-11
12I,Mutant,0.012006657552417387
15I,Mutant,0.0048554796872560275
7I,Mutant,0.001947195091855574
