sample,group,p_value
11G,Mutant,3.2773516111174553e-12
12G,Mutant,0.010312153670468454
15G,Mutant,0.005158779366438242
7G,Mutant,5.551011229071754e-07
