sample,group,p_value
11I,Mutant,1.738091099663131e-11
12I,Mutant,0.0120066575525404
15I,Mutant,0.004855479687298793
7I,Mutant,0.0019471950918506116
