sample,group,p_value
7,Mutant,0.0005247846700144733
11,Mutant,2.0416798485972266e-12
15,Mutant,0.015044548808414635
