sample,group,p_value
7,Mutant,0.0005247846700126574
11,Mutant,2.04167984858431e-12
15,Mutant,0.01504454880848372
