sample,group,p_value
A,Mutant,0.0028743509530627263
S,Mutant,0.006085386229829124
