sample,group,p_value
AI,Mutant,0.0028743509529855532
SI,Mutant,0.006085386229871391
