sample,group,p_value
AI,Mutant,0.0028743509530627263
SI,Mutant,0.006085386229829124
