sample,group,p_value
11I,Mutant,0.007585530255656896
12I,Mutant,1.828937159683799e-08
3A,Mutant,0.003505118302897025
8I,Mutant,0.008831888298142642
