sample,group,p_value
11A,Mutant,0.01712697881858604
12A,Mutant,0.006969619477523218
12S,Mutant,0.026803087201985563
12T,Mutant,0.002077368462932176
12V,Mutant,0.0013879316292280837
7I,Mutant,0.034449899176644525
8A,Mutant,0.019529993871878655
