sample,group,p_value
11A,Mutant,0.017126978818590172
12A,Mutant,0.006969619477531802
12S,Mutant,0.026803087201997866
12T,Mutant,0.002077368462935891
12V,Mutant,0.001387931629232868
7I,Mutant,0.034449899176614965
8A,Mutant,0.01952999387198317
