sample,group,p_value
11I,Mutant,0.007585530255664179
12I,Mutant,1.8289371596957046e-08
3A,Mutant,0.0035051183029282088
8I,Mutant,0.00883188829815784
