sample,group,p_value
3,Mutant,0.023408940564271383
12,Mutant,7.95049107845038e-06
