sample,group,p_value
3,Mutant,0.023408940564087957
12,Mutant,7.950491078429889e-06
