sample,group,p_value
A,Mutant,2.3863645314710632e-05
T,Mutant,0.01225447084561403
V,Mutant,0.00937940170261404
