sample,group,p_value
A,Mutant,2.3863645314650073e-05
T,Mutant,0.012254470845614483
V,Mutant,0.009379401702615768
