sample,group,p_value
AI,Mutant,1.8976706685233056e-05
TI,Mutant,0.00459933693158163
VI,Mutant,0.01611772388606833
