sample,group,p_value
AI,Mutant,1.897670668518488e-05
TI,Mutant,0.0045993369315839965
VI,Mutant,0.016117723886068972
