sample,group,p_value
11G,Mutant,5.818420573438306e-08
12G,Mutant,0.008819322871574942
15G,Mutant,0.0008539153310183116
