sample,group,p_value
11I,Mutant,3.0609591181441025e-06
12I,Mutant,0.0389428481504939
15I,Mutant,0.043785643433349265
