sample,group,p_value
11I,Mutant,3.0609591181572806e-06
12I,Mutant,0.038942848150416
15I,Mutant,0.04378564343344655
