sample,group,p_value
11G,Mutant,5.818420573411917e-08
12G,Mutant,0.008819322871555055
15G,Mutant,0.0008539153310140813
