sample,group,p_value
G,clash,1.195383807981981e-09
G,void,0.5378947204762685
