sample,group,p_value
11,Mutant,1.3113918824149437e-06
15,Mutant,0.019401794174382002
