sample,group,p_value
11,Mutant,1.311391882410672e-06
15,Mutant,0.019401794174310812
