sample,group,p_value
G,void,0.831102008331323
L,void,2.5449335581145578e-05
R,void,0.0017267081329490567
G,clash,1.431486984849791e-09
L,clash,0.0006716173292690674
R,clash,1.4800751303993114e-21
