sample,group,p_value
11G,Mutant,2.1952120148661392e-16
12G,Mutant,0.0254530360598716
15G,Mutant,0.00584838988124167
7G,Mutant,1.380954998457228e-06
