sample,group,p_value
11I,Mutant,1.9725219588058456e-15
15I,Mutant,0.0006232076212480779
7I,Mutant,0.006440810289610752
