sample,group,p_value
11I,Mutant,1.9725219587892744e-15
15I,Mutant,0.0006232076212519494
7I,Mutant,0.006440810289582879
