sample,group,p_value
11G,Mutant,2.1952120148451964e-16
12G,Mutant,0.02545303605989631
15G,Mutant,0.005848389881276892
7G,Mutant,1.3809549984730914e-06
