sample,group,p_value
G,Mutant,2.7556168884483444e-19
L,Mutant,0.02667912496730649
