sample,group,p_value
G,Mutant,2.7556168884440207e-19
L,Mutant,0.026679124967256013
