sample,group,p_value
11I,Mutant,0.0027806699461240133
12I,Mutant,0.04697507597756472
15I,Mutant,0.00562472072670467
