sample,group,p_value
11G,Mutant,1.1476800289860613e-06
12G,Mutant,0.009499092397964315
15G,Mutant,0.03216731659884306
