sample,group,p_value
11G,Mutant,1.1476800289914044e-06
12G,Mutant,0.009499092397933633
15G,Mutant,0.032167316598869254
