sample,group,p_value
11I,Mutant,0.002780669946131085
12I,Mutant,0.04697507597743951
15I,Mutant,0.005624720726716462
