sample,group,p_value
7,Mutant,0.04790713589964362
11,Mutant,0.027690605244312695
15,Mutant,0.003459387853949085
