sample,group,p_value
7,Mutant,0.04790713589961606
11,Mutant,0.027690605244213237
15,Mutant,0.0034593878539381923
