Sequence	Interface	InterfaceSequence	Baseline	Dimer	Dimerw/Baseline	HBONDDimer	HBONDMonomer	IMM1Dimer	IMM1Monomer	Monomer	MonomerSasa	SequenceProbability	Total	VDWDimer	VDWMonomer	acceptCycleNumber	axialRotation	bestEnergyTotal	crossingAngle	currEnergyTotal	currEntropy	endAxialRotation	endCrossingAngle	endXShift	endZShift	energyComparison	entropyDiff	geometryNumber	prevEntropy	startEnergy	xShift	zShift	
LLLGWLLTTLLYGLLVTLILI	133002200220031003201	L--GW--TT--YG-LVT--LI	362.704	-274.109	88.5954	-94.5403	-86.4329	-230.86	-279.03	-370.615	4583.15	2.41719e-06	51.0262	51.2911	-5.15288	135	-37.45	88.8767	-41.92	88.7896	0.194196	-37.2442	-41.8995	8.46328	1.14788	0.0870824	0.560117	0	0.754313	96.5063	8.52	0.81	
LLLYVLLTTLLSTLLGYLILI	133002200220031003201	L--YV--TT--ST-LGY--LI	366.401	-345.862	20.5387	-103.053	-101.808	-231.724	-282.146	-377.233	4618.54	3.6329e-06	22.8008	-11.0853	6.7211	116	-36.9461	22.5513	-41.8913	21.4915	0.952787	-37.552	-41.4087	8.47582	1.5145	1.0598	-0.820686	2	0.132101	31.3716	8.51722	1.4397	
LLLYVLLTTLLYGLLTTLILI	133002200220031003201	L--YV--TT--YG-LTT--LI	358.346	-316.304	42.0422	-98.2012	-100.26	-231.438	-283.404	-373.589	4623.64	8.21134e-07	28.4881	13.3357	10.0748	113	-37.2442	43.2586	-41.8995	42.1011	0.0589809	-36.9461	-41.8913	8.51722	1.4397	1.1575	1.33559	1	1.39457	57.2852	8.46328	1.14788	
