Sequence	Interface	InterfaceSequence	Baseline	Dimer	Dimerw/Baseline	HBONDDimer	HBONDMonomer	IMM1Dimer	IMM1Monomer	Monomer	MonomerSasa	SequenceProbability	Total	VDWDimer	VDWMonomer	acceptCycleNumber	axialRotation	bestEnergyTotal	crossingAngle	currEnergyTotal	currEntropy	endAxialRotation	endCrossingAngle	endXShift	endZShift	energyComparison	entropyDiff	geometryNumber	prevEntropy	startEnergy	xShift	zShift	
LLLGALLTGLLYTLLTWLILI	133002200120032003211	L--GA--TGL-YT--TW--LI	358.996	-369.492	-10.4964	-92.7292	-86.4709	-230.974	-276.437	-365.053	4567.81	2.74332e-06	-6.57209	-45.7892	-2.14551	116	-30.83	-10.2235	-42.82	-10.227	0.269472	-30.9915	-42.5798	8.98	3.46	0.00342461	0.326092	0	0.595564	-4.43907	8.98	3.46	
LLLGGLLTSLLTTLLTWLILI	133002200120032003211	L--GG--TSL-TT--TW--LI	384.919	-398.778	-13.8586	-121.884	-115.617	-230.083	-274.946	-397.512	4435.08	4.71575e-07	-4.39974	-46.8114	-6.94889	106	-31.407	-12.7753	-42.2354	-12.9863	0.872342	-31.3253	-42.2108	9.00926	3.42226	0.210984	-0.718298	2	0.154044	-1.26567	8.98	3.47214	
LLLYALLTSLLTTLLTWLILI	133002200120032003211	L--YA--TSL-TT--TW--LI	385.451	-399.017	-13.5662	-121.918	-115.741	-235.639	-286.145	-399.621	4596.55	9.14693e-07	-2.00594	-41.4598	2.26582	125	-30.9915	-12.2429	-42.5798	-12.9706	0.595564	-31.407	-42.2354	8.98	3.47214	0.727723	-0.326092	1	0.269472	0.603737	8.98	3.46	
