sample,group,p_value
12I,Mutant,3.332230887625469e-06
7A,Mutant,0.004058222898066988
8I,Mutant,3.1787178630159335e-05
