sample,group,p_value
12I,Mutant,3.3322308876140578e-06
7A,Mutant,0.0040582228980703215
8I,Mutant,3.178717863007735e-05
