sample,group,p_value
12A,Mutant,0.01241799030608683
12S,Mutant,0.04642538337886242
12T,Mutant,0.0029698918052019027
12V,Mutant,0.03267540571832755
7I,Mutant,0.0050222048473247
8A,Mutant,0.00028623644854879705
