sample,group,p_value
12A,Mutant,0.012417990306077549
12S,Mutant,0.0464253833789429
12T,Mutant,0.0029698918052103785
12V,Mutant,0.03267540571835377
7I,Mutant,0.0050222048473214
8A,Mutant,0.0002862364485501044
