sample,group,p_value
3,Mutant,0.04215830410558953
7,Mutant,0.010348421302915021
8,Mutant,0.00013389817211503
12,Mutant,3.1461619347273094e-07
