sample,group,p_value
3,Mutant,0.04215830410547972
7,Mutant,0.010348421302949593
8,Mutant,0.00013389817211489197
12,Mutant,3.1461619347145404e-07
