sample,group,p_value
A,Mutant,3.0758760786071916e-05
F,Mutant,0.0055896549291694205
I,Mutant,0.0033194064028978744
T,Mutant,0.0017156400146158743
V,Mutant,0.014994780554354587
