sample,group,p_value
A,Mutant,3.075876078598046e-05
F,Mutant,0.005589654929195497
I,Mutant,0.003319406402892191
T,Mutant,0.0017156400146217151
V,Mutant,0.014994780554320492
