sample,group,p_value
AI,Mutant,1.2297854905846179e-05
FA,Mutant,0.014095206408685999
IA,Mutant,0.003319406402892182
TI,Mutant,0.0018875026256910251
VI,Mutant,0.010190720680143213
