sample,group,p_value
AI,Mutant,1.2297854905885524e-05
FA,Mutant,0.014095206408643276
IA,Mutant,0.0033194064028978683
TI,Mutant,0.001887502625686356
VI,Mutant,0.010190720680174811
