sample,group,p_value
11G,Mutant,2.89341907705365e-18
15G,Mutant,0.004523870376870704
7G,Mutant,3.7807546014271943e-11
