sample,group,p_value
11I,Mutant,1.03345537229617e-24
15I,Mutant,0.0004606988987689484
7I,Mutant,1.0032084785313259e-07
