sample,group,p_value
7,Mutant,5.048896376303568e-08
11,Mutant,5.129655883313236e-24
15,Mutant,0.003728696953775391
