sample,group,p_value
AI,Mutant,9.257342048543802e-16
TI,Mutant,9.36550511730737e-08
VI,Mutant,0.0005302330096464141
YA,Mutant,0.013218052576787785
