sample,group,p_value
11I,Mutant,5.99269675372069e-05
15I,Mutant,0.004325799819398829
7I,Mutant,2.563836710102562e-05
