sample,group,p_value
11G,Mutant,0.0002471357382079845
15G,Mutant,0.01147926921301279
7G,Mutant,3.6140857827798308e-06
