sample,group,p_value
7,Mutant,3.2909131606177886e-05
11,Mutant,0.0003786180334110214
