sample,group,p_value
AI,Mutant,0.00011243182052277015
GI,Mutant,3.63240662157515e-08
