sample,group,p_value
12A,Mutant,0.010563675668746787
4A,Mutant,0.029967243433924103
