sample,group,p_value
12A,Mutant,0.010563675668716226
4A,Mutant,0.029967243434233775
