sample,group,p_value
A,Mutant,0.0002102470307368096
T,Mutant,0.041341280548396975
