sample,group,p_value
A,Mutant,0.0002102470307349825
T,Mutant,0.04134128054838076
