sample,group,p_value
AI,Mutant,0.00021024703073498156
TI,Mutant,0.04134128054838076
