sample,group,p_value
AI,Mutant,4.1429111767144116e-15
LI,Mutant,0.04312146805768766
TI,Mutant,7.700337580839957e-09
VI,Mutant,0.003649042999707455
