sample,group,p_value
A,Mutant,0.019000393770118654
I,Mutant,2.646617624445792e-22
