sample,group,p_value
11G,Mutant,2.943540355645363e-16
12G,Mutant,0.04864094368785759
15G,Mutant,0.003709568594504026
7A,Mutant,0.01583309459046403
7G,Mutant,2.0206458791634382e-05
