sample,group,p_value
11I,Mutant,8.380154583206836e-16
12I,Mutant,0.030932841384984058
15I,Mutant,0.0006329572723675876
7I,Mutant,0.0007117579842493321
