sample,group,p_value
7,Mutant,0.007846582954044893
11,Mutant,1.3970189049313167e-14
15,Mutant,0.0033052479529264004
