sample,group,p_value
7,Mutant,0.007846582954097549
11,Mutant,1.4840218910002704e-14
15,Mutant,0.0033052479529478754
