sample,group,p_value
11I,Mutant,1.4310133732850838e-19
15I,Mutant,0.034862690743146026
7I,Mutant,7.652493391163847e-05
