sample,group,p_value
11G,Mutant,1.5651127037654509e-21
7G,Mutant,7.652493391163847e-05
