sample,group,p_value
7,Mutant,7.652493391163847e-05
11,Mutant,1.4310133732850838e-19
15,Mutant,0.034862690743146026
