sample,group,p_value
7,Mutant,7.652493391249939e-05
11,Mutant,1.4310133734167163e-19
15,Mutant,0.03486269074315472
