sample,group,p_value
11I,Mutant,0.04458223128199963
12I,Mutant,1.965768356919241e-05
4I,Mutant,0.004377308184070266
8I,Mutant,0.022250699872431508
