sample,group,p_value
11I,Mutant,0.044582231281908836
12I,Mutant,1.965768356920196e-05
4I,Mutant,0.004377308184149115
8I,Mutant,0.022250699872377714
