sample,group,p_value
11A,Mutant,0.029965215575205328
11F,Mutant,0.035899094009374626
11S,Mutant,0.04631612436104836
11Y,Mutant,7.080938079384584e-07
12A,Mutant,0.0001693197391071478
12S,Mutant,0.040235734510571976
4A,Mutant,0.010691769632718028
5A,Mutant,0.04194139898018131
