sample,group,p_value
11A,Mutant,0.029965215575454875
11F,Mutant,0.0358990940095133
11S,Mutant,0.046316124360588684
11Y,Mutant,7.080938079272432e-07
12A,Mutant,0.0001693197391087844
12S,Mutant,0.0402357345108792
4A,Mutant,0.010691769632922885
5A,Mutant,0.04194139898005939
