sample,group,p_value
7,Mutant,0.0200476193814099
12,Mutant,0.0003948515512392947
