sample,group,p_value
7,Mutant,0.02004761938146863
12,Mutant,0.0003948515512378407
