sample,group,p_value
A,Mutant,2.3302030061818366e-06
F,Mutant,0.029394717516862505
T,Mutant,0.026144006970942043
