sample,group,p_value
A,Mutant,2.3302030062260496e-06
F,Mutant,0.029394717516985462
T,Mutant,0.02614400697071562
