sample,group,p_value
AI,Mutant,2.3302030061818366e-06
TI,Mutant,0.009768373181394714
