sample,group,p_value
AI,Mutant,2.3302030062259764e-06
TI,Mutant,0.009768373181304399
