sample,group,p_value
AI,Mutant,0.000471572161870173
TI,Mutant,0.04398070220905548
