sample,group,p_value
12I,Mutant,0.00011071508814608804
5A,Mutant,0.03550584762569886
