sample,group,p_value
A,Mutant,0.004661877143515012
F,Mutant,0.03772593873080498
