sample,group,p_value
AI,Mutant,0.009062895964510572
FA,Mutant,0.027221640197335587
