sample,group,p_value
11I,Mutant,0.014271832059880998
15I,Mutant,0.003261050868059568
