sample,group,p_value
11I,Mutant,0.014271832059926106
15I,Mutant,0.0032610508680630634
