sample,group,p_value
7,Mutant,0.024406994578627265
11,Mutant,0.010414980750617201
15,Mutant,0.0006311979039191426
