sample,group,p_value
7,Mutant,0.024406994578610026
11,Mutant,0.010414980750586573
15,Mutant,0.0006311979039185679
