sample,group,p_value
A,Mutant,0.028670809422448637
G,Mutant,8.590525548756553e-06
