sample,group,p_value
A,Mutant,0.028670809422244672
G,Mutant,8.590525548792662e-06
