sample,group,p_value
AI,Mutant,0.028670809422244672
GI,Mutant,8.590525548792662e-06
