sample,group,p_value
AI,Mutant,0.028670809422448637
GI,Mutant,8.590525548756553e-06
