sample,group,p_value
11G,Mutant,2.2962696965114398e-12
12G,Mutant,0.01207539455887425
15G,Mutant,0.016857534278727288
7G,Mutant,0.00030604587919980537
