sample,group,p_value
11I,Mutant,5.0077904874574386e-11
12I,Mutant,0.01776807933400916
15I,Mutant,0.004315381360838742
7I,Mutant,0.011548711472171728
