sample,group,p_value
11I,Mutant,5.007790487443742e-11
12I,Mutant,0.017768079334081012
15I,Mutant,0.004315381360860962
7I,Mutant,0.011548711472131578
