sample,group,p_value
11G,Mutant,2.2962696965099752e-12
12G,Mutant,0.012075394558876632
15G,Mutant,0.01685753427864211
7G,Mutant,0.00030604587919858504
