sample,group,p_value
7,Mutant,0.002349121208543853
11,Mutant,5.67295945018992e-12
15,Mutant,0.018922550114494598
