sample,group,p_value
7,Mutant,0.0023491212085349606
11,Mutant,5.672959450167672e-12
15,Mutant,0.018922550114521916
