sample,group,p_value
11F,Mutant,0.020498223039008088
12S,Mutant,0.0063896635368572725
4A,Mutant,0.018293629720952307
8A,Mutant,0.013564847324377753
