sample,group,p_value
11F,Mutant,0.02049822303908949
12S,Mutant,0.00638966353679554
4A,Mutant,0.018293629721040643
8A,Mutant,0.013564847324241664
