sample,group,p_value
A,Mutant,9.258982595613004e-09
F,Mutant,0.029281981163552632
T,Mutant,0.0025906765222501104
