sample,group,p_value
AI,Mutant,0.00031622366313027993
FI,Mutant,0.029186832610785335
