sample,group,p_value
11F,Mutant,0.04759009272125304
11S,Mutant,0.030869637048695546
11Y,Mutant,4.844861872915578e-06
12A,Mutant,0.0005557625411964048
4A,Mutant,0.005624626721571286
8A,Mutant,0.013912975662651466
