sample,group,p_value
12I,Mutant,6.0916176630368146e-05
4I,Mutant,0.000597753821209642
8I,Mutant,0.01018802425371093
