sample,group,p_value
11F,Mutant,0.04759009272133285
11S,Mutant,0.0308696370488664
11Y,Mutant,4.844861872922784e-06
12A,Mutant,0.0005557625411926264
4A,Mutant,0.0056246267215135206
8A,Mutant,0.013912975662783591
