sample,group,p_value
12I,Mutant,6.091617663058631e-05
4I,Mutant,0.0005977538212113878
8I,Mutant,0.010188024253809332
