sample,group,p_value
AI,Mutant,2.9617888521420857e-07
TI,Mutant,0.020609003041679265
