sample,group,p_value
AI,Mutant,2.9617888521238846e-07
TI,Mutant,0.020609003041476608
