sample,group,p_value
11G,Mutant,7.754648702074945e-26
15G,Mutant,0.010246755140672156
4F,Mutant,0.033432331566799346
7G,Mutant,0.0001323319095284089
