sample,group,p_value
FA,Mutant,0.021456877650359574
GI,Mutant,7.551352157819069e-35
