sample,group,p_value
A,Mutant,0.012950808213760276
I,Mutant,2.7389224637427903e-21
