sample,group,p_value
3,Mutant,0.0017207969450722537
8,Mutant,0.00012676355208251765
12,Mutant,4.064591255559454e-09
