sample,group,p_value
A,Mutant,6.0704613615585235e-15
T,Mutant,1.756935057511087e-07
V,Mutant,0.006078681234478337
Y,Mutant,0.00017373409225703886
