sample,group,p_value
A,Mutant,6.070461361577917e-15
T,Mutant,1.7569350575105804e-07
V,Mutant,0.006078681234463788
Y,Mutant,0.00017373409225605028
