sample,group,p_value
AI,Mutant,7.37721332754065e-15
TI,Mutant,2.766074340390814e-07
VI,Mutant,0.004571541083861131
YA,Mutant,6.491233874346712e-05
