sample,group,p_value
11I,Mutant,6.684366931996386e-05
15I,Mutant,0.003038613498378203
7I,Mutant,0.0006536703425381492
