sample,group,p_value
7,Mutant,5.58318933194078e-05
11,Mutant,0.0018665031879800404
