sample,group,p_value
A,Mutant,0.00013278374578249574
G,Mutant,7.172842910320787e-09
