sample,group,p_value
A,Mutant,0.00018057848202072756
G,Mutant,7.172842910299372e-09
