sample,group,p_value
11A,Mutant,0.009887411170031465
12A,Mutant,0.0009269704166514436
12S,Mutant,0.01692957109204813
12T,Mutant,7.288693858290505e-05
12V,Mutant,0.0002208345515052509
8A,Mutant,0.00010775501965137525
