sample,group,p_value
11I,Mutant,0.009297119806437978
12I,Mutant,9.281829874700692e-11
4I,Mutant,0.04354774352850257
8I,Mutant,9.166446791734255e-05
