sample,group,p_value
A,Mutant,2.517134742584263e-07
F,Mutant,0.02359821957881207
S,Mutant,0.03907023112925922
T,Mutant,5.300908255213584e-05
V,Mutant,6.035061144052821e-05
