sample,group,p_value
11I,Mutant,0.011749809121528437
15I,Mutant,0.012044957402881385
7I,Mutant,0.005173285675885028
