sample,group,p_value
11G,Mutant,0.005955512219332577
7G,Mutant,0.0005795055685933652
