sample,group,p_value
11I,Mutant,0.011749809121575609
15I,Mutant,0.012044957402912133
7I,Mutant,0.0051732856758870795
