sample,group,p_value
7,Mutant,0.004617664079650222
11,Mutant,0.0019460631699437876
15,Mutant,0.014203510113832543
