sample,group,p_value
A,Mutant,0.001374160940448986
G,Mutant,3.9889058671024086e-08
