sample,group,p_value
A,Mutant,0.0013741609404650486
G,Mutant,3.9889058670766595e-08
