sample,group,p_value
7,Mutant,0.0013722457906683277
11,Mutant,2.1572139012173353e-12
15,Mutant,0.005390869360774322
