sample,group,p_value
11I,Mutant,6.779347305892098e-05
15I,Mutant,0.03669963915276603
