sample,group,p_value
11I,Mutant,6.779347305880906e-05
15I,Mutant,0.036699639152754135
