sample,group,p_value
11,Mutant,9.891513387418503e-06
15,Mutant,0.034297304633446886
