sample,group,p_value
11,Mutant,9.8915133874842e-06
15,Mutant,0.034297304633458536
