sample,group,p_value
7,Mutant,0.0044030495905944475
11,Mutant,4.718418799673679e-08
