Sequence	Interface	InterfaceSequence	Baseline	Dimer	Dimerw/Baseline	HBONDDimer	HBONDMonomer	IMM1Dimer	IMM1Monomer	Monomer	MonomerSasa	SequenceProbability	Total	VDWDimer	VDWMonomer	acceptCycleNumber	axialRotation	bestEnergyTotal	crossingAngle	currEnergyTotal	currEntropy	endAxialRotation	endCrossingAngle	endXShift	endZShift	energyComparison	entropyDiff	geometryNumber	prevEntropy	startEnergy	xShift	zShift	
LLLGALLTSLLYGLLTYLILI	133001200220032003201	L--GAL-TS--YG--TY--LI	357.112	-49.7504	307.361	-87.0217	-88.0346	-226.65	-273.278	-358.908	4564.04	7.96498e-06	169.492	263.922	2.4045	162	-45.3263	308.326	-37.6401	308.314	0.952787	-46.0918	-38.0922	8.23819	4.08369	0.0119069	-0.820686	1	0.132101	309.158	8.16832	3.85803	
LLLGTLLFGLLTTLLAYLILI	133001200220032003201	L--GTL-FG--TT--AY--LI	344.098	91.9247	436.023	-80.5715	-72.586	-227.8	-272.417	-344.468	4557.76	9.60162e-06	304.247	400.296	0.535036	137	-45.32	436.309	-38.21	436.267	0.244161	-45.3263	-37.6401	8.16832	3.85803	0.0419878	0.398052	0	0.642213	436.393	8.14	3.69	
LLLYALLTSLLFGLLTYLILI	133001200220032003201	L--YAL-TS--FG--TY--LI	350.805	-180.265	170.54	-87.898	-88.0376	-231.508	-281.607	-352.778	4695.7	1.83663e-05	119.373	139.141	16.8672	133	-46.0918	171.38	-38.0922	171.136	0.595564	-46.3671	-37.9226	8.17649	4.19853	0.244038	-0.326092	2	0.269472	172.513	8.23819	4.08369	
