sample,group,p_value
G,clash,2.2255154198380152e-29
G,void,0.11856515583722865
