sample,group,p_value
11I,Mutant,0.00013073512737531926
12I,Mutant,8.667691589928255e-18
4I,Mutant,0.016305528495957705
8I,Mutant,1.4885355686184941e-05
