sample,group,p_value
11A,Mutant,0.001192198682306203
12A,Mutant,4.144758915045011e-09
12L,Mutant,0.009739509011025728
12T,Mutant,3.247072341192926e-05
12V,Mutant,0.00072149176316017
8A,Mutant,3.608669061409708e-06
