sample,group,p_value
3,Mutant,0.008274918083696499
8,Mutant,0.00017299573135137606
12,Mutant,4.197840109365425e-09
