sample,group,p_value
3,Mutant,0.008274918083699947
8,Mutant,0.0001729957313510446
12,Mutant,4.197840109375233e-09
