sample,group,p_value
AI,Mutant,9.478691445096493e-16
TI,Mutant,1.3945562809113922e-06
VI,Mutant,0.004571541083861103
YA,Mutant,0.0024799683382064493
