sample,group,p_value
A,Mutant,0.0323119483806479
G,Mutant,1.6109104651698218e-20
Y,Mutant,0.02985259104734507
