sample,group,p_value
AI,Mutant,0.029395173609364184
GI,Mutant,7.960947147903795e-20
