sample,group,p_value
11G,Mutant,9.990498732289502e-22
7G,Mutant,7.652493391163847e-05
