sample,group,p_value
11I,Mutant,9.990498732289575e-22
7I,Mutant,7.652493391163847e-05
