sample,group,p_value
11I,Mutant,1.5627580209482225e-18
7I,Mutant,7.652493391249939e-05
