sample,group,p_value
7,Mutant,7.652493391249939e-05
11,Mutant,1.5627580209482225e-18
