sample,group,p_value
7,Mutant,0.007063343080307499
11,Mutant,1.0912774406492248e-14
15,Mutant,0.02219885476315478
