sample,group,p_value
7,Mutant,0.007063343080264067
11,Mutant,1.0912774406418286e-14
15,Mutant,0.022198854763187028
