sample,group,p_value
11G,Mutant,3.76855950994283e-12
12G,Mutant,0.010312153670468484
15G,Mutant,0.008616548543232926
7G,Mutant,1.02283116539993e-06
