sample,group,p_value
11I,Mutant,1.9978577178325707e-11
12I,Mutant,0.014478909206710227
15I,Mutant,0.007598044652789601
7I,Mutant,0.006038406961696626
