sample,group,p_value
11G,Mutant,3.768559509923627e-12
12G,Mutant,0.010312153670540296
15G,Mutant,0.008616548543250946
7G,Mutant,1.0228311654125426e-06
