sample,group,p_value
7,Mutant,0.002572188373632701
11,Mutant,2.4159650268545218e-12
15,Mutant,0.03909442125235325
