sample,group,p_value
7,Mutant,0.0025721883736195667
11,Mutant,2.4159650268398636e-12
15,Mutant,0.03909442125238932
