sample,group,p_value
G,clash,1.0387063956451992e-15
L,clash,0.005446414079671377
R,clash,2.0637485394063016e-15
G,void,0.4293696952812369
L,void,0.03432523350610411
R,void,0.05377900006563062
