sample,group,p_value
G,clash,1.0387063956470745e-15
L,clash,0.005446414079699865
R,clash,2.063748539418586e-15
G,void,0.4293696952825934
L,void,0.0343252335061314
R,void,0.05377900006582465
