sample,group,p_value
11G,Mutant,0.03720390188027077
7A,Mutant,0.006350291056636791
7G,Mutant,0.00258761840258367
