sample,group,p_value
7,Mutant,0.03154554174144366
11,Mutant,0.024577998809007844
15,Mutant,0.024024274038224654
