sample,group,p_value
A,Mutant,0.0023577173021631322
G,Mutant,0.00022574980654652458
