sample,group,p_value
G,clash,7.959083054570854e-14
G,void,0.3709263648195583
