sample,group,p_value
G,clash,7.959083054526533e-14
G,void,0.37092636481835095
