sample,group,p_value
11G,Mutant,1.1244610904944153e-12
12G,Mutant,0.021272221577668164
15G,Mutant,0.01986381466375165
7G,Mutant,1.0228311654125426e-06
