sample,group,p_value
11G,Mutant,1.1244610905042209e-12
12G,Mutant,0.021272221577630333
15G,Mutant,0.019863814663704158
7G,Mutant,1.0228311653999377e-06
