sample,group,p_value
11A,Mutant,0.0007710712090035856
12A,Mutant,8.762512901860791e-09
12T,Mutant,0.000357096982234498
12V,Mutant,0.004468837810053607
4A,Mutant,0.0022239348716877605
8A,Mutant,8.143205635427779e-05
8S,Mutant,0.04088971911085158
8T,Mutant,0.010210026138053038
