sample,group,p_value
11I,Mutant,0.00030947690889634804
12I,Mutant,2.7941655746010903e-14
4I,Mutant,0.00020608787087716295
8I,Mutant,3.932685373143615e-06
