sample,group,p_value
8,Mutant,0.00011543776168565518
12,Mutant,1.2445238610324138e-07
