sample,group,p_value
A,Mutant,4.1994983074557745e-15
T,Mutant,1.2937746869790087e-07
V,Mutant,0.0009285257287592215
