sample,group,p_value
A,Mutant,0.04743269299227238
S,Mutant,0.04622813887362315
Y,Mutant,0.03828883612186922
