sample,group,p_value
A,Mutant,0.04743269299200265
S,Mutant,0.04622813887393041
Y,Mutant,0.03828883612169924
