sample,group,p_value
A,Mutant,6.056739001523489e-14
F,Mutant,0.011636231306127325
T,Mutant,7.395770824999927e-08
V,Mutant,0.006367433928700162
