Sample,PercentGpA,Total,VDWDiff,HBONDDiff,IMM1Diff
C1,39.7268654521897,-18.1389,-36.1497,0.0508000000000095,17.96
C2,193.223909124941,-38.8567,-54.4403,-4.8799,20.464
B1,53.9891968110017,-21.3006,-44.9187,0.201399999999992,23.417
B2,141.847555498326,-40.0009,-48.1464,-11.3764,19.522