sample,group,p_value
G,void,0.6820099337256481
L,void,0.010080324376747631
R,void,0.023369889239268377
G,clash,2.177438811894711e-09
L,clash,0.009938280766173705
R,clash,2.2910798162343584e-14
