sample,group,p_value
11I,Mutant,2.9636997217228694e-05
12I,Mutant,2.9169898651663984e-17
4I,Mutant,6.908166411240924e-05
8I,Mutant,2.1763539187283348e-07
