sample,group,p_value
11A,Mutant,0.00021676175102505776
12A,Mutant,5.547678418277909e-10
12L,Mutant,0.004937926985694208
12S,Mutant,0.013135198569553926
12T,Mutant,0.0005109228284033187
12V,Mutant,0.0004745167028863606
4A,Mutant,0.0022239348716877605
8A,Mutant,5.7438005362599485e-05
8S,Mutant,0.04088971911085158
8T,Mutant,0.0007344381141236393
