sample,group,p_value
AI,Mutant,1.5538444374382863e-17
LI,Mutant,0.043121468057687254
SI,Mutant,0.0012714460785994588
TI,Mutant,4.311383759186779e-08
VI,Mutant,0.00011551306296185508
YA,Mutant,0.0009423588076129977
