sample,group,p_value
A,Mutant,6.700598144667818e-16
T,Mutant,8.781506146564032e-09
