sample,group,p_value
A,Mutant,6.700598144611421e-16
T,Mutant,8.781506146611825e-09
