sample,group,p_value
AI,Mutant,4.609466845719697e-16
LI,Mutant,0.048691015997838254
TI,Mutant,4.974386161889935e-09
