sample,group,p_value
AI,Mutant,4.609466845679709e-16
LI,Mutant,0.048691015997841425
TI,Mutant,4.9743861619174585e-09
