sample,group,p_value
A,Mutant,0.03463347286686669
I,Mutant,5.032126643504101e-17
