sample,group,p_value
11A,Mutant,0.0021572236070670748
12A,Mutant,5.071734611945363e-10
12L,Mutant,0.0030291342509293543
12T,Mutant,1.7302133048494823e-05
12V,Mutant,1.4601305479676876e-05
3Y,Mutant,8.023884706448163e-05
8A,Mutant,1.1274372954151142e-06
8T,Mutant,0.00019891986184725007
