sample,group,p_value
11I,Mutant,0.008285907498839267
12I,Mutant,4.629857300856945e-18
3A,Mutant,0.00021756319171827056
8I,Mutant,1.0323530594584528e-09
