sample,group,p_value
3,Mutant,0.00015289580522181485
8,Mutant,7.904807747824979e-08
12,Mutant,1.3311048888042876e-15
