sample,group,p_value
3,Mutant,0.00015289580522066665
8,Mutant,7.904807747826225e-08
12,Mutant,1.3311048887994545e-15
