sample,group,p_value
A,Mutant,9.540736822369353e-15
T,Mutant,1.3919858339704941e-09
Y,Mutant,0.00022722149881355575
