sample,group,p_value
A,Mutant,9.540736822323398e-15
T,Mutant,1.3919858339795327e-09
Y,Mutant,0.00022722149881493123
