sample,group,p_value
AI,Mutant,9.540736822323398e-15
TI,Mutant,3.809190509602357e-10
VI,Mutant,0.046129983719526126
YA,Mutant,0.0008673743205615228
