sample,group,p_value
11G,Mutant,7.19852478904459e-17
12G,Mutant,0.01853421667358868
15G,Mutant,0.005562528575337404
7A,Mutant,0.01583309459046403
7G,Mutant,2.6695654855413676e-07
