sample,group,p_value
11G,Mutant,7.198524789012752e-17
12G,Mutant,0.018534216673669876
15G,Mutant,0.005562528575353075
7A,Mutant,0.015833094590495013
7G,Mutant,2.6695654855685484e-07
