sample,group,p_value
11I,Mutant,1.2418739475096019e-17
15I,Mutant,0.0003834491786040739
7I,Mutant,0.00014166282399576618
