sample,group,p_value
11I,Mutant,1.1630598969506046e-17
15I,Mutant,0.0003834491786045655
7I,Mutant,0.00014166282399535608
