sample,group,p_value
7,Mutant,0.00034450843850554523
11,Mutant,4.250987272832676e-16
15,Mutant,0.010044885459364869
