sample,group,p_value
7,Mutant,0.0003445084385024282
11,Mutant,4.0099899205431907e-16
15,Mutant,0.010044885459364451
