sample,group,p_value
A,Mutant,0.00506141919874348
G,Mutant,1.8947334532797483e-24
