sample,group,p_value
A,Mutant,0.005719105879979002
G,Mutant,1.8947334532798974e-24
