sample,group,p_value
AI,Mutant,0.005061419198743443
GI,Mutant,4.4355901214718314e-24
TI,Mutant,0.03962513616795818
