sample,group,p_value
AI,Mutant,0.005719105879979002
GI,Mutant,4.4355901214652575e-24
TI,Mutant,0.039625136168480665
