sample,group,p_value
11I,Mutant,3.473607120764447e-05
15I,Mutant,0.0021895028634731036
7I,Mutant,0.0006536703425381492
