sample,group,p_value
11I,Mutant,0.00013369096604498059
15I,Mutant,0.0006773039745651625
7I,Mutant,0.0006536703425385867
