sample,group,p_value
11G,Mutant,0.0003931401200599547
15G,Mutant,0.011894685745703988
7G,Mutant,3.621776246334068e-05
