sample,group,p_value
7,Mutant,0.0074001721325233725
11,Mutant,0.0003480582421096242
15,Mutant,0.017425135981858922
