sample,group,p_value
7,Mutant,0.007400172132518518
11,Mutant,0.00032671127530864777
15,Mutant,0.017425135981873827
