sample,group,p_value
A,Mutant,0.0001805784820207249
G,Mutant,1.127517431645309e-09
