sample,group,p_value
A,Mutant,0.00027776082630212053
F,Mutant,0.042262804098043276
G,Mutant,2.5820484675304144e-09
