sample,group,p_value
AI,Mutant,0.0001805784820207266
GI,Mutant,2.208441047199723e-09
