sample,group,p_value
AI,Mutant,0.0008091587969444291
GI,Mutant,1.8213894626721291e-09
