sample,group,p_value
AI,Mutant,4.315418014561074e-05
TI,Mutant,0.02313713578739401
