sample,group,p_value
12A,Mutant,2.6458444006759083e-05
12T,Mutant,0.01794769270760454
