sample,group,p_value
11I,Mutant,0.01597179705483841
12I,Mutant,4.338654231447566e-05
