sample,group,p_value
11,Mutant,0.00572710091331092
12,Mutant,0.00045880011647926844
