sample,group,p_value
A,Mutant,0.00790515258070664
T,Mutant,0.0013955609456777667
