sample,group,p_value
A,Mutant,0.0043059588512011585
I,Mutant,0.004235911056967951
