sample,group,p_value
14F,Mutant,0.02469254042555611
4Y,Mutant,0.018972212061509057
