sample,group,p_value
14A,Mutant,0.0071740836644067305
4A,Mutant,0.04055224869598687
8I,Mutant,0.04629012185748315
