sample,group,p_value
F,Mutant,0.0032404866884420177
S,Mutant,0.03900952334612484
