sample,group,p_value
AI,Mutant,0.04281640186992046
FA,Mutant,0.0008441953774040007
SI,Mutant,0.03569495780646523
