sample,group,p_value
G,clash,3.2042683463786813e-07
G,void,0.7374795820964022
