sample,group,p_value
G,clash,3.204268346373501e-07
G,void,0.7374795820964033
