sample,group,p_value
11I,Mutant,2.2031276346360663e-11
12I,Mutant,0.010242861126200051
15I,Mutant,0.0018173342564418373
7I,Mutant,0.0019471950918555645
