sample,group,p_value
11I,Mutant,2.2031276346259294e-11
12I,Mutant,0.010242861126303765
15I,Mutant,0.0018173342564551866
7I,Mutant,0.001947195091850608
