sample,group,p_value
11G,Mutant,1.0150338991307161e-11
12G,Mutant,0.005958549767531265
15G,Mutant,0.0020809543166698816
7G,Mutant,5.551011229071765e-07
