sample,group,p_value
11G,Mutant,1.0150338991259136e-11
12G,Mutant,0.005958549767575865
15G,Mutant,0.0020809543166878325
7G,Mutant,5.551011229176114e-07
