sample,group,p_value
7,Mutant,0.0007283060726395087
11,Mutant,3.457861720607477e-12
15,Mutant,0.006802960712307929
