sample,group,p_value
7,Mutant,0.0007283060726419124
11,Mutant,3.4578617206296354e-12
15,Mutant,0.006802960712286081
