sample,group,p_value
11I,Mutant,0.048438168261660024
12I,Mutant,0.01530169247621544
