sample,group,p_value
11I,Mutant,0.04843816826164481
12I,Mutant,0.015301692476197682
