sample,group,p_value
G,void,0.06285208400910489
L,void,0.01328060209372767
R,void,0.10463140153395759
G,clash,1.4053271488329317e-27
L,clash,0.003315512546478917
R,clash,3.515402489856014e-16
