sample,group,p_value
AI,Mutant,9.00365213465602e-06
TI,Mutant,0.00018828386189260473
VI,Mutant,0.0016510615026791896
YA,Mutant,0.006056402599674074
