Sequence	Interface	InterfaceSequence	Baseline	Dimer	Dimerw/Baseline	HBONDDimer	HBONDMonomer	IMM1Dimer	IMM1Monomer	Monomer	MonomerSasa	SequenceProbability	Total	VDWDimer	VDWMonomer	acceptCycleNumber	axialRotation	bestEnergyTotal	crossingAngle	currEnergyTotal	currEntropy	endAxialRotation	endCrossingAngle	endXShift	endZShift	energyComparison	entropyDiff	geometryNumber	prevEntropy	startEnergy	xShift	zShift	
LLLYTLLTGLLTGLLTWLILI	103000300120022003312	LL-YTL-TGL-TG--TW--L-	371.814	-379.703	-7.88875	-87.8987	-86.2985	-233.296	-281.56	-366.604	4605.47	3.16537e-07	-6.06058	-58.5078	1.25487	113	-11.2528	-6.49501	-39.2195	-6.61241	1.27634	-10.6876	-39.0914	8.70361	5.8061	0.117404	-1.20349	1	0.0728516	-13.0987	8.6744	5.81412	
LLLYTLLTTLLTGLLTWLILI	103000300120022003312	LL-YTL-TTL-TG--TW--L-	376.286	-388.464	-12.1782	-97.5978	-100.158	-234.551	-286.166	-380.368	4679.19	9.83127e-08	2089.33	-56.3154	5.95557	114	-11.61	-10.5394	-39.49	-10.7836	1.39457	-11.2528	-39.2195	8.6744	5.81412	0.244238	-1.33559	0	0.0589809	-8.09585	8.7	5.54	
