sample,group,p_value
G,void,0.5621458255261917
L,void,0.013998133086217699
R,void,0.009674137946806348
G,clash,1.4941028976191753e-17
L,clash,6.581103372812532e-06
R,clash,3.288217279443365e-23
