sample,group,p_value
G,void,0.5621458255287146
L,void,0.013998133086312009
R,void,0.009674137946854783
G,clash,1.494102897626126e-17
L,clash,6.581103372865101e-06
R,clash,3.28821727946104e-23
