sample,group,p_value
11G,Mutant,1.967162715576103e-05
15G,Mutant,0.0016686364170566451
7G,Mutant,4.314354689491061e-05
