sample,group,p_value
11I,Mutant,0.0017273217385862373
15I,Mutant,0.025850966158853593
