sample,group,p_value
11,Mutant,0.00013491651214076085
15,Mutant,0.028219544247587394
