sample,group,p_value
A,Mutant,9.76507896617842e-09
T,Mutant,0.005050257597621753
