sample,group,p_value
AI,Mutant,9.062863505575537e-09
TI,Mutant,0.0050502575976217705
