sample,group,p_value
G,void,0.7948157035214439
L,void,0.03339453610034153
R,void,0.0036447221622336683
G,clash,7.747204402931418e-10
L,clash,1.647324030113611e-05
R,clash,5.585167665829227e-22
