sample,group,p_value
A,Mutant,0.022391900222852368
I,Mutant,0.03794740497366137
