sample,group,p_value
A,Mutant,0.022391900222855244
I,Mutant,0.03794740497345724
