Sequence	Interface	InterfaceSequence	Baseline	Dimer	Dimerw/Baseline	HBONDDimer	HBONDMonomer	IMM1Dimer	IMM1Monomer	Monomer	MonomerSasa	SequenceProbability	Total	VDWDimer	VDWMonomer	acceptCycleNumber	axialRotation	bestEnergyTotal	crossingAngle	currEnergyTotal	currEntropy	endAxialRotation	endCrossingAngle	endXShift	endZShift	energyComparison	entropyDiff	geometryNumber	prevEntropy	startEnergy	xShift	zShift	
LLLGGLLYSLLFGLLTTLILI	033001200120022003312	L--GGL-YSL-FG--TT--L-	342.963	-137.791	205.171	-86.4301	-87.9719	-221.363	-270.462	-350.189	4534.98	5.98348e-06	210.099	170.002	8.2451	125	-45.7563	205.743	-36.0877	205.54	0.368877	-46.5473	-35.5179	7.26336	4.53657	0.203132	0.0860566	2	0.454934	212.398	7.23507	4.63486	
LLLYGLLYSLLFGLLTTLILI	033001200120022003312	L--YGL-YSL-FG--TT--L-	340.355	-24.7373	315.618	-84.9658	-87.9719	-226.61	-280.676	-349.828	4656.05	5.17395e-06	246.655	286.838	18.8202	115	-46.91	316.465	-36.67	316.073	0.454934	-45.8674	-35.6852	7.13955	4.76682	0.391888	-0.0860566	0	0.368877	325.091	7.08	4.96	
LLLYGLLYSLLGALLSTLILI	033001200120022003312	L--YGL-YSL-GA--ST--L-	367.734	-115.822	251.912	-81.3215	-89.5879	-221.488	-274.507	-361.864	4541.2	8.35048e-06	215.207	186.987	2.23095	139	-45.8674	252.403	-35.6852	252.367	0.454934	-45.7563	-36.0877	7.23507	4.63486	0.0368184	-0.0860566	1	0.368877	246.042	7.13955	4.76682	
