sample,group,p_value
G,clash,3.882671198345603e-15
G,void,0.30599593484324833
