sample,group,p_value
G,clash,3.882671198352848e-15
G,void,0.3059959348423464
