sample,group,p_value
11I,Mutant,1.9815451626994435e-06
15I,Mutant,0.03661948413642992
7I,Mutant,0.006934120517041557
