sample,group,p_value
11G,Mutant,0.00030431177985101995
15G,Mutant,0.039893172488051624
7G,Mutant,3.621776246287108e-05
