sample,group,p_value
A,Mutant,0.014755630989747297
G,Mutant,1.3480855413944071e-09
