sample,group,p_value
AI,Mutant,0.012849306397325445
GI,Mutant,2.035964351062448e-08
