sample,group,p_value
G,void,0.18222101788184797
L,void,0.0022378255354494076
R,void,0.05395828420850678
G,clash,1.5052252302171792e-22
L,clash,1.0841034059566076e-05
R,clash,6.97346151029253e-23
