sample,group,p_value
G,void,0.18222101788041783
L,void,0.002237825535426624
R,void,0.05395828420831452
G,clash,1.5052252302262237e-22
L,clash,1.0841034059609786e-05
R,clash,6.9734615102633e-23
