sample,group,p_value
11G,Mutant,0.0003633280002615367
15G,Mutant,0.007822722787753639
7G,Mutant,3.6140857827798308e-06
