sample,group,p_value
7,Mutant,0.007400172132518506
11,Mutant,0.0021136618760443007
15,Mutant,0.012233286322014876
