sample,group,p_value
A,Mutant,0.00014383405575724004
G,Mutant,5.389242708543488e-08
