sample,group,p_value
AI,Mutant,0.014142765975551285
GI,Mutant,4.83008576615599e-08
