Sequence,Flow Mean,Mean Std,PercentGpA,PercentStd,Rep1-Fluor,Rep2-Fluor,Rep3-Fluor,Sample
LLLGFLLGCLLGMLLGAL,1.55,0.28,1.55,0.28,250375.58178676115,260777.22043434752,236206.5600474405,C
LLLWLLLGALLGALLAVL,1.39,0.19,1.39,0.19,200435.49905451684,177660.85608732078,195490.0888879919,C
LLLFLLLGLLLGALLAIL,1.3,0.12,1.3,0.12,177986.5818097258,215087.7647065859,217097.73949346668,C
LLLLILLGVLLGVLLTIL,1.24,0.46,1.24,0.46,200539.51841946685,204425.87013985048,201638.3003486985,C
LLLAVLLGFLLGWLLGLL,1.22,0.1,1.22,0.1,211415.1825087656,235301.70503311488,215657.16927090933,C
LLLVLLLGALLGLLLGAL,1.19,0.18,1.19,0.18,186958.96599740375,183636.88863614376,180887.3337241608,C
LLLALLLTFLLGLLLGFL,1.19,0.14,1.19,0.14,203900.84463428028,177626.9502058117,185385.11327429127,C
LLLSLLLGALLGLLLAAL,1.12,0.2,1.12,0.2,179956.56090484074,186563.20638801437,176899.04587178284,C
LLLMVLLGALLGALLVVL,0.95,0.15,0.95,0.15,182433.7933143971,182887.3910413555,179987.27657087898,C
LLLVLLLAMLLGALLAAL,0.94,0.16,0.94,0.16,185662.32737463707,185207.024387226,184696.60505130023,C
LLLYLLLGSLLGGLLTAL,0.85,0.2,0.85,0.2,188859.5732197461,174831.57964590093,167261.44910114718,C
LLLLVLLGVLLGSLLAGL,0.78,0.08,0.78,0.08,135290.57238727182,115244.57016065458,111742.59517204016,C
LLLSFLLAVLLGALLAFL,0.68,0.13,0.68,0.13,132797.7911701389,138387.7718544495,144983.4582319608,C
LLLFILLGVLLGILLCTL,0.61,0.11,0.61,0.11,131790.21238599462,142655.5435092612,122428.4309694886,C
LLLLVLLGALLGLLLALL,0.61,0.12,0.61,0.12,177110.44635954383,150805.7224507008,158969.77997622866,C
LLLLCLLMTLLGGLLSAL,0.58,0.12,0.58,0.12,131177.77382353638,137121.86465779008,128556.03109771936,C
LLLVLLLAVLLGALLAAL,0.52,0.12,0.52,0.12,87670.88012375687,104717.86890508787,120359.7075738215,C
LLLTGLLALLLGLLLGVL,0.51,0.05,0.51,0.05,142286.472888785,112722.76127295954,121175.0567130372,C
LLLLLLLGGLLGALLVWL,0.51,0.09,0.51,0.09,119839.449870436,105490.43465080071,96122.23845110404,C
LLLLLLLALLLGLLLGAL,0.4,0.1,0.4,0.1,129723.1800538869,127545.4185526698,110100.76116327006,C
LIIFGVMAGVIGT,1.0,0.04,1.0,0.2,152557.80430514057,152192.65603643234,160302.21853509263,C
LIIFGVMAIVIGT,0.3,0.04,0.3,0.05,50206.32348880976,40086.89337334989,40053.16519334301,C
