sample,group,p_value
G,clash,6.209301099025941e-14
G,void,0.33780036242694766
