sample,group,p_value
G,clash,6.209301099123207e-14
G,void,0.3378003624269631
