sample,group,p_value
11I,Mutant,1.439754110118114e-13
15I,Mutant,0.023799049235615564
7I,Mutant,0.0002474983890493619
