sample,group,p_value
7,Mutant,0.006345846330130268
11,Mutant,1.3772359091416692e-13
15,Mutant,0.03803860380395428
