sample,group,p_value
11I,Mutant,1.7180769372516155e-19
12I,Mutant,0.021292416190171425
15I,Mutant,6.461778460842681e-05
7I,Mutant,3.818824479918639e-09
