sample,group,p_value
11G,Mutant,2.3964870063065343e-20
12G,Mutant,0.0030987354427247323
15G,Mutant,0.000683314173987187
7G,Mutant,3.389755944773093e-14
