sample,group,p_value
7,Mutant,1.2532280447281667e-07
11,Mutant,3.614573738811489e-20
15,Mutant,0.0007464943175807882
