sample,group,p_value
A,Mutant,0.04165304657623835
G,Mutant,2.3869381470470216e-32
L,Mutant,0.048338229537946156
