sample,group,p_value
AI,Mutant,0.04165304657623849
GI,Mutant,2.3869381470470216e-32
LA,Mutant,0.022348919388866382
