sample,group,p_value
12A,Mutant,0.00013826579899998246
12S,Mutant,0.011470165035592804
4A,Mutant,0.0052074854417959475
4L,Mutant,0.0006118651413170048
8A,Mutant,0.0025507021533633604
