sample,group,p_value
11I,Mutant,0.014484450402119037
12I,Mutant,9.27013379473174e-05
4I,Mutant,0.0031787517445444977
8I,Mutant,0.026317512167705084
