sample,group,p_value
11I,Mutant,0.014484450402285413
12I,Mutant,9.270133794673897e-05
4I,Mutant,0.003178751744515587
8I,Mutant,0.026317512167521925
