sample,group,p_value
AI,Mutant,1.8305154502632577e-08
TI,Mutant,0.02586866721081494
