sample,group,p_value
G,clash,1.305550320773596e-09
L,clash,0.009938280766173705
R,clash,2.2910798162345572e-14
G,void,0.4835914142186083
L,void,0.010080324376747624
R,void,0.02336988923926769
