sample,group,p_value
11A,Mutant,0.0009143956215082137
12A,Mutant,1.614587580487449e-08
12T,Mutant,0.014762251143738296
4S,Mutant,0.04727669240984882
8A,Mutant,0.004297920234478013
8T,Mutant,0.0035591624903492055
