sample,group,p_value
8,Mutant,0.0001477969942135497
12,Mutant,8.993507667037083e-08
