sample,group,p_value
A,Mutant,1.3879673264322738e-11
T,Mutant,9.954158726602821e-06
