sample,group,p_value
A,Mutant,1.3879673264267985e-11
T,Mutant,9.954158726629967e-06
