sample,group,p_value
AI,Mutant,1.3879673264267985e-11
TI,Mutant,2.702084989493364e-06
