sample,group,p_value
11A,Mutant,0.025467022176274282
11Y,Mutant,1.1951680467642309e-05
12A,Mutant,0.0016784502662864178
4A,Mutant,0.0060628591837100215
4L,Mutant,0.011785390696782635
8A,Mutant,0.017825828647528533
8L,Mutant,0.013483965963434765
8S,Mutant,0.039169980177867915
