sample,group,p_value
11I,Mutant,0.010074187858681371
12I,Mutant,0.00023353217706088903
4I,Mutant,0.00940603518190547
