sample,group,p_value
12,Mutant,0.0026052806117318607
15,Mutant,0.026143445107449308
