sample,group,p_value
A,Mutant,5.556732876634956e-07
L,Mutant,0.03968118454638044
T,Mutant,0.03098939044936292
