sample,group,p_value
AI,Mutant,5.556732876666288e-07
TI,Mutant,0.02175059610539222
