sample,group,p_value
G,void,0.6593832187607689
L,void,0.033394536100602244
R,void,0.0036447221622629843
G,clash,7.747204402908697e-10
L,clash,1.6473240301152474e-05
R,clash,5.585167665791687e-22
