sample,group,p_value
G,clash,7.793461409887522e-22
L,clash,1.3370959352963319e-05
R,clash,5.630279327985079e-22
G,void,0.1709485840484859
L,void,0.0030426796688340346
R,void,0.01964037972990737
