sample,group,p_value
G,clash,7.42957121049072e-22
L,clash,1.3370959352842652e-05
R,clash,5.630279328005576e-22
G,void,0.1700183543659726
L,void,0.0030426796688241124
R,void,0.019640379729781075
