Sample,Sequence,Mutant,Position,Type,Mutant Type,WT_AA,mut_AA,PercentGpA,PercentStd,toxgreen_fluor,toxgreen_std,pos_wtAA,pos_mutAA,WT_MUT
G,LLLTALLFLLLGYLLGSLILI,LLLTALLFLLLGYLLISLILI,15,WT,clash,G,I,1.0902176615987655,0.1162041563337594,26267.8244955396,2280.738976240116,15G,15I,GI
G,LLLYLLLGALLGVLLSTLILI,LLLYLLLGALLIVLLSTLILI,11,WT,clash,G,I,0.8428830201770091,0.2177016175794687,20308.516385488827,4272.829648123144,11G,11I,GI
G,LLLVTLLLGLLFGLLFALILI,LLLVTLLLGLLAGLLFALILI,11,WT,void,F,A,0.8330505977064301,0.2273774113504676,20071.61291483627,4462.736452498793,11F,11A,FA
G,LLLALLLGVLLGTLLGFLILI,LLLAALLGVLLGTLLGFLILI,4,WT,void,L,A,0.9535039402641506,0.1158297263954683,22973.829026010488,2273.390039906808,4L,4A,LA
G,LLLAYLLGVLLGLLLAFLILI,LLLAALLGVLLGLLLAFLILI,4,WT,void,Y,A,1.120879346277354,0.0917568498201317,27006.59050553616,1800.911691454492,4Y,4A,YA
G,LLLYVLLGALLGILLTLLILI,LLLYVLLGALLGALLTLLILI,12,WT,void,I,A,0.953808510676055,0.1021938767810482,22981.16737908615,2005.759219544127,12I,12A,IA
G,LLLAFLLGTLLGVLLGLLILI,LLLAFLLGTLLGVLLGALILI,16,WT,void,L,A,1.3299063548579249,0.244265207184603,32042.91028784085,4794.193221172257,16L,16A,LA
G,LLLTVLLALLLGFLLGSLILI,LLLTVLLALLLGFLLISLILI,15,WT,clash,G,I,0.7769629407095923,0.069986458157335,18720.230725533205,1373.6242141732926,15G,15I,GI
G,LLLTALLFLLLGVLLASLILI,LLLTALLFLLLIVLLASLILI,11,WT,clash,G,I,0.8197424357000297,0.1079198890631077,19750.964592706445,2118.143662551448,11G,11I,GI
G,LLLTLLLGLLLGVLLGSLILI,LLLTLLLGLLLIVLLGSLILI,11,WT,clash,G,I,0.9090597279285144,0.210188212776299,21902.985275617568,4125.364052005791,11G,11I,GI
