sample,group,p_value
G,void,0.4370523605128467
L,void,0.0022637292670469426
R,void,0.0325311384555341
G,clash,1.5994757689208397e-15
L,clash,0.021296753317755376
R,clash,3.581922997107912e-11
