sample,group,p_value
11I,Mutant,0.00017361234045499077
12I,Mutant,9.157207920105519e-07
8I,Mutant,0.010684222839552712
