sample,group,p_value
11I,Mutant,0.00017361234045509363
12I,Mutant,9.157207920170618e-07
8I,Mutant,0.010684222839550212
