sample,group,p_value
A,Mutant,4.3324275188062225e-05
I,Mutant,0.001621398732935198
