sample,group,p_value
4A,Mutant,0.025495202969043756
4Y,Mutant,0.003326102538874736
8A,Mutant,0.01524368626638887
