sample,group,p_value
14A,Mutant,0.01044822760417587
4A,Mutant,0.021716220644466315
