sample,group,p_value
A,Mutant,0.032395907652729795
F,Mutant,0.020375394430652262
