sample,group,p_value
AI,Mutant,0.032395907652729795
FA,Mutant,0.010651589255575366
