Sequence	Interface	InterfaceSequence	Baseline	Dimer	Dimerw/Baseline	HBONDDimer	HBONDMonomer	IMM1Dimer	IMM1Monomer	Monomer	MonomerSasa	SequenceProbability	Total	VDWDimer	VDWMonomer	acceptCycleNumber	axialRotation	bestEnergyTotal	crossingAngle	currEnergyTotal	currEntropy	endAxialRotation	endCrossingAngle	endXShift	endZShift	energyComparison	entropyDiff	geometryNumber	prevEntropy	startEnergy	xShift	zShift	
LLLTYLLWTLLGTLLGTLILI	023002300230021003101	L--TY--WT--GT-LGT-ILI	372.652	-382.016	-9.3642	-96.7972	-86.4044	-236.625	-278.821	-366.895	4540.77	4.21311e-07	-5.52255	-48.5936	-1.66996	120	-68.02	-7.8921	-41.67	-8.71382	0.650378	-67.8601	-41.7422	8.95081	0.401124	0.821717	-0.410343	0	0.240035	-15.1211	8.95	0.36	
LLLYTLLTTLLGTLLGTLILI	023002300230021003101	L--YT--TT--GT-LGT-ILI	368.467	-380.861	-12.3937	-120.556	-100.24	-225.922	-276.094	-373.813	4516.67	1.98618e-07	1.20537	-34.3831	2.52158	106	-67.8601	-10.8867	-41.7422	-11.7724	0.62127	-67.2021	-41.1105	8.98021	0.422149	0.885729	-0.366126	1	0.255144	-7.04793	8.95081	0.401124	
