sample,group,p_value
11A,Mutant,0.0003850760271013646
12A,Mutant,5.282642966347639e-13
12L,Mutant,0.004937926985694189
12S,Mutant,0.0035895748128752215
12T,Mutant,0.0002442482684309131
12V,Mutant,2.4533034749014383e-05
8A,Mutant,5.621520038142497e-06
8T,Mutant,0.0017574163345659118
