sample,group,p_value
11I,Mutant,0.00013795829140672718
12I,Mutant,3.795033937750824e-19
4I,Mutant,0.023368120584743947
8I,Mutant,4.3705057371497733e-08
