sample,group,p_value
11A,Mutant,0.0003850760271012322
12A,Mutant,5.282642966367624e-13
12L,Mutant,0.004937926985701677
12S,Mutant,0.003589574812871869
12T,Mutant,0.0002442482684300099
12V,Mutant,2.4533034749040366e-05
8A,Mutant,5.62152003807119e-06
8T,Mutant,0.0017574163345656642
