sample,group,p_value
8,Mutant,1.6401020175482722e-05
12,Mutant,1.7843030736743793e-14
