sample,group,p_value
A,Mutant,5.946825716806841e-14
S,Mutant,0.02732747108314308
T,Mutant,5.896393307110268e-08
V,Mutant,0.006968105386595279
