sample,group,p_value
11I,Mutant,6.432927423620941e-05
15I,Mutant,0.0043257998193734154
7I,Mutant,2.5638367100935155e-05
