sample,group,p_value
7,Mutant,3.2909131606225835e-05
11,Mutant,0.0003967440622368797
