sample,group,p_value
12I,Mutant,0.00647051978835311
4I,Mutant,0.018657088705280486
8I,Mutant,0.044175901575775584
