sample,group,p_value
A,Mutant,0.03552776025878796
I,Mutant,0.00023493016519124515
