sample,group,p_value
11I,Mutant,0.025142066804557266
12I,Mutant,4.498787941156127e-07
5A,Mutant,0.0014334660800853273
