sample,group,p_value
11I,Mutant,0.025142066804869845
12I,Mutant,4.498787941184938e-07
5A,Mutant,0.0014334660800774306
