sample,group,p_value
11A,Mutant,0.045945655470332844
12A,Mutant,0.0003809064217783278
12S,Mutant,0.008685551596850707
4A,Mutant,0.02688975973162603
8A,Mutant,0.009098911166512808
