sample,group,p_value
11A,Mutant,0.04594565547094638
12A,Mutant,0.0003809064217820761
12S,Mutant,0.008685551596826617
4A,Mutant,0.026889759731056583
8A,Mutant,0.009098911166384178
