sample,group,p_value
5,Mutant,0.007221905315062653
12,Mutant,4.971499912967055e-05
