sample,group,p_value
5,Mutant,0.007221905315074744
12,Mutant,4.9714999129456455e-05
