sample,group,p_value
A,Mutant,1.822030483940876e-05
F,Mutant,0.0025945571646879893
L,Mutant,0.016297258641487008
T,Mutant,0.02497768989715486
V,Mutant,0.04279988104285306
