sample,group,p_value
A,Mutant,1.8220304839080233e-05
F,Mutant,0.0025945571646751892
L,Mutant,0.016297258641592868
T,Mutant,0.024977689897076612
V,Mutant,0.04279988104367533
