Sequence	Interface	InterfaceSequence	Baseline	Dimer	Dimerw/Baseline	HBONDDimer	HBONDMonomer	IMM1Dimer	IMM1Monomer	Monomer	MonomerSasa	SequenceProbability	Total	VDWDimer	VDWMonomer	acceptCycleNumber	axialRotation	bestEnergyTotal	crossingAngle	currEnergyTotal	currEntropy	endAxialRotation	endCrossingAngle	endXShift	endZShift	energyComparison	entropyDiff	geometryNumber	prevEntropy	startEnergy	xShift	zShift	
LLLTTLLTSLLGALLGGLILI	133002200130022003211	L--TT--TSL-GA--GG--LI	371.843	157.19	529.033	-89.6147	-74.0802	-215.376	-261.415	-360.447	4378.06	4.13564e-06	349.912	462.18	-24.9513	72	-25.4904	529.544	-37.0924	529.433	0.400165	-25.1067	-36.384	6.56238	-0.0776696	0.111121	0.0205339	2	0.420699	517.637	6.54731	0.10282	
LLLYGLLTSLLGALLGGLILI	133002200130022003211	L--YG--TSL-GA--GG--LI	349.8	3177.53	3527.33	-85.753	-74.0107	-212.832	-263.228	-342.079	4459.37	5.93146e-06	1671.25	3476.11	-4.84047	115	-27.56	3528.03	-38.43	3527.63	0.30482	-26.4674	-37.2606	6.47354	0.383314	0.395289	0.234025	0	0.538845	3519.61	6.53	0.54	
LLLYTLLTSLLGALLGGLILI	133002200130022003211	L--YT--TSL-GA--GG--LI	359.387	1321.02	1680.41	-89.1179	-74.0802	-216.917	-267.383	-350.349	4496.46	9.2112e-06	517.521	1627.06	-8.88636	113	-26.4674	1680.88	-37.2606	1680.63	0.219549	-25.4904	-37.0924	6.54731	0.10282	0.247145	0.47406	1	0.693609	1671.37	6.47354	0.383314	
