sample,group,p_value
11I,Mutant,2.0921717763225183e-05
15I,Mutant,0.01090481035335353
7I,Mutant,0.02574778911914203
