sample,group,p_value
11I,Mutant,2.092171776323798e-05
15I,Mutant,0.010904810353330694
7I,Mutant,0.025747789119158194
