sample,group,p_value
7,Mutant,0.008166946827491908
11,Mutant,1.7349956077617913e-05
15,Mutant,0.019103966783858842
