sample,group,p_value
A,Mutant,0.014755630989747328
G,Mutant,9.488071619756648e-09
