sample,group,p_value
11I,Mutant,0.0005033900130766743
12A,Mutant,0.0037341151998958166
12I,Mutant,1.616022144035701e-12
15A,Mutant,0.03240708330671728
3A,Mutant,0.04339758465228986
8I,Mutant,1.9393624794741715e-06
