sample,group,p_value
11A,Mutant,0.0005440330529226785
12A,Mutant,3.0075973305470836e-05
12S,Mutant,0.031226973694341662
12T,Mutant,0.00030140659517581233
12V,Mutant,0.0025341547320224312
3Y,Mutant,0.03915386293791922
8A,Mutant,9.045653286266914e-06
