sample,group,p_value
3,Mutant,0.03803342180546671
8,Mutant,0.003983833219607066
12,Mutant,3.325562517063841e-08
