sample,group,p_value
A,Mutant,2.6304465832072035e-10
T,Mutant,0.00024345649715938245
V,Mutant,0.004516042513961157
