sample,group,p_value
AI,Mutant,1.8824867074733852e-10
TI,Mutant,0.00024031379205736284
VI,Mutant,0.009588877894725813
