sample,group,p_value
11I,Mutant,8.884727827307612e-06
12I,Mutant,2.272505653028552e-17
3A,Mutant,0.0009394021052340952
4I,Mutant,0.00018033309480441022
8I,Mutant,5.8564504838051165e-08
