sample,group,p_value
A,Mutant,6.8230965424727015e-18
S,Mutant,0.0009671244379999897
T,Mutant,5.966272082507104e-07
V,Mutant,0.00028050822073110603
