sample,group,p_value
11A,Mutant,0.004348824420362059
12A,Mutant,0.0009269704166514436
12S,Mutant,0.016929571092048155
12T,Mutant,0.0015685152771085023
12V,Mutant,0.00022083455150525173
8A,Mutant,0.00010860032529237813
