sample,group,p_value
3,Mutant,0.006517808858306938
8,Mutant,0.001894625469556984
12,Mutant,2.988392985803371e-07
