AA,Count,Average
A,5455,0.02807629753155045
F,5067,0.026079303316657403
G,10773,0.05544747081712062
I,19140,0.09851151874498178
L,112012,0.5765137010273197
S,2892,0.0148848125501822
T,22314,0.11484775492557593
V,4157,0.021395631317810308
W,3821,0.01966627550285138
Y,8661,0.04457723426595022
