AA,Count,Average
A,715,0.021825396825396824
F,841,0.02567155067155067
G,3483,0.10631868131868132
I,3310,0.10103785103785104
L,18956,0.5786324786324787
S,439,0.0134004884004884
T,2773,0.08464590964590965
V,682,0.020818070818070817
W,421,0.01285103785103785
Y,1140,0.0347985347985348
