sample,group,p_value
11F,Mutant,0.034585072022723824
12S,Mutant,0.01757006019787401
8A,Mutant,0.045013863833042705
