sample,group,p_value
A,Mutant,0.006384861180475986
S,Mutant,0.017795805936630583
