sample,group,p_value
11G,Mutant,0.0008489340905030683
15G,Mutant,0.02917114281313777
7A,Mutant,0.005026355142938434
7G,Mutant,0.005799331755747941
