sample,group,p_value
11I,Mutant,0.0014342490842271481
15I,Mutant,0.0023254510950598555
7I,Mutant,0.0040432241402433705
