sample,group,p_value
7,Mutant,0.008090955818381793
11,Mutant,0.009995937121313327
15,Mutant,0.044493478447547176
