sample,group,p_value
A,Mutant,0.0003368005394656779
G,Mutant,1.7585396638984082e-07
