sample,group,p_value
11I,Mutant,0.011696193107426969
12I,Mutant,2.323260809712662e-08
8I,Mutant,0.04858962292033143
