sample,group,p_value
11A,Mutant,0.005960666261683507
12A,Mutant,0.009544602743308414
12S,Mutant,0.0268030872019855
12T,Mutant,0.0005360947452866116
12V,Mutant,0.0021471058997841663
3Y,Mutant,0.020560621651049975
