sample,group,p_value
11I,Mutant,0.011696193107418675
12I,Mutant,2.3232608097274896e-08
8I,Mutant,0.0485896229202995
