sample,group,p_value
11A,Mutant,0.0059606662616834465
12A,Mutant,0.009544602743311703
12S,Mutant,0.026803087201997866
12T,Mutant,0.0005360947452884131
12V,Mutant,0.0021471058997900062
3Y,Mutant,0.020560621651235414
