sample,group,p_value
A,Mutant,2.7870114344885854e-05
T,Mutant,0.0020453125352274414
V,Mutant,0.00038034820858139946
