sample,group,p_value
A,Mutant,2.787011434493106e-05
T,Mutant,0.0020453125352236866
V,Mutant,0.00038034820858276946
