sample,group,p_value
AI,Mutant,4.320397452611974e-05
TI,Mutant,0.0020279885189901353
VI,Mutant,0.0002378152458605498
