sample,group,p_value
AI,Mutant,4.320397452618528e-05
TI,Mutant,0.002027988518985995
VI,Mutant,0.00023781524586141884
