sample,group,p_value
11G,Mutant,0.00029236343469425343
15G,Mutant,0.011119371825918049
7G,Mutant,1.3620835851655818e-05
