sample,group,p_value
11I,Mutant,6.7145467938493806e-06
15I,Mutant,0.0030386134983781937
7I,Mutant,0.003604653770344958
