sample,group,p_value
12I,Mutant,3.526058489163441e-05
4I,Mutant,0.00658035989530935
8I,Mutant,0.00031070414030493355
