sample,group,p_value
11A,Mutant,0.0033413242828931626
12A,Mutant,9.519088227711648e-05
14Y,Mutant,0.017075917342094318
8A,Mutant,0.01191572624048328
