sample,group,p_value
A,Mutant,0.022004466821342356
I,Mutant,7.04956088376487e-29
