sample,group,p_value
A,Mutant,0.02200446682125143
I,Mutant,7.049560883837169e-29
