sample,group,p_value
11A,Mutant,0.00021676175102503136
12A,Mutant,5.54767841828964e-10
12L,Mutant,0.004937926985701659
12S,Mutant,0.013135198569542714
12T,Mutant,0.0005109228284014096
12V,Mutant,0.000474516702886546
4A,Mutant,0.0022239348716819236
8A,Mutant,5.743800536242421e-05
8S,Mutant,0.04088971911091145
8T,Mutant,0.0007344381141248606
