sample,group,p_value
3,Mutant,0.0004027253987681362
8,Mutant,6.689309279288008e-05
12,Mutant,6.837201184413132e-11
