sample,group,p_value
3,Mutant,0.00040272539876819543
8,Mutant,6.689309279264782e-05
12,Mutant,6.837201184406501e-11
