sample,group,p_value
A,Mutant,1.6888002410951376e-17
S,Mutant,0.003688383893313238
T,Mutant,8.784649744619765e-07
V,Mutant,0.00030126711949883804
Y,Mutant,0.006201754595117644
