sample,group,p_value
AI,Mutant,1.553844437438801e-17
LI,Mutant,0.043121468057687656
SI,Mutant,0.0012714460785995738
TI,Mutant,4.311383759186842e-08
VI,Mutant,0.0001155130629625225
YA,Mutant,0.0009423588076113852
