sample,group,p_value
11G,Mutant,3.5084317505580514e-11
12G,Mutant,0.014690376513088415
15G,Mutant,0.03504564541018567
7G,Mutant,0.0003541243786077365
