sample,group,p_value
11I,Mutant,1.5797531331372126e-10
12I,Mutant,0.019997015263089966
15I,Mutant,0.04387718061772916
7I,Mutant,0.021337545825460973
