sample,group,p_value
11I,Mutant,1.5797531331303553e-10
12I,Mutant,0.019997015263177216
15I,Mutant,0.04387718061784111
7I,Mutant,0.021337545825353514
