sample,group,p_value
11A,Mutant,0.04774051042247088
11F,Mutant,0.022804191598633696
11Y,Mutant,7.372336282841174e-05
12A,Mutant,0.0008802775587642095
4A,Mutant,0.002970865672539112
4L,Mutant,0.03875524718650662
5A,Mutant,0.013868287490171024
8A,Mutant,0.013152450465295486
8L,Mutant,0.02650495354351417
8S,Mutant,0.039169980178288405
