sample,group,p_value
A,Mutant,1.7402709213745717e-08
F,Mutant,0.0439585209256585
T,Mutant,0.044232522133925936
