sample,group,p_value
G,clash,1.5589331725985405e-16
R,clash,
G,void,0.16887382545831975
R,void,
