sample,group,p_value
G,void,0.6071621699283201
L,void,0.05035729698164025
R,void,0.07750172561078092
G,clash,1.1082288625027837e-08
L,clash,0.011244700810556263
R,clash,2.3240016901222716e-10
