sample,group,p_value
7,Mutant,0.0019685749534630193
11,Mutant,2.1048485733759239e-13
15,Mutant,0.0057902826835455334
