sample,group,p_value
8,Mutant,0.0029580950286624236
12,Mutant,8.607798245742025e-14
