sample,group,p_value
A,Mutant,2.8235116290069803e-14
T,Mutant,4.893085552993021e-08
V,Mutant,0.006062925694214068
