sample,group,p_value
11I,Mutant,0.002104498421430823
12I,Mutant,1.5703418076048245e-08
3A,Mutant,0.004624715880066891
8I,Mutant,3.616390518334955e-06
