sample,group,p_value
11A,Mutant,0.004424165801780906
12A,Mutant,0.00030610553349782793
12S,Mutant,0.016929571092039287
12T,Mutant,0.0014772651797269455
12V,Mutant,0.00022083455150656272
8A,Mutant,7.705895768033405e-05
