sample,group,p_value
11A,Mutant,0.004424165801783525
12A,Mutant,0.000306105533496972
12S,Mutant,0.016929571092048106
12T,Mutant,0.0014772651797236303
12V,Mutant,0.0002208345515052509
8A,Mutant,7.705895767953956e-05
