sample,group,p_value
3,Mutant,0.0047060367990399395
8,Mutant,0.00022378947382691846
12,Mutant,1.6404835200055844e-06
