sample,group,p_value
A,Mutant,8.929008106993167e-08
F,Mutant,0.0011498858006864854
S,Mutant,0.025710032799423882
T,Mutant,6.377165831928787e-06
V,Mutant,6.035061144052777e-05
