sample,group,p_value
AI,Mutant,1.2662436646961893e-07
FA,Mutant,0.0018470394891141435
SI,Mutant,0.02933342519134857
TI,Mutant,6.631862273480206e-06
VI,Mutant,2.4438000168665956e-05
