sample,group,p_value
11I,Mutant,4.5509315182813596e-11
12I,Mutant,0.027142108179369857
15I,Mutant,0.020198852836149788
7I,Mutant,0.01260377699587062
