sample,group,p_value
11I,Mutant,4.550931518249068e-11
12I,Mutant,0.027142108179509867
15I,Mutant,0.020198852836188486
7I,Mutant,0.012603776995831765
