sample,group,p_value
11G,Mutant,7.66496888491323e-11
12G,Mutant,0.02536050194996009
15G,Mutant,0.019863814663704123
7G,Mutant,1.5022566609902568e-05
