sample,group,p_value
11G,Mutant,7.664968884854111e-11
12G,Mutant,0.02536050195000717
15G,Mutant,0.01986381466375165
7G,Mutant,1.5022566610117205e-05
