sample,group,p_value
7,Mutant,0.00857797436891915
11,Mutant,1.3779709175128432e-10
15,Mutant,0.04312118069581693
