sample,group,p_value
7,Mutant,0.008577974368955733
11,Mutant,1.3779709175205376e-10
15,Mutant,0.043121180695799614
