sample,group,p_value
A,Mutant,6.490198012701322e-17
T,Mutant,6.491833722860546e-09
V,Mutant,0.011037279078620534
