sample,group,p_value
A,Mutant,6.490198012727134e-17
T,Mutant,6.491833722872454e-09
V,Mutant,0.011037279078642563
