sample,group,p_value
AI,Mutant,6.490198012727274e-17
LI,Mutant,0.043121468057687254
TI,Mutant,5.059163298850004e-09
VI,Mutant,0.008017666267364724
