sample,group,p_value
AI,Mutant,6.490198012701322e-17
LI,Mutant,0.04312146805768766
TI,Mutant,5.059163298841281e-09
VI,Mutant,0.008017666267345402
