sample,group,p_value
G,clash,1.8837216848458841e-06
G,void,0.8213748387823911
