sample,group,p_value
11I,Mutant,4.144512649160413e-15
12I,Mutant,0.024020360220129162
15I,Mutant,0.0018936334160056547
7I,Mutant,0.002228811114817167
