sample,group,p_value
7,Mutant,0.014815627647636555
11,Mutant,1.0493738547312018e-15
15,Mutant,0.03568853460675936
