sample,group,p_value
7,Mutant,0.014815627647749562
11,Mutant,1.1250118156489724e-15
15,Mutant,0.03568853460689461
