sample,group,p_value
A,Mutant,0.00175704626584374
G,Mutant,1.9188532384154986e-19
