sample,group,p_value
A,Mutant,0.0015079148095797602
G,Mutant,1.9188532384099942e-19
