sample,group,p_value
AI,Mutant,0.001507914809579754
GI,Mutant,4.815208659508012e-19
