sample,group,p_value
11I,Mutant,1.9978577178229538e-11
12I,Mutant,0.014478909206846455
15I,Mutant,0.0030519050861229557
7I,Mutant,0.0016211348656146242
