sample,group,p_value
11G,Mutant,3.768559509923627e-12
12G,Mutant,0.008413515269913359
15G,Mutant,0.005612176456055303
7G,Mutant,3.3871066478392875e-07
