sample,group,p_value
11G,Mutant,3.768559509942843e-12
12G,Mutant,0.008413515269845703
15G,Mutant,0.005612176456019759
7G,Mutant,3.3871066478036904e-07
