sample,group,p_value
11I,Mutant,1.997857717832557e-11
12I,Mutant,0.014478909206710017
15I,Mutant,0.003051905086105336
7I,Mutant,0.0016211348656217912
