sample,group,p_value
7,Mutant,0.0005637177119468062
11,Mutant,3.19662151110987e-12
15,Mutant,0.009830533142116663
