sample,group,p_value
7,Mutant,0.0005637177119502028
11,Mutant,3.19662151112906e-12
15,Mutant,0.009830533142091246
