sample,group,p_value
8,Mutant,0.00011828713885788281
12,Mutant,7.183570996837084e-08
