sample,group,p_value
A,Mutant,2.2351598014965023e-14
T,Mutant,9.257166747180197e-08
V,Mutant,0.0022449609915996937
