sample,group,p_value
3,Mutant,0.021491122525106637
8,Mutant,1.5052839696078377e-05
12,Mutant,6.797434064510748e-11
