sample,group,p_value
A,Mutant,7.647968216018314e-18
S,Mutant,0.001562802930682496
T,Mutant,6.397402332750368e-08
V,Mutant,0.0002805082207311076
