sample,group,p_value
11I,Mutant,0.016348805432490083
12I,Mutant,5.53202793585007e-07
3A,Mutant,0.015343785711734075
4I,Mutant,0.004864669391322332
8I,Mutant,7.060802307332701e-05
