sample,group,p_value
3,Mutant,0.015343785711734075
8,Mutant,0.001870072425999936
12,Mutant,1.811393324822493e-05
