sample,group,p_value
A,Mutant,5.792992165671742e-08
S,Mutant,0.022044019788029293
T,Mutant,0.0019255425166227792
V,Mutant,0.007193052540323065
Y,Mutant,0.022900752709780033
