sample,group,p_value
AI,Mutant,5.566302609428355e-08
SI,Mutant,0.0220440197879676
TI,Mutant,0.0016387112666954456
VI,Mutant,0.004981136119745734
