sample,group,p_value
11I,Mutant,3.221054376820744e-11
15I,Mutant,0.02515040615363502
7I,Mutant,0.00015552645012731779
