sample,group,p_value
11G,Mutant,1.7221843712445012e-10
7G,Mutant,0.00015552645012895875
