sample,group,p_value
7,Mutant,0.0018446595417928023
11,Mutant,8.494432363870273e-09
15,Mutant,0.04307297031126555
