sample,group,p_value
A,Mutant,0.011450161667266005
S,Mutant,0.03344054260387964
