sample,group,p_value
A,Mutant,0.01145016166732105
S,Mutant,0.03344054260386611
