sample,group,p_value
12I,Mutant,3.5260584891743624e-05
4I,Mutant,0.006580359895367471
8I,Mutant,0.00031070414030059723
