sample,group,p_value
A,Mutant,7.130387896516231e-07
T,Mutant,0.011678655273091922
