sample,group,p_value
A,Mutant,7.130387896420604e-07
T,Mutant,0.011678655273079527
