sample,group,p_value
11A,Mutant,4.446398714878579e-05
12A,Mutant,0.006126412218481524
12T,Mutant,0.0009791618392347137
12V,Mutant,0.03324240632385084
3Y,Mutant,0.010450604824764856
7I,Mutant,0.001095815073922681
8A,Mutant,1.641130282361544e-05
8T,Mutant,0.014336306250368296
