sample,group,p_value
11I,Mutant,4.2151968760900327e-05
12I,Mutant,2.6876499666348096e-07
16A,Mutant,0.04677245262399501
7A,Mutant,0.0003255414132133913
8I,Mutant,4.6561958300442815e-08
