sample,group,p_value
3,Mutant,0.035306842819088136
8,Mutant,0.0005365848022151951
12,Mutant,4.103643114671264e-05
