sample,group,p_value
A,Mutant,5.714979130783021e-10
I,Mutant,0.0006685940934671315
T,Mutant,0.00012821539236817557
