sample,group,p_value
AI,Mutant,5.714979130783249e-10
TI,Mutant,0.00022201578474629138
