sample,group,p_value
11A,Mutant,2.6414220244194135e-06
12A,Mutant,9.519088227667498e-05
4A,Mutant,0.04450265015765142
7L,Mutant,0.03735231971934527
8A,Mutant,0.008742548863247301
