sample,group,p_value
AI,Mutant,4.4621880478940305e-09
LA,Mutant,0.006364163554041661
SI,Mutant,0.04882245113343007
TI,Mutant,0.004056542082485128
