sample,group,p_value
A,Mutant,2.0844518398322285e-14
S,Mutant,0.013562171585149186
T,Mutant,5.267615693548558e-07
