sample,group,p_value
A,Mutant,2.084451839841908e-14
S,Mutant,0.013562171585144925
T,Mutant,5.26761569356085e-07
