sample,group,p_value
AI,Mutant,2.0844518398322812e-14
SI,Mutant,0.013562171585149338
TI,Mutant,2.3775048294513267e-07
