sample,group,p_value
11G,Mutant,5.545309038267833e-18
15G,Mutant,0.01638563425373028
7G,Mutant,2.1585561345579372e-07
