sample,group,p_value
11I,Mutant,4.7641796625487096e-18
15I,Mutant,0.0024251707061163693
7I,Mutant,0.00039318491294538415
