sample,group,p_value
AI,Mutant,0.005899982578011418
GI,Mutant,1.0585311138041017e-22
TI,Mutant,0.03962513616848059
