sample,group,p_value
11G,Mutant,8.901770797888694e-14
15G,Mutant,0.03411868118180971
7G,Mutant,2.8464248569219825e-11
