sample,group,p_value
11I,Mutant,1.2191684712455828e-10
7I,Mutant,1.9248642624108512e-07
