sample,group,p_value
7,Mutant,1.3782777516166811e-06
11,Mutant,1.6055195095695506e-11
