sample,group,p_value
AI,Mutant,1.1074151887297784e-07
SI,Mutant,0.030845879672245443
TI,Mutant,0.0025906765222414615
YA,Mutant,0.013100974285514684
