sample,group,p_value
11G,Mutant,3.335874661032649e-11
15A,Mutant,0.009464234908005128
15G,Mutant,0.005032878713221683
7A,Mutant,0.04787869045622821
7G,Mutant,3.762126179195466e-06
