sample,group,p_value
11I,Mutant,1.9347154111562335e-11
12I,Mutant,0.025233911582492555
15I,Mutant,0.0029149202981162622
7I,Mutant,0.0029299659748998025
