sample,group,p_value
11G,Mutant,3.335874661058214e-11
15A,Mutant,0.009464234908076042
15G,Mutant,0.005032878713233192
7A,Mutant,0.04787869045609607
7G,Mutant,3.762126179141744e-06
