sample,group,p_value
7,Mutant,0.020011586707833196
11,Mutant,1.763561138038583e-10
15,Mutant,0.021984811988526476
