sample,group,p_value
A,Mutant,0.000208113679977203
G,Mutant,1.3170850410450882e-14
