sample,group,p_value
AI,Mutant,0.00020811367997720123
GI,Mutant,1.0857252520492378e-13
SI,Mutant,0.04564128019382891
TI,Mutant,0.027491883767580987
