sample,group,p_value
11I,Mutant,1.9278618498426885e-14
15I,Mutant,0.0012747668668856417
7I,Mutant,0.000675380993380539
