sample,group,p_value
11G,Mutant,0.00039314012006334956
15G,Mutant,0.011894685745656495
7G,Mutant,3.621776246287108e-05
