sample,group,p_value
G,void,0.31760945120876577
L,void,0.40856747545364525
R,void,0.7761805815886333
G,clash,1.234455080842718e-17
L,clash,0.0037126769779599975
R,clash,2.8032355351091115e-12
