sample,group,p_value
G,void,0.31760945120776696
L,void,0.40856747545308125
R,void,0.77618058158781
G,clash,1.2344550808523452e-17
L,clash,0.0037126769779514675
R,clash,2.8032355351157435e-12
