sample,group,p_value
G,clash,9.42565170804593e-23
G,void,0.07892270560605186
