sample,group,p_value
A,Mutant,0.002125552383293499
S,Mutant,0.006085386229829124
