sample,group,p_value
A,Mutant,0.0021255523832387525
S,Mutant,0.006085386229871371
