sample,group,p_value
AI,Mutant,0.002125552383293499
SI,Mutant,0.006085386229829124
