sample,group,p_value
11G,Mutant,8.865665480894095e-07
12G,Mutant,0.012289272093740127
7G,Mutant,2.869865419313433e-05
