sample,group,p_value
7,Mutant,0.03724353395984759
11,Mutant,5.792124198074728e-06
15,Mutant,0.029946989787213527
