sample,group,p_value
11I,Mutant,3.921237323347978e-18
12I,Mutant,0.0413540870126457
15I,Mutant,0.004488633587913351
7I,Mutant,0.0003237569669282824
