sample,group,p_value
11Y,Mutant,0.015718742008246637
12S,Mutant,0.01757006019785312
