sample,group,p_value
AI,Mutant,0.025911587398525688
FA,Mutant,0.007387316920352611
