sample,group,p_value
4A,Mutant,0.014687980935506537
8A,Mutant,0.014112772411283553
