sample,group,p_value
G,clash,3.369014361352433e-15
R,clash,
G,void,0.19219814596292684
R,void,
