sample,group,p_value
12A,Mutant,0.032314377907966874
12S,Mutant,0.018844603051902907
