sample,group,p_value
G,clash,2.177438811892392e-09
G,void,0.6820099337265306
