sample,group,p_value
G,clash,2.1774388118946954e-09
G,void,0.6820099337256481
