sample,group,p_value
A,Mutant,0.0004653066920280178
I,Mutant,5.606451395231728e-10
