sample,group,p_value
A,Mutant,1.5482951420821658e-07
F,Mutant,0.024453944959277184
S,Mutant,0.03093697587188568
T,Mutant,0.004056542082464537
