sample,group,p_value
11I,Mutant,2.2317638487277538e-12
12I,Mutant,0.009847490930039013
15I,Mutant,0.003167372380198029
7I,Mutant,0.004101728141856614
