Sequence,Segments,Fluorescence,FluorStdDev,Rep1-Fluor,Rep2-Fluor,Rep3-Fluor,Sample,Average Percent GpA,LB-12H_M9-24H,LB-12H_M9-36H,LB-24H_M9-24H,LB-24H_M9-36H,LB-36H_M9-24H,LB-36H_M9-36H,Rep1-Fluor_transformed,Rep2-Fluor_transformed,Rep3-Fluor_transformed,PercentGpA_transformed,std_adjusted,Percent GpA,Type,Mutant Type,mean_transformed,percent_wt,wt_seq,position,wt_aa,mut_aa,mut_position,Mutant Type_x,Mutant Type_y
LLLYFLLVILLLALLSTLILI,10.0,23486.70259610124,1363.2747904309988,22951.66757291393,25036.3360529966,22472.10416239317,R,73.67999121095005,99999900.0,99999900.0,99999900.0,99999900.0,99999900.0,99999900.0,-1608.6070770838794,-77.35860021157657,52.82374550346067,-544.3806439306651,923.9427939815738,52.82374550346067,Mutant,,,-26.487339389705586,LLLYFLLVALLLALLSTLILI,A8I,A,I,8,clash,clash
LLLYLLLIVLLAFLLTSLILI,11.0,23813.49929138413,1350.7063817830729,23787.325684251395,25177.102269050905,22476.06992085012,R,77.73058952265849,99999900.0,99999900.0,99999900.0,99999900.0,99999900.0,99999900.0,3098.646322069288,586.3576496649881,78.13491190021273,1254.3796278781629,1617.2700199015242,78.13491190021273,Mutant,,,53.03490248908616,LLLYLLLAVLLAFLLTSLILI,A7I,A,I,7,clash,clash
LLLYFLLVLLLITLLSILILI,11.0,23683.34858306564,1070.1746684488792,24114.78111150002,24470.46495745083,22464.79968024608,R,76.34842230607364,99999900.0,99999900.0,99999900.0,99999900.0,99999900.0,99999900.0,4943.199318174616,-2745.4550510268373,6.203416738059307,734.6492279619459,3895.744662728471,6.203416738059307,Mutant,,,57.47140188122716,LLLYFLLVLLLATLLSILILI,A11I,A,I,11,clash,clash
