Sequence,Mutant,Region,Mutant Type,CHARMM_IMM1,CHARMM_IMM1REF,CHARMM_VDW,Dimer,HBONDMonomer,IMM1Monomer,Monomer,MonomerSasa,SCWRL4_HBOND,VDWMonomer,Mutant_DimerSasa,Mutant_MonomerSasa,Mutant_Position_MonomerSasa,Mutant_Position_Sasa,WT_DimerSasa,WT_MonomerSasa,WT_Position_MonomerSasa,WT_Position_Sasa,Total,Interface,Position,WT_AA,SasaDifference,SasaPercDifference,Mutant_SASA_no_alanine,SASA_no_wt_position,DimerSasaDifference,Segment,PercentGpA_transformed,std_adjusted,Sample,LB-12H_M9-36H,wt_seq,Fluorescence,FluorStdDev,Percent GpA
LLLYFLLVALLLALLSTLILI,LLLYFLLVILLLALLSTLILI,Right,clash,28.4526,-279.938,9700110.0,9699810.0,-74.18,-277.494,-367.527,4702.95,-49.5406,-15.8527,3839.22,4707.2,51.7324,3.78878,3839.22,4707.2,51.7324,3.78878,-8.30723,1.10011e+17,8,A,113.593,12.50096286,,,,,-544.3806439306651,923.9427939815738,R,99999900.0,LLLYFLLVALLLALLSTLILI,23486.70259610124,1363.2747904309988,52.82374550346067
LLLYFLLVLLLATLLSILILI,LLLYFLLVLLLITLLSILILI,Right,clash,30.4618,-282.931,131173000.0,131172000.0,-74.0893,-285.734,-377.966,4740.29,-49.5758,-18.1421,3899.02,4755.09,54.8142,9.12026,3899.02,4755.09,54.8142,9.12026,-11.9856,1.10011e+17,11,A,121.14754,7.001162221,,,,,734.6492279619459,3895.744662728471,R,99999900.0,LLLYFLLVLLLATLLSILILI,23683.34858306564,1070.1746684488792,6.203416738059307
LLLYLLLAVLLAFLLTSLILI,LLLYLLLIVLLAFLLTSLILI,Right,clash,15.9299,-265.017,5627670000.0,5627670000.0,-74.2137,-296.406,-388.269,4311.75,-49.8395,-17.649,3590.06,4255.45,57.8398,13.5473,3590.06,4255.45,57.8398,13.5473,-7.34717,1.10011e+17,7,A,124.55608,4.384598496,,,,,1254.3796278781629,1617.2700199015242,R,99999900.0,LLLYLLLAVLLAFLLTSLILI,23813.49929138413,1350.7063817830729,78.13491190021273
