sample,group,p_value
11I,Mutant,4.611086252433336e-12
15I,Mutant,0.0005502657819153143
7I,Mutant,0.00030878388302792994
