sample,group,p_value
7,Mutant,0.0012770340874012187
11,Mutant,1.182594849506482e-10
15,Mutant,0.0037068607420271803
