sample,group,p_value
12A,Mutant,0.0323143779080899
12S,Mutant,0.018844603051899233
5A,Mutant,0.03907787657705692
