sample,group,p_value
11I,Mutant,0.04558899371878021
12I,Mutant,2.2440296613725815e-07
15A,Mutant,0.04323788097708891
4I,Mutant,0.0003372309115638696
8I,Mutant,0.01355753952645682
