sample,group,p_value
AI,Mutant,3.5758407436387367e-08
TI,Mutant,0.008544655261355935
