sample,group,p_value
7,Mutant,0.004572080707855653
11,Mutant,4.7455136444319814e-14
15,Mutant,0.021382030874883048
