sample,group,p_value
11Y,Mutant,8.997335658622395e-06
12A,Mutant,0.012674732770834944
12S,Mutant,0.017550613716777214
4A,Mutant,0.020848737672903156
