sample,group,p_value
11Y,Mutant,4.822990151404932e-05
12A,Mutant,0.0367119565192962
12S,Mutant,0.017550613716777214
4A,Mutant,0.028786017937253272
