sample,group,p_value
A,Mutant,0.014925558171052107
I,Mutant,1.9835910078939618e-25
