sample,group,p_value
A,Mutant,0.014925558171073909
I,Mutant,2.1031243271669547e-25
