sample,group,p_value
11I,Mutant,8.926407340590294e-20
12A,Mutant,0.0418433290977642
12I,Mutant,0.017012909864701786
15I,Mutant,0.0023918848817131243
7I,Mutant,0.00024927494558488173
