sample,group,p_value
11G,Mutant,1.0654192520332556e-18
12G,Mutant,0.02832784511821101
15A,Mutant,0.009464234908005128
15F,Mutant,0.04422320301159401
15G,Mutant,1.7608267182636318e-08
7A,Mutant,0.015833094590495013
7G,Mutant,2.6695654855685537e-07
