sample,group,p_value
11I,Mutant,8.281958794621645e-20
12A,Mutant,0.041843329097696454
12I,Mutant,0.017012909864799145
15I,Mutant,0.0023918848817092967
7I,Mutant,0.00024927494558417136
