sample,group,p_value
11G,Mutant,1.0654192520372824e-18
12G,Mutant,0.028327845118026888
15A,Mutant,0.009464234908076057
15F,Mutant,0.044223203011473367
15G,Mutant,1.7608267182631133e-08
7A,Mutant,0.015833094590464065
7G,Mutant,2.669565485541358e-07
