sample,group,p_value
7,Mutant,0.0005950291857917999
11,Mutant,1.724656019447934e-18
