sample,group,p_value
7,Mutant,0.0005950291857864743
11,Mutant,1.6094316310375062e-18
