sample,group,p_value
A,Mutant,0.007382157883295886
G,Mutant,1.526679885292531e-26
