sample,group,p_value
A,Mutant,0.008329517813627185
G,Mutant,1.5266798852916469e-26
