sample,group,p_value
AI,Mutant,0.007382157883295855
GI,Mutant,1.5266798852925965e-26
LI,Mutant,0.03383550741132744
