sample,group,p_value
AI,Mutant,0.00832951781362713
GI,Mutant,1.5266798852916469e-26
LI,Mutant,0.03383550741122735
