Sequence,Segments,Fluorescence,FluorStdDev,Rep1-Fluor,Rep2-Fluor,Rep3-Fluor,Sample,Average Percent GpA,LB-12H_M9-24H,LB-12H_M9-36H,LB-24H_M9-24H,LB-24H_M9-36H,LB-36H_M9-24H,LB-36H_M9-36H,std,Percent Error,mean,mean_transformed,Percent GpA,std_adjusted,Type,Mutant Type,percent_wt,wt_seq,position,wt_aa,mut_aa,mut_position
LLLTFLLGALLGILLSLLILI,0.0,26686.229585210767,2317.747727321618,28585.016340944043,27370.210374426937,24103.46204026132,G,126.366795146685,10710254898534.854,10710254898534.854,7497596153568.609,7497596153568.609,10040495787501.94,10040495787501.94,2309.939899518364,8.975228660231407,25736.83620734413,29318.50553653224,98.74174616420574,2631.4029116663733,WT,,132.0288624727495,LLLTVLLGALLGILLSLLILI,V4F,V,F,4
