Sequence,Segments,Fluorescence,FluorStdDev,Rep1-Fluor,Rep2-Fluor,Rep3-Fluor,Sample,Average Percent GpA,LB-12H_M9-24H,LB-12H_M9-36H,LB-24H_M9-24H,LB-24H_M9-36H,LB-36H_M9-24H,LB-36H_M9-36H,std,Percent Error,mean,mean_transformed,Percent GpA,std_adjusted,Type,Mutant Type,percent_wt,wt_seq,position,wt_aa,mut_aa,mut_position
LLLALLLGLLLIVLLGTLILI,7.0,19906.83570179293,1760.078234523225,19636.52381528635,21786.43253101867,18297.550759073776,G,20.11146388254662,21.318531722477147,15.79185480391232,32.65746013652079,26.61423728670032,164.93321244253875,152.86415547837396,2467.011959700372,12.309215587913602,20041.991645046222,21994.45104443348,74.0750751890942,2707.3443964374324,Mutant,clash,36.0396892052248,LLLALLLGLLLGVLLGTLILI,G11I,G,I,11
LLLALLLILLLGVLLGTLILI,7.0,18187.838195833305,2075.534651653481,17361.88103148069,20549.198199139795,16652.435356879425,G,-8.307507978146829,99999900.0,99999900.0,23948572727172.73,23948572727172.73,99999900.0,99999900.0,2755.427430438073,14.813475468967653,18600.81677800961,20140.97758377063,67.83276499539018,2983.578773582136,Mutant,clash,33.00262284073705,LLLALLLGLLLGVLLGTLILI,G7I,G,I,7
