sample,group,p_value
G,clash,4.183488441246665e-09
L,clash,8.908659873588228e-05
R,clash,5.3162352432183307e-14
G,void,0.5050420073647359
L,void,0.31193105120600817
R,void,0.16648503598781159
