sample,group,p_value
11G,Mutant,0.00045315819954041826
15G,Mutant,0.0038117074173613704
7A,Mutant,0.005026355143006134
7G,Mutant,3.621776246334068e-05
