sample,group,p_value
A,Mutant,0.0002792706745811454
G,Mutant,3.138408639016042e-08
