sample,group,p_value
A,Mutant,0.00033278652454848566
G,Mutant,3.138408639010455e-08
