sample,group,p_value
AI,Mutant,0.0006968762029519611
GI,Mutant,3.138408639010478e-08
