sample,group,p_value
11I,Mutant,1.0955916956075204e-26
15I,Mutant,0.00010761296215349948
7I,Mutant,1.6512826332622266e-05
