sample,group,p_value
11I,Mutant,1.0955916956375032e-26
15I,Mutant,0.00010761296215357899
7I,Mutant,1.6512826332418554e-05
