sample,group,p_value
11A,Mutant,6.184130198441886e-05
12A,Mutant,0.019312235173572487
12T,Mutant,9.723915934262064e-05
12V,Mutant,0.026096983841230353
3Y,Mutant,0.005916008859509597
8A,Mutant,2.295702480230352e-05
