sample,group,p_value
11I,Mutant,0.0003250048018049603
12I,Mutant,8.620199908723485e-08
8I,Mutant,1.840017994211686e-07
