sample,group,p_value
3,Mutant,0.04274339895383524
8,Mutant,0.001021838202344934
12,Mutant,3.910276070323971e-08
