sample,group,p_value
A,Mutant,2.4703050709025883e-10
T,Mutant,2.636910237807171e-05
