sample,group,p_value
AI,Mutant,1.9387672733826125e-10
TI,Mutant,2.0574765507248214e-05
