sample,group,p_value
G,clash,4.4193436079699696e-08
G,void,0.8912430984529518
