Sequence,Segments,Fluorescence,FluorStdDev,Rep1-Fluor,Rep2-Fluor,Rep3-Fluor,Sample,LB-12H_M9-36H,LB-36H_M9-36H,std,Percent Error,mean,mean_transformed,Percent GpA,std_adjusted,Type,Mutant Type,percent_wt,wt_seq,position,wt_aa,mut_aa,mut_position
LLLTYLLLILLGALLGFLILI,13.0,27908.89283,1951.655491,28628.11277,29398.87773,25699.688,D,-89.02688569,-88.70295465,1951.655490246287,6.992952038266824,27908.89283333333,0.5645249089090268,52.053414964622746,0.0394769561240777,WT,,68.42713666765559,LLLTYLLLILLGALLGWLILI,W16F,W,F,16
LLLALLLGFLLGVLLGTLILI,13.0,31324.87979,2224.165813,32312.69884,32884.03472,28777.90579,D,-54.39590799,-48.23744016,2224.1658130591586,7.100317155063894,31324.879783333337,1.189682534798751,109.69761950756217,0.0844712331091146,WT,,97.50685919308633,LLLALLLGLLLGVLLGTLILI,L8F,L,F,8
LLLFLLLGLLLGVLLGTLILI,13.0,29271.54428,1976.375664,30270.11636,30549.39108,26995.12541,D,-43.26000037,-32.61457129,1976.3756620285835,6.751866737532857,29271.544283333333,0.813902894793074,75.04792871841003,0.0549536388293506,WT,,66.70780871205989,LLLALLLGLLLGVLLGTLILI,A3F,A,F,3
LLLAYLLGLLLGFLLGTLILI,13.0,31025.70638,1990.098798,31635.56791,32639.51085,28802.04037,D,2804.302636,3770.222039,1990.098801215061,6.41435452606405,31025.70637666667,1.1349309975772532,104.64911864964716,0.0727984978108004,WT,,99.37838648962781,LLLAYLLGLLLGVLLGTLILI,V12F,V,F,12
