sample,group,p_value
11F,Mutant,0.031738470781879635
11Y,Mutant,5.302159181263107e-10
12A,Mutant,0.0022683221476291105
12S,Mutant,0.009505576011590244
15L,Mutant,0.028410742581361777
4A,Mutant,0.04875477830318723
4Y,Mutant,0.04030772936737363
