sample,group,p_value
A,Mutant,0.01137387308978144
I,Mutant,7.117130629251382e-08
