sample,group,p_value
A,Mutant,0.011373873089776748
I,Mutant,7.11713062926842e-08
