sample,group,p_value
FA,Mutant,0.03278883762926059
GI,Mutant,1.0961637520179841e-08
