sample,group,p_value
G,clash,4.997404666225755e-10
L,clash,0.04306351538745965
R,clash,2.9811985100622225e-15
G,void,0.4005570784347271
L,void,0.0035272651370303193
R,void,0.016455449663616603
