sample,group,p_value
11I,Mutant,0.0019879975835965587
12I,Mutant,0.0049140570010103735
15I,Mutant,0.014564058657322009
7I,Mutant,0.0061939110548033605
