sample,group,p_value
11I,Mutant,0.00021634612408444657
12I,Mutant,0.02718921241105991
15I,Mutant,0.0013270217754666335
7I,Mutant,0.02574778911914203
