sample,group,p_value
11I,Mutant,0.00021634612408423564
12I,Mutant,0.027189212410863636
15I,Mutant,0.001327021775462857
7I,Mutant,0.025747789119158194
