sample,group,p_value
7,Mutant,0.023356251325633227
11,Mutant,0.0002899754738258481
15,Mutant,0.004750465638419784
