sample,group,p_value
7,Mutant,0.02335625132567802
11,Mutant,0.00028997547382589956
15,Mutant,0.004750465638412593
