sample,group,p_value
A,Mutant,0.02795862453966601
G,Mutant,1.9927625324797157e-10
