sample,group,p_value
AI,Mutant,0.027958624539666115
GI,Mutant,5.761478516283849e-10
