sample,group,p_value
AI,Mutant,0.02795862453973486
GI,Mutant,5.76147851625511e-10
