Sequence,Segments,Fluorescence,FluorStdDev,Rep1-Fluor,Rep2-Fluor,Rep3-Fluor,Sample,Average Percent GpA,LB-12H_M9-24H,LB-12H_M9-36H,LB-24H_M9-24H,LB-24H_M9-36H,LB-36H_M9-24H,LB-36H_M9-36H,std,Percent Error,mean,mean_transformed,Percent GpA,std_adjusted,Type,Mutant Type,percent_wt,wt_seq,position,wt_aa,mut_aa,mut_position
LLLALLLGLLLIVLLGTLILI,7.0,19906.83570179293,1760.078234523225,19636.52381528635,21786.43253101867,18297.550759073776,G,20.11146388254662,21.318531722477147,15.79185480391232,32.65746013652079,26.61423728670032,164.93321244253875,152.86415547837396,2467.011959700372,12.309215587913602,20041.991645046222,47527.804103546354,48.73478294187589,5850.299871306768,Mutant,clash,15.787356383234863,LLLALLLGLLLGVLLGTLILI,G11I,G,I,11
