Sequence,Segments,Fluorescence,FluorStdDev,Rep1-Fluor,Rep2-Fluor,Rep3-Fluor,Sample,Average Percent GpA,LB-12H_M9-24H,LB-12H_M9-36H,LB-24H_M9-24H,LB-24H_M9-36H,LB-36H_M9-24H,LB-36H_M9-36H,std,Percent Error,mean,mean_transformed,Percent GpA,std_adjusted,Type,Mutant Type,percent_wt,wt_seq,position,wt_aa,mut_aa,mut_position
LLLAYLLFLLLGTLLGSLILI,1.0,20517.566272520868,1898.1098811754405,20745.143634899945,22291.627566598243,18515.92761606442,G,27.28513008924445,14627133632996.275,-13.557537004309486,8736472165317.833,-48.36977696277806,9309966054977.275,-44.98058085787811,2669.8230387481794,13.084944818661768,20403.77759133133,50549.80345559408,51.83352661940147,6614.413888106465,WT,,135.27938150811661,LLLAGLLFLLLGTLLGSLILI,G4Y,G,Y,4
LLLLVLLIALLATLLSYLILI,10.0,25388.19600575313,1528.8638611375543,24548.12872199607,27152.900583200364,24463.558712062964,R,117.04989692749004,-16.028907675469124,-24.51077222069754,0.0498627064924677,-10.05610780971172,37.697197171598944,23.78849427949761,1901.6518740101733,7.368393337993573,25808.229647631662,52351.36528219251,52.3441946842708,3857.4545118017536,Mutant,void,128.2367623569786,LLLLVLLIALLATLLSFLILI,F16Y,F,Y,16
