sample,group,p_value
G,void,0.3290385361021976
L,void,0.017244564924995515
R,void,0.3280036223775846
G,clash,6.346876131515939e-17
L,clash,0.004506088884803861
R,clash,5.091730333959107e-14
