sample,group,p_value
11I,Mutant,9.216046056441853e-06
12I,Mutant,4.144043643145293e-21
15I,Mutant,0.02864099737621571
4I,Mutant,0.006742024834075821
8I,Mutant,2.554563260463428e-06
