sample,group,p_value
11A,Mutant,6.996056302578627e-05
12A,Mutant,3.800918964607734e-12
12L,Mutant,0.004937926985694176
12S,Mutant,0.00316825064352174
12T,Mutant,0.00013376560242994462
12V,Mutant,0.00011766367025642136
4A,Mutant,0.03538103924496812
8A,Mutant,2.3058405769980877e-05
8T,Mutant,0.008021637612731074
