sample,group,p_value
11A,Mutant,6.996056302577444e-05
12A,Mutant,3.800918964619179e-12
12L,Mutant,0.004937926985701677
12S,Mutant,0.003168250643514658
12T,Mutant,0.0001337656024300301
12V,Mutant,0.00011766367025657584
4A,Mutant,0.03538103924503144
8A,Mutant,2.3058405769862797e-05
8T,Mutant,0.008021637612727325
