sample,group,p_value
11I,Mutant,9.216046056427836e-06
12I,Mutant,4.144043643163198e-21
15I,Mutant,0.028640997376274395
4I,Mutant,0.0067420248340853755
8I,Mutant,2.554563260463986e-06
