sample,group,p_value
8,Mutant,0.0012824263120570045
12,Mutant,1.499526858181895e-12
