sample,group,p_value
8,Mutant,0.001282426312057528
12,Mutant,1.499526858183144e-12
