sample,group,p_value
A,Mutant,1.4976842273477978e-17
S,Mutant,0.0005309656544144368
T,Mutant,2.0150303457037583e-07
V,Mutant,0.0013144131901141078
