sample,group,p_value
A,Mutant,1.497684227353255e-17
S,Mutant,0.0005309656544141539
T,Mutant,2.015030345702962e-07
V,Mutant,0.0013144131901137823
