sample,group,p_value
AI,Mutant,1.625655638837511e-17
LI,Mutant,0.04312146805768766
SI,Mutant,0.0005309656544141539
TI,Mutant,1.7808545010864446e-07
VI,Mutant,0.0006012700065425312
