sample,group,p_value
AI,Mutant,1.625655638832571e-17
LI,Mutant,0.043121468057687254
SI,Mutant,0.0005309656544144368
TI,Mutant,1.7808545010848013e-07
VI,Mutant,0.0006012700065428876
