sample,group,p_value
11I,Mutant,5.005807755930257e-12
12I,Mutant,0.0034583814768269308
15I,Mutant,0.00376058091973597
7I,Mutant,0.029182856918157443
