sample,group,p_value
11I,Mutant,5.005807755906176e-12
12I,Mutant,0.003458381476858321
15I,Mutant,0.00376058091974146
7I,Mutant,0.02918285691807659
