sample,group,p_value
11G,Mutant,1.8176018000582127e-12
12G,Mutant,0.008413515269845703
15G,Mutant,0.0073814681017797925
7G,Mutant,9.174179678667407e-06
