sample,group,p_value
11Y,Mutant,0.015718742008270108
12S,Mutant,0.017570060197873986
