sample,group,p_value
A,Mutant,0.025911587398525615
F,Mutant,0.030419331756496717
