sample,group,p_value
A,Mutant,0.02591158739846842
F,Mutant,0.030419331756649015
