sample,group,p_value
AI,Mutant,0.025911587398468525
FA,Mutant,0.007387316920385056
