sample,group,p_value
G,clash,6.346876131488499e-17
G,void,0.3290385361031375
