sample,group,p_value
11Y,Mutant,1.0494381028421926e-07
12A,Mutant,0.002268322147629115
12L,Mutant,0.03098321559293059
12S,Mutant,0.009505576011590196
15L,Mutant,0.028410742581361777
4A,Mutant,0.041549042563230824
8L,Mutant,0.037952954651341166
