sample,group,p_value
AI,Mutant,0.00021702386099989825
TI,Mutant,0.013636451762259765
