sample,group,p_value
11G,Mutant,4.264229485497303e-28
7G,Mutant,1.6512826332418554e-05
