sample,group,p_value
7,Mutant,0.0013974040291921523
11,Mutant,5.237257189795099e-19
15,Mutant,0.0007712931231350352
