sample,group,p_value
11I,Mutant,1.878798482079727e-14
12I,Mutant,0.02880663765066628
15I,Mutant,0.0065356598757711284
7I,Mutant,0.0008528921905407103
