Sequence,Segments,Fluorescence,FluorStdDev,Rep1-Fluor,Rep2-Fluor,Rep3-Fluor,Sample,LB-12H_M9-36H,LB-36H_M9-36H,std,Percent Error,mean,PercentGpA_transformed,Percent GpA,std_adjusted,Type,Mutant Type,mean_transformed,percent_wt,wt_seq,position,wt_aa,mut_aa,mut_position,Mutant Type_x,Mutant Type_y
LLLAYLLALLLGFLLGTLILI,13.0,30249.32133,1965.213027,30478.00483,32090.18804,28179.77111,D,-58.24202822,-46.37438814,1965.2130291981728,0.0649671775434417,30249.321326666668,0.9512353124132692,91.40451086829422,0.06179907342714409,WT,,,133.0716628411183,LLLAALLALLLGFLLGTLILI,A4Y,A,Y,4,,
LLLYTLLALLLGILLGFLILI,13.0,27165.12298,1951.257549,28057.66692,28510.47876,24927.22325,D,20.54862463,54.64354642,1951.257551060881,0.0718295128918394,27165.122976666666,0.4004270699462702,38.47716752020833,0.028762481382947094,WT,,,144.87395575576855,LLLWTLLALLLGILLGFLILI,W3Y,W,Y,3,,
LLLGYLLALLLGTLLSFLILI,1.0,22477.0845,1386.982931,23733.1067,22709.61265,20988.53414,G,4840200000000.0,4953900000000.0,1216.986285375439,0.0556996749186598,21849.073395,0.5946544256552502,51.94344258195126,0.033122058197939785,WT,,,196.15008203613277,LLLGALLALLLGTLLSFLILI,A4Y,A,Y,4,,
LLLTVLLAYLLGLLLGFLILI,0.0,24164.87353,1125.387468,25163.29907,24385.97791,22945.34362,G,3880780000000.0,3976640000000.0,1018.6822756688686,0.0430447425822749,23665.660765,0.8338469343339547,72.83706046244482,0.035892726641424164,WT,,,229.0518799947521,LLLTVLLAILLGLLLGFLILI,I8Y,I,Y,8,,
LLLTYLLAILLGLLLGFLILI,0.0,23793.87285,1294.564535,25171.63022,23607.22499,22602.76333,G,9242640000000.0,12112300000000.0,710.2616512278944,0.0307406115885334,23104.99416,0.7600232063938437,66.38851083764831,0.023363578186024903,WT,,,208.7730218774525,LLLTVLLAILLGLLLGFLILI,V4Y,V,Y,4,,
LLLAYLLFLLLGTLLGSLILI,1.0,20517.56627,1898.109881,20745.14363,22291.62757,18515.92762,G,-13.557537,-44.98058086,2669.82303837071,0.1308494481445905,20403.777595,0.404350378685687,35.3202629495385,0.05290902390807834,WT,,,205.72948648894533,LLLAGLLFLLLGTLLGSLILI,G4Y,G,Y,4,,
