sample,group,p_value
11G,Mutant,0.003858582862257517
15G,Mutant,0.0038045873956071403
7G,Mutant,5.289207563283563e-05
