sample,group,p_value
7,Mutant,0.002336999001997007
11,Mutant,0.004493678680083473
15,Mutant,0.007965419781425
