sample,group,p_value
A,Mutant,0.0008969487471599002
G,Mutant,1.575141956056585e-08
