sample,group,p_value
AI,Mutant,0.0011342418889976555
GI,Mutant,8.769188412883033e-09
