sample,group,p_value
11I,Mutant,1.000141313083093e-06
15I,Mutant,0.043785643433349265
