sample,group,p_value
11I,Mutant,1.0001413130875106e-06
15I,Mutant,0.04378564343344658
