sample,group,p_value
7,Mutant,0.006856277948929851
11,Mutant,5.56663384338433e-13
15,Mutant,0.006802960712286098
