sample,group,p_value
11I,Mutant,0.0012521623337657223
12I,Mutant,1.9961902394317897e-14
3A,Mutant,0.0051636398335500305
8I,Mutant,1.87708391633372e-09
