sample,group,p_value
3,Mutant,0.004005273535314321
8,Mutant,5.146845192141354e-08
12,Mutant,4.966295530766601e-11
