sample,group,p_value
A,Mutant,1.9624902513092697e-10
T,Mutant,3.963224111941667e-08
Y,Mutant,0.0001255525678555338
