sample,group,p_value
AI,Mutant,2.6491035897841097e-10
TI,Mutant,1.8534443513230377e-08
VI,Mutant,0.0461299837195992
YA,Mutant,0.002092872200707485
