sample,group,p_value
AI,Mutant,2.6491035897719765e-10
TI,Mutant,1.853444351338531e-08
VI,Mutant,0.046129983719525744
YA,Mutant,0.002092872200716453
