sample,group,p_value
G,clash,4.14662683840064e-09
G,void,0.5963649601710274
