sample,group,p_value
G,clash,4.146626838410276e-09
G,void,0.596364960171886
