sample,group,p_value
11I,Mutant,0.0452607317205133
12I,Mutant,1.9497870212554747e-06
4I,Mutant,0.00021052399167470208
8I,Mutant,0.01355090901433859
