sample,group,p_value
A,Mutant,4.942358609190079e-05
L,Mutant,0.023175068227430828
