sample,group,p_value
11S,Mutant,0.030869637048695577
11Y,Mutant,0.0002952235536621599
12A,Mutant,0.0022683221476291235
12S,Mutant,0.002400041703975249
4A,Mutant,0.0023460648084226267
8A,Mutant,0.0010420145783559226
