sample,group,p_value
12I,Mutant,2.5811879005957777e-06
4I,Mutant,0.00021052399167470208
8I,Mutant,0.012057665569678713
