sample,group,p_value
12I,Mutant,2.5811879005832746e-06
4I,Mutant,0.00021052399167618722
8I,Mutant,0.012057665569602694
