sample,group,p_value
A,Mutant,6.538196086495471e-07
T,Mutant,0.034190135722039314
