sample,group,p_value
G,void,0.6205673125812713
L,void,0.196103485702959
R,void,0.4052940985266714
G,clash,9.183651103467314e-09
L,clash,0.011174380184373715
R,clash,1.1356945137095953e-08
