sample,group,p_value
G,void,0.6205673125819149
L,void,0.19610348570325786
R,void,0.40529409852713705
G,clash,9.183651103467651e-09
L,clash,0.011174380184400149
R,clash,1.1356945137093172e-08
