sample,group,p_value
11I,Mutant,0.002181060816979745
12I,Mutant,0.04154505148912631
15I,Mutant,0.010310611544114617
