sample,group,p_value
11G,Mutant,1.7514064068254379e-06
12G,Mutant,0.009499092397964315
15G,Mutant,0.019447410538933292
