sample,group,p_value
11I,Mutant,0.0021810608169733634
12I,Mutant,0.04154505148920524
15I,Mutant,0.010310611544091219
