sample,group,p_value
11G,Mutant,1.751406406833602e-06
12G,Mutant,0.009499092397933631
15G,Mutant,0.019447410538948752
