sample,group,p_value
11,Mutant,0.0019162634001482516
15,Mutant,0.015361030907842825
