sample,group,p_value
8,Mutant,0.0029580950286624236
12,Mutant,4.2327316242429374e-15
