sample,group,p_value
8,Mutant,0.002958095028657764
12,Mutant,4.232731624243395e-15
