sample,group,p_value
A,Mutant,2.277712376027758e-15
T,Mutant,6.057569902976974e-09
V,Mutant,0.009543026371233783
