sample,group,p_value
A,Mutant,2.2777123760287934e-15
T,Mutant,6.057569902967482e-09
V,Mutant,0.009543026371222002
