sample,group,p_value
AI,Mutant,2.2777123760289744e-15
LI,Mutant,0.04312146805768766
TI,Mutant,4.99017102781928e-09
VI,Mutant,0.00684266896378684
