sample,group,p_value
AI,Mutant,2.2777123760278976e-15
LI,Mutant,0.043121468057687254
TI,Mutant,4.990171027826441e-09
VI,Mutant,0.006842668963796762
