sample,group,p_value
G,void,0.633020548843467
L,void,0.002836621732146122
R,void,0.0031667160586716383
G,clash,9.479305426619835e-15
L,clash,0.00021071022316637638
R,clash,1.466812106353638e-17
