sample,group,p_value
G,void,0.6330205488406915
L,void,0.0028366217321330062
R,void,0.00316671605864959
G,clash,9.479305426516163e-15
L,clash,0.00021071022316541927
R,clash,1.4668121063604613e-17
