sample,group,p_value
A,Mutant,0.004495194110291961
I,Mutant,1.529524411297986e-17
