sample,group,p_value
11A,Mutant,1.8826990801029548e-05
12A,Mutant,2.101889021768017e-05
12S,Mutant,0.031226973694341662
12T,Mutant,0.0017684312056156343
12V,Mutant,0.0015211530514183265
3Y,Mutant,0.002989941882578413
8A,Mutant,3.587101118136081e-06
8T,Mutant,0.031820276598763624
