sample,group,p_value
11I,Mutant,1.5351030651681415e-05
12I,Mutant,3.1466269913799337e-09
3A,Mutant,0.002314199984770102
8I,Mutant,6.839834126460398e-08
