sample,group,p_value
3,Mutant,0.0013237032423908269
8,Mutant,0.00024546039546077206
12,Mutant,7.295255649968464e-06
