sample,group,p_value
A,Mutant,1.5118704137908391e-12
F,Mutant,0.014037248184162325
T,Mutant,3.3131015746343206e-05
V,Mutant,0.0051850920009538426
Y,Mutant,0.025822451043212277
