sample,group,p_value
AI,Mutant,2.9004233861675306e-12
FA,Mutant,0.008862474221879175
SI,Mutant,0.022694355008909265
TI,Mutant,9.178878644654592e-05
VI,Mutant,0.0038911094201404613
YA,Mutant,0.043632087173088155
