sample,group,p_value
11G,Mutant,0.000292363434694254
15G,Mutant,0.011119371825918118
7G,Mutant,1.3620835851655818e-05
