sample,group,p_value
AI,Mutant,0.0005218773255590483
GI,Mutant,3.1705657973937865e-08
