sample,group,p_value
11I,Mutant,6.218911179221705e-15
15I,Mutant,0.0013483612451858746
7I,Mutant,0.0007117579842454435
