sample,group,p_value
11I,Mutant,0.013780695071280092
12I,Mutant,2.0198694714004422e-13
15I,Mutant,0.03167743935402353
4I,Mutant,0.0044663558039445
8I,Mutant,1.3233622328194945e-05
