sample,group,p_value
11I,Mutant,0.013780695071328354
12I,Mutant,2.019869471428181e-13
15I,Mutant,0.031677439354001906
4I,Mutant,0.004466355803932922
8I,Mutant,1.3233622328256028e-05
