sample,group,p_value
A,Mutant,2.0844518398419826e-14
S,Mutant,0.013562171585144875
T,Mutant,5.26761569356085e-07
