sample,group,p_value
AI,Mutant,1.5184979460084586e-14
SI,Mutant,0.013562171585149338
TI,Mutant,2.3775048294513701e-07
