sample,group,p_value
AI,Mutant,1.518497946017552e-14
SI,Mutant,0.013562171585144828
TI,Mutant,2.3775048294581615e-07
