sample,group,p_value
AI,Mutant,1.221195828497466e-07
SI,Mutant,0.03833246113442391
TI,Mutant,0.004056542082485128
