sample,group,p_value
11A,Mutant,6.750790833989392e-05
12A,Mutant,9.241009027118959e-13
12L,Mutant,0.004937926985694208
12S,Mutant,0.0024607615822832976
12T,Mutant,1.4958521203592385e-05
12V,Mutant,2.064890745119284e-05
4A,Mutant,0.04733731087156693
8A,Mutant,0.00022898327759643156
8T,Mutant,0.0018801123221522061
