sample,group,p_value
11I,Mutant,4.0531206750489506e-05
12I,Mutant,5.263191223133809e-23
4A,Mutant,0.007171183147665647
4I,Mutant,0.007710369506080721
8I,Mutant,1.5146603868220746e-05
