sample,group,p_value
11A,Mutant,6.750790833984228e-05
12A,Mutant,9.241009027174408e-13
12L,Mutant,0.004937926985701677
12S,Mutant,0.0024607615822832066
12T,Mutant,1.4958521203519593e-05
12V,Mutant,2.0648907451213947e-05
4A,Mutant,0.047337310871711474
8A,Mutant,0.00022898327759555073
8T,Mutant,0.0018801123221531407
