sample,group,p_value
8,Mutant,0.006369996402755423
12,Mutant,1.5347892480302096e-15
