sample,group,p_value
A,Mutant,3.16398685430919e-15
S,Mutant,0.048514017205164364
T,Mutant,7.341757136259908e-09
V,Mutant,0.006367433928700162
