sample,group,p_value
AI,Mutant,7.103876639843577e-15
LI,Mutant,0.04312146805768766
SI,Mutant,0.04851401720516361
TI,Mutant,6.2611122660049655e-09
VI,Mutant,0.004401973450706732
