sample,group,p_value
AI,Mutant,7.1038766398167535e-15
LI,Mutant,0.043121468057687254
SI,Mutant,0.048514017205190454
TI,Mutant,6.2611122660217324e-09
VI,Mutant,0.004401973450715159
