sample,group,p_value
11A,Mutant,7.452572631567379e-05
12A,Mutant,1.8394672709172656e-12
12L,Mutant,0.004937926985701677
12S,Mutant,0.0027594426782778575
12T,Mutant,1.49585212035199e-05
12V,Mutant,1.3066960707444881e-05
4A,Mutant,0.047337310871711516
8A,Mutant,0.00011988020094755166
8T,Mutant,0.0017574163345656457
