sample,group,p_value
AI,Mutant,4.14291117669967e-15
LI,Mutant,0.043121468057687254
TI,Mutant,7.70033758086666e-09
VI,Mutant,0.003649042999714292
