sample,group,p_value
11A,Mutant,0.006757860788960447
12A,Mutant,0.0006125123367268999
12S,Mutant,0.024798167979741673
12T,Mutant,0.0001884029808241904
12V,Mutant,0.0003234833698801578
16L,Mutant,0.034534549264506345
3Y,Mutant,0.0013870645902152939
8A,Mutant,1.9430597829138412e-05
