sample,group,p_value
11I,Mutant,0.002306888067910886
12I,Mutant,7.643688159272966e-11
3A,Mutant,0.00219545278159859
8I,Mutant,1.88918680706713e-08
