sample,group,p_value
A,Mutant,1.5857710898997286e-09
F,Mutant,0.00027543757443048106
T,Mutant,5.98619315483625e-06
V,Mutant,1.8185106413050033e-05
Y,Mutant,0.011792777791348649
