sample,group,p_value
AI,Mutant,2.159371454642285e-09
FA,Mutant,0.00028888095375585184
TI,Mutant,4.945804087867194e-06
VI,Mutant,3.2785966997188077e-06
YA,Mutant,0.04475210551567088
