sample,group,p_value
G,void,0.3788794401444252
L,void,0.001760721324177452
R,void,0.10404401380020581
G,clash,2.564760447603008e-19
L,clash,0.0002246354830256604
R,clash,6.921333860695522e-20
