sample,group,p_value
G,void,0.38055821750613616
L,void,0.00176072132418223
R,void,0.10404401380055119
G,clash,2.68592353333487e-19
L,clash,0.0002246354830274233
R,clash,6.921333860750553e-20
