sample,group,p_value
G,void,0.3290385361031375
L,void,0.017244564925031063
R,void,0.3280036223783047
G,clash,6.346876131488547e-17
L,clash,0.004506088884816469
R,clash,5.0917303339576724e-14
