sample,group,p_value
11F,Mutant,0.021908548015073265
5L,Mutant,0.03815266975031244
8A,Mutant,0.04537991021575521
