sample,group,p_value
11F,Mutant,0.021908548015117314
5L,Mutant,0.03815266974966873
8A,Mutant,0.04537991021637642
