sample,group,p_value
G,clash,1.19538380794453e-09
G,void,0.5378947204721665
