sample,group,p_value
11I,Mutant,2.7602881412334234e-05
12I,Mutant,0.015420812857058139
15I,Mutant,0.0034353380449719823
7I,Mutant,0.034973248438955905
