sample,group,p_value
11I,Mutant,2.7602881412399902e-05
12I,Mutant,0.015420812856948804
15I,Mutant,0.00343533804496406
7I,Mutant,0.034973248438982134
