Sequence,Segments,Fluorescence,FluorStdDev,Rep1-Fluor,Rep2-Fluor,Rep3-Fluor,Sample,Average Percent GpA,LB-12H_M9-24H,LB-12H_M9-36H,LB-24H_M9-24H,LB-24H_M9-36H,LB-36H_M9-24H,LB-36H_M9-36H,Rep1-Fluor_transformed,Rep2-Fluor_transformed,Rep3-Fluor_transformed,PercentGpA_transformed,std_adjusted,Percent GpA,Type,Mutant Type,mean_transformed,percent_wt,wt_seq,position,wt_aa,mut_aa,mut_position
LLLTSLLFALLGILLALLILI,0.0,18396.51379777693,2704.001142993043,19033.21579798668,20725.346226054822,15430.979369289284,G,2.393127168231475,99999900.0,99999900.0,99999900.0,99999900.0,99999900.0,99999900.0,7964.620528661866,7901.071618491017,12.983102175209847,5292.891749776031,4572.645417179581,12.983102175209847,WT,,,100.0,LLLTSLLFALLGILLALLILI,-1-1-1,-,1,1-1-
LLLLLVLLAILFTLLSLLILI,3.0,28171.34823179667,864.497870153028,28348.598303991497,28933.48366517896,27231.96272621956,L,137.09837088019796,99999900.0,99999900.0,99999900.0,99999900.0,99999900.0,99999900.0,14356.510338515716,6781.253670599113,109.30278343888766,7082.355597517905,7128.374818789709,109.30278343888766,WT,,,100.0,LLLLLVLLAILFTLLSLLILI,-1-1-1,-,1,1-1-
LLLFYLLTALLIILLVLLILI,10.0,24149.264856264024,1647.1856956795823,24207.20491499,25766.71607562433,22473.87357817775,R,81.71772193335931,99999900.0,99999900.0,99999900.0,99999900.0,99999900.0,99999900.0,5463.821636367106,3366.401580258326,64.11691371698342,2964.780043447472,2722.1641513830946,64.11691371698342,Mutant,clash,,81.84385918522345,LLLFYLLTALLITLLVLLILI,T12I,T,I,12
