sample,group,p_value
11I,Mutant,2.038856461864253e-05
12I,Mutant,3.16729553009231e-13
4I,Mutant,0.023912188808349544
8I,Mutant,4.5174182463190585e-05
