sample,group,p_value
11A,Mutant,0.0003280073993843058
11T,Mutant,0.03625116016939031
12A,Mutant,4.528082840407292e-09
12S,Mutant,0.03635640580478732
12T,Mutant,0.00047647680381558076
12V,Mutant,0.0002612002185152923
8A,Mutant,0.0008411295406743132
8T,Mutant,0.016044325664154507
