sample,group,p_value
AI,Mutant,1.6385218015624114e-09
TI,Mutant,1.2670203528343736e-06
