sample,group,p_value
AI,Mutant,1.638521801575709e-09
TI,Mutant,1.267020352833863e-06
