sample,group,p_value
11I,Mutant,0.004484095520651601
12I,Mutant,1.9348039793373492e-10
4A,Mutant,0.03927605276323372
8I,Mutant,6.934516389196153e-05
