sample,group,p_value
11A,Mutant,0.013935193042033799
12A,Mutant,0.0009340473319690358
12S,Mutant,0.01702217241467834
12T,Mutant,0.0005724015400584615
12V,Mutant,0.0019275277829541796
3Y,Mutant,0.04103420352617965
8A,Mutant,0.00011422453726987012
