sample,group,p_value
AI,Mutant,9.586978939199388e-09
SI,Mutant,0.01360000406831277
TI,Mutant,0.0005782752821736567
VI,Mutant,0.0008359295377227984
