sample,group,p_value
11A,Mutant,0.04774051042185078
11F,Mutant,0.02280419159856528
11Y,Mutant,1.1951680467642309e-05
12A,Mutant,0.001678450266286428
4A,Mutant,0.002970865672547144
8A,Mutant,0.011500366562426789
8L,Mutant,0.02468687125783663
8S,Mutant,0.039169980177867915
