sample,group,p_value
A,Mutant,9.491671942022236e-08
F,Mutant,0.01280001084494674
T,Mutant,0.040743519966485044
Y,Mutant,0.04007745686982827
