sample,group,p_value
11I,Mutant,9.069143792023874e-11
12I,Mutant,0.03952697646806559
15I,Mutant,0.009365242421621046
7I,Mutant,0.007518636149360415
