sample,group,p_value
11G,Mutant,7.934533649536309e-12
12G,Mutant,0.017187650254464167
15G,Mutant,0.01986381466375165
7G,Mutant,1.5022566610117205e-05
