sample,group,p_value
11G,Mutant,7.934533649594124e-12
12G,Mutant,0.017187650254411796
15G,Mutant,0.019863814663704123
7G,Mutant,1.5022566609902568e-05
