sample,group,p_value
7,Mutant,0.01791076615049811
11,Mutant,6.81819905104551e-12
15,Mutant,0.04165352482821465
