sample,group,p_value
7,Mutant,0.017910766150585965
11,Mutant,6.818199051079583e-12
15,Mutant,0.0416535248281622
