sample,group,p_value
11,Mutant,8.424246658682148e-05
12,Mutant,0.01990020918799775
