sample,group,p_value
A,Mutant,0.0020426454211824024
Y,Mutant,0.007144787260506473
