sample,group,p_value
7,Mutant,0.0014639578686676273
11,Mutant,1.2933526954435498e-23
15,Mutant,0.003542897506832494
