Sequence,Segments,Fluorescence,FluorStdDev,Rep1-Fluor,Rep2-Fluor,Rep3-Fluor,Sample,LB-12H_M9-36H,LB-36H_M9-36H,std,Percent Error,mean,mean_transformed,Percent GpA,std_adjusted,Type,Mutant Type,percent_wt,wt_seq,position,wt_aa,mut_aa,mut_position,Mutant Type_x,Mutant Type_y
LLLAYLLGLLLGVLLGTLILI,0.0,26622.68502,2186.111322,27199.32784,28462.67163,24206.0556,G,6558.955859,7031.696322,3009.8820597203617,11.4294846981073,26334.363615,30086.97660455896,101.3298785965249,3438.7863871411896,WT,,49.29994769768728,LLLALLLGLLLGVLLGTLILI,L4Y,L,Y,4,,
LLLTYLLGVLLGLLLGFLILI,1.0,24655.04758,1607.080719,26436.88702,24213.00935,23315.24637,G,64.27875449,37.3922687,634.8142910562425,2.6713132280556686,23764.12786,26781.434808597427,90.19714986532476,715.4160107051684,WT,,25.830980994308696,LLLTALLGVLLGLLLGFLILI,A4Y,A,Y,4,,
