Sequence,Segments,Fluorescence,FluorStdDev,Rep1-Fluor,Rep2-Fluor,Rep3-Fluor,Sample,LB-12H_M9-36H,LB-36H_M9-36H,std,Percent Error,mean,mean_transformed,Percent GpA,std_adjusted,Type,Mutant Type,percent_wt,wt_seq,position,wt_aa,mut_aa,mut_position,Mutant Type_x,Mutant Type_y
LLLAYLLGVLLGLLLGFLILI,13.0,31645.96643,2181.163442,32689.47276,33109.3568,29139.06973,D,2114.799586,2847.63252,2181.163439569546,6.892390044065233,31645.96643,31078.53361763737,105.89885317376988,2142.0537569035046,WT,,78.13338526582308,LLLALLLGVLLGLLLGFLILI,L4Y,L,Y,4,,
LLLAYLLGLLLGVLLGTLILI,13.0,31064.49681,2283.363274,31332.14105,33202.24304,28659.10634,D,15061.79735,10134.52096,2283.3632755489457,7.350395177860747,31064.49681,29954.78481861612,102.06972434369484,2201.7950588461226,WT,,93.74488067990453,LLLAFLLGLLLGVLLGTLILI,F4Y,F,Y,4,,
LLLAYLLGLLLGVLLGTLILI,0.0,26622.68502,2186.111322,27199.32784,28462.67163,24206.0556,G,6558.955859,7031.696322,3009.8820597203617,11.4294846981073,26334.363615,30086.97660455896,101.3298785965249,3438.7863871411896,WT,,49.29994769768728,LLLALLLGLLLGVLLGTLILI,L4Y,L,Y,4,,
LLLTYLLGVLLGLLLGFLILI,1.0,24655.04758,1607.080719,26436.88702,24213.00935,23315.24637,G,64.27875449,37.3922687,634.8142910562425,2.6713132280556686,23764.12786,26781.434808597427,90.19714986532476,715.4160107051684,WT,,25.830980994308696,LLLTALLGVLLGLLLGFLILI,A4Y,A,Y,4,,
LLLYALLALLLGTLLSFLILI,0.0,19281.51675,1459.020984,19953.94572,20283.06969,17607.53484,G,-77.62236554,-76.53953403,1891.888835735932,9.98605780616682,18945.302265,20584.01522141187,69.32487071827073,2055.5316588403666,WT,,92.7140561419329,LLLVALLALLLGTLLSFLILI,V3Y,V,Y,3,,
LLLAYLLGLLLGTLLSFLILI,0.0,26136.44474,1159.766447,27319.84577,26087.63438,25001.85408,G,217.5705314,224.4315093,767.7626130087629,3.005559993460788,25544.74423,29071.45891325716,97.90971824858744,873.7601386122477,WT,,92.4843162078418,LLLALLLGLLLGTLLSFLILI,L4Y,L,Y,4,,
LLLYALLALLLGVLLGTLILI,7.0,19016.78959,1507.510792,19070.92251,20496.50481,17482.94147,G,17.44200016,15.24474781,2130.911073249179,11.221390946772797,18989.72314,20641.144244942123,69.51727546184942,2316.2234916122497,Mutant,,94.86512531362804,LLLAALLALLLGVLLGTLILI,A3Y,A,Y,3,void,void
