sample,group,p_value
G,clash,4.4070148500847206e-24
L,clash,0.0021218014124275287
R,clash,1.7488721542193907e-16
G,void,0.09889518873985871
L,void,1.5115813632348673e-05
R,void,0.06419945467963212
