sample,group,p_value
AI,Mutant,0.00014383405575723975
GI,Mutant,3.632406621574315e-08
