sample,group,p_value
11G,Mutant,1.0850566725526785e-11
12G,Mutant,0.01031215367046842
15G,Mutant,0.00861654854323293
7G,Mutant,2.8698654192894777e-05
