sample,group,p_value
11G,Mutant,1.085056672548046e-11
12G,Mutant,0.010312153670540352
15G,Mutant,0.008616548543250965
7G,Mutant,2.869865419313433e-05
