sample,group,p_value
11I,Mutant,5.4583056691061044e-11
12I,Mutant,0.00626672469646084
15I,Mutant,0.005087025526220204
7I,Mutant,0.009203057068354512
