sample,group,p_value
11I,Mutant,5.45830566912816e-11
12I,Mutant,0.006266724696409979
15I,Mutant,0.005087025526210932
7I,Mutant,0.009203057068386061
