sample,group,p_value
7,Mutant,0.009544067870837723
11,Mutant,9.900734554868927e-12
15,Mutant,0.02733560932546833
