sample,group,p_value
7,Mutant,0.009544067870872119
11,Mutant,9.900734554920083e-12
15,Mutant,0.027335609325458084
