sample,group,p_value
11A,Mutant,0.000173065332404525
12A,Mutant,8.525422816999883e-10
12L,Mutant,0.004281502242125738
12S,Mutant,0.013135198569553893
12T,Mutant,0.001375189018896638
12V,Mutant,0.0007778614255603319
16L,Mutant,0.013231987791587232
16Y,Mutant,0.0009219580850574204
4A,Mutant,0.0022239348716877605
8A,Mutant,9.40446932865604e-06
8S,Mutant,0.04088971911085158
8T,Mutant,0.0015080641960553236
