sample,group,p_value
A,Mutant,0.0014024059075905262
I,Mutant,1.2422743182913746e-06
