sample,group,p_value
11I,Mutant,0.018316670160347815
12I,Mutant,4.722486488637645e-07
4A,Mutant,0.00045074144837665427
4I,Mutant,0.003251536316437356
8I,Mutant,0.03056317100135312
