sample,group,p_value
12A,Mutant,0.00105204150096085
12S,Mutant,0.002471649167731688
4A,Mutant,0.0052074854417412655
4L,Mutant,0.0006118651413244585
8A,Mutant,0.0056960909878902835
8L,Mutant,0.03787852269163893
