sample,group,p_value
A,Mutant,5.5306911786205064e-08
F,Mutant,0.02005195103805351
L,Mutant,0.014767566494982702
T,Mutant,0.01410862593335473
