sample,group,p_value
AI,Mutant,5.530691178620294e-08
FA,Mutant,0.03531807289492187
LA,Mutant,0.007334957958354102
TI,Mutant,0.01410862593335473
