sample,group,p_value
11I,Mutant,5.222804816114084e-13
12I,Mutant,0.04385372475292222
15I,Mutant,0.006114332038270339
7I,Mutant,0.0016268245701466725
