sample,group,p_value
11I,Mutant,5.60332403287187e-13
12I,Mutant,0.04385372475266148
15I,Mutant,0.006114332038284117
7I,Mutant,0.0016268245701543847
