sample,group,p_value
7,Mutant,0.0011497008410785265
11,Mutant,1.9370615662793433e-12
15,Mutant,0.02695936605788653
