sample,group,p_value
A,Mutant,0.00012417482866419798
G,Mutant,9.208811823477604e-19
