sample,group,p_value
A,Mutant,0.00014722372760992618
G,Mutant,9.208811823567443e-19
