sample,group,p_value
AI,Mutant,0.00014722372760992534
GI,Mutant,7.166158192773016e-20
TI,Mutant,0.027491883768074824
