sample,group,p_value
AI,Mutant,0.00012417482866419903
GI,Mutant,7.166158192721117e-20
TI,Mutant,0.027491883767580865
