sample,group,p_value
A,Mutant,4.45736157850291e-07
S,Mutant,0.013538522048845272
T,Mutant,0.0008606916133501018
V,Mutant,0.0010239517312439017
