sample,group,p_value
11G,Mutant,6.339405106584491e-14
15G,Mutant,0.005644142116653766
7A,Mutant,0.00924876699988194
7G,Mutant,4.1121128990077105e-07
