sample,group,p_value
11I,Mutant,4.376870205219743e-12
15I,Mutant,0.0005502657819168757
7I,Mutant,0.0003087838830260489
