sample,group,p_value
11G,Mutant,6.339405106360501e-14
15G,Mutant,0.005644142116629162
7A,Mutant,0.009248766999904477
7G,Mutant,4.1121128990124735e-07
