sample,group,p_value
7,Mutant,0.001277034087416818
11,Mutant,1.2394575707736576e-10
15,Mutant,0.003706860742026825
