sample,group,p_value
A,Mutant,0.017114447970030148
G,Mutant,1.5491062495825453e-17
