sample,group,p_value
A,Mutant,0.01905065697017115
G,Mutant,1.5491062495177678e-17
