sample,group,p_value
AI,Mutant,0.017114447970030148
GI,Mutant,4.7216258035826986e-17
