sample,group,p_value
AI,Mutant,0.019050656970171234
GI,Mutant,4.721625803381924e-17
