sample,group,p_value
G,void,0.5181099867209733
L,void,0.002400531075879154
R,void,0.002786453410753384
G,clash,1.441636289764534e-19
L,clash,4.243267707008809e-08
R,clash,1.6951999361302587e-28
