sample,group,p_value
12I,Mutant,0.00968525126109657
8A,Mutant,0.03775282728238681
