sample,group,p_value
12S,Mutant,0.01757006019787401
8A,Mutant,0.04501386383304282
