sample,group,p_value
12I,Mutant,0.009685251261129632
8A,Mutant,0.03775282728219738
