sample,group,p_value
AI,Mutant,0.04247210319130638
FA,Mutant,0.03420071649544471
