sample,group,p_value
AI,Mutant,0.042472103191890265
FA,Mutant,0.03420071649533712
