sample,group,p_value
G,clash,6.06801837208042e-17
G,void,0.37057976005986304
