sample,group,p_value
11I,Mutant,0.00013795829140667254
12I,Mutant,3.795033937777965e-19
4I,Mutant,0.02336812058469685
8I,Mutant,4.3705057371775964e-08
