sample,group,p_value
8,Mutant,1.6401020175527902e-05
12,Mutant,1.7843030736824282e-14
