sample,group,p_value
A,Mutant,5.94682571682281e-14
S,Mutant,0.027327471083111756
T,Mutant,5.896393307077037e-08
V,Mutant,0.006968105386577736
