sample,group,p_value
AI,Mutant,5.946825716806669e-14
LI,Mutant,0.043121468057687254
SI,Mutant,0.02732747108314308
TI,Mutant,5.230346730195811e-08
VI,Mutant,0.004905358247031303
