sample,group,p_value
AI,Mutant,5.94682571682281e-14
LI,Mutant,0.04312146805768779
SI,Mutant,0.027327471083111756
TI,Mutant,5.2303467301669807e-08
VI,Mutant,0.004905358247016671
