sample,group,p_value
11I,Mutant,3.637368172567998e-05
15I,Mutant,0.0040244002311347225
7I,Mutant,0.0004315633570663823
