sample,group,p_value
7,Mutant,0.0005621300112809178
11,Mutant,0.00029659788835386335
