sample,group,p_value
7,Mutant,0.0005621300112816991
11,Mutant,0.00031022151890863585
