sample,group,p_value
AI,Mutant,0.00011243182052276923
FA,Mutant,0.0002753056807795053
GI,Mutant,9.847877301855361e-08
