sample,group,p_value
11A,Mutant,0.0018701124919657738
12A,Mutant,7.674894532113104e-11
12T,Mutant,0.0021691976786330633
8A,Mutant,0.00010018253122416859
8S,Mutant,0.0408897191109116
8T,Mutant,0.0014445085904562858
