sample,group,p_value
11I,Mutant,0.006932769699704249
12I,Mutant,2.0198694714281374e-13
4I,Mutant,0.004466355803932922
8I,Mutant,1.3233622328255831e-05
