sample,group,p_value
8,Mutant,0.00022681506006054335
12,Mutant,1.4896685003414375e-06
