sample,group,p_value
A,Mutant,2.0844518398322285e-14
S,Mutant,0.021677584561464645
T,Mutant,1.2104972969633782e-06
