sample,group,p_value
11I,Mutant,0.022248727840645834
12I,Mutant,0.00034827988057580824
4A,Mutant,0.000742441798825692
4I,Mutant,0.0017322931833109298
8I,Mutant,0.016919931386432528
