sample,group,p_value
11I,Mutant,0.02224872784088554
12I,Mutant,0.0003482798805727847
4A,Mutant,0.0007424417988384891
4I,Mutant,0.0017322931833002617
8I,Mutant,0.016919931386270126
