sample,group,p_value
A,Mutant,1.740270921358288e-08
F,Mutant,0.04395852092560941
T,Mutant,0.044232522133686475
