sample,group,p_value
AI,Mutant,1.7402709213745717e-08
TI,Mutant,0.015720343456715496
