sample,group,p_value
AI,Mutant,1.740270921358288e-08
TI,Mutant,0.01572034345662329
