sample,group,p_value
11I,Mutant,4.75681209076611e-27
7I,Mutant,0.00035412437860773684
