sample,group,p_value
11G,Mutant,3.433482329347393e-26
7G,Mutant,0.00035412437860471863
