sample,group,p_value
11I,Mutant,4.756812090712672e-27
7I,Mutant,0.00035412437860471863
