sample,group,p_value
11G,Mutant,3.4334823293998494e-26
7G,Mutant,0.00035412437860773684
