sample,group,p_value
7,Mutant,0.0004166284346973558
11,Mutant,1.0985244017587113e-26
