sample,group,p_value
7,Mutant,0.0004166284347015271
11,Mutant,1.0985244017656276e-26
