sample,group,p_value
11G,Mutant,1.812399474188464e-11
12G,Mutant,0.014690376513099518
15G,Mutant,0.023623299825859194
7G,Mutant,0.00030604587919980537
