sample,group,p_value
11G,Mutant,1.8123994741897593e-11
12G,Mutant,0.014690376513088464
15G,Mutant,0.02362329982571691
7G,Mutant,0.00030604587919858456
