sample,group,p_value
11I,Mutant,1.4026091040520157e-10
12I,Mutant,0.01999701526317735
15I,Mutant,0.026580672412445647
7I,Mutant,0.011548711472131545
