sample,group,p_value
11I,Mutant,1.402609104057556e-10
12I,Mutant,0.01999701526309001
15I,Mutant,0.02658067241229766
7I,Mutant,0.011548711472171728
