sample,group,p_value
7,Mutant,0.0007170812981928593
11,Mutant,1.678134956029983e-11
