sample,group,p_value
7,Mutant,0.0007170812981959207
11,Mutant,1.6781349560387422e-11
