sample,group,p_value
11I,Mutant,1.7657742729141107e-31
15I,Mutant,0.00010761296215357899
7I,Mutant,1.7255177673118333e-07
