sample,group,p_value
11G,Mutant,5.060597637891336e-32
7G,Mutant,1.7255177673118333e-07
