sample,group,p_value
11I,Mutant,3.60636746741925e-24
15I,Mutant,0.04225738869320579
7I,Mutant,0.00035412437860471863
