sample,group,p_value
11I,Mutant,3.606367467436124e-24
15I,Mutant,0.0422573886930356
7I,Mutant,0.00035412437860773684
