sample,group,p_value
11G,Mutant,8.130855308861258e-24
7G,Mutant,0.00035412437860471863
