sample,group,p_value
11G,Mutant,8.130855308859578e-24
7G,Mutant,0.00035412437860773684
