sample,group,p_value
7,Mutant,0.0008471221595169419
11,Mutant,8.893672221019164e-24
15,Mutant,0.046854771919409594
