sample,group,p_value
7,Mutant,0.0008471221595139282
11,Mutant,8.893672220991667e-24
15,Mutant,0.04685477191954406
