sample,group,p_value
11I,Mutant,0.024232349831677068
12I,Mutant,2.244029661364327e-07
4I,Mutant,0.00021052399167618722
8I,Mutant,0.007447735503941389
