sample,group,p_value
11I,Mutant,0.024232349831551134
12I,Mutant,2.2440296613726056e-07
4I,Mutant,0.0002105239916747046
8I,Mutant,0.007447735503993815
