sample,group,p_value
11S,Mutant,0.03086963704886643
12A,Mutant,0.00016931973910714858
12S,Mutant,0.0040503833094377465
15F,Mutant,0.007176260100350113
4A,Mutant,0.0035859721111600766
5A,Mutant,0.04194139898018131
8A,Mutant,0.0072181451676558055
