sample,group,p_value
11Y,Mutant,0.00022804795916508237
12A,Mutant,0.00016931973910714858
12S,Mutant,0.004050383309437751
4A,Mutant,0.002346064808390965
5A,Mutant,0.04194139898018131
8A,Mutant,0.00474673126425987
