sample,group,p_value
A,Mutant,2.3272335810042707e-09
T,Mutant,0.034190135721818046
