sample,group,p_value
A,Mutant,2.3272335809834035e-09
T,Mutant,0.03419013572203915
