sample,group,p_value
AI,Mutant,2.3272335810043216e-09
TI,Mutant,0.010427172249421038
