sample,group,p_value
A,Mutant,0.046341866301205535
I,Mutant,2.191456916976203e-14
