sample,group,p_value
A,Mutant,0.04634186630102941
I,Mutant,2.1914569169772238e-14
