sample,group,p_value
11I,Mutant,0.0012521623337643064
12I,Mutant,1.9961902394447416e-14
3A,Mutant,0.005163639833569287
8I,Mutant,1.8770839163422995e-09
