sample,group,p_value
11A,Mutant,0.0022974871694751067
12A,Mutant,1.7188836440566638e-09
12L,Mutant,0.001489825114474427
12T,Mutant,0.0007411419583568607
12V,Mutant,1.4601305479840081e-05
8A,Mutant,1.386127618274833e-06
8T,Mutant,0.0022464191279102483
