sample,group,p_value
11A,Mutant,0.0022974871694750876
12A,Mutant,1.7188836440446496e-09
12L,Mutant,0.0014898251144773672
12T,Mutant,0.0007411419583583763
12V,Mutant,1.4601305479676929e-05
8A,Mutant,1.3861276182874813e-06
8T,Mutant,0.0022464191279201046
