sample,group,p_value
3,Mutant,0.004005273535329856
8,Mutant,5.146845192146205e-08
12,Mutant,4.966295530794218e-11
