sample,group,p_value
A,Mutant,1.9624902513181342e-10
T,Mutant,3.9632241119112236e-08
Y,Mutant,0.00012555256785474754
