sample,group,p_value
11I,Mutant,4.0531206750516666e-05
12I,Mutant,5.2631912231365605e-23
4A,Mutant,0.007171183147653344
4I,Mutant,0.007710369506062303
8I,Mutant,1.5146603868224808e-05
