sample,group,p_value
8,Mutant,0.006369996402753825
12,Mutant,1.5347892480313006e-15
