sample,group,p_value
G,clash,1.7694769251309462e-27
L,clash,0.0007391375778254662
R,clash,6.728370029246557e-12
G,void,0.04843829391997228
L,void,2.2978601635395494e-05
R,void,0.04507678243127528
