sample,group,p_value
G,clash,3.553960275737873e-10
L,clash,0.0036846598350065473
R,clash,1.415856287195909e-11
G,void,0.40135567592812404
L,void,0.6256523906863616
R,void,0.9634189494910019
