sample,group,p_value
11G,Mutant,5.725345448900127e-05
15G,Mutant,0.002534945068890234
7A,Mutant,0.0037853612761852523
