sample,group,p_value
11I,Mutant,3.6016044105462398e-06
15I,Mutant,0.02238521816695043
