sample,group,p_value
11G,Mutant,5.7253454489185357e-05
15G,Mutant,0.0025349450688893853
7A,Mutant,0.0037853612761776755
