sample,group,p_value
7,Mutant,0.01890979333874654
11,Mutant,0.0029574620380015716
15,Mutant,0.011300945375924904
