sample,group,p_value
7,Mutant,0.01890979333880398
11,Mutant,0.0029574620380322636
15,Mutant,0.011300945375926576
