sample,group,p_value
11A,Mutant,0.016894892769050214
12A,Mutant,0.006969619477531769
12S,Mutant,0.026803087201997866
12T,Mutant,0.0022632771624506976
12V,Mutant,0.001387931629232873
3Y,Mutant,0.012322014212796174
7I,Mutant,0.034449899176614965
8A,Mutant,0.016836044241047537
