sample,group,p_value
11I,Mutant,0.018461008106342745
12I,Mutant,1.0174630557367859e-07
4I,Mutant,0.045531987573662266
8I,Mutant,0.014836379660452599
