sample,group,p_value
11A,Mutant,0.01689489276904336
12A,Mutant,0.006969619477523218
12S,Mutant,0.026803087201985563
12T,Mutant,0.0022632771624451543
12V,Mutant,0.0013879316292280837
3Y,Mutant,0.01232201421267275
7I,Mutant,0.0344498991766445
8A,Mutant,0.016836044240958394
