sample,group,p_value
11I,Mutant,0.01846100810633232
12I,Mutant,1.017463055728479e-07
4I,Mutant,0.045531987573613014
8I,Mutant,0.014836379660423971
