sample,group,p_value
A,Mutant,7.492443303867648e-06
T,Mutant,0.0033490498375729023
V,Mutant,0.009379401702615768
