sample,group,p_value
A,Mutant,7.492443303889602e-06
T,Mutant,0.00334904983757366
V,Mutant,0.009379401702613978
