sample,group,p_value
AI,Mutant,6.15122869208016e-06
FA,Mutant,0.02814230264654243
TI,Mutant,0.0035048509672447508
VI,Mutant,0.016117723886068407
