sample,group,p_value
AI,Mutant,6.15122869206165e-06
FA,Mutant,0.028142302646432724
TI,Mutant,0.003504850967244441
VI,Mutant,0.01611772388606893
