sample,group,p_value
A,Mutant,0.04644938940462361
I,Mutant,0.036409428411144605
