sample,group,p_value
12A,Mutant,0.03920020771039013
12I,Mutant,0.025440316175927746
