sample,group,p_value
14F,Mutant,0.03323340406508792
4A,Mutant,0.038363497930808094
