sample,group,p_value
12I,Mutant,1.2390451722223778e-05
4I,Mutant,0.0035674049318364567
8I,Mutant,0.0009830698132771924
