sample,group,p_value
A,Mutant,0.023956164838937376
I,Mutant,2.8139107195600848e-12
