sample,group,p_value
11I,Mutant,0.00013290407875203204
12I,Mutant,5.970403177472259e-06
3A,Mutant,0.03743806030801324
4A,Mutant,0.04941085599723994
8I,Mutant,0.0003483205388969351
