sample,group,p_value
11I,Mutant,0.0001329040787516788
12I,Mutant,5.9704031775044645e-06
3A,Mutant,0.037438060308045126
4A,Mutant,0.04941085599741859
8I,Mutant,0.00034832053889772137
