sample,group,p_value
A,Mutant,2.0012705681015065e-06
F,Mutant,0.005309555729802307
S,Mutant,0.0015171862534473365
T,Mutant,0.00037519877640859164
V,Mutant,0.0003295808384103144
