sample,group,p_value
A,Mutant,1.7238411560362332e-07
L,Mutant,0.015521044445580386
T,Mutant,0.012476935647645633
