sample,group,p_value
AI,Mutant,1.4849382161816446e-06
TI,Mutant,0.012476935647668629
