sample,group,p_value
11A,Mutant,0.00022818960693903235
12A,Mutant,6.132822653076236e-05
12S,Mutant,0.031226973694341662
12T,Mutant,0.008652508321984817
12V,Mutant,0.010130786548417928
3Y,Mutant,0.003635762630025038
8A,Mutant,8.110649184727471e-06
8T,Mutant,0.02281837505323926
