sample,group,p_value
11I,Mutant,5.991535015546488e-05
12I,Mutant,2.298613149779967e-07
3A,Mutant,0.03965654299901966
8I,Mutant,5.54925384814095e-08
