sample,group,p_value
3,Mutant,0.026873831156708796
8,Mutant,0.000223311807542969
12,Mutant,6.464532656136701e-05
