sample,group,p_value
A,Mutant,8.25955924152523e-11
F,Mutant,0.017371652239279126
S,Mutant,0.013633024555066525
T,Mutant,0.00018723101141573925
V,Mutant,0.018875340809238257
