sample,group,p_value
AI,Mutant,6.311286381897865e-11
FA,Mutant,0.009064793416810518
SI,Mutant,0.013633024555066525
TI,Mutant,0.0002117443367124183
VI,Mutant,0.044001914117144235
