Sequence,Segments,Fluorescence,FluorStdDev,Rep1-Fluor,Rep2-Fluor,Rep3-Fluor,Sample,Average Percent GpA,LB-12H_M9-24H,LB-12H_M9-36H,LB-24H_M9-24H,LB-24H_M9-36H,LB-36H_M9-24H,LB-36H_M9-36H,std,Percent Error,mean,mean_transformed,Percent GpA,std_adjusted,Type,Mutant Type,percent_wt,wt_seq,position,wt_aa,mut_aa,mut_position
LLLAYLLGVLLGLLLGFLILI,0.0,27345.251604145225,1445.009951958423,27876.90743146973,28449.11720445345,25709.73017651249,G,144.54585558204332,1086.0571836955698,1609.181541170364,992.5492889575386,1474.430898590076,1540.0963804923497,2263.4800225596578,1937.0391437515152,7.153177135125978,27079.42369048297,51178.80107161063,110.39172629072549,3660.9102962860607,WT,,114.38892766140525,LLLAYLLGVLLGLLLGSLILI,S16F,S,F,16
LLLAYLLGVLLGLLLSFLILI,0.0,26263.262783651047,1335.0548304098684,27767.077489071475,25217.6252843408,25805.085577540867,G,137.14602864285783,-50.46931836283064,-66.41147971006578,-58.87418414189636,-72.11111871003607,-49.86768654295673,-66.00349173330149,415.3971569996049,1.6282833662997005,25511.35543094084,43998.3357892624,94.90359562936185,716.4175831052476,WT,,107.01748939309176,LLLAYLLGVLLGLLLSTLILI,T16F,T,F,16
LLLFALLVALLTALLSLLILI,10.0,25247.276198056577,1834.004078261776,24574.511589311307,27322.655855789963,23844.661149068463,R,110.73589199824308,-20.75439088059577,-45.1229662816669,-16.009045425437698,-41.83684752453208,-17.898112288186535,-43.145013201788124,2459.31364205369,9.612830165866129,25583.65850242921,19541.67383614333,40.6339276994141,1878.5079174359548,Mutant,void,121.66834925686696,LLLYALLVALLTALLSLLILI,Y3F,Y,F,3
