sample,group,p_value
11I,Mutant,3.899593043591974e-11
15I,Mutant,0.014163770248633571
7I,Mutant,0.0005795055685933652
