sample,group,p_value
12A,Mutant,0.04901988844839443
12S,Mutant,0.038529609159564576
