sample,group,p_value
11A,Mutant,0.00013925101383576355
11T,Mutant,0.02706588746691358
12A,Mutant,3.2721338389197227e-10
12S,Mutant,0.004038481105159795
12T,Mutant,0.0003396095574118073
12V,Mutant,2.0648907451193106e-05
4A,Mutant,0.039275891757244184
8A,Mutant,0.0007059940391307407
8T,Mutant,0.005979605965738412
