sample,group,p_value
11A,Mutant,0.0001392510138351583
11T,Mutant,0.02706588746698768
12A,Mutant,3.272133838935277e-10
12S,Mutant,0.004038481105149532
12T,Mutant,0.0003396095574105755
12V,Mutant,2.0648907451213835e-05
4A,Mutant,0.03927589175731619
8A,Mutant,0.0007059940391291714
8T,Mutant,0.0059796059657410035
