sample,group,p_value
AI,Mutant,1.692301061455877e-11
SI,Mutant,0.011675613649983116
TI,Mutant,9.036596287531074e-07
