sample,group,p_value
AI,Mutant,1.6923010614482076e-11
SI,Mutant,0.011675613649968474
TI,Mutant,9.036596287536072e-07
