sample,group,p_value
11A,Mutant,0.005175353424057837
12A,Mutant,0.0003105362989841176
12S,Mutant,0.03158909046817737
12T,Mutant,0.00015340812780899462
12V,Mutant,0.001293134603357845
3Y,Mutant,0.03156565463178888
8A,Mutant,0.00010370140730859664
