sample,group,p_value
11A,Mutant,0.0051753534240669185
12A,Mutant,0.0003105362989844001
12S,Mutant,0.031589090468268355
12T,Mutant,0.00015340812780964433
12V,Mutant,0.001293134603364039
3Y,Mutant,0.03156565463203896
8A,Mutant,0.00010370140730996904
