sample,group,p_value
11I,Mutant,0.0007475770977353683
12I,Mutant,1.758228415832321e-11
8I,Mutant,0.00015013994382254126
