sample,group,p_value
8,Mutant,0.0005097829348661967
12,Mutant,9.68386876424032e-10
