sample,group,p_value
8,Mutant,0.0005097829348682182
12,Mutant,9.683868764276945e-10
