sample,group,p_value
A,Mutant,1.4206086033500392e-08
T,Mutant,0.0028245997326956564
V,Mutant,0.0009546246753040626
