sample,group,p_value
A,Mutant,1.4206086033651255e-08
T,Mutant,0.002824599732695887
V,Mutant,0.0009546246753040823
