sample,group,p_value
AI,Mutant,5.830298797259873e-09
TI,Mutant,0.0015330229224857664
VI,Mutant,0.0010154919906396036
