sample,group,p_value
AI,Mutant,5.8302987971979795e-09
TI,Mutant,0.0015330229224852865
VI,Mutant,0.00101549199063885
