sample,group,p_value
11G,Mutant,9.965814088210369e-06
12G,Mutant,0.012289272093740127
15G,Mutant,0.0036281811715593417
7G,Mutant,9.174179678794249e-06
