sample,group,p_value
11I,Mutant,0.00828590749884371
12I,Mutant,4.629857300831311e-18
3A,Mutant,0.00021756319171724388
8I,Mutant,1.032353059454674e-09
