sample,group,p_value
11A,Mutant,0.002157223607065287
12A,Mutant,5.07173461197824e-10
12L,Mutant,0.003029134250924004
12T,Mutant,1.7302133048349266e-05
12V,Mutant,1.4601305479840055e-05
3Y,Mutant,8.02388470638215e-05
8A,Mutant,1.1274372954038364e-06
8T,Mutant,0.00019891986184670016
