sample,group,p_value
AI,Mutant,9.540736822369148e-15
TI,Mutant,3.809190509576087e-10
VI,Mutant,0.04612998371959945
YA,Mutant,0.0008673743205571115
