,AA,Entropy,Left
0,A,0.143,0.0851305334846765
1,F,0.098,0.07604994324631101
2,G,0.085,0.0
3,I,0.121,0.15096481271282633
4,L,0.211,0.37911464245175935
5,S,0.073,0.07604994324631101
6,T,0.066,0.07832009080590238
7,V,0.126,0.0771850170261067
8,W,0.028,0.032917139614074914
9,Y,0.049,0.04426787741203178
