,AA,Entropy,Left
0,A,0.143,0.0876944837340877
1,F,0.098,0.07637906647807638
2,G,0.085,0.0
3,I,0.121,0.15134370579915135
4,L,0.211,0.371994342291372
5,S,0.073,0.07637906647807638
6,T,0.066,0.07779349363507779
7,V,0.126,0.07779349363507779
8,W,0.028,0.039603960396039604
9,Y,0.049,0.04101838755304102
