,AA,Entropy,Left
0,A,0.143,0.08625
1,F,0.098,0.07625
2,G,0.085,0.0
3,I,0.121,0.15125
4,L,0.211,0.3775
5,S,0.073,0.07625
6,T,0.066,0.0775
7,V,0.126,0.0775
8,W,0.028,0.035
9,Y,0.049,0.0425
