sample,group,p_value
11G,Mutant,8.602640137842522e-13
12G,Mutant,0.005958549767575848
15G,Mutant,0.0032009934552215003
7G,Mutant,5.551011229176134e-07
