sample,group,p_value
11I,Mutant,5.743951977696159e-13
12I,Mutant,0.010242861126303765
15I,Mutant,0.0007882822988430922
7I,Mutant,0.0019471950918506038
