sample,group,p_value
11G,Mutant,8.602640137863744e-13
12G,Mutant,0.005958549767531265
15G,Mutant,0.003200993455195221
7G,Mutant,5.551011229071754e-07
