sample,group,p_value
11I,Mutant,5.743951977705756e-13
12I,Mutant,0.010242861126200079
15I,Mutant,0.0007882822988366008
7I,Mutant,0.0019471950918555645
