sample,group,p_value
7,Mutant,0.0021606149625826763
11,Mutant,2.465983097699664e-13
15,Mutant,0.0027656871513103112
