sample,group,p_value
7,Mutant,0.0021606149625761116
11,Mutant,2.465983097690473e-13
15,Mutant,0.0027656871513205704
