sample,group,p_value
11A,Mutant,0.0018701124919657816
12A,Mutant,7.674894532113049e-11
12T,Mutant,0.0021691976786330633
8A,Mutant,0.00010018253122416859
8S,Mutant,0.04088971911091145
8T,Mutant,0.0014445085904562858
