sample,group,p_value
11I,Mutant,0.013780695071328302
12I,Mutant,2.0198694714281738e-13
15I,Mutant,0.03167743935400181
4I,Mutant,0.004466355803932922
8I,Mutant,5.6851269436830914e-05
