sample,group,p_value
8,Mutant,0.0009582530078790693
12,Mutant,2.6790646181957207e-08
