sample,group,p_value
8,Mutant,0.0009582530078828665
12,Mutant,2.6790646182020493e-08
