sample,group,p_value
A,Mutant,5.783690535441125e-14
S,Mutant,0.01356217158514469
T,Mutant,5.26761569356085e-07
