sample,group,p_value
A,Mutant,5.783690535412049e-14
S,Mutant,0.013562171585149338
T,Mutant,5.267615693548713e-07
