sample,group,p_value
11I,Mutant,2.7185279138592433e-05
12I,Mutant,1.8226428701125042e-16
4I,Mutant,0.01866135876326291
8I,Mutant,7.073897222409124e-06
