sample,group,p_value
11I,Mutant,2.7185279138517322e-05
12I,Mutant,1.4882258145697777e-16
4I,Mutant,0.011465352312538181
8I,Mutant,1.0659750300571367e-05
