sample,group,p_value
8,Mutant,0.0006840997054243243
11,Mutant,0.0016166662000254312
12,Mutant,4.0640296410476615e-11
