sample,group,p_value
8,Mutant,0.0004878358880881606
11,Mutant,0.001692116148914091
12,Mutant,4.52364403999164e-11
