sample,group,p_value
8,Mutant,0.0004878358880880309
11,Mutant,0.0016921161489143817
12,Mutant,4.5236440399782856e-11
