sample,group,p_value
8,Mutant,0.0006840997054245332
11,Mutant,0.001616666200025264
12,Mutant,4.0640296410591716e-11
