sample,group,p_value
AI,Mutant,5.530846226857819e-11
SI,Mutant,0.015698150005425064
TI,Mutant,4.705341231808242e-07
