sample,group,p_value
AI,Mutant,5.530846226835421e-11
SI,Mutant,0.015698150005408747
TI,Mutant,4.7053412317980677e-07
