sample,group,p_value
11I,Mutant,0.0001438590889370823
15I,Mutant,0.0006773039745647472
7I,Mutant,0.0006536703425381492
