sample,group,p_value
A,Mutant,0.0003592581271103771
F,Mutant,0.04226280409845474
G,Mutant,2.582048467521668e-09
