sample,group,p_value
G,void,0.8409514906722332
L,void,0.03339453610034156
R,void,0.0036447221622334476
G,clash,2.822380367836806e-10
L,clash,1.647324030113626e-05
R,clash,5.585167665829588e-22
