sample,group,p_value
G,void,0.9457730806616489
L,void,0.012303046674594658
R,void,0.0030647221864655736
G,clash,7.226129466348191e-10
L,clash,1.7074740495346877e-05
R,clash,2.850834800879332e-21
