sample,group,p_value
11G,Mutant,7.933482316970961e-05
7G,Mutant,3.207429279436206e-07
