sample,group,p_value
G,void,0.6339919035442603
L,void,0.003527265137030278
R,void,0.01645544966361665
G,clash,4.038516537629253e-09
L,clash,0.04306351538745903
R,clash,2.981198510062308e-15
