sample,group,p_value
11I,Mutant,9.662441074034045e-06
12I,Mutant,0.010771068083730673
15I,Mutant,0.007565140001331538
7I,Mutant,0.011101880410410157
