sample,group,p_value
7,Mutant,0.008166946827491924
11,Mutant,6.3103174167941925e-06
15,Mutant,0.029172619273554874
