sample,group,p_value
12I,Mutant,0.006470519788331215
4I,Mutant,0.002896352512989298
8I,Mutant,0.044175901575624614
