sample,group,p_value
11A,Mutant,1.8299894678507066e-05
12A,Mutant,3.344288817300221e-11
12L,Mutant,0.0016909602630111164
12T,Mutant,1.1715389747131465e-05
12V,Mutant,8.582106741774385e-05
8A,Mutant,3.686752016365437e-06
8T,Mutant,0.0008379100861373452
