sample,group,p_value
11I,Mutant,0.0002670823832318017
12I,Mutant,3.5658859854263023e-19
8I,Mutant,3.45056640751629e-08
