sample,group,p_value
11A,Mutant,1.8299894678444115e-05
12A,Mutant,3.3442888172741985e-11
12L,Mutant,0.0016909602630104175
12T,Mutant,1.1715389747181516e-05
12V,Mutant,8.582106741685681e-05
8A,Mutant,3.686752016397357e-06
8T,Mutant,0.0008379100861416942
