sample,group,p_value
11I,Mutant,0.000267082383230596
12I,Mutant,3.5658859854288334e-19
8I,Mutant,3.4505664075347105e-08
