sample,group,p_value
8,Mutant,1.2717195647388002e-06
12,Mutant,1.0133391920146584e-16
