sample,group,p_value
8,Mutant,1.2717195647362405e-06
12,Mutant,1.0133391920131223e-16
