Sequence	Interface	InterfaceSequence	Baseline	Dimer	Dimerw/Baseline	HBONDDimer	HBONDMonomer	IMM1Dimer	IMM1Monomer	Monomer	MonomerSasa	SequenceProbability	Total	VDWDimer	VDWMonomer	acceptCycleNumber	axialRotation	bestEnergyTotal	crossingAngle	currEnergyTotal	currEntropy	endAxialRotation	endCrossingAngle	endXShift	endZShift	energyComparison	entropyDiff	geometryNumber	prevEntropy	startEnergy	xShift	zShift	
LLLYYLLGTLLGFLLGTLILI	123002200200030003011	L--YY--GT-LGF-LGT-ILI	329.877	-325.321	4.55596	-87.6593	-72.5745	-225.836	-276.6	-328.605	4614.53	2.81986e-06	0.859604	-11.8256	20.5698	62	-90.14	7.03934	-44.18	4.67585	0.119894	-89.9591	-43.8293	7.36029	0.387495	2.36349	0.884404	0	1.0043	3.2832	7.35	0.4	
LLLYYLLGTLLGTLLGTLILI	123002200200030003011	L--YY--GT-LGT-LGT-ILI	343.806	-341.466	2.33956	-101.364	-86.3718	-223.975	-274.782	-347.902	4543.8	6.3303e-07	3.88836	-16.1271	13.2521	101	-89.9591	4.09893	-43.8293	2.66828	0.328724	-90.2864	-43.9221	7.39354	0.369935	1.43065	0.176318	1	0.505042	6.43556	7.36029	0.387495	
LLLYYLLGTLLGTLLGYLILI	123002200200030003011	L--YY--GT-LGT-LGY-ILI	330.77	-327.399	3.37058	-87.5463	-72.5716	-227.588	-278.397	-333.203	4612.16	4.69977e-07	3.42528	-12.2649	17.7659	69	-90.2864	4.77769	-43.9221	4.52256	1.15198	-90.1079	-44.6947	7.41718	0.350012	0.255135	-1.06072	2	0.0912572	5.80379	7.39354	0.369935	
