sample,group,p_value
11A,Mutant,0.03448853743656101
12A,Mutant,0.025142805439910303
12T,Mutant,7.50279147270279e-05
12V,Mutant,0.018902438926117662
3Y,Mutant,0.002077796590500064
8A,Mutant,2.331984778738949e-06
8T,Mutant,0.01970775220564582
