sample,group,p_value
A,Mutant,3.967631359472814e-09
T,Mutant,2.1836703330723935e-05
V,Mutant,0.012358542036430085
Y,Mutant,0.0002326868321267103
