sample,group,p_value
AI,Mutant,2.479082518032352e-09
TI,Mutant,8.451701301702428e-06
VI,Mutant,0.0016510615026791896
YA,Mutant,0.00033381680556543805
