Sequence	Interface	InterfaceSequence	Baseline	Dimer	Dimerw/Baseline	HBONDDimer	HBONDMonomer	IMM1Dimer	IMM1Monomer	Monomer	MonomerSasa	SequenceProbability	Total	VDWDimer	VDWMonomer	acceptCycleNumber	axialRotation	bestEnergyTotal	crossingAngle	currEnergyTotal	currEntropy	endAxialRotation	endCrossingAngle	endXShift	endZShift	energyComparison	entropyDiff	geometryNumber	prevEntropy	startEnergy	xShift	zShift	
LLLYTLLTTLLGALLGWLILI	133002200220031003211	L--YT--TT--GA-LGW--LI	357.186	-366.025	-8.8385	-76.3647	-72.571	-230.228	-278.488	-354.85	4593.67	2.74332e-06	-15.3114	-59.4317	-3.79117	139	-37.8338	-5.5784	-43.3075	-8.07901	0.759486	-37.9719	-43.1425	7.17874	1.05398	2.50062	-0.567287	1	0.192199	-11.175	7.17248	0.999221	
LLLYTLLTTLLGGLLASLILI	133002200220031003211	L--YT--TT--GG-LAS--LI	368.255	-371.574	-3.31898	-91.7845	-87.9373	-222.869	-271.725	-366.402	4489.64	7.15223e-06	-11.5437	-56.9201	-6.73997	122	-37.87	-1.93497	-43.73	-2.19053	1.12845	-37.8338	-43.3075	7.17248	0.999221	0.25556	-1.03318	0	0.0952708	-5.17193	7.15	0.86	
LLLYVLLTTLLGGLLFSLILI	133002200220031003211	L--YV--TT--GG-LFS--LI	355.16	-363.955	-8.79483	-91.7782	-88.006	-223.438	-275.818	-356.435	4605.06	2.80724e-05	-13.5459	-48.7381	7.38845	102	-37.9719	-8.67443	-43.1425	-8.69956	0.0952708	-37.9932	-43.1542	7.18734	1.1356	0.0251273	1.03318	2	1.12845	-7.51922	7.17874	1.05398	
