sample,group,p_value
G,clash,1.6257018681932049e-22
G,void,0.03006194707086138
