sample,group,p_value
A,Mutant,0.042479832947022164
I,Mutant,1.2355453454442932e-22
