sample,group,p_value
A,Mutant,0.042479832946962344
I,Mutant,1.2355453454444618e-22
