sample,group,p_value
11I,Mutant,3.824381968451394e-05
12I,Mutant,1.9104431559751023e-22
4I,Mutant,0.007710369506062222
8I,Mutant,4.013296979516372e-06
