sample,group,p_value
11A,Mutant,6.750790833984228e-05
12A,Mutant,1.839467270917279e-12
12L,Mutant,0.004937926985701677
12S,Mutant,0.0024607615822832066
12T,Mutant,1.4958521203519791e-05
12V,Mutant,2.0648907451213757e-05
4A,Mutant,0.047337310871711315
8A,Mutant,4.209508050413867e-05
8T,Mutant,0.0017574163345656418
