sample,group,p_value
A,Mutant,1.7052556923619081e-15
T,Mutant,3.4689635183433487e-09
V,Mutant,0.006367433928711077
