sample,group,p_value
AI,Mutant,1.7052556923619081e-15
LI,Mutant,0.043121468057687316
TI,Mutant,2.946575028394696e-09
VI,Mutant,0.004401973450715177
