sample,group,p_value
G,clash,1.2163553503246007e-37
L,clash,0.01722153457300053
R,clash,0.007395612770719227
G,void,0.005365385556189985
L,void,0.12939246651295797
R,void,0.04431903695798956
