sample,group,p_value
7,Mutant,0.008408179737285556
11,Mutant,0.012107402283139718
