sample,group,p_value
A,Mutant,0.006857681510911425
F,Mutant,0.00687500106177596
G,Mutant,6.000354808191485e-08
