sample,group,p_value
11I,Mutant,0.0004340415587595628
12I,Mutant,4.404693586294711e-17
3A,Mutant,0.03202568827003225
4I,Mutant,0.006762321864624372
8I,Mutant,2.7040075647484944e-06
