sample,group,p_value
11G,Mutant,3.093163936529864e-06
12G,Mutant,0.04510500971169682
12L,Mutant,0.01441892224116368
15A,Mutant,0.042891315315601135
7G,Mutant,1.0823449037599596e-06
8L,Mutant,0.002642266755072032
