sample,group,p_value
7,Mutant,0.0015989390609235426
11,Mutant,0.0003148751304205803
