sample,group,p_value
7,Mutant,0.008883549437916666
11,Mutant,8.476880773729546e-05
