sample,group,p_value
A,Mutant,0.014142765975551148
G,Mutant,1.5821087277464728e-08
