sample,group,p_value
AI,Mutant,0.01625095873497086
GI,Mutant,4.8300857661160554e-08
