Sequence,Segments,Fluorescence,FluorStdDev,Rep1-Fluor,Rep2-Fluor,Rep3-Fluor,Sample,Average Percent GpA,LB-12H_M9-24H,LB-12H_M9-36H,LB-24H_M9-24H,LB-24H_M9-36H,LB-36H_M9-24H,LB-36H_M9-36H,Rep1-Fluor_transformed,Rep2-Fluor_transformed,Rep3-Fluor_transformed,PercentGpA_transformed,std_adjusted,Percent GpA,Type,Mutant Type,mean_transformed,percent_wt,wt_seq,position,wt_aa,mut_aa,mut_position
LLLFLLLGLLLGVLLGTLILI,13.0,28537.164050903903,1498.5021154837327,30099.29228504484,28400.557166847408,27111.642700819462,D,91.4185619276194,99999900.0,99999900.0,99999900.0,99999900.0,99999900.0,99999900.0,0.7761596588265126,0.5465090546719322,0.7064661926170732,0.676378302038506,0.1177446850891445,66.13675153396743,WT,,,60.024170941635425,LLLALLLGLLLGVLLGTLILI,A3F,A,F,3
LLLAYLLFVLLGTLLGLLILI,13.0,26766.006479310592,1433.181776499618,27679.994162916864,27503.784536303472,25114.240738711444,D,82.81268499314946,99999900.0,99999900.0,99999900.0,99999900.0,99999900.0,99999900.0,0.36060220098581,0.3276454161623017,0.3288897250460437,0.3390457807313852,0.0186787718222739,30.789439402424684,WT,,,31.459597648058725,LLLAYLLGVLLGTLLGLLILI,G7F,G,F,7
LLLSYLLATLLGALLFLLILI,13.0,27325.37317885653,1412.9945541629072,28351.434053952573,27910.95683212562,25713.72865049141,D,85.5368623829043,99999900.0,99999900.0,99999900.0,99999900.0,99999900.0,99999900.0,0.4759339377649939,0.4270186654438973,0.4422131984256953,0.4483886005448622,0.0250355279565224,41.39836376455426,WT,,,74.70201891516678,LLLSYLLATLLGALLGLLILI,G15F,G,F,15
LLLFLLLGILLGVLLATLILI,13.0,32280.333488118024,1381.4607656904025,31452.73828411242,33875.12578988544,31513.136390356216,D,110.00862879141792,99999900.0,99999900.0,99999900.0,99999900.0,99999900.0,99999900.0,1.0086380679787037,1.8826158528711656,1.5384972363722962,1.4765837190740552,0.4402661182053001,144.02841993148633,WT,,,64.69981966200127,LLLYLLLGILLGVLLATLILI,Y3F,Y,F,3
