Sequence,Segments,Fluorescence,FluorStdDev,Rep1-Fluor,Rep2-Fluor,Rep3-Fluor,Sample,Average Percent GpA,LB-12H_M9-24H,LB-12H_M9-36H,LB-24H_M9-24H,LB-24H_M9-36H,LB-36H_M9-24H,LB-36H_M9-36H,Rep1-Fluor_transformed,Rep2-Fluor_transformed,Rep3-Fluor_transformed,PercentGpA_transformed,std_adjusted,Percent GpA,Type,Mutant Type,mean_transformed,percent_wt,wt_seq,position,wt_aa,mut_aa,mut_position
LLLTALLAILLGLLLGFLILI,15.0,27434.21445164486,1076.240221321001,28298.67315917095,27775.177422744026,26228.792773019613,D,86.12623986504836,99999900.0,99999900.0,99999900.0,99999900.0,99999900.0,99999900.0,0.46687131621029,0.393880750035039,0.5395777227658665,0.4667765963370651,0.0728485325495486,50.51327035428709,Mutant,void,,58.95668481925067,LLLTALLALLLGLLLGFLILI,L8I,L,I,8
LLLTALLAILLGLLLGFLILI,15.0,27434.21445164486,1076.240221321001,28298.67315917095,27775.177422744026,26228.792773019613,D,86.12623986504836,99999900.0,99999900.0,99999900.0,99999900.0,99999900.0,99999900.0,0.46687131621029,0.393880750035039,0.5395777227658665,0.4667765963370651,0.0728485325495486,50.51327035428709,Mutant,void,,35.83047689686737,LLLTALLGILLGLLLGFLILI,G7A,G,A,7
LLLTALLASLLGLLLGFLILI,13.0,27635.61993494631,1528.375964381065,28772.086706912352,28236.687855582142,25898.08524234444,D,87.02778359116786,99999900.0,99999900.0,99999900.0,99999900.0,99999900.0,99999900.0,0.5481885084187988,0.5065156020597251,0.4770628241123735,0.5105889781969658,0.035737375909276,44.66085680269019,WT,,,69.22545033335234,LLLTALLALLLGLLLGFLILI,L8S,L,S,8
