sample,group,p_value
G,clash,4.617100686614415e-14
G,void,0.2621078329072241
