sample,group,p_value
G,clash,4.617100686579435e-14
G,void,0.26210783290680933
