sample,group,p_value
11A,Mutant,0.000771071209003578
12A,Mutant,1.6568784871150184e-08
12L,Mutant,0.02628714643662423
12T,Mutant,0.00035709698223450006
12V,Mutant,0.004468837810053642
4A,Mutant,0.0022239348716877605
8A,Mutant,8.143205635427802e-05
8S,Mutant,0.040889719110851645
8T,Mutant,0.010210026138053038
