sample,group,p_value
G,clash,3.8716398221753734e-19
G,void,0.06469716454585638
