sample,group,p_value
G,clash,3.8716398221657466e-19
G,void,0.06469716454587195
