sample,group,p_value
7,Mutant,0.03824989742894472
12,Mutant,1.837993143260845e-05
