sample,group,p_value
7,Mutant,0.03824989742890581
12,Mutant,1.8379931432615608e-05
