sample,group,p_value
11A,Mutant,0.000251142262996999
12A,Mutant,2.1302328051792e-12
12L,Mutant,0.004937926985694189
12S,Mutant,0.002460761582283302
12T,Mutant,1.4958521203592605e-05
12V,Mutant,2.064890745119326e-05
4A,Mutant,0.02800923787237388
8A,Mutant,4.209508050429353e-05
8T,Mutant,0.0018801123221522061
