sample,group,p_value
11I,Mutant,4.0531206750516666e-05
12I,Mutant,1.2708183279769495e-22
4I,Mutant,0.007710369506062289
8I,Mutant,9.921910980785567e-06
