sample,group,p_value
11I,Mutant,0.00013630110173105654
12I,Mutant,2.9950759952605195e-22
4I,Mutant,0.00619269569001719
8I,Mutant,4.376867234621364e-06
