sample,group,p_value
11A,Mutant,7.452572631577007e-05
12A,Mutant,1.8394672709108937e-12
12L,Mutant,0.004937926985694189
12S,Mutant,0.002460761582283318
12T,Mutant,1.4958521203592385e-05
12V,Mutant,2.0648907451193106e-05
4A,Mutant,0.04733731087156693
8A,Mutant,0.00011988020094797164
8T,Mutant,0.0017574163345659118
