sample,group,p_value
11A,Mutant,0.0002511422629966288
12A,Mutant,2.1302328051887653e-12
12L,Mutant,0.004937926985701677
12S,Mutant,0.002460761582283227
12T,Mutant,1.4958521203519593e-05
12V,Mutant,2.0648907451213716e-05
4A,Mutant,0.028009237872492862
8A,Mutant,4.209508050413906e-05
8T,Mutant,0.0018801123221531173
