sample,group,p_value
AI,Mutant,4.14291117669988e-15
LI,Mutant,0.043121468057687296
SI,Mutant,0.04496615549784804
TI,Mutant,7.70033758086666e-09
VI,Mutant,0.0044019734507151935
