sample,group,p_value
G,clash,1.3674272227475128e-24
L,clash,0.004681881882189914
R,clash,1.7266313171744663e-10
G,void,0.03246327009232532
L,void,0.03317029658114073
R,void,0.07499680446606338
