sample,group,p_value
11I,Mutant,2.1299022086317954e-05
12I,Mutant,0.015420812857058177
15I,Mutant,0.002840393133759445
7I,Mutant,0.034973248438955905
