sample,group,p_value
11G,Mutant,4.351727520369009e-06
12G,Mutant,0.011337939363016936
15G,Mutant,0.04590589256809862
7G,Mutant,4.314354689491061e-05
