sample,group,p_value
11I,Mutant,2.1299022086360993e-05
12I,Mutant,0.01542081285694885
15I,Mutant,0.002840393133748078
7I,Mutant,0.034973248438982134
