sample,group,p_value
11G,Mutant,4.351727520354316e-06
12G,Mutant,0.011337939363077561
15G,Mutant,0.045905892568268956
7G,Mutant,4.314354689540962e-05
