sample,group,p_value
7,Mutant,0.04697523902832379
11,Mutant,1.208191160350016e-05
15,Mutant,0.006208229488338665
