sample,group,p_value
7,Mutant,0.04697523902821371
11,Mutant,1.2081911603446384e-05
15,Mutant,0.006208229488349958
