sample,group,p_value
7,Mutant,0.001397404029191771
11,Mutant,5.237257190024839e-19
15,Mutant,0.0007712931231377031
