sample,group,p_value
11I,Mutant,6.408663801741873e-12
12I,Mutant,0.012006657552417387
15I,Mutant,0.005001562187108574
7I,Mutant,0.0019471950918555645
