sample,group,p_value
11G,Mutant,1.814917907205455e-12
12G,Mutant,0.008413515269845673
15G,Mutant,0.005158779366438259
7G,Mutant,5.551011229071765e-07
