sample,group,p_value
7,Mutant,0.0007283060726395087
11,Mutant,2.7133720358007482e-12
15,Mutant,0.009787522218612597
