Sequence,Segments,Fluorescence,FluorStdDev,Rep1-Fluor,Rep2-Fluor,Rep3-Fluor,Sample,Average Percent GpA,LB-12H_M9-24H,LB-12H_M9-36H,LB-24H_M9-24H,LB-24H_M9-36H,LB-36H_M9-24H,LB-36H_M9-36H,Rep1-Fluor_transformed,Rep2-Fluor_transformed,Rep3-Fluor_transformed,PercentGpA_transformed,std_adjusted,Percent GpA,Type,Mutant Type,mean_transformed,percent_wt,wt_seq,position,wt_aa,mut_aa,mut_position,Mutant Type_x,Mutant Type_y
LLLTALLALLLGLLLGFLILI,13.0,29057.88073781169,1174.5766161511065,30190.86374664751,29137.061250346665,27845.71721644092,D,94.0269280194332,99999900.0,99999900.0,99999900.0,99999900.0,99999900.0,99999900.0,0.7918886851281131,0.726258032285217,0.8452310821086928,0.7877925998406742,0.0595921981645776,79.12740715748453,WT,,,100.0,LLLTALLALLLGLLLGFLILI,-1-1-1,-,1,1-1-,,
LLLTALLASLLGLLLGFLILI,13.0,27635.61993494631,1528.375964381065,28772.086706912352,28236.687855582142,25898.08524234444,D,87.02778359116786,99999900.0,99999900.0,99999900.0,99999900.0,99999900.0,99999900.0,0.5481885084187988,0.5065156020597251,0.4770628241123735,0.5105889781969658,0.035737375909276,44.66085680269019,WT,,,69.22545033335234,LLLTALLALLLGLLLGFLILI,L8S,L,S,8,,
LLLTVLLAILLGLLLGFLILI,13.0,27664.31361176884,1214.9434712480336,28742.52255370267,27902.50364514287,26347.914636460955,D,87.2167405955379,99999900.0,99999900.0,99999900.0,99999900.0,99999900.0,99999900.0,0.5431103395736042,0.4249556059826331,0.5620957803536301,0.5100539086366225,0.0743061409060209,52.621327604971015,WT,,,141.18852032462564,LLLTVLLALLLGLLLGFLILI,L8I,L,I,8,,
LLLTALLGILLGLLLGFLILI,13.0,30908.35065940098,1990.152557138824,33166.46191364724,30148.628720520595,29409.961344035102,D,102.91919636479012,99999900.0,99999900.0,99999900.0,99999900.0,99999900.0,99999900.0,1.303000564447157,0.9731381550494028,1.1409260815731015,1.1390216003565536,0.1649394512236264,106.8092791476625,WT,,,179.80395960975298,LLLTVLLGILLGLLLGFLILI,V4A,V,A,4,,
LLLTALLAILLGLLLGFLILI,15.0,27434.21445164486,1076.240221321001,28298.67315917095,27775.177422744026,26228.792773019613,D,86.12623986504836,99999900.0,99999900.0,99999900.0,99999900.0,99999900.0,99999900.0,0.46687131621029,0.393880750035039,0.5395777227658665,0.4667765963370651,0.0728485325495486,50.51327035428709,Mutant,,,58.95668481925067,LLLTALLALLLGLLLGFLILI,L8I,L,I,8,void,void
