sample,group,p_value
11I,Mutant,1.5075849652255695e-05
12I,Mutant,0.03156888422687879
7I,Mutant,0.004796213326872095
