sample,group,p_value
11I,Mutant,4.764914000407632e-05
12I,Mutant,0.04497494860342835
7I,Mutant,0.004796213326872095
