sample,group,p_value
11I,Mutant,4.505823156820646e-05
12I,Mutant,0.044974948603638015
7I,Mutant,0.0047962133268705884
