sample,group,p_value
A,Mutant,0.016250958734970823
G,Mutant,1.58210872772736e-08
