sample,group,p_value
F,Mutant,0.008301800853936836
G,Mutant,2.946996278423306e-07
