sample,group,p_value
F,Mutant,0.008301800854056223
G,Mutant,2.946996278398272e-07
