sample,group,p_value
FA,Mutant,5.0799299503431854e-05
GI,Mutant,8.205224125192922e-08
