sample,group,p_value
AI,Mutant,0.04730737147239282
FA,Mutant,5.0799299502169945e-05
GI,Mutant,8.205224125260048e-08
