Sequence,Design,Type,Clash Mutant,Mutant Type,Position,WT Sequence,Fluor Difference,Geometry,Interface,Seed,HBOND_Monomer,HBOND_Optimize,HBOND_PreOptimize,IMM1REF_Monomer,IMM1REF_Optimize,IMM1REF_PreOptimize,IMM1_Monomer,IMM1_Optimize,IMM1_PreOptimize,Monomer,MonomerSasa,OptimizeSasa,PreBBOptimizeSasa,Total,TotalPreOptimize,VDW_Monomer,VDW_Optimize,VDW_PreOptimize,end_axialRotation,end_axialRotationPrime,end_crossingAngle,end_xShift,end_zShift,end_zShiftPrime,firstRepackEnergy,preOptimizeEnergy,preOptimize_axialRotation,preOptimize_axialRotationPrime,preOptimize_crossingAngle,preOptimize_xShift,preOptimize_zShift,preOptimize_zShiftPrime,replicateNumber,Directory,PercentGpA,PercentStd,Sample,toxgreen_fluor,toxgreen_std,Segments,LB-0H_M9-30H,LB-0H_M9-36H,LB-12H_M9-30H,LB-12H_M9-36H,LB-36H_M9-30H,LB-36H_M9-36H,VDWDiff,HBONDDiff,IMM1Diff,interfaceSasa,vdwPerSasa,hbondPerSasa,imm1PerSasa,totalPerSasa
LVLLIGLLFGLLFAL,leu,WT,LLLLVLLIILLFGLLFALILI,clash,,,,LLLLVLLIGLLFGLLFALILI_1,110011001100110000,1,-36.7728,-36.7728,-36.7728,-255.339,-247.115,-246.615,15.7904,24.1478,21.9182,-320.035,4630.42,3619.12,3647.49,-22.8329,-17.4302,-43.7135,-77.7933,-75.9962,-39.9245,73.3569,-40.8227,7.22239,2.39185,1.9922,-18.9413,-339.424,-36.3206,72.3714,-40.8966,7.2598,1.71823,1.3038,1,LLLLVLLIGLLFGLLFALILI,0.9102103626100748,0.0759034993901958,G,21930.70879447002,1489.7579824291588,1,-94.45836446569892,-95.1222669981922,-93.8485580291242,-94.585516978819,-95.02327076383284,-95.6194960339672,-34.0798,0.0,8.3574,1011.3000000000002,-0.03369900128547414,0.0,0.008264016612281221,-0.022577771185602682
VGLLLILLGALLATL,leu,WT,LLLVGLLLILLIALLATLILI,clash,,,,LLLVGLLLILLGALLATLILI_1,110011001100110000,1,-50.5485,-50.5485,-50.5485,-250.202,-239.44,-239.564,17.1209,17.3843,18.8389,-350.677,4486.05,3835.78,3751.97,-10.5704,-7.70293,-67.0469,-85.0585,-87.1058,-46.7088,66.2094,-46.3641,8.03656,2.44459,1.93774,-5.00425,-356.337,-40.5762,61.5678,-43.055,7.4828,0.898083,0.3216,1,LLLVGLLLILLGALLATLILI,0.9554958050193876,0.1172668973806196,G,23021.821234941464,2301.5973947511657,0,-82.61950457240178,-84.05881577593156,-81.73394966302835,-83.24659531825495,-85.00056406890145,-86.24269529998114,-18.0116,0.0,0.26340000000000074,650.27,-0.02769864825380227,0.0,0.000405062512494811,-0.016255401602411304
