sample,group,p_value
11G,Mutant,5.924696814130132e-14
15A,Mutant,0.009464234908005123
15G,Mutant,0.032333955123536096
4F,Mutant,0.01527862086487064
7G,Mutant,1.4534181154448136e-07
