sample,group,p_value
11I,Mutant,5.0648188679899465e-15
15I,Mutant,0.030615614936550555
7I,Mutant,0.002436958391794775
