sample,group,p_value
A,Mutant,0.012274062564804797
F,Mutant,0.02482088372140864
G,Mutant,3.263277517893426e-18
