sample,group,p_value
AI,Mutant,0.011076636125569592
FA,Mutant,0.020267093919251744
GI,Mutant,3.242815300423232e-18
