sample,group,p_value
AI,Mutant,0.012274062564804759
FA,Mutant,0.020267093919387497
GI,Mutant,3.242815300286781e-18
