,Var1,Freq,Mean,SD
1,A,1900,-0.287040475,7.93E-06
2,C,1784,-0.314238921,0.008277763
3,F,1802,11.33291581,0.357848745
4,G,1842,-0.189066766,1.31E-06
5,I,1781,0.999676491,0.024155544
6,L,1844,-0.476915622,0.091872494
7,M,1871,-0.778567614,0.497610334
8,S,1732,1.262684433,2.84E-05
9,T,1884,0.350786031,0.045882316
10,V,1891,0.625642473,3.37E-05
11,W,1813,8.03726381,0.230512403
12,Y,1856,10.91617844,0.153737563
