sample,group,p_value
G,clash,1.1488430173178408e-09
L,clash,0.0017720888305294488
R,clash,5.3483228633413604e-21
G,void,0.7860109114609226
L,void,8.699672492085608e-06
R,void,0.002225912045815028
