Sequence	Interface	InterfaceSequence	Baseline	Dimer	Dimerw/Baseline	HBONDDimer	HBONDMonomer	IMM1Dimer	IMM1Monomer	Monomer	MonomerSasa	SequenceProbability	Total	VDWDimer	VDWMonomer	acceptCycleNumber	axialRotation	bestEnergyTotal	crossingAngle	currEnergyTotal	currEntropy	endAxialRotation	endCrossingAngle	endXShift	endZShift	energyComparison	entropyDiff	geometryNumber	prevEntropy	startEnergy	xShift	zShift	
LLLYGLLTALLFSLLGGLILI	133002200120023003201	L--YG--TAL-FS--GG--LI	344.349	-265.167	79.182	-75.3464	-74.0707	-220.3	-269.456	-337.849	4566.11	2.73545e-05	64.8003	30.4793	5.67781	134	-20.61	79.7386	-37.49	79.4868	0.30482	-19.6335	-37.3444	7.1856	0.433036	0.251752	0.234025	0	0.538845	72.6817	7.16	0.3	
LLLYGLLTGLLFSLLGGLILI	133002200120023003201	L--YG--TGL-FS--GG--LI	340.21	-267.607	72.6031	-75.4422	-74.0579	-219.024	-268.126	-333.509	4553.94	4.06491e-06	57.8082	26.8596	8.67448	125	-19.6335	72.9656	-37.3444	72.7352	0.132101	-18.2088	-36.8733	7.1894	0.565249	0.23036	0.820686	1	0.952787	65.9028	7.1856	0.433036	
