sample,group,p_value
11G,Mutant,1.213415816468787e-15
15G,Mutant,0.004293427139384122
7G,Mutant,2.1924874312979163e-07
