sample,group,p_value
11G,Mutant,1.213415816483889e-15
15G,Mutant,0.004293427139361923
7G,Mutant,2.1924874312602678e-07
