sample,group,p_value
7,Mutant,0.005833907480649271
11,Mutant,4.765623889272544e-14
12,Mutant,0.03265338598092558
15,Mutant,0.006212848935662552
