sample,group,p_value
G,clash,6.779400109764553e-06
L,clash,0.02637854690594336
R,clash,2.6797641115104874e-13
G,void,0.9376483250479226
L,void,0.01275550618033748
R,void,0.020449779111666226
