sample,group,p_value
G,clash,6.779400109760006e-06
L,clash,0.0263785469057731
R,clash,2.679764111526376e-13
G,void,0.9376483250472912
L,void,0.012755506180403556
R,void,0.02044977911157505
