sample,group,p_value
G,clash,6.7633318806105526e-18
G,void,0.422540266883076
