sample,group,p_value
G,clash,6.7633318807078444e-18
G,void,0.42254026688356205
