sample,group,p_value
11G,Mutant,1.235193633956568e-06
12G,Mutant,0.019416937124830735
15G,Mutant,0.031649072195796726
7G,Mutant,0.00013177060727085572
