sample,group,p_value
7,Mutant,0.04697523902832363
11,Mutant,1.7934911329503497e-05
15,Mutant,0.007266234607093088
