sample,group,p_value
G,clash,6.395128439054041e-08
G,void,0.64414357329118
