sample,group,p_value
G,clash,6.395128439036457e-08
G,void,0.6441435732916183
