sample,group,p_value
A,Mutant,0.012274595921670118
I,Mutant,5.706123078074574e-12
