sample,group,p_value
A,Mutant,0.012274595921634558
I,Mutant,5.7061230780409826e-12
