sample,group,p_value
A,Mutant,9.561318183601718e-10
T,Mutant,0.0071256668720770765
