sample,group,p_value
AI,Mutant,9.561318183601718e-10
TI,Mutant,0.0053725964448493825
