sample,group,p_value
AI,Mutant,9.56131818357332e-10
TI,Mutant,0.005372596444833707
