sample,group,p_value
G,clash,6.107286924116393e-08
L,clash,0.00025067340121957805
R,clash,2.1323566684752009e-16
G,void,0.9996024828536847
L,void,0.000519799444991956
R,void,0.06033489835395212
