sample,group,p_value
G,clash,6.107286924078176e-08
L,clash,0.000250673401218042
R,clash,2.132356668500702e-16
G,void,0.9996024828513295
L,void,0.0005197994449922444
R,void,0.0603348983538327
