sample,group,p_value
11I,Mutant,5.322759208799591e-06
15I,Mutant,0.018681307035572043
7I,Mutant,0.000653670342538148
