sample,group,p_value
11I,Mutant,0.0006013734778628105
12I,Mutant,0.03662724245233523
15I,Mutant,0.0005988992628978181
7I,Mutant,0.009662752588722389
