sample,group,p_value
11I,Mutant,0.0006013734778623232
12I,Mutant,0.0366272424522967
15I,Mutant,0.000598899262900328
7I,Mutant,0.009662752588730719
