sample,group,p_value
11G,Mutant,0.0002542821620193258
15G,Mutant,0.0037772152315099007
7G,Mutant,9.174179678667407e-06
