sample,group,p_value
11G,Mutant,0.00025428216201868795
15G,Mutant,0.0037772152315269664
7G,Mutant,9.17417967879423e-06
