sample,group,p_value
7,Mutant,0.04854146605551956
11,Mutant,0.00025132113025189726
15,Mutant,0.0034758203776279733
