sample,group,p_value
7,Mutant,0.04854146605544733
11,Mutant,0.0002513211302516027
15,Mutant,0.0034758203776357704
