sample,group,p_value
11I,Mutant,3.191183119091137e-16
15I,Mutant,0.004177000720725763
7I,Mutant,0.003180124924128367
