sample,group,p_value
11G,Mutant,1.1234344587393848e-16
12G,Mutant,0.006796803175936729
15G,Mutant,0.025628926030321894
7A,Mutant,0.015833094590495013
7G,Mutant,1.004749084514489e-06
