sample,group,p_value
11G,Mutant,1.123434458755578e-16
12G,Mutant,0.006796803175821871
15G,Mutant,0.025628926030302753
7A,Mutant,0.015833094590464062
7G,Mutant,1.0047490844981175e-06
