sample,group,p_value
A,Mutant,0.006848685348352026
G,Mutant,3.904705099093245e-20
