sample,group,p_value
A,Mutant,0.006092137180295821
G,Mutant,3.904705099062756e-20
