sample,group,p_value
AI,Mutant,0.008462439066971389
GI,Mutant,1.798450634683708e-21
TI,Mutant,0.027491883767580865
YA,Mutant,0.01706958409569897
