sample,group,p_value
AI,Mutant,0.009513658260635102
GI,Mutant,1.7984506346981927e-21
TI,Mutant,0.027491883768074824
YA,Mutant,0.01706958409565925
