sample,group,p_value
11A,Mutant,0.00023986197973730914
12A,Mutant,1.0465161674588477e-09
12L,Mutant,0.004281502242125762
12S,Mutant,0.013135198569553938
12T,Mutant,0.0012293418389492296
12V,Mutant,0.0007778614255603319
16L,Mutant,0.03375821779840658
4A,Mutant,0.002223934871687771
8A,Mutant,6.049619625116864e-05
8S,Mutant,0.04088971911085162
8T,Mutant,0.0015238766501134149
