,AA,Entropy,GAS,Left,Right
0,A,0.143,0.025,0.10416666666666667,0.16666666666666666
1,F,0.098,0.125,0.10416666666666667,0.10416666666666667
2,G,0.085,0.3375,0.0,0.0
3,I,0.121,0.025,0.03125,0.0
4,L,0.211,0.0875,0.07291666666666667,0.08333333333333333
5,S,0.073,0.0875,0.16666666666666666,0.13541666666666666
6,T,0.066,0.125,0.25,0.2604166666666667
7,V,0.126,0.0375,0.07291666666666667,0.041666666666666664
8,W,0.028,0.0625,0.09375,0.052083333333333336
9,Y,0.049,0.0875,0.10416666666666667,0.15625
