sample,group,p_value
G,clash,2.1282807144829816e-16
G,void,0.4056598356500203
