sample,group,p_value
G,clash,2.1282807144777034e-16
G,void,0.40565983565128183
