sample,group,p_value
AI,Mutant,2.776470827062403e-17
LI,Mutant,0.04895489160600891
SI,Mutant,0.002878588793767884
TI,Mutant,7.438790471725244e-08
VI,Mutant,0.0001865188467421458
