sample,group,p_value
11I,Mutant,5.55786989000216e-15
15I,Mutant,0.0007583183638074213
7I,Mutant,0.0010906253217688798
