sample,group,p_value
7,Mutant,0.0058339074806024824
11,Mutant,4.4575274080456015e-14
12,Mutant,0.03265338598085962
15,Mutant,0.006212848935650962
