sample,group,p_value
11G,Mutant,5.287149005095994e-15
12G,Mutant,0.006075087487069957
3Y,Mutant,0.0391493221010167
7G,Mutant,1.004749084514489e-06
