sample,group,p_value
11G,Mutant,5.2871490051606296e-15
12G,Mutant,0.006075087487084018
3Y,Mutant,0.039149322100966596
7G,Mutant,1.0047490844981175e-06
