sample,group,p_value
7,Mutant,0.0011497008410653357
11,Mutant,1.8107823270125048e-12
15,Mutant,0.02695936605781667
