sample,group,p_value
11Y,Mutant,0.016061582319553708
12S,Mutant,0.007677636506926969
5A,Mutant,0.017226969989553618
7L,Mutant,0.001843240012652378
8T,Mutant,0.025291805459655023
