sample,group,p_value
11I,Mutant,0.007382341145802223
5I,Mutant,0.01041023778956291
