sample,group,p_value
7,Mutant,0.0341820790821691
11,Mutant,0.03397340357384744
