sample,group,p_value
A,Mutant,0.0014838514378841025
T,Mutant,0.0008747138073282194
