sample,group,p_value
AI,Mutant,0.0023038202590563973
TI,Mutant,0.00023565128226583307
