sample,group,p_value
G,void,0.34503554989857865
L,void,0.007338540548278037
R,void,0.0045830033048868245
G,clash,1.0959252176559693e-20
L,clash,6.148226862769637e-08
R,clash,5.010374421143366e-28
