sample,group,p_value
11G,Mutant,5.1101062094258227e-05
15A,Mutant,0.009464234908076042
15G,Mutant,0.04527099537558364
7A,Mutant,0.005026355142938434
7G,Mutant,3.621776246287108e-05
