sample,group,p_value
11I,Mutant,5.7652465918915546e-05
15I,Mutant,0.013930237819426202
7I,Mutant,0.0017315181313545215
