sample,group,p_value
11G,Mutant,5.110106209402706e-05
15A,Mutant,0.009464234908005128
15G,Mutant,0.04527099537569404
7A,Mutant,0.005026355143006134
7G,Mutant,3.621776246334068e-05
