sample,group,p_value
7,Mutant,0.00019625114051119585
11,Mutant,0.00039359076460933795
15,Mutant,0.02617529201827599
