sample,group,p_value
G,void,0.2760754600123732
L,void,0.0024005310758864087
R,void,0.002401265282643165
G,clash,1.6473224860401531e-22
L,clash,4.243267707093666e-08
R,clash,2.0277885400824523e-28
