sample,group,p_value
G,clash,2.343794081350596e-38
G,void,0.00720162074660403
