sample,group,p_value
G,void,0.6820099337265282
L,void,0.010080324376660005
R,void,0.023369889239410063
G,clash,2.17743881189236e-09
L,clash,0.009938280766309354
R,clash,2.291079816233887e-14
