sample,group,p_value
A,Mutant,0.03414154499789865
I,Mutant,0.0021084623388200286
