sample,group,p_value
A,Mutant,0.009636212646175797
F,Mutant,0.026615422507059873
S,Mutant,0.043397155880067845
