sample,group,p_value
11I,Mutant,0.009297119806424415
12I,Mutant,9.281829874765744e-11
4I,Mutant,0.04354774352842827
8I,Mutant,9.166446791786598e-05
