sample,group,p_value
8,Mutant,0.007360024681051736
12,Mutant,8.189741517973991e-08
