sample,group,p_value
AI,Mutant,1.741411836776192e-07
FA,Mutant,0.010031085818934932
SI,Mutant,0.03400022701237135
TI,Mutant,4.8340535028820484e-05
VI,Mutant,2.4438000168708643e-05
