sample,group,p_value
A,Mutant,0.0290516678377522
I,Mutant,7.017599465677121e-16
