sample,group,p_value
11A,Mutant,0.004657515616184231
12A,Mutant,0.0006125123367269033
12S,Mutant,0.024798167979741607
12T,Mutant,0.00023196047359874537
12V,Mutant,0.00032348336988015933
16L,Mutant,0.0038771601241457563
3Y,Mutant,0.0026967317597130598
8A,Mutant,1.1292758471810958e-05
8T,Mutant,0.01804667306069382
