sample,group,p_value
11A,Mutant,0.004657515616185647
12A,Mutant,0.0006125123367279213
12S,Mutant,0.02479816797986852
12T,Mutant,0.0002319604735991944
12V,Mutant,0.0003234833698822394
16L,Mutant,0.0038771601241675197
3Y,Mutant,0.0026967317597267897
8A,Mutant,1.1292758472016526e-05
8T,Mutant,0.01804667306066992
