sample,group,p_value
3,Mutant,0.0009028390832279737
8,Mutant,5.628355620759398e-06
12,Mutant,2.6353915697804494e-08
