sample,group,p_value
A,Mutant,5.843922452002293e-09
F,Mutant,0.004339867742096483
T,Mutant,1.1467920631403142e-05
V,Mutant,1.8185106413050033e-05
Y,Mutant,0.0049599353890197855
