sample,group,p_value
AI,Mutant,5.843922452070067e-09
FA,Mutant,0.0023900339979832956
TI,Mutant,1.0394185175144243e-05
VI,Mutant,3.2785966997188254e-06
YA,Mutant,0.005704532037354774
