sample,group,p_value
G,clash,1.1178826750145092e-18
L,clash,6.5811033728649286e-06
R,clash,3.288217279461418e-23
G,void,0.4292419595953423
L,void,0.013998133086311912
R,void,0.009674137946854627
