sample,group,p_value
G,clash,1.1178826750078977e-18
L,clash,6.5811033728122524e-06
R,clash,3.288217279443365e-23
G,void,0.42924195959312406
L,void,0.013998133086217853
R,void,0.009674137946805909
