sample,group,p_value
12A,Mutant,0.03123656137033078
4A,Mutant,0.026979660069024806
8L,Mutant,0.014629044204440712
