sample,group,p_value
A,Mutant,0.0016065952800199412
L,Mutant,0.038584152030202566
