sample,group,p_value
A,Mutant,0.0016065952800276072
L,Mutant,0.03858415203058018
