Sequence,Mutant,Region,Mutant Type,CHARMM_IMM1,CHARMM_IMM1REF,CHARMM_VDW,Dimer,HBONDMonomer,IMM1Monomer,Monomer,MonomerSasa,SCWRL4_HBOND,VDWMonomer,Mutant_DimerSasa,Mutant_MonomerSasa,Mutant_Position_MonomerSasa,Mutant_Position_Sasa,WT_DimerSasa,WT_MonomerSasa,WT_Position_MonomerSasa,WT_Position_Sasa,Total,Interface,Position,WT_AA,SasaDifference,SasaPercDifference,Mutant_SASA_no_alanine,SASA_no_wt_position,DimerSasaDifference,Segment,PercentGpA_transformed,std_adjusted,Sample,LB-12H_M9-36H,wt_seq,Fluorescence,FluorStdDev,Percent GpA
LLLTYLLVALLTFLLSLLILI,LLLTYLLVALLIFLLSLLILI,Right,clash,25.4127,-281.668,961517000.0,961516000.0,-60.3627,-280.54,-365.568,4671.13,-45.0878,-24.6648,3749.96,4722.94,52.7708,22.6474,3730.55,4741.45,78.9233,30.7939,-17.0262,1.10011e+17,11,T,107.6204,17.38526328,,,,,0.3052435462508385,0.02306807290117355,R,22795790908990.91,LLLTYLLVALLIALLSLLILI,24748.66207090556,1366.7674265906082,28.538058002714568
LLLYFLLGLLLGVLLSTLILI,LLLAFLLGLLLGVLLSTLILI,GAS,void,,,,,,,,,,,3151.42,3966.02,68.1253,49.1413,3244.87,4157.35,189.287,249.55,-39.1721,1.1e+17,3,Y,120.5895,28.95249418,3102.2787,2995.32,106.9587,0.0,1.349200424393545,0.07242229252699822,G,15377132337831.918,LLLALLLGLLLGVLLSTLILI,28232.531351676687,1129.715258883155,122.37385178770326
LLLYTLLVILLAFLLSLLILI,LLLYTLLVALLAFLLSLLILI,Right,void,,,,,,,,,,,3679.02,4187.16,58.8409,63.8327,3652.52,4230.55,107.174,113.113,-16.9329,1.1e+17,8,I,67.4969,48.60496034,3615.1873,3539.407,75.7803,4.0,0.4927820499066576,0.053127832584390376,R,8111721482627.89,LLLYTLLVALLATLLSLLILI,25527.760754563817,2077.393185733532,46.071548098763934
