sample,group,p_value
11A,Mutant,0.0016338872537258202
12A,Mutant,9.519088227711648e-05
4A,Mutant,0.04450265015757875
7L,Mutant,0.03735231971970584
8A,Mutant,0.016792185315850448
