sample,group,p_value
11I,Mutant,0.014283739356727646
12I,Mutant,1.2711371229827581e-05
4I,Mutant,0.0025828119279976726
8I,Mutant,0.00023248566948573597
