sample,group,p_value
G,void,0.5918029660416133
L,void,0.22637239152596625
R,void,0.448439548152507
G,clash,2.444592819028782e-09
L,clash,0.0022218719347647012
R,clash,2.8325288747684403e-12
