sample,group,p_value
11A,Mutant,0.007809652639702366
12A,Mutant,4.69919347306117e-10
12T,Mutant,0.0045677835102733745
12V,Mutant,0.03772347027871728
3Y,Mutant,0.006672865741788404
4A,Mutant,0.01846868168525237
8A,Mutant,0.00019245695837885894
8S,Mutant,0.040889719110911577
8T,Mutant,0.002311980216796155
