sample,group,p_value
11I,Mutant,0.020275495802265415
12I,Mutant,3.1404258107238e-13
4I,Mutant,0.0018740435246919448
8I,Mutant,2.693204413000525e-05
