sample,group,p_value
11A,Mutant,0.007809652639655773
12A,Mutant,4.699193473047691e-10
12T,Mutant,0.0045677835102695815
12V,Mutant,0.03772347027861876
3Y,Mutant,0.006672865741811238
4A,Mutant,0.018468681685342624
8A,Mutant,0.0001924569583794108
8S,Mutant,0.04088971911085158
8T,Mutant,0.0023119802168036453
