sample,group,p_value
8,Mutant,0.0004051778935998582
12,Mutant,1.1953333327482485e-07
