sample,group,p_value
AI,Mutant,3.386241601960166e-15
SI,Mutant,0.017454110455453066
TI,Mutant,1.1008723608255653e-06
VI,Mutant,0.04538860318819098
