sample,group,p_value
11I,Mutant,2.092171776323775e-05
15I,Mutant,0.006475786499226135
7I,Mutant,0.02574778911915813
