sample,group,p_value
11I,Mutant,2.0921717763225183e-05
15I,Mutant,0.006475786499244115
7I,Mutant,0.025747789119142054
