sample,group,p_value
11G,Mutant,1.5723336268582807e-06
12G,Mutant,0.012289272093740127
7G,Mutant,9.174179678794249e-06
