sample,group,p_value
11G,Mutant,1.572333626859536e-06
12G,Mutant,0.012289272093705502
7G,Mutant,9.174179678667423e-06
