sample,group,p_value
7,Mutant,0.028561202208574152
11,Mutant,1.734995607764286e-05
15,Mutant,0.011927900210255128
