sample,group,p_value
7,Mutant,0.02856120220850085
11,Mutant,1.7349956077618133e-05
15,Mutant,0.011927900210278489
