sample,group,p_value
11S,Mutant,0.030869637048695546
12A,Mutant,0.0001693197391087844
12S,Mutant,0.0040503833094111905
15F,Mutant,0.007176260100293027
4A,Mutant,0.003585972111208776
5A,Mutant,0.04194139898005943
8A,Mutant,0.007218145167540273
