Sequence,Rep1-Fluor,Rep2-Fluor,Rep3-Fluor,mean
GTIAVIVFFLIGFMIGYL,26619.79492875944,28027.396115303003,27737.15065659796,27461.447233553467
YIAIGIGVGLLLSGFLVL,29672.57391990421,31890.05587883796,31441.037257971344,31001.222352237837
CTGAFLISCMVGSVIVYL,26409.00539619085,25593.10390869368,27107.624868500294,26369.911391128273
CAVVVGVGLIVGFAVGLL,27819.388563933386,28022.58724826271,29768.165242694977,28536.713684963688
VVATSLVVLTLGVLLAFL,26908.2800155097,28756.136560416508,28102.20899658131,27922.20852416917
IIVAMTAVGGSICVMLVVICLL,28711.043761063585,31074.60774376261,30775.34930826712,30187.000271031106
ILFVIAVASELGYFLCIL,28152.62015444298,28234.57387161195,28688.20741876334,28358.467148272757
LLLSSLLLLLLGLLVAIL,27095.94484308425,29546.66632725085,29595.83979287518,28746.150321070094
LIIFGVMAIVIGT,25495.410797636923,30327.2692578342,30098.313388747287,28640.331148072804
VVIIAIVCCVVGTSLVWVVIIL,29240.4061473203,32116.21699738038,30964.94211468465,30773.855086461775
LIIFGVMAGVIGT,30056.475758674584,35171.1670759881,35380.014124156565,33535.88565293975
GIYFVLGVCFGLLLTLCLLVIL,31960.96807958253,36142.59566752921,33430.541165710536,33844.701637607424
LALGLGACLLAGTSLSVLWVYL,30122.11171333236,31805.070349989983,30357.16431587768,30761.448793066676
LIVVLFGISITGGLFYTL,25538.59795678777,26474.66282935972,30480.72583799617,27497.995541381224
MIAVGLSSSILGCLLTLL,30284.98789907764,32389.83114821004,34048.105363743874,32240.97480367719
VVIIAVVCCVVGTSLVWIVIIL,67825.0,80659.0,30049.26658059221,59511.0888601974
FALGLGFCLPAGTSLSVL,42161.0,0.0,77282.0,39814.333333333336
FHMIAVGLSSSILGCLITLLVL,0.0,0.0,0.0,0.0
VLGAAGTALLCAGLLLSLFL,0.0,0.0,0.0,0.0
