Sequence,Rep2-Fluor,Rep3-Fluor,mean
GTIAVIVFFLIGFMIGYL,25969.03307352046,22885.07120446674,24427.0521389936
YIAIGIGVGLLLSGFLVL,30206.67703272478,25550.91840697448,27878.79771984963
CTGAFLISCMVGSVIVYL,24770.23944069682,22355.341443128924,23562.79044191287
CAVVVGVGLIVGFAVGLL,26839.295124829896,23122.990712754017,24981.142918791957
VVATSLVVLTLGVLLAFL,26735.7139375758,22782.476133674696,24759.09503562525
IIVAMTAVGGSICVMLVVICLL,27926.106905374,24277.885885402786,26101.996395388393
ILFVIAVASELGYFLCIL,26259.23092419314,22904.60019671787,24581.915560455505
LLLSSLLLLLLGLLVAIL,26962.88546256818,23408.210507785603,25185.54798517689
LIIFGVMAIVIGT,25871.752161651617,24119.4326832364,24995.59242244401
VVIIAIVCCVVGTSLVWVVIIL,29095.72330480918,24659.11926733419,26877.421286071687
LIIFGVMAGVIGT,31011.433298387125,27501.210398497333,29256.32184844223
GIYFVLGVCFGLLLTLCLLVIL,31638.780035350224,26341.232168628085,28990.006101989155
LALGLGACLLAGTSLSVLWVYL,42810.33724077469,24298.63756030215,33554.48740053842
LIVVLFGISITGGLFYTL,19141.37228581369,22230.45208661693,20685.91218621531
MIAVGLSSSILGCLLTLL,31717.14950136529,27541.45769154861,29629.30359645695
VVIIAVVCCVVGTSLVWIVIIL,69838.0,35837.0,52837.5
FALGLGFCLPAGTSLSVL,0.0,35837.0,17918.5
FHMIAVGLSSSILGCLITLLVL,41738.0,0.0,20869.0
VLGAAGTALLCAGLLLSLFL,0.0,0.0,0.0
