sample,group,p_value
11A,Mutant,0.0009143956215056315
12A,Mutant,1.6145875804650937e-08
12T,Mutant,0.014762251143706757
4S,Mutant,0.04727669240975444
8A,Mutant,0.0042979202344955334
8T,Mutant,0.00355916249036481
