sample,group,p_value
11I,Mutant,0.008053908377693512
12I,Mutant,1.2201747272800964e-08
4I,Mutant,0.002826429296125211
8I,Mutant,5.7783355632529754e-06
