sample,group,p_value
8,Mutant,0.0001477969942138315
12,Mutant,8.993507667111117e-08
