sample,group,p_value
G,void,0.2901266769694557
L,void,8.290727062893785e-07
R,void,0.0013640094786229618
G,clash,1.4765301150139428e-18
L,clash,0.0005139689729770953
R,clash,1.3088768825028834e-17
