sample,group,p_value
11G,Mutant,2.8710358234959483e-32
7G,Mutant,1.6512826332418554e-05
