sample,group,p_value
11I,Mutant,3.198353301655402e-30
15I,Mutant,0.0021837012890091757
7I,Mutant,1.6512826332622266e-05
