sample,group,p_value
11G,Mutant,2.871035823415781e-32
7G,Mutant,1.6512826332622266e-05
