sample,group,p_value
11I,Mutant,1.4796891456018512e-31
15I,Mutant,0.0021837012890099936
7I,Mutant,1.6512826332418554e-05
