sample,group,p_value
7,Mutant,0.0009787833830279282
11,Mutant,6.905846362603624e-23
15,Mutant,0.003972613333793353
