sample,group,p_value
7,Mutant,0.0009787833830270302
11,Mutant,9.279148758846966e-22
15,Mutant,0.003972613333792785
