sample,group,p_value
11I,Mutant,2.84334366865876e-17
12I,Mutant,0.035023781172408903
15I,Mutant,0.001119157977041904
7I,Mutant,0.00013145743794804228
