sample,group,p_value
11G,Mutant,1.6471042063293374e-16
12G,Mutant,0.04164457374264014
15G,Mutant,0.01071630387353872
7A,Mutant,0.04787869045622821
7G,Mutant,2.6695654855685537e-07
