sample,group,p_value
7,Mutant,0.0007887337455404736
11,Mutant,4.6065799369655794e-17
15,Mutant,0.0062201650882274
