sample,group,p_value
7,Mutant,0.0007887337455456534
11,Mutant,4.911564159292892e-17
15,Mutant,0.006220165088250481
