sample,group,p_value
A,Mutant,0.0047315490520358225
G,Mutant,5.021593185774823e-23
