sample,group,p_value
A,Mutant,0.012498452787106014
I,Mutant,0.00028664233973231887
