sample,group,p_value
11,Mutant,0.004383202648851119
12,Mutant,0.0009712376555218656
