sample,group,p_value
11,Mutant,0.004383202648855916
12,Mutant,0.0009712376555222143
