sample,group,p_value
A,Mutant,0.007905152580706875
T,Mutant,0.00989182496758023
