sample,group,p_value
AI,Mutant,0.007905152580706861
TI,Mutant,0.0038430298578171996
