sample,group,p_value
11G,Mutant,7.433248253920626e-15
15G,Mutant,0.012585308950477303
7A,Mutant,0.04712497495638008
7G,Mutant,2.0206458791634382e-05
