sample,group,p_value
A,Mutant,0.00030064067559209997
G,Mutant,9.243644625933517e-19
