sample,group,p_value
A,Mutant,0.0002503105104173224
G,Mutant,9.2436446259184e-19
