sample,group,p_value
AI,Mutant,0.00030064067559209997
GI,Mutant,1.1856845528770536e-18
