Sequence,Segments,Fluorescence,FluorStdDev,Rep1-Fluor,Rep2-Fluor,Rep3-Fluor,Sample,Average Percent GpA,LB-12H_M9-24H,LB-12H_M9-36H,LB-24H_M9-24H,LB-24H_M9-36H,LB-36H_M9-24H,LB-36H_M9-36H,std,Percent Error,mean,mean_transformed,Percent GpA,std_adjusted,Type,Mutant Type,percent_wt,wt_seq,position,wt_aa,mut_aa,mut_position,Mutant Type_x,Mutant Type_y
LLLYYLLVFLLATLLSLLILI,4.0,24996.075172890927,1350.8659507643877,24287.55137953308,26553.804702129582,24146.86943701012,R,111.2335967967649,6971390429319.067,6971390429319.067,5229943819418.21,5229943819418.21,6275349506762.43,6275349506762.43,1701.9602478430136,6.713757861176608,25350.33706956985,21714.510446910463,73.2278512354051,1457.8596521454672,WT,,185.97781801345235,LLLYILLVFLLATLLSLLILI,I4Y,I,Y,4,,
