sample,group,p_value
A,Mutant,0.0006842828121121686
I,Mutant,0.00034164631946396497
