sample,group,p_value
A,Mutant,0.0006842828121053285
I,Mutant,0.00034164631946398416
