sample,group,p_value
A,Mutant,0.007905152580706632
T,Mutant,0.009891824967579486
