sample,group,p_value
AI,Mutant,0.007905152580706875
TI,Mutant,0.00989182496758023
