sample,group,p_value
AI,Mutant,0.007905152580706632
TI,Mutant,0.009891824967579486
