sample,group,p_value
11A,Mutant,0.015351415747575963
12A,Mutant,0.0030285368995701975
12T,Mutant,0.04793833922655679
3Y,Mutant,0.02392418431799707
4A,Mutant,0.018399738820276117
8A,Mutant,0.00679722999529881
