sample,group,p_value
11I,Mutant,0.039151970988700394
12I,Mutant,9.086095703426316e-06
4I,Mutant,0.02592269552865935
7I,Mutant,0.04635481341220512
8I,Mutant,0.0020601835329909167
