sample,group,p_value
11I,Mutant,0.03915197098863441
12I,Mutant,9.08609570345245e-06
4I,Mutant,0.02592269552874286
7I,Mutant,0.04635481341199736
8I,Mutant,0.0020601835329879864
