sample,group,p_value
8,Mutant,0.023370200810629224
12,Mutant,0.0001506613921584119
