sample,group,p_value
8,Mutant,0.023370200810663922
12,Mutant,0.00015066139215824922
