sample,group,p_value
A,Mutant,2.802427078373072e-08
S,Mutant,0.0313847168749536
T,Mutant,0.007747732532906349
