sample,group,p_value
A,Mutant,2.8024270783821228e-08
S,Mutant,0.03138471687474114
T,Mutant,0.007747732532920206
