sample,group,p_value
AI,Mutant,2.8024270783731227e-08
SI,Mutant,0.0313847168749536
TI,Mutant,0.004594323883342812
