sample,group,p_value
AI,Mutant,2.8024270783821228e-08
SI,Mutant,0.03138471687474127
TI,Mutant,0.004594323883350159
