sample,group,p_value
11I,Mutant,7.325625597945979e-16
15I,Mutant,0.004513237844198789
7I,Mutant,0.0008528921905407103
