sample,group,p_value
11I,Mutant,7.811155911520128e-16
15I,Mutant,0.0045132378441799835
7I,Mutant,0.0008528921905449456
