sample,group,p_value
A,Mutant,0.019319774077224707
G,Mutant,1.2140747772848811e-19
