sample,group,p_value
A,Mutant,0.0182438389783915
G,Mutant,1.2140747772961524e-19
