sample,group,p_value
AI,Mutant,0.032782852839038513
GI,Mutant,8.542841725038645e-20
