sample,group,p_value
A,Mutant,0.03650262060896523
I,Mutant,1.1786250436136404e-07
