sample,group,p_value
5,Mutant,0.028656287516095107
12,Mutant,0.0003441010420243885
