sample,group,p_value
AI,Mutant,1.2026683398295668e-08
TI,Mutant,0.008544655261296743
