sample,group,p_value
11Y,Mutant,0.00030551582710839546
12A,Mutant,0.01258611848431259
4A,Mutant,0.0051630476079947765
8A,Mutant,0.015150502428743435
