sample,group,p_value
12I,Mutant,0.00018639794024237738
4I,Mutant,0.002450148886293041
5A,Mutant,0.026674919848199845
