sample,group,p_value
12I,Mutant,0.00018639794024240825
4I,Mutant,0.0024501488862777887
5A,Mutant,0.026674919848030068
