sample,group,p_value
A,Mutant,6.0761709197135856e-05
I,Mutant,0.02826189502760587
