sample,group,p_value
A,Mutant,6.076170919593776e-05
I,Mutant,0.028261895027531504
