sample,group,p_value
3,Mutant,0.0063451668991652875
8,Mutant,0.0005779790663205216
11,Mutant,0.04289910621858259
12,Mutant,5.7236914954615584e-05
