sample,group,p_value
A,Mutant,1.5236298909316583e-07
F,Mutant,0.004449863594236315
S,Mutant,0.006928382772621989
T,Mutant,0.00014131151900346106
V,Mutant,0.006984907747163378
