sample,group,p_value
A,Mutant,1.5236298909254726e-07
F,Mutant,0.00444986359421307
S,Mutant,0.006928382772619928
T,Mutant,0.00014131151900366256
V,Mutant,0.006984907747168546
