sample,group,p_value
AI,Mutant,1.628798769871562e-07
FA,Mutant,0.005164159335705577
SI,Mutant,0.007519866416778046
TI,Mutant,0.000175934700735675
VI,Mutant,0.0065506847490521625
