sample,group,p_value
AI,Mutant,1.6287987698782058e-07
FA,Mutant,0.005164159335728657
SI,Mutant,0.0075198664167748395
TI,Mutant,0.0001759347007353536
VI,Mutant,0.006550684749045816
