sample,group,p_value
11A,Mutant,6.857601202554843e-05
12A,Mutant,0.0015601315596472526
12T,Mutant,0.004190104433110949
12V,Mutant,0.005269216144560168
3Y,Mutant,0.0029899418825784325
8A,Mutant,7.805689406369452e-05
