sample,group,p_value
11I,Mutant,0.00032364974173310773
12I,Mutant,4.2977442300561664e-07
3A,Mutant,0.0017240344084239016
4I,Mutant,0.021515548399053803
7A,Mutant,0.006306679585779091
8I,Mutant,4.613897472246313e-06
