sample,group,p_value
3,Mutant,0.0005752493844267471
7,Mutant,0.0086844228995795
8,Mutant,0.0038433211482184074
12,Mutant,0.00012094131984224445
