sample,group,p_value
A,Mutant,6.019062269339128e-11
F,Mutant,0.010922644816993236
T,Mutant,0.0012000246541020386
V,Mutant,0.0254147822980403
