sample,group,p_value
AI,Mutant,2.566651602491668e-11
FA,Mutant,0.013557305491971735
TI,Mutant,0.004159765501387294
