sample,group,p_value
12I,Mutant,2.9600596612901473e-06
4I,Mutant,0.006942920357071481
8A,Mutant,0.04764630952649683
