sample,group,p_value
12A,Mutant,0.001276360860452511
12S,Mutant,0.021931005013843482
4A,Mutant,0.014522540835952944
8A,Mutant,0.0016941543158062629
