sample,group,p_value
A,Mutant,2.0738220015153226e-06
T,Mutant,0.011856042212430933
