sample,group,p_value
11I,Mutant,2.790060765284485e-05
12I,Mutant,1.6675190825725464e-17
4I,Mutant,0.0002977180550631735
8I,Mutant,3.01191645453819e-07
