sample,group,p_value
8,Mutant,0.00024630160349916724
12,Mutant,1.0520343777296333e-10
