	Sample	OD600	Normalize	Cell Volume	Water Volume
0	x1	0.43	1.2647058823529411	276.74	73.26
1	x2	0.4	1.1764705882352942	297.5	52.5
2	x3	0.37	1.088235294117647	321.62	28.38
3	x4	0.34	1.0	350.0	0.0
4	x5	0.42	1.2352941176470587	283.33	66.67
