sample,group,p_value
11G,Mutant,0.0002085627485678447
15G,Mutant,0.00898445433227148
7G,Mutant,1.5022566609902568e-05
