Sequence,Type,Clash Mutant,Mutant Type,Geometry,Interface,Seed,HBONDDimerOptimize,HBONDDimerPreOptimize,HBONDMonomer,IMM1DimerOptimize,IMM1DimerPreOptimize,IMM1Monomer,Monomer,MonomerSasa,OptimizeSasa,PreBBOptimizeSasa,Total,TotalPreOptimize,VDWDimerOptimize,VDWDimerPreOptimize,VDWMonomer,endAxialRotation,endAxialRotationPrime,endCrossingAngle,endXShift,endZShift,endZShiftPrime,firstRepackEnergy,preOptimizeAxialRotation,preOptimizeAxialRotationPrime,preOptimizeCrossingAngle,preOptimizeEnergy,preOptimizeXShift,preOptimizeZShift,preOptimizeZShiftPrime,replicateNumber,Directory,PercentGpA,PercentStd,Sample,LB-12H_M9-36H,toxgreen_fluor,toxgreen_std,VDWDiff,HBONDDiff,IMM1Diff,interfaceSasa,vdwPerSasa,hbondPerSasa,imm1PerSasa,totalPerSasa
YALLFLLTSLLLSLL,WT,LLLYILLFLLTSLLLSLLILI,clash,LLLYALLFLLTSLLLSLLILI_1,1.1001100110011e+17,1.0,-92.9901,-91.6472,-89.5603,-232.689,-231.479,-253.344,-383.721,4723.05,3694.88,3690.59,-27.5183,15.5789,-85.5609,-45.0165,-40.8174,-99.9011,48.6658,23.5005,8.45392,8.05505,7.28503,17.6689,-104.094,30.6553,19.1597,-367.988,8.5974,6.25257,5.2124,1.0,LLLYALLFLLTSLLLSLLILI,0.3498872766858728,0.1179346916796475,L,99999900.0,8220.701200884956,2314.7041932965108,-44.743500000000004,-3.4298,20.655,1028.17,-0.04351760895571744,-0.0033358296779715415,0.020089090325529826,-0.026764348308159155
TFLLALLLGYLLGSL,WT,LLLTFLLALLLIYLLGSLILI,clash,LLLTFLLALLLGYLLGSLILI_0,1.1001100110011e+17,1.0,-63.9199,-61.5111,-60.2601,-225.599,-226.604,-244.905,-346.916,4558.97,3668.58,3571.28,-20.1244,-17.9348,-77.5217,-76.7358,-41.7503,-78.363,39.366,-45.0715,7.22746,3.56887,2.65936,-17.765,-75.8727,44.54,-43.5756,-364.851,7.3804,3.8938,3.0619,0.0,LLLTFLLALLLGYLLGSLILI,0.9496134573512236,0.1353502474479294,G,99999900.0,22909.78945586079,2656.519306567203,-35.77139999999999,-3.659799999999997,19.30600000000001,890.3900000000003,-0.04017497950336367,-0.004110333674008014,0.021682633452756662,-0.022601781241927688
