sample,group,p_value
A,Mutant,0.03414154499792226
I,Mutant,0.0021084623388293766
