sample,group,p_value
A,Mutant,0.009636212646225724
F,Mutant,0.026615422506869078
S,Mutant,0.043397155879989796
