sample,group,p_value
7,Mutant,0.01486889851617736
11,Mutant,1.1439234748529393e-24
