sample,group,p_value
7,Mutant,0.014868898516192048
11,Mutant,1.1439234748603978e-24
