Sequence	Interface	InterfaceSequence	Baseline	Dimer	Dimerw/Baseline	HBONDDimer	HBONDMonomer	IMM1Dimer	IMM1Monomer	Monomer	MonomerSasa	SequenceProbability	Total	VDWDimer	VDWMonomer	acceptCycleNumber	axialRotation	bestEnergyTotal	crossingAngle	currEnergyTotal	currEntropy	endAxialRotation	endCrossingAngle	endXShift	endZShift	energyComparison	entropyDiff	geometryNumber	prevEntropy	startEnergy	xShift	zShift	
LLLTYLLATLLGTLLGWLILI	133002200210031003201	L--TY--AT-LGT-LGW--LI	358.662	-361.587	-2.92502	-77.0496	-72.5601	-230.066	-273.572	-356.526	4529.54	2.74332e-06	-7.56026	-54.4717	-10.3933	134	-70.5712	-2.64717	-40.2937	-2.65075	0.274265	-71.0251	-40.1469	7.38813	1.67223	0.00358723	0.313076	1	0.58734	-5.06118	7.46234	1.68141	
LLLYGLLYTLLGTLLGTLILI	133002200210031003201	L--YG--YT-LGT-LGT--LI	343.75	-350.878	-7.12717	-89.0112	-86.4288	-224.74	-275.67	-350.24	4571.68	4.75605e-07	-4.31967	-37.1268	11.8585	127	-70.17	-5.60657	-40.45	-6.12287	1.0043	-70.5712	-40.2937	7.46234	1.68141	0.516307	-0.884404	0	0.119894	-0.637218	7.42	1.53	
