sample,group,p_value
11G,Mutant,5.5007571949962594e-18
12G,Mutant,0.04864094368785749
15A,Mutant,0.009464234908076057
15G,Mutant,0.003674234582639179
7A,Mutant,0.016675433381709095
7G,Mutant,6.109951868425125e-08
