sample,group,p_value
7,Mutant,0.0002939250388298542
11,Mutant,2.3098693853661712e-17
15,Mutant,0.021777578633324943
