sample,group,p_value
AI,Mutant,0.0435864483613597
GI,Mutant,4.0651088718601595e-24
LI,Mutant,0.03720242429594681
