sample,group,p_value
A,Mutant,0.00017038489279775366
F,Mutant,0.007606069151802427
T,Mutant,0.03998204553255608
