sample,group,p_value
AI,Mutant,0.00021702386100128706
TI,Mutant,0.013636451762164423
