sample,group,p_value
11I,Mutant,0.00022325977436630668
12I,Mutant,8.464535738152461e-14
4I,Mutant,0.0005374897578363502
8I,Mutant,3.4426158610459877e-06
