sample,group,p_value
7,Mutant,0.023989467293421503
11,Mutant,2.3938315473476495e-05
