sample,group,p_value
7,Mutant,0.02398946729338393
11,Mutant,2.393831547286702e-05
15,Mutant,0.021126364444489204
