sample,group,p_value
11G,Mutant,3.861940948894492e-10
7G,Mutant,5.856305614278523e-09
