sample,group,p_value
11I,Mutant,5.591172187767469e-09
7I,Mutant,5.856305614278523e-09
