sample,group,p_value
7,Mutant,5.856305614278523e-09
11,Mutant,5.591172187767488e-09
