sample,group,p_value
G,void,0.15274038235414666
L,void,0.00014652824542389574
R,void,0.0025647349512028872
G,clash,1.95083540243657e-07
L,clash,0.00024044775633559064
R,clash,3.733101473120427e-15
