sample,group,p_value
11A,Mutant,0.0008292754941977532
12A,Mutant,2.2800896554673295e-08
12T,Mutant,0.0003299444513724905
12V,Mutant,0.00446883781005363
4A,Mutant,0.002223934871687771
8A,Mutant,0.0001311586429852794
8S,Mutant,0.040889719110851645
8T,Mutant,0.013122746252381778
