sample,group,p_value
A,Mutant,0.04982478606226933
I,Mutant,2.315764043031784e-09
