sample,group,p_value
11I,Mutant,0.028279543044013113
12I,Mutant,0.004205741543525112
8I,Mutant,0.00031610528181455684
