sample,group,p_value
A,Mutant,3.012058105255343e-06
S,Mutant,0.020137349396322966
T,Mutant,0.01590716054701898
