sample,group,p_value
A,Mutant,0.04398571826699359
I,Mutant,1.826773333354308e-14
