sample,group,p_value
11I,Mutant,0.004484095520666665
12I,Mutant,1.1950748802881895e-10
4A,Mutant,0.049258345827273495
8I,Mutant,2.900154352862669e-05
