sample,group,p_value
11A,Mutant,0.0242788263112754
12A,Mutant,0.0009340473319690358
12S,Mutant,0.017022172414678245
12T,Mutant,0.0004367362381769775
12V,Mutant,0.0019275277829541796
8A,Mutant,0.0001142245372698709
