sample,group,p_value
8,Mutant,0.0032461281097024086
12,Mutant,1.8523365793354e-06
