sample,group,p_value
A,Mutant,2.0970961554638806e-08
F,Mutant,0.011461347705285292
S,Mutant,0.01360000406831277
T,Mutant,0.00017471188528384358
V,Mutant,0.0004304030627068123
