sample,group,p_value
AI,Mutant,8.903233498067629e-09
SI,Mutant,0.013600004068333137
TI,Mutant,0.00040724445324148007
VI,Mutant,0.00025970103795462516
