sample,group,p_value
AI,Mutant,8.90323349802838e-09
SI,Mutant,0.013600004068312879
TI,Mutant,0.00040724445324176396
VI,Mutant,0.0002597010379539295
