Sequence	Interface	InterfaceSequence	Baseline	Dimer	Dimerw/Baseline	HBONDDimer	HBONDMonomer	IMM1Dimer	IMM1Monomer	Monomer	MonomerSasa	SequenceProbability	Total	VDWDimer	VDWMonomer	acceptCycleNumber	axialRotation	bestEnergyTotal	crossingAngle	currEnergyTotal	currEntropy	endAxialRotation	endCrossingAngle	endXShift	endZShift	energyComparison	entropyDiff	geometryNumber	prevEntropy	startEnergy	xShift	zShift	
LLLYGLLTGLLTGLLFGLILI	123001300120022003312	L--YGL-TGL-TG--FG--L-	330.987	133.354	464.341	-78.0061	-72.4576	-217.552	-269.362	-329.606	4579.35	1.74177e-06	458.129	428.912	12.2142	114	-21.7503	464.747	-35.4712	464.46	0.119894	-22.0021	-36.2693	6.89618	3.04458	0.287015	0.884404	1	1.0043	462.96	6.70275	3.10891	
LLLYGLLTGLLTGLLTGLILI	123001300120022003312	L--YGL-TGL-TG--TG--L-	345.073	122.185	467.258	-91.6807	-86.1964	-216.136	-267.636	-348.475	4510.42	3.91009e-07	462.995	430.001	5.35698	110	-22.51	468.391	-35.69	468.262	1.0043	-21.7503	-35.4712	6.70275	3.10891	0.128577	-0.884404	0	0.119894	470.66	6.66	3.21	
