sample,group,p_value
G,clash,1.1865691680704072e-18
G,void,0.32508480527953965
