sample,group,p_value
G,clash,1.1865691680575803e-18
G,void,0.32508480528054173
