sample,group,p_value
11I,Mutant,1.9092204722037707e-06
12I,Mutant,0.044948470555097576
15I,Mutant,0.008423357511191235
