sample,group,p_value
11I,Mutant,1.9092204722103873e-06
12I,Mutant,0.044948470554935296
15I,Mutant,0.008423357511210799
