sample,group,p_value
11I,Mutant,3.221054376756461e-11
15I,Mutant,0.02515040615356389
7I,Mutant,0.00015552645012895875
