sample,group,p_value
7,Mutant,0.0018446595417898404
11,Mutant,8.494432363569782e-09
15,Mutant,0.043072970311163375
