sample,group,p_value
8,Mutant,0.0032486990205465565
12,Mutant,0.006040794025911345
