sample,group,p_value
A,Mutant,5.547538955510433e-06
S,Mutant,0.018856458070084316
T,Mutant,0.018574996264610972
