sample,group,p_value
A,Mutant,5.54753895547186e-06
S,Mutant,0.018856458070126068
T,Mutant,0.018574996264596688
