sample,group,p_value
AI,Mutant,5.5475389555104735e-06
SI,Mutant,0.018856458070084417
TI,Mutant,0.006416052307358782
