sample,group,p_value
AI,Mutant,5.54753895547186e-06
SI,Mutant,0.018856458070126068
TI,Mutant,0.006416052307352472
