sample,group,p_value
11G,Mutant,9.65983386076176e-16
15G,Mutant,0.0001558539485992103
7A,Mutant,0.015833094590495013
7G,Mutant,2.6695654855685484e-07
