sample,group,p_value
7,Mutant,0.000593267950358739
11,Mutant,6.382965434092327e-15
15,Mutant,0.0042791275238986785
