sample,group,p_value
7,Mutant,0.0005932679503551908
11,Mutant,6.0521705486682495e-15
15,Mutant,0.004279127523875276
