sample,group,p_value
A,Mutant,0.002644834644926601
G,Mutant,1.515481323680902e-22
