sample,group,p_value
G,void,0.793553157806736
L,void,0.31193105120684017
R,void,0.0858381274596158
G,clash,3.207393824039695e-08
L,clash,8.90865987356384e-05
R,clash,1.6424759437865173e-15
