sample,group,p_value
11A,Mutant,9.844155949986937e-05
12A,Mutant,2.1302328051886967e-12
12S,Mutant,0.0018508798046992982
12T,Mutant,0.0002840750148628235
12V,Mutant,2.0648907451213757e-05
8A,Mutant,6.156865429994473e-05
8T,Mutant,0.0017925884412033145
