sample,group,p_value
11I,Mutant,2.623962145911461e-05
12I,Mutant,2.297988069334158e-18
4I,Mutant,0.009877457452162609
8I,Mutant,1.1250351766991572e-06
