Sample,Sequence,Mutant,Position,Type,Mutant Type,WT_AA,mut_AA,PercentGpA,PercentStd,toxgreen_fluor,toxgreen_std,pos_wtAA,pos_mutAA,WT_MUT
G,LLLTALLFLLLGYLLGSLILI,LLLTALLFLLLGALLGSLILI,12,WT,void,Y,A,1.0902176615987655,0.1162041563337594,26267.8244955396,2280.738976240116,12Y,12A,YA
G,LLLYLLLGALLGVLLSTLILI,LLLYLLLGALLIVLLSTLILI,11,WT,clash,G,I,0.8428830201770091,0.2177016175794687,20308.516385488827,4272.829648123144,11G,11I,GI
G,LLLVTLLLGLLFGLLFALILI,LLLVTLLLGLLFGLLAALILI,15,WT,void,F,A,0.8330505977064301,0.2273774113504676,20071.61291483627,4462.736452498793,15F,15A,FA
G,LLLALLLGVLLGTLLGFLILI,LLLALLLGVLLITLLGFLILI,11,WT,clash,G,I,0.9535039402641506,0.1158297263954683,22973.829026010488,2273.390039906808,11G,11I,GI
G,LLLTVLLALLLGFLLGSLILI,LLLTVLLAALLGFLLGSLILI,8,WT,void,L,A,0.7769629407095923,0.069986458157335,18720.230725533205,1373.6242141732926,8L,8A,LA
G,LLLAYLLGLLLGVLLGTLILI,LLLAYLLILLLGVLLGTLILI,7,WT,clash,G,I,1.0488562825835344,0.3091854240997386,25271.258870992417,6068.382318726392,7G,7I,GI
G,LLLTFLLGLLLGYLLASLILI,LLLTFLLGLLLIYLLASLILI,11,WT,clash,G,I,1.231156146588345,0.0840129033933076,29663.61188621728,1648.9212548823175,11G,11I,GI
G,LLLALLLGALLGTLLSFLILI,LLLALLLGALLITLLSFLILI,11,WT,clash,G,I,1.0088951246997548,0.1871685088000292,24308.430328671297,3673.556322177949,11G,11I,GI
G,LLLAFLLGTLLGVLLGLLILI,LLLAFLLGTLLIVLLGLLILI,11,WT,clash,G,I,1.3299063548579249,0.244265207184603,32042.91028784085,4794.193221172257,11G,11I,GI
G,LLLAYLLGVLLGLLLAFLILI,LLLAYLLGVLLILLLAFLILI,11,WT,clash,G,I,1.120879346277354,0.0917568498201317,27006.59050553616,1800.911691454492,11G,11I,GI
G,LLLAFLLGILLGLLLGTLILI,LLLAFLLIILLGLLLGTLILI,7,WT,clash,G,I,1.2311110369267992,0.1338564433457673,29662.52500906388,2627.200413534741,7G,7I,GI
G,LLLAYLLGTLLGILLALLILI,LLLAYLLGTLLGILLILLILI,15,WT,clash,A,I,1.002535845401996,0.2050146533227215,24155.209152365365,4023.8226005953534,15A,15I,AI
G,LLLTLLLGLLLGVLLGSLILI,LLLTLLLILLLGVLLGSLILI,7,WT,clash,G,I,0.9090597279285144,0.210188212776299,21902.985275617568,4125.364052005791,7G,7I,GI
