sample,group,p_value
AI,Mutant,1.1455012024484789e-14
TI,Mutant,8.381501021084107e-08
VI,Mutant,0.004559115442533335
