Sequence,Segments,Fluorescence,FluorStdDev,Rep1-Fluor,Rep2-Fluor,Rep3-Fluor,Sample,LB-12H_M9-36H,LB-36H_M9-36H,std,Percent Error,mean,mean_transformed,Percent GpA,std_adjusted,Type,Mutant Type,percent_wt,wt_seq,position,wt_aa,mut_aa,mut_position
LLLYALLALLLGTLLGFLILI,13.0,25532.02086,1146.976004,26104.55385,26280.02147,24211.48726,D,-34.12787555,-1.316358998,1146.9760080157885,4.49230405342771,25532.02086,0.1295350621554008,11.944100670197129,0.0058191088478171,WT,,47.88573220555956,LLLGALLALLLGTLLGFLILI,G3Y,G,Y,3
LLLAYLLGVLLGLLLGFLILI,13.0,31645.96643,2181.163442,32689.47276,33109.3568,29139.06973,D,2114.799586,2847.63252,2181.163439569546,6.892390044065233,31645.96643,1.2484444003073485,115.11590260037656,0.0860476575524735,WT,,60.25070241200664,LLLALLLGVLLGLLLGFLILI,L4Y,L,Y,4
LLLAYLLGLLLGVLLGTLILI,0.0,26622.68502,2186.111322,27199.32784,28462.67163,24206.0556,G,6558.955859,7031.696322,3009.8820597203617,11.4294846981073,26334.363615,1.230472803708302,103.47341609093814,0.1406367008142122,WT,,27.54546343753887,LLLALLLGLLLGVLLGTLILI,L4Y,L,Y,4
LLLTYLLGVLLGLLLGFLILI,1.0,24655.04758,1607.080719,26436.88702,24213.00935,23315.24637,G,64.27875449,37.3922687,634.8142910562425,2.6713132280556686,23764.12786,0.8847009212561617,74.39662726822563,0.0236331327382462,WT,,9.908703217675418,LLLTALLGVLLGLLLGFLILI,A4Y,A,Y,4
LLLYALLALLLGTLLSFLILI,0.0,19281.51675,1459.020984,19953.94572,20283.06969,17607.53484,G,-77.62236554,-76.53953403,1891.888835735932,9.98605780616682,18945.302265,0.2364279393126412,19.881793783895343,0.0236098306896893,WT,,71.8076214997878,LLLGALLALLLGTLLSFLILI,G3Y,G,Y,3
LLLYALLALLLGVLLGTLILI,7.0,19016.78959,1507.510792,19070.92251,20496.50481,17482.94147,G,17.44200016,15.24474781,2130.911073249179,11.221390946772797,18989.72314,0.2424038462071908,20.384322160594863,0.0272010832529227,Mutant,void,67.47044496225243,LLLAALLALLLGVLLGTLILI,A3Y,A,Y,3
LLLYALLALLLGTLLSFLILI,0.0,19281.51675,1459.020984,19953.94572,20283.06969,17607.53484,G,-77.62236554,-76.53953403,1891.888835735932,9.98605780616682,18945.302265,0.2364279393126412,19.881793783895343,0.0236098306896893,WT,,58.28594552364338,LLLVALLALLLGTLLSFLILI,V3Y,V,Y,3
