sample,group,p_value
11I,Mutant,0.008185698799557318
12I,Mutant,1.175295753995565e-06
4I,Mutant,0.0006918455314809376
8I,Mutant,6.644728701325183e-06
