sample,group,p_value
11I,Mutant,0.008185698799576584
12I,Mutant,1.1752957539991342e-06
4I,Mutant,0.000691845531480672
8I,Mutant,6.644728701342382e-06
