sample,group,p_value
8,Mutant,0.00036689941432624065
12,Mutant,2.2643738177358972e-06
