sample,group,p_value
A,Mutant,9.436330723505415e-10
T,Mutant,2.3327836447231555e-05
