sample,group,p_value
A,Mutant,9.436330723452328e-10
T,Mutant,2.3327836447350604e-05
