AA,Count,Average
A,47,0.06048906048906049
F,24,0.03088803088803089
G,40,0.05148005148005148
I,97,0.12483912483912483
L,439,0.564993564993565
S,18,0.023166023166023165
T,65,0.08365508365508366
V,34,0.043758043758043756
W,4,0.005148005148005148
Y,9,0.011583011583011582
