sample,group,p_value
12S,Mutant,0.007677636506926969
5A,Mutant,0.017226969989553618
8Y,Mutant,0.004872374924140532
