sample,group,p_value
11I,Mutant,0.02024833217928123
5I,Mutant,0.010097701468719552
7I,Mutant,0.007197916660534128
