sample,group,p_value
5,Mutant,0.010995640226748427
7,Mutant,0.002658206056946803
11,Mutant,0.030867387618379726
