sample,group,p_value
A,Mutant,0.04733752438718827
T,Mutant,0.019548256099340387
