sample,group,p_value
AI,Mutant,0.008882106400743852
TI,Mutant,0.009841729940809318
