Sequence,Segments,Fluorescence,FluorStdDev,Rep1-Fluor,Rep2-Fluor,Rep3-Fluor,Sample,LB-12H_M9-36H,LB-36H_M9-36H,std,Percent Error,mean,mean_transformed,Percent GpA,std_adjusted,Type,Mutant Type,percent_wt,wt_seq,position,wt_aa,mut_aa,mut_position,Mutant Type_x,Mutant Type_y
LLLTYLLLILLGALLGFLILI,13.0,27908.89283,1951.655491,28628.11277,29398.87773,25699.688,D,-89.02688569,-88.70295465,1951.655490246287,6.992952038266824,27908.89283333333,25248.153168715115,60.00302302342736,1765.5912416363933,WT,,74.96750047139797,LLLTYLLLILLGALLGWLILI,W16F,W,F,16,,
LLLALLLGFLLGVLLGTLILI,13.0,31324.87979,2224.165813,32312.69884,32884.03472,28777.90579,D,-54.39590799,-48.23744016,2224.1658130591586,7.100317155063894,31324.879783333337,45482.14746813013,108.08974119606918,3229.376719171102,WT,,97.88118484082884,LLLALLLGLLLGVLLGTLILI,L8F,L,F,8,,
LLLFLLLGLLLGVLLGTLILI,13.0,29271.54428,1976.375664,30270.11636,30549.39108,26995.12541,D,-43.26000037,-32.61457129,1976.3756620285835,6.751866737532857,29271.544283333333,33319.57793554263,79.1850155786658,2249.6934997162393,WT,,71.70637158266379,LLLALLLGLLLGVLLGTLILI,A3F,A,F,3,,
LLLAYLLGLLLGFLLGTLILI,13.0,31025.70638,1990.098798,31635.56791,32639.51085,28802.04037,D,2804.302636,3770.222039,1990.098801215061,6.41435452606405,31025.70637666667,43710.04672722129,103.87828854660012,2803.7173605922303,WT,,99.47708412384992,LLLAYLLGLLLGVLLGTLILI,V12F,V,F,12,,
