sample,group,p_value
12I,Mutant,0.00026907019719651817
8I,Mutant,0.0013319627349521392
