sample,group,p_value
8A,Mutant,0.007044719886237401
8T,Mutant,0.046754639444484054
