sample,group,p_value
8A,Mutant,0.0070447198862705175
8T,Mutant,0.04675463944458524
