sample,group,p_value
8,Mutant,0.018456964609923677
12,Mutant,0.0007842583787237933
