sample,group,p_value
8,Mutant,0.018456964609830828
12,Mutant,0.0007842583787249148
