sample,group,p_value
A,Mutant,1.6735420261830163e-05
S,Mutant,0.034431862136682756
T,Mutant,0.011843419954771948
