sample,group,p_value
A,Mutant,1.673542026191664e-05
S,Mutant,0.03443186213699094
T,Mutant,0.011843419954754967
