sample,group,p_value
AI,Mutant,1.6735420261916703e-05
SI,Mutant,0.03443186213699107
TI,Mutant,0.005932499499241383
