sample,group,p_value
AI,Mutant,1.6735420261829977e-05
SI,Mutant,0.03443186213668261
TI,Mutant,0.005932499499249708
