sample,group,p_value
G,void,0.6806029193117945
L,void,0.002400531075886458
R,void,0.0024012652826430787
G,clash,1.2469304275426687e-18
L,clash,4.243267707093442e-08
R,clash,2.0277885400827137e-28
