sample,group,p_value
11I,Mutant,3.0655143247476124e-16
15I,Mutant,0.0025031456000042507
7I,Mutant,2.2488387784074238e-10
