sample,group,p_value
11G,Mutant,7.827949690767778e-17
15G,Mutant,0.002662347367147675
7G,Mutant,7.890863546900238e-10
