sample,group,p_value
7,Mutant,1.7351910301120504e-07
11,Mutant,3.0655143247476124e-16
15,Mutant,0.0025031456000042507
