sample,group,p_value
G,clash,1.0956000777867578e-08
L,clash,0.000250673401218042
R,clash,5.669572526990799e-15
G,void,0.6916893123650669
L,void,0.0005197994449922493
R,void,0.11989296129312678
