sample,group,p_value
G,clash,1.0956000777922464e-08
L,clash,0.00025067340121957946
R,clash,5.669572526991697e-15
G,void,0.691689312367546
L,void,0.0005197994449919575
R,void,0.11989296129350956
