sample,group,p_value
11G,Mutant,9.97076979832896e-06
12G,Mutant,0.010383142731213652
15G,Mutant,0.020290332992670117
7G,Mutant,4.314354689540977e-05
