sample,group,p_value
11G,Mutant,9.97076979836999e-06
12G,Mutant,0.010383142731051972
15G,Mutant,0.02029033299259244
7G,Mutant,4.314354689491074e-05
