sample,group,p_value
11A,Mutant,2.0789626982867487e-05
12A,Mutant,2.292508297001567e-12
12S,Mutant,0.003911381801999926
12T,Mutant,0.0007887186244897224
12V,Mutant,1.6091028519710606e-05
8A,Mutant,7.716078589578485e-05
8S,Mutant,0.047603934588305974
8T,Mutant,0.004389446415654838
