sample,group,p_value
11I,Mutant,3.417405308079671e-06
12I,Mutant,8.483788464933833e-20
4I,Mutant,0.012922723085515618
8I,Mutant,4.198730498695096e-06
