sample,group,p_value
11A,Mutant,2.0789626982825132e-05
12A,Mutant,2.2925082970153713e-12
12S,Mutant,0.003911381801977594
12T,Mutant,0.0007887186244870085
12V,Mutant,1.609102851972473e-05
8A,Mutant,7.716078589550239e-05
8S,Mutant,0.04760393458829774
8T,Mutant,0.004389446415660288
