sample,group,p_value
11I,Mutant,3.4174053080718833e-06
12I,Mutant,8.483788464905357e-20
4I,Mutant,0.012922723085520851
8I,Mutant,4.198730498694573e-06
