sample,group,p_value
8,Mutant,0.000821131595721992
11,Mutant,0.012705097271945881
12,Mutant,9.066488647069289e-11
