sample,group,p_value
8,Mutant,0.0008211315957213246
11,Mutant,0.01270509727196573
12,Mutant,9.066488647045961e-11
