sample,group,p_value
A,Mutant,2.5990695369306696e-15
S,Mutant,0.003681106059866191
T,Mutant,1.6849805543528893e-06
V,Mutant,0.00039596553073294194
