sample,group,p_value
A,Mutant,2.599069536937937e-15
S,Mutant,0.003681106059876255
T,Mutant,1.6849805543551443e-06
V,Mutant,0.00039596553073307594
