sample,group,p_value
AI,Mutant,2.7560143833526123e-15
LI,Mutant,0.043121468057687296
SI,Mutant,0.0036811060598762263
TI,Mutant,1.5496954211819615e-06
VI,Mutant,0.00027129914643136944
