sample,group,p_value
AI,Mutant,2.756014383343365e-15
LI,Mutant,0.043121468057687726
SI,Mutant,0.00368110605986614
TI,Mutant,1.5496954211801573e-06
VI,Mutant,0.00027129914643126167
