sample,group,p_value
G,void,0.03933336713051756
L,void,0.4310173996641117
R,void,0.38198942365714883
G,clash,9.177810282853501e-23
L,clash,2.423364443003607e-06
R,clash,6.754629401297119e-16
