sample,group,p_value
11A,Mutant,0.00023130740999439622
12A,Mutant,1.3999747690957303e-09
12L,Mutant,0.004281502242125738
12S,Mutant,0.013135198569553884
12T,Mutant,0.0005109228284033187
12V,Mutant,0.0007778614255603319
16L,Mutant,0.033758217798406494
16Y,Mutant,0.0015818588650811465
4A,Mutant,0.0022239348716877796
8A,Mutant,1.4831343810849754e-05
8S,Mutant,0.040889719110851645
8T,Mutant,0.003852004056821176
