sample,group,p_value
A,Mutant,1.6888002410968768e-17
S,Mutant,0.003688383893316806
T,Mutant,8.784649744627838e-07
V,Mutant,0.00030126711950047313
Y,Mutant,0.006201754595090689
