sample,group,p_value
G,clash,4.160014999940739e-05
G,void,0.7541575242392317
