sample,group,p_value
11G,Mutant,2.927543492718467e-16
12G,Mutant,0.007148748978266975
15G,Mutant,0.00814142372539942
7A,Mutant,0.015833094590495013
7G,Mutant,2.667657310977565e-07
