sample,group,p_value
7,Mutant,0.017473262027664357
11,Mutant,2.7814122948446143e-17
15,Mutant,0.00286922552433899
