sample,group,p_value
AI,Mutant,0.006092137180295893
GI,Mutant,1.9127000283942418e-23
TI,Mutant,0.027491883767580987
