sample,group,p_value
AI,Mutant,0.006848685348351954
GI,Mutant,1.91270002838822e-23
TI,Mutant,0.027491883768074824
