sample,group,p_value
G,void,0.21813747646230422
L,void,0.04835525688751655
R,void,0.1196077472895824
G,clash,7.148557338880463e-22
L,clash,8.164592170190726e-05
R,clash,2.2849957326300518e-14
