sample,group,p_value
A,Mutant,4.173804501445624e-07
F,Mutant,0.00579987667716844
S,Mutant,0.005001933291417346
T,Mutant,0.0001546199912252203
V,Mutant,0.0005602596942743298
Y,Mutant,0.04105406696594994
