Sequence,Flow Mean,Mean Std,PercentGpA,PercentStd,Rep1-Fluor,Rep2-Fluor,Rep3-Fluor,Sample
LIIFGVMAGVIGT,19907.3333333333,1174.72876302007,0.01,0.000834525308314903,25844.1899655124,26628.44370656678,23966.18807163096,G
LIIFGVMAIVIGT,4983.33333333333,2106.04336770796,0.00250326512842839,0.0010681864593370199,17920.39434576709,19750.53528491857,16787.766949604957,G
IIVAMTAVGGSICVMLVVICLL,10065.0,1896.67832451016,0.00505592578949131,0.000998374567583563,21519.97742026881,22876.904381720025,19219.23111243893,G
GIYFVLGVCFGLLLTLCLLVIL,26073.3333333333,832.330863699447,0.0130973510599109,0.000878716149293249,24741.47538775137,26114.82072714046,23802.537791362705,G
VVIIAIVCCVVGTSLVWVVIIL,11171.6666666667,1334.61579989648,0.005611834834734269,0.0007477417995494461,20600.01857050899,22262.032453885644,19517.80197423698,G
CAVVVGVGLIVGFAVGLL,5871.33333333333,1679.63200334676,0.00294933190449081,0.00086148831231335,18374.707084678947,20183.56128408681,17452.247341533115,G
