Sequence,Flow Mean,Mean Std,PercentGpA,PercentStd,Rep1-Fluor,Rep2-Fluor,Rep3-Fluor,Sample
LIIFGVMAGVIGT,19907.3333333333,1174.72876302007,0.01,0.000834525308314903,28634.050357555912,31387.861981272163,27292.35872113816,R
LIIFGVMAIVIGT,4983.33333333333,2106.04336770796,0.00250326512842839,0.0010681864593370199,23637.400213757297,25677.548656500872,22711.62740481134,R
IIVAMTAVGGSICVMLVVICLL,10065.0,1896.67832451016,0.00505592578949131,0.000998374567583563,25533.36662759644,28367.25503202061,24803.991953169225,R
GIYFVLGVCFGLLLTLCLLVIL,26073.3333333333,832.330863699447,0.0130973510599109,0.000878716149293249,27849.618392175584,30605.06892319589,26488.039043103126,R
VVIIAIVCCVVGTSLVWVVIIL,11171.6666666667,1334.61579989648,0.005611834834734269,0.0007477417995494461,26074.621836480343,28843.632391996653,24703.73825283994,R
CAVVVGVGLIVGFAVGLL,5871.33333333333,1679.63200334676,0.00294933190449081,0.00086148831231335,24015.579136259774,26324.90383201249,23188.76210388215,R
