sample,group,p_value
11I,Mutant,0.000534537417685443
12I,Mutant,4.2867972929026177e-19
8I,Mutant,1.4763623342861698e-08
