sample,group,p_value
11A,Mutant,2.750725020836518e-05
12A,Mutant,3.344288817300233e-11
12L,Mutant,0.001690960263011118
12T,Mutant,1.1715389747131504e-05
12V,Mutant,8.582106741774424e-05
8A,Mutant,9.80264676202964e-07
8T,Mutant,0.0007332050766411533
