sample,group,p_value
11I,Mutant,0.0005345374176828199
12I,Mutant,4.2867972929035084e-19
8I,Mutant,1.4763623342935911e-08
