sample,group,p_value
8,Mutant,4.714067374022446e-07
12,Mutant,8.268952295131683e-17
