sample,group,p_value
AI,Mutant,2.9049301344940097e-16
LI,Mutant,0.048691015997841425
TI,Mutant,3.718000820488099e-09
