sample,group,p_value
AI,Mutant,2.9049301345215296e-16
LI,Mutant,0.048691015997838254
TI,Mutant,3.71800082047268e-09
