sample,group,p_value
A,Mutant,1.3119011047871788e-05
I,Mutant,4.0136407850517404e-11
