sample,group,p_value
11I,Mutant,0.0023845645453965617
12I,Mutant,1.2711371229883943e-05
4A,Mutant,0.0007960870482870684
4I,Mutant,0.0008931567681506012
8I,Mutant,0.00012394814389714705
