sample,group,p_value
G,clash,1.0000292164423052e-19
L,clash,1.3370959352842652e-05
R,clash,9.287968396556442e-22
G,void,0.268313884942808
L,void,0.0030426796688241236
R,void,0.015146745624211696
