sample,group,p_value
11I,Mutant,0.00031105482791960723
12I,Mutant,0.031858061735263066
15I,Mutant,0.009004450036783183
7I,Mutant,0.015910959528956298
