sample,group,p_value
11I,Mutant,0.0002940491683387756
12I,Mutant,0.031858061735365734
15I,Mutant,0.009004450036737376
7I,Mutant,0.015910959528936373
