sample,group,p_value
7,Mutant,0.004200157825305329
11,Mutant,0.01388724262047673
