sample,group,p_value
A,Mutant,0.0009033384819737493
G,Mutant,5.256977949094057e-09
