sample,group,p_value
AI,Mutant,0.0009033384819737493
GI,Mutant,2.241013931010579e-09
