sample,group,p_value
11A,Mutant,0.00012676564015187333
12A,Mutant,7.749453761457026e-13
12L,Mutant,0.004937926985694223
12S,Mutant,0.0027594426782790297
12T,Mutant,1.4958521203592605e-05
12V,Mutant,2.900719793393047e-05
4A,Mutant,0.047337310871566535
8A,Mutant,8.238982872134945e-05
8T,Mutant,0.0018801123221521992
