sample,group,p_value
8,Mutant,0.00718186794441105
12,Mutant,4.7540860725404996e-15
