sample,group,p_value
A,Mutant,2.8557284838441857e-15
T,Mutant,7.341757136259962e-09
V,Mutant,0.0067185103844997094
