Sequence,Flow Mean Total,Flow Mean,Mean Std,Percent GpA,Sd,Design
LLLTALLAFLLGVLLGL,,,,1.24546006,0.042215977,JC
LLLYVLLTILLGLLLGAL,,,,0.277468733,0.01982323,JC
LLLYFLLGLLLGTLLAVL,,,,1.217555725,0.011525746,JC
LLLWTLLALLLGILLGFL,,,,0.381122627,0.028807667,JC
LLLALLLGLLLGTLLAFL,,,,1.262472885,0.013965184,JC
LLLYFLLGLLLGTLLAVL,,,,1.24639352,0.070348527,JC
LLLYGLLFALLGTLLSLL,31898.33333,7397.33333,1739.003259,0.2764015,0.015068596,GJL
LLLVGLLLALLGLLLGTL,34655.66667,10154.66667,2152.752966,0.379429312,0.023569524,GJL
LLLAVLLLTLLGGLLFAL,35220,10719,733.4459762,0.400515637,0.008340618,GJL
LLLYVLLGALLGILLTLL,51062.33333,26561.33333,348.8571819,0.992464721,0.006780506,GJL
LLLYSLLLILLAVLLTFL,31418.66667,6917.66667,1478.692102,0.447495921,0.129919538,GJL
LLLVALLIALLFTLLSLL,35285.66667,10784.66667,1162.30346,0.402969273,0.013273735,GJL
LLLYILLTALLVALLSLL,31424,6923,2357.616593,0.258678026,0.019407574,GJL
LLLLWALLFVLATLLSLL,32897.33333,8396.33333,786.0084817,0.313729153,0.007495859,GJL
LLLLFILLAVLLTLLLSL,30780.33333,6279.33333,319.8692441,0.234627408,0.002438248,GJL
LLLFSLLLLLVALLLTLL,37505.33333,13004.33333,1197.895794,0.48590716,0.015519557,GJL
LIIFGVMAGVIGT,51264,26763,4713.50008,1,0.091945616,
LIIFGVMAIVIGT,31076,6575,1675.048358,0.262260516,0.032848804,
IIVAMTAVGGSICVMLVVICLL,36197,11696,679.8610152,0.532044962,0.072694619,
GIYFVLGVCFGLLLTLCLLVIL,55313,30812,2991.170172,1.050543816,0.014618961,
VVIIAIVCCVVGTSLVWVVIIL,11171.6666666667,,1334.61579989648,0.561183483473427,0.0747741799549446,
CAVVVGVGLIVGFAVGLL,5871.33333333333,,1679.63200334676,0.294933190449081,0.086148831231335,