sample,group,p_value
11I,Mutant,4.429257835195684e-12
12I,Mutant,0.008023441914486163
15I,Mutant,0.00021189014493447773
7I,Mutant,0.0019471950918555686
