sample,group,p_value
12I,Mutant,4.49051374994732e-07
3A,Mutant,0.019223638363968298
8I,Mutant,3.365070306275088e-05
