sample,group,p_value
12A,Mutant,0.022900160240719183
12T,Mutant,0.00045103374589984443
12V,Mutant,0.03267540571835377
8A,Mutant,0.00030451430982100894
