sample,group,p_value
12A,Mutant,0.022900160240765372
12T,Mutant,0.0004510337458981548
12V,Mutant,0.03267540571832755
8A,Mutant,0.00030451430981919057
