sample,group,p_value
12I,Mutant,4.4905137499652264e-07
3A,Mutant,0.01922363836409488
8I,Mutant,3.3650703062918815e-05
