sample,group,p_value
3,Mutant,0.01926072703919791
8,Mutant,0.00016918699029335076
12,Mutant,8.91251682863153e-08
