sample,group,p_value
3,Mutant,0.019260727039064226
8,Mutant,0.000169186990292842
12,Mutant,8.912516828609147e-08
