sample,group,p_value
A,Mutant,7.685009020958516e-07
F,Mutant,0.016671195797704548
T,Mutant,0.0006443406207692725
V,Mutant,0.014994780554354532
Y,Mutant,0.04086949365378226
