sample,group,p_value
A,Mutant,7.685009020949103e-07
F,Mutant,0.01667119579776651
T,Mutant,0.0006443406207715807
V,Mutant,0.014994780554320453
Y,Mutant,0.040869493654022884
