sample,group,p_value
AI,Mutant,3.407581080759203e-07
FA,Mutant,0.01667119579770453
TI,Mutant,0.0005363636764200432
VI,Mutant,0.010190720680174754
YA,Mutant,0.04783665317613654
