sample,group,p_value
AI,Mutant,3.407581080755289e-07
FA,Mutant,0.01667119579776647
TI,Mutant,0.000536363676421883
VI,Mutant,0.010190720680143213
YA,Mutant,0.04783665317640637
