sample,group,p_value
11I,Mutant,7.797781761754223e-17
12I,Mutant,0.008440968062448758
15I,Mutant,0.0005783581541538122
7I,Mutant,5.9123388245748935e-05
