sample,group,p_value
11I,Mutant,7.338557215689759e-17
12I,Mutant,0.008440968062510506
15I,Mutant,0.000578358154153041
7I,Mutant,5.912338824570035e-05
