sample,group,p_value
11G,Mutant,1.2572369491970375e-16
12G,Mutant,0.016403355910785188
15A,Mutant,0.04289131531555532
15G,Mutant,6.919210038564704e-05
7G,Mutant,9.2979750923353e-07
