sample,group,p_value
11G,Mutant,1.257236949192919e-16
12G,Mutant,0.016403355910676563
15A,Mutant,0.04289131531560123
15G,Mutant,6.919210038542363e-05
7G,Mutant,9.297975092224362e-07
