sample,group,p_value
7,Mutant,0.00020564516285567378
11,Mutant,5.270469259361942e-16
15,Mutant,0.011572559116658429
