sample,group,p_value
7,Mutant,0.00020564516285420157
11,Mutant,4.970797268421769e-16
15,Mutant,0.01157255911663311
