sample,group,p_value
A,Mutant,0.014463811496532678
G,Mutant,5.655515158782988e-25
