sample,group,p_value
A,Mutant,0.015860837415451755
G,Mutant,5.655515158742959e-25
