sample,group,p_value
AI,Mutant,0.015860837415451755
GI,Mutant,1.2790580907805678e-24
LI,Mutant,0.03720242429594683
