sample,group,p_value
AI,Mutant,0.014463811496532792
GI,Mutant,1.2790580907903819e-24
LI,Mutant,0.03720242429606678
