sample,group,p_value
11G,Mutant,2.9148270124742497e-35
7G,Mutant,1.725517767339392e-07
