sample,group,p_value
7,Mutant,1.6865567523228623e-05
11,Mutant,1.5244882444573626e-25
15,Mutant,0.004179196041574171
