sample,group,p_value
11I,Mutant,0.0015175357625510483
15I,Mutant,0.0023254510950539756
7I,Mutant,0.004043224140246798
