sample,group,p_value
AI,Mutant,0.0003368005394656779
GI,Mutant,7.79311852586036e-08
