sample,group,p_value
AI,Mutant,0.00028269121644479563
GI,Mutant,7.793118525874245e-08
