sample,group,p_value
11G,Mutant,1.2238656957226181e-09
12G,Mutant,0.030563048185478534
