sample,group,p_value
11I,Mutant,6.1294037525407766e-09
12I,Mutant,0.031119870593681938
