sample,group,p_value
7,Mutant,0.0036997437977357617
11,Mutant,6.495656622161555e-09
