sample,group,p_value
7,Mutant,0.003699743797702639
11,Mutant,6.495656622140122e-09
