sample,group,p_value
11A,Mutant,0.0034846249289963447
12A,Mutant,0.001347021518285801
12L,Mutant,0.006154888763167537
12T,Mutant,0.003505487151284452
12V,Mutant,0.022234172052000664
3Y,Mutant,0.03006698324044994
8A,Mutant,0.003623534892126231
