sample,group,p_value
11A,Mutant,0.003484624928993255
12A,Mutant,0.0013470215182828278
12L,Mutant,0.00615488876313609
12T,Mutant,0.0035054871512751737
12V,Mutant,0.0222341720519421
3Y,Mutant,0.030066983240195452
8A,Mutant,0.003623534892112532
