sample,group,p_value
11I,Mutant,0.0009960780260708812
12I,Mutant,2.2476470424457645e-07
3A,Mutant,0.016569322071794134
8I,Mutant,0.0019145954172826891
