sample,group,p_value
11I,Mutant,0.0009960780260725936
12I,Mutant,2.2476470424686256e-07
3A,Mutant,0.01656932207192524
8I,Mutant,0.00191459541728067
