sample,group,p_value
3,Mutant,0.04058054315655782
8,Mutant,0.005743284130259706
12,Mutant,4.908468517605989e-06
