sample,group,p_value
3,Mutant,0.04058054315690519
8,Mutant,0.005743284130249748
12,Mutant,4.908468517628423e-06
