sample,group,p_value
A,Mutant,1.675974961467768e-09
T,Mutant,0.010960039792895856
V,Mutant,0.009337325277622849
Y,Mutant,0.03247096202502298
