sample,group,p_value
A,Mutant,1.67597496145731e-09
T,Mutant,0.010960039792902429
V,Mutant,0.009337325277617575
Y,Mutant,0.032470962024816925
