sample,group,p_value
AI,Mutant,2.8447723007669133e-09
TI,Mutant,0.00849427612525911
VI,Mutant,0.006834006360271213
YA,Mutant,0.02609290724922627
