sample,group,p_value
AI,Mutant,2.8447723007477165e-09
TI,Mutant,0.008494276125267151
VI,Mutant,0.006834006360271066
YA,Mutant,0.02609290724905962
