sample,group,p_value
12I,Mutant,0.016615024176194478
14A,Mutant,0.0451946405669215
7A,Mutant,0.040007861398331686
7I,Mutant,0.027574413242422522
8I,Mutant,0.021000338657278628
