sample,group,p_value
11Y,Mutant,0.02992493315624381
12S,Mutant,0.007677636506926969
14F,Mutant,0.03541250843158286
