sample,group,p_value
A,Mutant,0.048548149088687674
F,Mutant,0.04250994914404174
