sample,group,p_value
AI,Mutant,0.01801377488276655
FA,Mutant,0.022581095293413032
