sample,group,p_value
4Y,Mutant,0.0028554762896476787
8A,Mutant,0.014292131768943825
