sample,group,p_value
12I,Mutant,0.036724736561637106
4A,Mutant,0.015494575399890917
