sample,group,p_value
4,Mutant,0.04160181115955158
11,Mutant,0.0461139386769879
