sample,group,p_value
11G,Mutant,3.392354627028368e-09
7G,Mutant,2.559349945707306e-05
