sample,group,p_value
7,Mutant,0.011230974526008242
11,Mutant,1.7768140110089902e-06
