sample,group,p_value
8,Mutant,0.00538201332686249
12,Mutant,4.522916830116104e-15
