sample,group,p_value
11I,Mutant,2.180502808774855e-12
12I,Mutant,0.027314216516685575
15I,Mutant,0.02268945394346048
7I,Mutant,0.00384941512130088
