sample,group,p_value
11G,Mutant,2.137342430565593e-11
12G,Mutant,0.03528367552939637
7A,Mutant,0.002731974461645413
7G,Mutant,0.002161886707995573
