sample,group,p_value
11G,Mutant,2.1373424305666658e-11
12G,Mutant,0.03528367552938065
7A,Mutant,0.0027319744616769747
7G,Mutant,0.0021618867080007266
