sample,group,p_value
7,Mutant,0.02799498731226538
11,Mutant,8.229243550826293e-11
