sample,group,p_value
AI,Mutant,4.494094039406502e-05
FA,Mutant,0.03805160867492853
GI,Mutant,3.3866508187755594e-13
TI,Mutant,0.00942977166803724
