sample,group,p_value
11G,Mutant,7.754648702111686e-26
15G,Mutant,0.010246755140676623
4F,Mutant,0.033432331566901057
7G,Mutant,0.0001323319095278642
