sample,group,p_value
F,Mutant,0.021456877650245634
G,Mutant,7.551352157940066e-35
