sample,group,p_value
11I,Mutant,0.0010713226468348398
12I,Mutant,1.1633545097630086e-09
16A,Mutant,0.03390983348859427
3A,Mutant,0.03830686768517223
8I,Mutant,0.021208089621287222
