sample,group,p_value
11A,Mutant,0.004609147864505323
12A,Mutant,4.910817840974611e-05
12S,Mutant,0.026803087201985563
12T,Mutant,0.0034574843245017313
12V,Mutant,0.0003941006057210854
3Y,Mutant,0.01485859339669077
8A,Mutant,0.009755840871917188
