sample,group,p_value
3,Mutant,0.020119045203487406
12,Mutant,6.006505397225991e-07
16,Mutant,0.030576534296556563
