sample,group,p_value
A,Mutant,1.7183689560778935e-06
T,Mutant,0.0069673703713270235
V,Mutant,0.0005197082320177832
