sample,group,p_value
A,Mutant,1.7183689560671695e-06
T,Mutant,0.006967370371325675
V,Mutant,0.0005197082320175339
