sample,group,p_value
11G,Mutant,3.461227218710191e-05
15G,Mutant,0.009769931557058404
