sample,group,p_value
7,Mutant,0.010065441822031741
11,Mutant,0.0008057242897609395
