sample,group,p_value
A,Mutant,0.02188092453532577
G,Mutant,1.5484250674996961e-06
