sample,group,p_value
A,Mutant,0.021880924535148685
G,Mutant,1.548425067505619e-06
