sample,group,p_value
AI,Mutant,0.02188092453532571
GI,Mutant,1.5484250674997016e-06
