sample,group,p_value
AI,Mutant,0.021880924535148633
GI,Mutant,1.548425067505619e-06
