Sequence,Interface,startAxialRotation,startCrossingAngle,startXShift,startZShift,Filename,negRot,negAngle
LLLYALLFLLLITLLGSLILI,110011001100110000,54.4566,40.6917,7.0594,2.21113,4297_2.pdb,True,True
LLLSYLLGVLLITLLGFLILI,110011001100110000,69.5064,45.0,6.5231,2.07724,4199_2.pdb,True,True
LLLSYLLGLLLIFLLSTLILI,110011001100110000,95.479,44.2015,7.2798,4.51072,4247_2.pdb,True,True
LLLLYWLLIILAFLLSLLILI,11001101100110000,8.04023,22.8656,9.1939,0.372694,1375_0.pdb,True,False
LLLLWYLVILLILLTFLLILI,11011001101100000,46.2466,21.3127,9.1852,1.16197,29_2.pdb,True,False
LLLASLLVGLLFLLLILLILI,110011001100110000,36.0293,35.6829,7.2857,1.23029,4038_0.pdb,True,True
LLLASLLVGLLALLLGLLILI,110011001100110000,36.0293,35.6829,7.2857,1.23029,4038_0.pdb,True,True
LLLASLLVGLLFLLLGALILI,110011001100110000,36.0293,35.6829,7.2857,1.23029,4038_0.pdb,True,True
LLLYWLLVALLIILLTLLILI,110011001100110000,18.646,39.994,8.5175,1.14864,3390_1.pdb,True,True
LLLSYLLVLLLIFLLTILILI,110011001100110000,68.6732,41.2124,9.0,4.52696,2961_2.pdb,True,True
LLLYFLLIVLLGLLLGSLILI,110011001100110000,72.2097,35.0,7.3038,2.32794,4222_0.pdb,True,True
LLLTFLLGLLLIYLLASLILI,110011001100110000,75.8727,43.5756,7.3804,3.8938,4447_2.pdb,True,True
LLLFYLLVALLTILLSLLILI,110011001100110000,22.0295,43.2966,8.7631,2.08652,2840_2.pdb,True,True
LLLLYLLLAVLTILLFSLILI,11001101100110000,16.1108,18.2467,9.3989,0.498883,85_3.pdb,True,False
LLLLAYLLLTLAVLLASLILI,11001101100110000,61.161,18.0,8.8181,3.97579,1831_1.pdb,True,False
LLLYSLLVALLFALLILLILI,110011001100110000,40.2159,36.8044,8.4291,1.44258,2380_2.pdb,True,True
LLLYLLLFILLAALLTSLILI,110011001100110000,41.3832,39.1389,8.4387,1.6697,2298_2.pdb,True,True
LLLYLLLATLLAALLTSLILI,110011001100110000,41.3832,39.1389,8.4387,1.6697,2298_2.pdb,True,True
LLLALLLFTLLAALLTSLILI,110011001100110000,41.3832,39.1389,8.4387,1.6697,2298_2.pdb,True,True
LLLYSLLFVLLILLATLLILI,110011011001100000,112.035,25.6894,8.8215,4.25318,301_4.pdb,True,False
LLLYSLLFVLALLLATLLILI,110011011001100000,112.035,25.6894,8.8215,4.25318,301_4.pdb,True,False
LLLTYLLVFLLALLLISLILI,110011001100110000,64.7965,39.82,8.0152,3.1774,3240_1.pdb,True,True
