Sequence,Interface,startAxialRotation,startCrossingAngle,startXShift,startZShift,Filename,negRot,negAngle
LLLLAILLVLLAVLFALLILI,000011011001101100000,60.1144,21.9291,8.6228,1.90657,1010_4.pdb,true,false
LLLVALLVILLALLFALLILI,000110011011001100000,103.723,27.5002,9.1841,2.58958,1450_3.pdb,true,false
LLLLVLLVALLAVLLIFLILI,000110011001100110000,54.7442,35.0,8.4748,5.34339,2081_1.pdb,true,true
LLLVALLVALLFALLALLILI,000110011001100110000,36.6373,39.9947,8.0543,2.68607,3959_0.pdb,true,true
LLLYALLVVLLAVLLFLLILI,000110011001100110000,66.3901,43.2369,8.4803,5.31639,3902_3.pdb,true,true
LLLFALLVVLLAVLLFLLILI,000110011001100110000,66.3901,43.2369,8.4803,5.31639,3902_3.pdb,true,true
LLLYALLVVLLALLLAFLILI,000110011001100110000,71.6539,39.68,8.4856,4.95291,2931_2.pdb,true,true
LLLFALLVVLLALLLAFLILI,000110011001100110000,71.6539,39.68,8.4856,4.95291,2931_2.pdb,true,true
LLLALLLVVLLAYLLAFLILI,000110011001100110000,56.568,45.0,8.1133,2.26566,3928_3.pdb,true,true
LLLALLLVVLLAFLLAFLILI,000110011001100110000,56.568,45.0,8.1133,2.26566,3928_3.pdb,true,true
LLLFFLLLVLLVALLAILILI,000110011001100110000,25.1949,44.1889,8.1983,0.814873,3796_1.pdb,true,true
LLLFYLLLVLLVALLAILILI,000110011001100110000,25.1949,44.1889,8.1983,0.814873,3796_1.pdb,true,true
LLLLAFLLVVLLLLLAILILI,000011001101100110000,13.802,26.0641,9.3441,0.73695,825_4.pdb,true,false
LLLLVLLLALIVLLFALLILI,000110011011001100000,110.296,27.6733,9.2245,5.82549,319_3.pdb,true,false
LLLLVALLVILFLLLALLILI,000011001101100110000,8.97767,18.6528,9.1809,0.942055,1477_1.pdb,true,false
LLLAVLLIALLFVLLVLLILI,000110011001100110000,50.9842,40.1235,8.3571,5.37726,2232_2.pdb,true,true
LLLLILLAVLLAYLLVFLILI,000110011001100110000,71.7611,43.3797,9.0,4.06622,2363_3.pdb,true,true
LLLLILLAVLLAFLLVFLILI,000110011001100110000,71.7611,43.3797,9.0,4.06622,2363_3.pdb,true,true
