sample,group,p_value
A,Mutant,0.0149870172933658
I,Mutant,0.025801910771315557
