sample,group,p_value
A,Mutant,0.014987017293326738
I,Mutant,0.025801910771079403
