sample,group,p_value
G,clash,4.5251310942885055e-24
L,clash,8.160169786876829e-06
R,clash,6.037282152796575e-20
G,void,0.10903715996509376
L,void,0.013344229719912648
R,void,0.1160652352258642
