sample,group,p_value
G,void,0.16192252640587
L,void,0.00733854054826675
R,void,0.004583003304846207
G,clash,2.477959163440125e-24
L,clash,6.148226862680405e-08
R,clash,5.010374421211744e-28
