sample,group,p_value
G,void,0.16192252640722887
L,void,0.007338540548278183
R,void,0.0045830033048868245
G,clash,2.477959163443674e-24
L,clash,6.148226862769764e-08
R,clash,5.010374421143651e-28
