,>= 0.35_freq,>= 0.35_count,< 0.35_freq,< 0.35_count
A,0.24033505154639176,746,0.1692982456140351,386
L,0.1646262886597938,511,0.16973684210526316,387
T,0.12371134020618557,384,0.11535087719298245,263
V,0.12145618556701031,377,0.12280701754385964,280
S,0.10631443298969072,330,0.10526315789473684,240
I,0.10373711340206186,322,0.1425438596491228,325
F,0.0821520618556701,255,0.1,228
Y,0.04606958762886598,143,0.06798245614035088,155
W,0.011597938144329897,36,0.007017543859649123,16
