,>= 0.35_freq,>= 0.35_count,< 0.35_freq,< 0.35_count
A,0.2883008356545961,828,0.20670871559633028,721
T,0.13440111420612813,386,0.12012614678899082,419
L,0.12047353760445682,346,0.10865825688073394,379
S,0.116991643454039,336,0.10894495412844037,380
V,0.11211699164345404,322,0.11152522935779817,389
I,0.09366295264623956,269,0.1407683486238532,491
F,0.06928969359331476,199,0.09375,327
Y,0.059192200557103065,170,0.1029243119266055,359
W,0.005571030640668524,16,0.006594036697247707,23
