sample,group,p_value
G,clash,1.2789394519324881e-08
G,void,0.4586553577980974
