sample,group,p_value
G,clash,1.2789394519323055e-08
G,void,0.4586553577989503
