sample,group,p_value
11F,Mutant,0.019709462523373213
4A,Mutant,0.012964022503028168
8A,Mutant,0.022091883138962157
