sample,group,p_value
11F,Mutant,0.019709462523517247
4A,Mutant,0.01296402250307907
8A,Mutant,0.022091883138709564
