sample,group,p_value
A,Mutant,0.009155778937403165
F,Mutant,0.023733175540620346
