sample,group,p_value
11I,Mutant,2.882227363524402e-15
15I,Mutant,0.012533138489240078
7I,Mutant,0.000463090014195543
