sample,group,p_value
G,clash,3.276703077042516e-17
L,clash,1.7880788848648646e-05
R,clash,5.697475738655919e-23
G,void,0.4554784809481436
L,void,7.120470436611406e-05
R,void,0.005367166989107263
