sample,group,p_value
3,Mutant,0.002116344544850528
8,Mutant,0.0020489735670097407
11,Mutant,0.04556294449459919
12,Mutant,0.0001578348857725527
