sample,group,p_value
A,Mutant,5.584862435717882e-08
F,Mutant,0.0343770322436972
S,Mutant,0.010346554331893694
T,Mutant,0.0005310885981103585
V,Mutant,0.00225403397143356
