sample,group,p_value
G,clash,1.1488430173101457e-09
L,clash,0.0017720888305159503
R,clash,5.348322863347737e-21
G,void,0.786010911458774
L,void,8.69967249227662e-06
R,void,0.002225912045826887
