sample,group,p_value
A,Mutant,0.0028743509529855532
S,Mutant,0.006085386229871391
