	OD600	Normalize	Cell Volume	Water Volume
0	0.43	1.2647058823529411	276.74418604651163	73.25581395348837
1	0.4	1.1764705882352942	297.5	52.5
2	0.37	1.088235294117647	321.62162162162167	28.37837837837833
3	0.34	1.0	350.0	0.0
4	0.42	1.2352941176470587	283.33333333333337	66.66666666666663
