Sequence,Entropy
GLGLLVLL,6.396316640903748e-05
ALVAFILL,0.000964363377532289
FLVLLTAI,0.0008901815792605748
LLVLLSIL,0.000156397688274333
LITFYLLL,0.00012769990215305644
VALGAALA,0.00016748573264159172
GILALLLA,0.00035017527486316824
LLSLLWVG,7.289696801788268e-05
LWLVLLLL,1.7434573801365322e-05
IFALLALL,0.0004037314933716528
