sample,group,p_value
11I,Mutant,9.605808545449903e-12
15I,Mutant,0.03678068628417147
7I,Mutant,0.0005795055685882211
