Sequence	Interface	InterfaceSequence	Baseline	Dimer	Dimerw/Baseline	HBONDDimer	HBONDMonomer	IMM1Dimer	IMM1Monomer	Monomer	MonomerSasa	SequenceProbability	Total	VDWDimer	VDWMonomer	acceptCycleNumber	axialRotation	bestEnergyTotal	crossingAngle	currEnergyTotal	currEntropy	endAxialRotation	endCrossingAngle	endXShift	endZShift	energyComparison	entropyDiff	geometryNumber	prevEntropy	startEnergy	xShift	zShift	
LLLGALLTTLLGTLLAYLILI	133002200120032003201	L--GA--TTL-GT--AY--LI	353.482	408.834	762.316	-78.1469	-86.5073	-221.275	-267.503	-361.194	4446.03	7.00526e-06	690.771	708.256	-7.18407	128	-41.6903	762.74	-34.8366	762.733	0.416521	-41.8296	-35.3418	8.55445	3.49409	0.00793757	-0.0122911	2	0.404229	770.028	8.52263	3.33472	
LLLGALLTTLLSTLLSYLILI	133002200120032003201	L--GA--TTL-ST--SY--LI	387.704	982.952	1370.66	-117.66	-117.189	-225.467	-272.774	-394.864	4469.73	6.1425e-06	845.031	1326.08	-4.90137	132	-42.71	1371.22	-35.51	1370.81	0.154044	-42.6564	-35.5745	8.40935	3.22893	0.406462	0.718298	0	0.872342	1377.82	8.37	3	
LLLYALLTTLLGTLLTTLILI	133002200120032003201	L--YA--TTL-GT--TT--LI	367.672	469.443	837.115	-93.8378	-114.096	-226.146	-277.376	-384.588	4543.75	5.02097e-07	773.921	789.427	6.88339	130	-42.6564	837.566	-35.5745	837.485	0.369715	-41.6903	-34.8366	8.52263	3.33472	0.0806929	0.0842512	1	0.453966	854.031	8.40935	3.22893	
