sample,group,p_value
11I,Mutant,4.628577274988065e-16
15I,Mutant,0.00017968333518260095
7I,Mutant,0.0005113904826461727
