sample,group,p_value
11I,Mutant,4.937779983717926e-16
15I,Mutant,0.00017968333518206836
7I,Mutant,0.0005113904826474904
