sample,group,p_value
7,Mutant,0.001529387675051138
11,Mutant,2.8392991108384242e-15
15,Mutant,0.0069978016164174844
