sample,group,p_value
AI,Mutant,0.00020662540572141257
GI,Mutant,3.3789154081096846e-20
