Sequence	Interface	InterfaceSequence	Baseline	Dimer	Dimerw/Baseline	HBONDDimer	HBONDMonomer	IMM1Dimer	IMM1Monomer	Monomer	MonomerSasa	SequenceProbability	Total	VDWDimer	VDWMonomer	acceptCycleNumber	axialRotation	bestEnergyTotal	crossingAngle	currEnergyTotal	currEntropy	endAxialRotation	endCrossingAngle	endXShift	endZShift	energyComparison	entropyDiff	geometryNumber	prevEntropy	startEnergy	xShift	zShift	
LLLGYLLTTLLAYLLGTLILI	133001300220021003201	L--GYL-TT--AY-LGT--LI	349.374	-354.688	-5.31384	-89.6609	-86.3039	-227.814	-273.763	-354.029	4533.15	2.40041e-06	-5.79194	-37.2134	6.0378	107	-61.3564	-4.13733	-35.3691	-4.36105	0.952787	-61.376	-34.4736	8.91901	1.72791	0.223728	-0.820686	2	0.132101	-0.659392	8.94683	1.85089	
LLLGYLLTTLLAYLLTTLILI	133001300220021003201	L--GYL-TT--AY-LTT--LI	354.057	-367.989	-13.9315	-97.1541	-100.109	-229.61	-278.155	-369.474	4545.79	9.31922e-07	666.819	-41.2247	8.78999	95	-61.531	-12.8411	-36.2918	-12.9787	0.952787	-61.3564	-35.3691	8.94683	1.85089	0.137584	-0.820686	1	0.132101	1.48577	8.95313	1.61427	
LLLGYLLTTLLGYLLTTLILI	133001300220021003201	L--GYL-TT--GY-LTT--LI	354.39	-375.305	-20.9145	-106.656	-100.096	-230.317	-277.022	-365.209	4541.86	2.7697e-07	1311.79	-38.3313	11.9082	103	-62	-19.666	-36.38	-19.9617	0.952787	-61.531	-36.2918	8.95313	1.61427	0.29569	-0.820686	0	0.132101	-10.0956	8.92	1.44	
