sample,group,p_value
12I,Mutant,1.3724304038920899e-05
7I,Mutant,0.04931715579857145
8I,Mutant,0.04727856969030324
