sample,group,p_value
11F,Mutant,0.03173847078178655
11Y,Mutant,5.302159181365894e-10
12A,Mutant,0.0022683221476290974
12S,Mutant,0.009505576011511658
15L,Mutant,0.028410742581552916
