sample,group,p_value
11F,Mutant,0.0317384707818797
11Y,Mutant,5.302159181263107e-10
12A,Mutant,0.002268322147629115
12S,Mutant,0.009505576011590232
15L,Mutant,0.028410742581361777
