sample,group,p_value
12I,Mutant,1.612635314180312e-05
7I,Mutant,0.04931715579857145
