sample,group,p_value
7,Mutant,0.039694822030338445
12,Mutant,1.4475630926130925e-05
