sample,group,p_value
7,Mutant,0.03969482203035011
12,Mutant,1.447563092619739e-05
