sample,group,p_value
A,Mutant,0.0002144440979438442
F,Mutant,0.007353956779869976
