sample,group,p_value
A,Mutant,0.0004715721618743974
F,Mutant,0.005140125741131039
