sample,group,p_value
A,Mutant,0.00047157216187016844
F,Mutant,0.005140125741112772
