sample,group,p_value
AI,Mutant,0.00021444409794383893
TI,Mutant,0.045600055898972515
