sample,group,p_value
AI,Mutant,0.00021444409794505728
TI,Mutant,0.04560005589868199
