sample,group,p_value
AI,Mutant,0.00047157216187439964
TI,Mutant,0.043980702208742055
