sample,group,p_value
A,Mutant,0.04847428955246771
I,Mutant,2.577734426528726e-22
