sample,group,p_value
11I,Mutant,0.00017417709816056921
12I,Mutant,8.464535738152461e-14
4I,Mutant,0.0002060878708775713
8I,Mutant,3.442615861046019e-06
