sample,group,p_value
11I,Mutant,0.00022325977436690996
12I,Mutant,8.464535738133638e-14
4I,Mutant,0.000537489757835792
8I,Mutant,3.442615861057655e-06
