sample,group,p_value
11A,Mutant,0.0005682347847160947
12A,Mutant,8.954762338270465e-08
12T,Mutant,0.0003299444513724923
12V,Mutant,0.004468837810053607
4A,Mutant,0.0022239348716877605
8A,Mutant,5.774970599810306e-05
8S,Mutant,0.040889719110851645
8T,Mutant,0.010210026138053142
