sample,group,p_value
11A,Mutant,0.000864055680920563
12A,Mutant,4.704741349302199e-08
12T,Mutant,0.00032994445137286756
12V,Mutant,0.004468837810049272
4A,Mutant,0.0022239348716819236
8A,Mutant,0.00013028013196971235
8S,Mutant,0.0408897191109115
8T,Mutant,0.010210026138053862
