sample,group,p_value
8,Mutant,0.00010800626100506594
12,Mutant,2.1969056117527698e-07
