sample,group,p_value
A,Mutant,6.495161778057793e-15
T,Mutant,1.2937746869778295e-07
V,Mutant,0.000928525728758276
