sample,group,p_value
A,Mutant,4.386581795683588e-15
T,Mutant,2.5502025506377056e-07
V,Mutant,0.0009285257287582681
Y,Mutant,0.013218052576834182
