sample,group,p_value
AI,Mutant,4.360606276686035e-15
TI,Mutant,9.365505117297883e-08
VI,Mutant,0.0005302330096455221
