sample,group,p_value
AI,Mutant,3.99333305023443e-15
TI,Mutant,9.365505117297883e-08
VI,Mutant,0.0005302330096455171
YA,Mutant,0.013218052576834172
