sample,group,p_value
11G,Mutant,3.423123331611486e-12
12G,Mutant,0.02276114329379299
15G,Mutant,0.0050555482094477595
7G,Mutant,3.3871066478036904e-07
