sample,group,p_value
11G,Mutant,3.423123331582662e-12
12G,Mutant,0.022761143293858477
15G,Mutant,0.005055548209483032
7G,Mutant,3.387106647839293e-07
