sample,group,p_value
11I,Mutant,1.875159508686784e-11
15I,Mutant,0.005659828643881273
7I,Mutant,0.0023663290678736567
