sample,group,p_value
11I,Mutant,1.8751595087041123e-11
15I,Mutant,0.005659828643847802
7I,Mutant,0.0023663290678831096
