sample,group,p_value
7,Mutant,0.0011073014671451945
11,Mutant,6.7716909401261235e-12
15,Mutant,0.01681695890615011
