sample,group,p_value
7,Mutant,0.0011073014671384212
11,Mutant,6.77169094007963e-12
15,Mutant,0.01681695890619271
