sample,group,p_value
A,Mutant,0.02168711721580335
I,Mutant,1.3462919497977849e-11
