sample,group,p_value
A,Mutant,0.021687117215779674
I,Mutant,1.3462919498016109e-11
