sample,group,p_value
11G,Mutant,1.660103614557132e-08
12G,Mutant,0.007126053966193721
15G,Mutant,0.0005538150494406703
