sample,group,p_value
11I,Mutant,1.5668061302982072e-06
15I,Mutant,0.004608008860584112
