sample,group,p_value
11G,Mutant,1.6601036145695546e-08
12G,Mutant,0.007126053966181268
15G,Mutant,0.0005538150494391051
