sample,group,p_value
11I,Mutant,1.5668061303062403e-06
15I,Mutant,0.004608008860579242
