sample,group,p_value
7,Mutant,0.026295792640597396
11,Mutant,2.3700901976122194e-07
15,Mutant,0.012065474468076785
