sample,group,p_value
7,Mutant,0.026295792640598108
11,Mutant,2.3700901976258958e-07
15,Mutant,0.012065474468099406
