sample,group,p_value
G,Mutant,6.768205341015453e-11
L,Mutant,0.045999555633617246
