sample,group,p_value
G,Mutant,6.768205341062779e-11
L,Mutant,0.045999555633593356
