sample,group,p_value
AI,Mutant,0.004122778161722885
GI,Mutant,7.556077480271547e-23
