Region,xShift,crossingAngle,axialRotation,zShift
GASright,6.798496,-43.441745,40.14871417,4.3580665
GASright,7.162881073,-36.7124411,74.14655901,5.040051952
GASright,6.434110927,-50.1710489,6.150869326,3.676081048
Right,8.545760172,-40.30472931,34.2836,4.106980517
Right,8.822137178,-34.76492676,51.07692631,5.241523304
Right,8.269383167,-45.84453186,17.49027369,2.97243773
Left,8.675975,26.18997143,75.65178071,3.228768571
Left,8.2,31,100,4.2
Left,9.2,21,50,2.2
