sample,group,p_value
11I,Mutant,3.7251345880891155e-05
12I,Mutant,4.15555537196069e-17
4I,Mutant,0.011543880559485943
8I,Mutant,1.1373566378508115e-05
