sample,group,p_value
8,Mutant,0.0006111646713132182
11,Mutant,0.0026278197188630403
12,Mutant,1.3554199139717437e-11
