sample,group,p_value
11G,Mutant,6.903798188576615e-13
7A,Mutant,0.009248766999904462
7G,Mutant,1.4534181154457353e-07
