sample,group,p_value
11I,Mutant,6.840080163789127e-14
15I,Mutant,0.020050161266473025
7I,Mutant,0.0007953463716101668
