sample,group,p_value
7,Mutant,0.0033133652065238488
8,Mutant,0.04414466550965378
11,Mutant,4.479263202974333e-15
