sample,group,p_value
A,Mutant,0.001200760835373704
G,Mutant,9.258464131359636e-19
