sample,group,p_value
11I,Mutant,0.0021044984214372326
12I,Mutant,6.642164637386956e-09
8I,Mutant,5.53342984906538e-06
