sample,group,p_value
11I,Mutant,0.002104498421430819
12I,Mutant,6.642164637434039e-09
8I,Mutant,5.533429849102415e-06
