sample,group,p_value
A,Mutant,2.2548597893001622e-07
F,Mutant,9.676604321116396e-05
S,Mutant,0.008390604143572653
T,Mutant,4.583942611797075e-06
V,Mutant,9.62064932696984e-05
