sample,group,p_value
AI,Mutant,1.8193047312550359e-07
FA,Mutant,9.676604321116368e-05
SI,Mutant,0.009070570389373039
TI,Mutant,4.767268377956576e-06
VI,Mutant,4.136336986741915e-05
