Sequence,Segments,Fluorescence,FluorStdDev,Rep1-Fluor,Rep2-Fluor,Rep3-Fluor,Sample,Average Percent GpA,LB-12H_M9-24H,LB-12H_M9-36H,LB-24H_M9-24H,LB-24H_M9-36H,LB-36H_M9-24H,LB-36H_M9-36H,std,Percent Error,mean,mean_transformed,Percent GpA,std_adjusted,Type,Mutant Type,percent_wt,wt_seq,position,wt_aa,mut_aa,mut_position,Mutant Type_x,Mutant Type_y
LLLAYLLFLLLGTLLGSLILI,1.0,20517.566272520868,1898.1098811754405,20745.143634899945,22291.627566598243,18515.92761606442,G,27.28513008924445,14627133632996.275,-13.557537004309486,8736472165317.833,-48.36977696277806,9309966054977.275,-44.98058085787811,2669.8230387481794,13.084944818661768,20403.77759133133,50549.80345559416,51.833526619401496,6614.4138881064755,WT,,135.27938150811656,LLLAGLLFLLLGTLLGSLILI,G4Y,G,Y,4,,
LLLALLLVTLLAYLLSFLILI,4.0,25367.213820092205,2133.04755958062,24498.52642894989,27797.535610178835,23805.579421147897,R,111.25617524682048,19142476078257.742,-23.532006666774908,18496302384684.97,-26.11326133257505,17143694117547.057,-31.516493366434307,2822.739291463384,10.940189520534885,25801.557515663364,52248.48098224677,52.24132447644926,5716.082841058424,WT,,151.99362582176514,LLLALLLVTLLAILLSFLILI,I12Y,I,Y,12,,
LLLLVLLIALLATLLSYLILI,10.0,25388.19600575313,1528.8638611375543,24548.12872199607,27152.900583200364,24463.558712062964,R,117.04989692749004,-16.028907675469124,-24.51077222069754,0.0498627064924677,-10.05610780971172,37.697197171598944,23.78849427949761,1901.6518740101733,7.368393337993573,25808.229647631662,52351.365282192695,52.34419468427086,3857.454511801767,Mutant,,128.23676235697857,LLLLVLLIALLATLLSFLILI,F16Y,F,Y,16,void,void
