sample,group,p_value
11I,Mutant,4.0531206750489506e-05
12I,Mutant,1.2708183279743288e-22
4I,Mutant,0.007710369506080716
8I,Mutant,9.921910980778814e-06
