sample,group,p_value
12I,Mutant,0.006470519788331197
4I,Mutant,0.008119598176829047
8I,Mutant,0.04417590157562448
