Sequence	Interface	InterfaceSequence	Baseline	Dimer	Dimerw/Baseline	HBONDDimer	HBONDMonomer	IMM1Dimer	IMM1Monomer	Monomer	MonomerSasa	SequenceProbability	Total	VDWDimer	VDWMonomer	acceptCycleNumber	axialRotation	bestEnergyTotal	crossingAngle	currEnergyTotal	currEntropy	endAxialRotation	endCrossingAngle	endXShift	endZShift	energyComparison	entropyDiff	geometryNumber	prevEntropy	startEnergy	xShift	zShift	
LLLGTLLTTLLTFLLATLILI	133001200220032003201	L--GTL-TT--TF--AT--LI	367.057	5448.02	5815.08	-89.6084	-100.257	-228.033	-273.152	-376.429	4489.62	1.00419e-06	4511.38	5765.66	-3.02092	126	-45.15	5816.56	-37.41	5816.47	1.39457	-44.7294	-37.5119	8.72884	1.00836	0.080876	-1.33559	0	0.0589809	5824.45	8.68	0.81	
LLLGVLLTTLLTALLTFLILI	133001200220032003201	L--GVL-TT--TA--TF--LI	361.003	4146.2	4507.21	-80.5506	-100.344	-223.679	-272.304	-375.468	4491.43	9.58548e-06	4369.27	4450.43	-2.82048	140	-44.7294	4507.62	-37.5119	4507.47	0.269472	-44.7651	-37.7596	8.85416	1.09759	0.143418	0.326092	1	0.595564	4521.67	8.72884	1.00836	
LLLYVLLTTLLTALLTFLILI	133001200220032003201	L--YVL-TT--TA--TF--LI	357.57	4000.33	4357.9	-80.4195	-100.344	-229.851	-282.584	-373.628	4628.2	5.52575e-06	4370.62	4310.6	9.30038	152	-44.7651	4358.52	-37.7596	4358.5	0.595564	-44.5749	-37.4916	8.79627	1.0976	0.0180143	-0.326092	2	0.269472	4373.96	8.85416	1.09759	
