sample,group,p_value
11A,Mutant,0.00023130740999446867
12A,Mutant,1.3999747691002647e-09
12L,Mutant,0.004281502242124893
12S,Mutant,0.013135198569542794
12T,Mutant,0.000510922828401411
12V,Mutant,0.0007778614255616017
16L,Mutant,0.033758217798417735
16Y,Mutant,0.0015818588650739372
4A,Mutant,0.0022239348716819236
8A,Mutant,1.483134381077457e-05
8S,Mutant,0.0408897191109116
8T,Mutant,0.003852004056820876
