sample,group,p_value
3,Mutant,0.022235583560729185
8,Mutant,0.0003091348946632312
12,Mutant,8.775534960547736e-11
