sample,group,p_value
3,Mutant,0.02223558356080422
8,Mutant,0.00030913489466239633
12,Mutant,8.775534960543496e-11
