sample,group,p_value
G,void,0.13965566243502067
L,void,0.003042679668834096
R,void,0.019640379729906437
G,clash,1.5703674985229212e-22
L,clash,1.337095935296289e-05
R,clash,5.630279327985968e-22
