sample,group,p_value
G,clash,3.417017007736618e-23
L,clash,4.4198649728292706e-05
R,clash,3.427927963268868e-21
G,void,0.16205909107918495
L,void,0.00885850897980225
R,void,0.10380172619965944
