sample,group,p_value
G,clash,3.4170170077175137e-23
L,clash,4.4198649728468516e-05
R,clash,3.427927963271995e-21
G,void,0.16205909108052668
L,void,0.008858508979843633
R,void,0.1038017262000812
