sample,group,p_value
11I,Mutant,1.2277518578014052e-11
12I,Mutant,0.00839548851168501
15I,Mutant,0.0006941419183445054
7I,Mutant,0.0029791455475085184
