sample,group,p_value
11G,Mutant,1.6781965685331209e-12
12G,Mutant,0.008413515269845673
15G,Mutant,0.004250559915243795
7G,Mutant,3.387106647803673e-07
