sample,group,p_value
4,Mutant,0.029184687195812253
12,Mutant,0.019699693745670807
