sample,group,p_value
4,Mutant,0.029184687195880434
12,Mutant,0.019699693745751184
