sample,group,p_value
AI,Mutant,0.00031622366313027825
FI,Mutant,0.029186832610785345
