sample,group,p_value
A,Mutant,0.0042902614105711735
I,Mutant,3.959543360096022e-06
