sample,group,p_value
A,Mutant,0.004290261410493658
I,Mutant,3.959543360087587e-06
