sample,group,p_value
12A,Mutant,0.00013826579900013482
12S,Mutant,0.01147016503555971
4A,Mutant,0.005207485441741258
4L,Mutant,0.016301098170611532
8A,Mutant,0.000788495999630034
