sample,group,p_value
11I,Mutant,0.0200426411821124
12I,Mutant,9.769719583871378e-08
4I,Mutant,0.0032515363164636515
5A,Mutant,2.5886581709288997e-05
8I,Mutant,0.026317512167705018
