sample,group,p_value
5,Mutant,0.001782295400674274
12,Mutant,8.008510445022214e-06
