sample,group,p_value
G,clash,3.985592274389994e-08
G,void,0.8063815897043072
