sample,group,p_value
G,clash,3.985592274389769e-08
G,void,0.8063815897053053
