sample,group,p_value
A,Mutant,0.03650262060884162
I,Mutant,1.1786250435824723e-07
