sample,group,p_value
11I,Mutant,0.04257142129406633
12I,Mutant,1.3041502087840258e-05
4A,Mutant,0.0068789661545478175
4I,Mutant,0.02112387074054593
5A,Mutant,0.038316272918603504
8I,Mutant,0.0008625390940134973
