sample,group,p_value
AI,Mutant,4.905497305497127e-06
TI,Mutant,0.012859570645487756
