sample,group,p_value
AI,Mutant,4.905497305505088e-06
TI,Mutant,0.012859570645524551
