sample,group,p_value
AI,Mutant,6.411853134242456e-07
SI,Mutant,0.015334918810897984
TI,Mutant,0.0016270471771808652
VI,Mutant,0.0018580079117767351
