sample,group,p_value
AI,Mutant,6.411853134210049e-07
SI,Mutant,0.015334918810886342
TI,Mutant,0.001627047177180508
VI,Mutant,0.0018580079117739483
