sample,group,p_value
AI,Mutant,0.000240615360789191
FI,Mutant,0.029186832610785345
