sample,group,p_value
A,Mutant,3.11338756473952e-18
S,Mutant,0.0019332143215490488
T,Mutant,4.49670113000906e-06
V,Mutant,0.00030126711950047313
Y,Mutant,0.006075060901037564
