sample,group,p_value
A,Mutant,0.04020379782991632
I,Mutant,0.00025706378682345516
