sample,group,p_value
A,Mutant,0.040203797829683634
I,Mutant,0.0002570637868241775
