sample,group,p_value
12A,Mutant,0.0003809064217820761
4A,Mutant,0.02688975973105638
8A,Mutant,0.009098911166384156
