sample,group,p_value
12A,Mutant,0.00038090642177832844
4A,Mutant,0.02688975973162603
8A,Mutant,0.009098911166512768
