sample,group,p_value
5,Mutant,0.007221905315074761
12,Mutant,0.00011148459173904534
