sample,group,p_value
A,Mutant,1.7939598623255335e-05
F,Mutant,0.0008394217840020677
L,Mutant,0.02174470589046223
T,Mutant,0.02497768989715486
V,Mutant,0.04279988104285306
