sample,group,p_value
AI,Mutant,0.0021255523832387525
SI,Mutant,0.006085386229871371
