,high_count,low_count,high_frequency,low_frequency
G,284,162,0.284,0.2109375
L,135,95,0.135,0.12369791666666667
T,107,99,0.107,0.12890625
A,104,114,0.104,0.1484375
F,104,86,0.104,0.11197916666666667
V,86,58,0.086,0.07552083333333333
S,81,60,0.081,0.078125
Y,65,67,0.065,0.08723958333333333
I,34,26,0.034,0.033854166666666664
W,0,1,0.0,0.0013020833333333333
