,high_count,low_count,high_frequency,low_frequency
L,361,4,0.1987885462555066,0.25
A,267,3,0.14702643171806168,0.1875
T,228,2,0.12555066079295155,0.125
V,222,2,0.1222466960352423,0.125
F,220,2,0.1211453744493392,0.125
S,214,0,0.11784140969162996,0.0
I,155,1,0.08535242290748898,0.0625
Y,135,2,0.07433920704845814,0.125
W,14,0,0.007709251101321586,0.0
