,high_count,low_count,high_frequency,low_frequency
A,414,3,0.18351063829787234,0.1875
T,332,3,0.14716312056737588,0.1875
L,295,3,0.13076241134751773,0.1875
S,285,2,0.12632978723404256,0.125
F,256,1,0.11347517730496454,0.0625
V,255,2,0.11303191489361702,0.125
Y,241,1,0.10682624113475177,0.0625
I,167,1,0.07402482269503546,0.0625
W,11,0,0.004875886524822695,0.0
