sample,group,p_value
A,Mutant,0.009155778937323852
F,Mutant,0.023733175540716446
