sample,group,p_value
AI,Mutant,0.0060787599305067485
FA,Mutant,0.021673274583276905
