sample,group,p_value
11A,Mutant,8.929111959876703e-06
12A,Mutant,4.930352695650805e-13
12L,Mutant,0.014590516370527811
12S,Mutant,0.002460761582283227
12T,Mutant,0.00011152396116027669
12V,Mutant,5.3049547417880265e-05
8A,Mutant,2.6008754486261054e-05
8T,Mutant,0.0006784595278466479
