sample,group,p_value
11I,Mutant,1.2875677747646573e-05
12I,Mutant,7.278814345367524e-20
4I,Mutant,0.013575175702827028
8I,Mutant,3.731799621584968e-06
