sample,group,p_value
11I,Mutant,1.287567774766575e-05
12I,Mutant,7.278814345321325e-20
4I,Mutant,0.013575175702845704
8I,Mutant,3.731799621577458e-06
