sample,group,p_value
11A,Mutant,8.929111959865677e-06
12A,Mutant,4.930352695632021e-13
12L,Mutant,0.014590516370526987
12S,Mutant,0.002460761582283318
12T,Mutant,0.00011152396116064377
12V,Mutant,5.304954741779699e-05
8A,Mutant,2.600875448643773e-05
8T,Mutant,0.000678459527846987
