sample,group,p_value
8,Mutant,0.002958095028657795
12,Mutant,8.607798245718284e-14
