sample,group,p_value
A,Mutant,2.8235116290085707e-14
T,Mutant,4.893085552983057e-08
V,Mutant,0.006062925694201585
