sample,group,p_value
AI,Mutant,2.8235116290068166e-14
LI,Mutant,0.043121468057687254
TI,Mutant,6.854604520861939e-08
VI,Mutant,0.004366496042561181
