sample,group,p_value
AI,Mutant,2.8235116290085707e-14
LI,Mutant,0.043121468057687726
TI,Mutant,6.854604520850889e-08
VI,Mutant,0.004366496042551202
