sample,group,p_value
A,Mutant,0.02113589206435268
S,Mutant,0.015898286089982526
