sample,group,p_value
A,Mutant,0.021135892064420455
S,Mutant,0.015898286089855298
