sample,group,p_value
AI,Mutant,0.003440147518284368
SI,Mutant,0.017206634221640562
