sample,group,p_value
AI,Mutant,0.0034401475183035036
SI,Mutant,0.017206634221539455
