sample,group,p_value
A,Mutant,0.013796072980354568
I,Mutant,8.275820726483791e-22
