sample,group,p_value
11G,Mutant,3.3846626442381027e-15
15G,Mutant,0.003709568594504026
7A,Mutant,0.015833094590464062
7G,Mutant,2.0206458791634382e-05
