sample,group,p_value
11I,Mutant,2.527819934978242e-15
12I,Mutant,0.043181259068556785
15I,Mutant,0.0015999071544264749
7I,Mutant,0.0010441446682293376
