sample,group,p_value
AI,Mutant,0.0035737947468773477
GI,Mutant,5.944843454923186e-20
