sample,group,p_value
11A,Mutant,0.0010688155663707468
12A,Mutant,1.656878487119355e-08
12T,Mutant,0.0003570969822342629
12V,Mutant,0.004468837810049277
4A,Mutant,0.0022239348716818945
8A,Mutant,8.143205635377102e-05
8S,Mutant,0.04088971911091145
8T,Mutant,0.01312274625238502
