sample,group,p_value
A,Mutant,3.703466407886379e-15
T,Mutant,2.550202550637687e-07
V,Mutant,0.0010578029951308818
