sample,group,p_value
7,Mutant,0.0018940700235538497
11,Mutant,2.493346960651953e-11
