sample,group,p_value
11I,Mutant,8.662339807699274e-05
12I,Mutant,0.04154505148912631
