sample,group,p_value
11G,Mutant,3.09571041268699e-07
12G,Mutant,0.005918527975740131
