sample,group,p_value
11I,Mutant,8.662339807676844e-05
12I,Mutant,0.04154505148920518
