sample,group,p_value
11G,Mutant,3.095710412674351e-07
12G,Mutant,0.005918527975735864
