sample,group,p_value
11G,Mutant,4.031477912805158e-17
12G,Mutant,0.030427333704096372
15G,Mutant,0.002250686377232584
7A,Mutant,0.01583309459046403
7G,Mutant,5.060371060594204e-06
