sample,group,p_value
11I,Mutant,9.923215157114552e-17
15I,Mutant,0.002432130070573222
7I,Mutant,0.0010517092165303252
