sample,group,p_value
11I,Mutant,9.268842637014621e-17
15I,Mutant,0.00243213007057337
7I,Mutant,0.001051709216524357
