sample,group,p_value
7,Mutant,0.024302853662601997
11,Mutant,3.4076746555817305e-16
15,Mutant,0.005776539612658726
