sample,group,p_value
A,Mutant,0.014257036336406166
G,Mutant,1.0420461370181084e-22
