sample,group,p_value
AI,Mutant,0.015846291326253776
GI,Mutant,4.1622647095833145e-23
