sample,group,p_value
AI,Mutant,0.014257036336406157
GI,Mutant,4.1622647096122775e-23
