sample,group,p_value
A,Mutant,0.0007797972121824213
I,Mutant,0.0011305534932923567
