sample,group,p_value
A,Mutant,0.00784185532594927
F,Mutant,0.011979699429503872
