sample,group,p_value
AI,Mutant,0.00860670202147492
FA,Mutant,0.0011337014394338998
TI,Mutant,0.04033709660221631
