Sequence,Segments,Fluorescence,FluorStdDev,Rep1-Fluor,Rep2-Fluor,Rep3-Fluor,Sample,Average Percent GpA,LB-12H_M9-24H,LB-12H_M9-36H,LB-24H_M9-24H,LB-24H_M9-36H,LB-36H_M9-24H,LB-36H_M9-36H,std,Percent Error,mean,mean_transformed,Percent GpA,std_adjusted,Type,Mutant Type,percent_wt,wt_seq,position,wt_aa,mut_aa,mut_position,Mutant Type_x,Mutant Type_y
LLLTALLIALLLVLLSFLILI,4.0,25452.794483234666,1594.8665175232477,24583.20501891009,27293.45543640396,24481.722994389955,R,117.7133650626104,26.161118216608543,27.3317869287274,-4.881317746919707,-3.998696644430179,-3.531716793804552,-2.6365725333722967,1988.1950766303123,7.680109028645315,25887.589215396954,53575.09011442579,53.56775190217926,4114.625332982879,WT,,153.19871809472923,LLLTALLIALLLVLLSWLILI,W16F,W,F,16,,
