sample,group,p_value
11I,Mutant,0.0002822078734570149
12I,Mutant,0.01469329435149119
15I,Mutant,0.03575355770201931
