sample,group,p_value
11G,Mutant,3.335074501954266e-05
12G,Mutant,0.009499092397933631
15G,Mutant,0.007515866511723965
