sample,group,p_value
11I,Mutant,0.00028220787345742626
12I,Mutant,0.014693294351380122
15I,Mutant,0.035753557702041444
