sample,group,p_value
11G,Mutant,3.3350745019483325e-05
12G,Mutant,0.009499092397964315
15G,Mutant,0.007515866511727871
