sample,group,p_value
7,Mutant,0.04897921270147774
11,Mutant,0.0010733206159055488
