sample,group,p_value
7,Mutant,0.04897921270148864
11,Mutant,0.00107332061590403
