sample,group,p_value
A,Mutant,0.03195109311414202
G,Mutant,9.964969601411778e-07
