sample,group,p_value
A,Mutant,0.03195109311437918
G,Mutant,9.964969601375263e-07
