sample,group,p_value
AI,Mutant,0.03195109311414208
GI,Mutant,9.964969601411778e-07
