sample,group,p_value
AI,Mutant,0.03195109311437918
GI,Mutant,9.96496960137537e-07
