sample,group,p_value
11G,Mutant,4.669575037572451e-13
15G,Mutant,0.006532382654548158
7A,Mutant,0.04712497495645266
7G,Mutant,2.0206458791784036e-05
