sample,group,p_value
AI,Mutant,7.36854795117965e-18
LI,Mutant,0.04895489160600891
SI,Mutant,0.003688383893316806
TI,Mutant,2.715072695998244e-07
VI,Mutant,0.00018651884674214425
YA,Mutant,0.0013640512499165037
