AA,Count,Average
A,90,0.07263922518159806
F,42,0.03389830508474576
G,86,0.06941081517352704
I,149,0.12025827280064569
L,702,0.5665859564164649
S,30,0.024213075060532687
T,69,0.05569007263922518
V,46,0.03712671509281679
W,17,0.013720742534301856
Y,8,0.00645682001614205
