sample,group,p_value
A,Mutant,0.0035275193273767024
I,Mutant,1.2006335424396909e-08
