sample,group,p_value
11A,Mutant,0.0006114797685678599
12A,Mutant,0.0001718522641569865
14Y,Mutant,0.027709517267773907
4A,Mutant,0.028965830893107947
8A,Mutant,0.018971269078005552
