sample,group,p_value
AI,Mutant,1.1074151887168474e-07
SI,Mutant,0.03084587967276166
TI,Mutant,0.002590676522250105
YA,Mutant,0.013100974285498227
