Sequence,512,Fluorescence,PercentGpA,FluorStd,PercentStd,Rep1-Fluor,Rep2-Fluor,Rep3-Fluor,Sample
LIIFGVMAGVIGT,48216.66667,19627.0,1.0,3749.770704,0.07776918156,34547.14380558824,34879.41991294414,31458.14451620444,H
LIIFGVMAIVIGT,33825.66667,5236.0,0.2667753605,2054.156112,0.01620066332,27759.59095921263,29792.18136833356,25874.721289811994,H
FHMIAVGLSSSILGCLITLLVL,59694.0,31104.33333,1.584772677,2695.227078,0.07155362735,36041.09664232143,34856.2685058063,32131.63659242187,H
VVIIAIVCCVVGTSLVWVVIIL,34945.33333,6355.666667,0.3238226253,3823.969709,0.03543500067,32165.49500666052,30934.73268627885,27604.86819412536,H
CAVVVGVGLIVGFAVGLL,36085.66667,7496.0,0.3819228614,615.756716,0.00651703539,30066.37551636825,28852.99041653859,26027.5549883659,H
LLLFYLLVALLLTLLSTL,37789.66667,9200.0,0.468742039,1889.068906,0.02343196141,27901.38369254307,31001.167651570653,27069.839613260712,H
LLLTVLLALLLAFLLSIL,39563.66667,10974.0,0.5591277322,733.158464,0.01036125475,27447.028281466817,30487.43144447208,25617.82259786616,H
LLLYALLTALLFVLLSLL,38954.33333,10364.66667,0.5280820638,616.8730285,0.008362601899999999,27271.253626689213,30159.707778338507,25105.44159427381,H
LLLVYLLIALLFSLLTLL,38425.0,9835.333333,0.5011124132,1358.540025,0.01771714432,27504.72858451064,30831.91230498244,26401.97421340237,H
LLLLFALLALLYVLTSLL,40892.66667,12303.0,0.6268405768,916.9549244,0.01405593229,28682.43878541277,31173.2543333635,26757.6396350777,H
LLLYALLFVLTALLLSLL,39428.33333,10838.66667,0.5522324689,1766.703522,0.02474441512,29183.814034711417,31490.492520733133,27171.08525601144,H
