sample,group,p_value
11A,Mutant,0.0003880290666628783
12A,Mutant,2.1958198921962325e-09
12L,Mutant,0.02628714643669582
12T,Mutant,0.0002715323121642056
12V,Mutant,0.01235153313757568
4A,Mutant,0.013648354539380141
8A,Mutant,7.114831239240642e-05
8S,Mutant,0.040889719110911577
8T,Mutant,0.010019437112139056
