sample,group,p_value
11A,Mutant,0.00035001483967483986
12A,Mutant,1.2100820599271502e-12
12L,Mutant,0.004937926985701649
12S,Mutant,0.005428699333643386
12T,Mutant,1.7092885814066983e-05
12V,Mutant,2.4533034749040725e-05
15T,Mutant,0.03856733442212896
16L,Mutant,0.016802149718974806
8A,Mutant,1.7986432600027042e-05
8T,Mutant,0.0018801123221531136
