sample,group,p_value
11A,Mutant,0.00035001483967522226
12A,Mutant,1.2100820599239378e-12
12L,Mutant,0.004937926985694189
12S,Mutant,0.0054286993336541784
12T,Mutant,1.7092885814162024e-05
12V,Mutant,2.45330347490142e-05
15T,Mutant,0.03856733442224109
16L,Mutant,0.01680214971893791
8A,Mutant,1.798643260024677e-05
8T,Mutant,0.001880112322152183
