sample,group,p_value
11I,Mutant,0.00033143191556795937
12I,Mutant,8.167500457392251e-23
16A,Mutant,0.016277977006664578
4A,Mutant,0.020142104584474383
4I,Mutant,0.02213669970122617
8I,Mutant,1.357185150431787e-07
