sample,group,p_value
8,Mutant,4.4188580727556664e-05
12,Mutant,2.5982627458999113e-16
16,Mutant,0.04482077363427994
