sample,group,p_value
A,Mutant,1.3149714614300655e-15
T,Mutant,3.3881952492266387e-09
V,Mutant,0.006968105386577765
