sample,group,p_value
AI,Mutant,1.3149714614323043e-15
LI,Mutant,0.043121468057687254
TI,Mutant,2.742586741233651e-09
VI,Mutant,0.004905358247031276
