sample,group,p_value
AI,Mutant,1.3149714614300655e-15
LI,Mutant,0.04312146805768766
TI,Mutant,2.742586741217348e-09
VI,Mutant,0.004905358247016668
