sample,group,p_value
A,Mutant,0.04146335407126142
I,Mutant,5.384040016414426e-26
