sample,group,p_value
11I,Mutant,1.5200952862947909e-18
12I,Mutant,0.022070370830334647
15I,Mutant,0.0021454855040013462
7I,Mutant,3.031118528642363e-07
