sample,group,p_value
11G,Mutant,1.5646152805074707e-18
12G,Mutant,0.01036971730806228
15G,Mutant,0.0009096353852800833
7G,Mutant,4.886267600129003e-14
