sample,group,p_value
7,Mutant,6.603569272982406e-06
11,Mutant,7.879136192111719e-19
15,Mutant,0.003312799014981216
