sample,group,p_value
A,Mutant,0.010640598145553296
G,Mutant,6.421852783445028e-30
L,Mutant,0.0185054788842427
