sample,group,p_value
AI,Mutant,0.010640598145553296
GI,Mutant,6.421852783444844e-30
LA,Mutant,0.02936410670328453
