sample,group,p_value
11G,Mutant,6.838679839452115e-10
7G,Mutant,0.0005795055685882211
