sample,group,p_value
11Y,Mutant,4.82299015149283e-05
12A,Mutant,0.03671195651929587
12S,Mutant,0.01755061371677059
4A,Mutant,0.02878601793706927
