sample,group,p_value
AI,Mutant,0.0020111933793423038
TI,Mutant,0.03068818432623504
