sample,group,p_value
AI,Mutant,0.002011193379351576
TI,Mutant,0.03068818432609899
