sample,group,p_value
A,Mutant,0.013796072980357094
I,Mutant,8.763438269197239e-22
