sample,group,p_value
11I,Mutant,5.694647876242771e-17
12I,Mutant,0.04107927986489411
15I,Mutant,0.0006813718806024034
7I,Mutant,0.00104414466823434
