sample,group,p_value
11G,Mutant,3.3846626442228927e-15
15G,Mutant,0.003709568594499495
7A,Mutant,0.015833094590495013
7G,Mutant,2.0206458791784036e-05
