sample,group,p_value
11I,Mutant,5.276506410458067e-17
12I,Mutant,0.04107927986508183
15I,Mutant,0.0006813718805991359
7I,Mutant,0.0010441446682293376
