sample,group,p_value
7,Mutant,0.01978218521256023
11,Mutant,8.046805098312939e-17
15,Mutant,0.0023000760726849512
