sample,group,p_value
7,Mutant,0.019782185212470757
11,Mutant,7.463632172982238e-17
15,Mutant,0.0023000760726715366
