sample,group,p_value
A,Mutant,0.0035737947468773333
G,Mutant,1.5698189267746108e-21
