sample,group,p_value
A,Mutant,0.004103407993750728
G,Mutant,1.5698189267825291e-21
