sample,group,p_value
AI,Mutant,0.0035737947468773477
GI,Mutant,2.965642138067499e-21
