sample,group,p_value
AI,Mutant,0.004103407993750737
GI,Mutant,2.965642138084947e-21
