sample,group,p_value
G,clash,2.0377869423014095e-14
G,void,0.34415350017987967
