sample,group,p_value
G,clash,2.037786942308203e-14
G,void,0.34415350017901125
