sample,group,p_value
11I,Mutant,6.284400424310444e-05
15I,Mutant,0.0030386134983811787
7I,Mutant,0.0006536703425385885
