sample,group,p_value
7,Mutant,5.5831893319414855e-05
11,Mutant,0.0019693476436594987
