sample,group,p_value
A,Mutant,0.0004086982861951994
G,Mutant,7.172842910320706e-09
