sample,group,p_value
AI,Mutant,0.0005218773255590473
GI,Mutant,2.4054905219303556e-08
