sample,group,p_value
AI,Mutant,0.0004086982861951994
GI,Mutant,3.170565797398797e-08
