sample,group,p_value
11I,Mutant,0.0013361485961073786
12I,Mutant,2.1044369468091928e-07
3A,Mutant,0.0017240344084239149
4I,Mutant,0.021515548399053713
7A,Mutant,0.006306679585779091
8I,Mutant,5.551448332525467e-06
