sample,group,p_value
11A,Mutant,0.0001484294369418587
12A,Mutant,0.0015601315596472601
12T,Mutant,0.003641359928882512
12V,Mutant,0.002717032742526318
3Y,Mutant,0.002540769206449799
8A,Mutant,5.387835316331615e-05
