sample,group,p_value
3,Mutant,0.0010178386157815229
7,Mutant,0.008684422899579493
8,Mutant,0.002978575998879525
12,Mutant,6.84394953298653e-05
