sample,group,p_value
A,Mutant,8.933893378983691e-11
F,Mutant,0.0037623549862802943
T,Mutant,0.0021073939962877653
V,Mutant,0.0254147822980403
