sample,group,p_value
AI,Mutant,1.3082111196531936e-10
FA,Mutant,0.0037623549862802566
TI,Mutant,0.002781551592667788
