sample,group,p_value
11I,Mutant,0.009890319367224796
12I,Mutant,5.614052845825358e-11
3A,Mutant,0.0019389479118504247
4I,Mutant,0.04354774352850257
8I,Mutant,3.9197559594974015e-05
