sample,group,p_value
11A,Mutant,0.011401081988487815
12A,Mutant,0.0009269704166514436
12S,Mutant,0.016929571092048106
12T,Mutant,7.288693858290585e-05
12V,Mutant,0.0002208345515052509
3Y,Mutant,0.0030916676155258917
8A,Mutant,0.00010860032529237943
8T,Mutant,0.04881932927799717
