sample,group,p_value
11I,Mutant,0.009890319367212588
12I,Mutant,5.6140528458666765e-11
3A,Mutant,0.0019389479118646629
4I,Mutant,0.04354774352842827
8I,Mutant,3.919755959517535e-05
