sample,group,p_value
3,Mutant,0.0015971092258352244
8,Mutant,0.004851629297098189
12,Mutant,4.011943485184429e-08
