sample,group,p_value
A,Mutant,2.1240096628019866e-07
F,Mutant,0.026316243761453872
S,Mutant,0.03782372374537853
T,Mutant,2.0396177693778483e-05
V,Mutant,1.9944362105820122e-05
