sample,group,p_value
A,Mutant,2.1240096628111155e-07
F,Mutant,0.026316243761486204
S,Mutant,0.03782372374533801
T,Mutant,2.0396177693742556e-05
V,Mutant,1.994436210585747e-05
