sample,group,p_value
11A,Mutant,2.4987430608606918e-05
12A,Mutant,4.930352695650805e-13
12S,Mutant,0.0018508798046993284
12T,Mutant,0.00037805983563056575
12V,Mutant,5.304954741787948e-05
8A,Mutant,1.202668698429763e-05
8T,Mutant,0.0015058536968587755
