sample,group,p_value
8,Mutant,0.00033772336220563447
12,Mutant,4.612510577791057e-13
