sample,group,p_value
AI,Mutant,1.122943552513273e-13
LI,Mutant,0.04312146805768779
SI,Mutant,0.013697620358161001
TI,Mutant,3.2250879341499544e-07
VI,Mutant,0.00684266896378684
