sample,group,p_value
7,Mutant,0.0007988577105357286
11,Mutant,1.0014332595943053e-14
