sample,group,p_value
A,Mutant,0.02954493973797318
G,Mutant,1.610910465248282e-20
Y,Mutant,0.029852591047442346
