sample,group,p_value
AI,Mutant,0.026929965418376677
GI,Mutant,7.960947148282222e-20
