sample,group,p_value
G,clash,1.5347649496784138e-31
L,clash,0.14601870778057388
R,clash,1.7266313171744663e-10
G,void,0.013805069358393367
L,void,0.7709556851746282
R,void,0.07499680446606338
