sample,group,p_value
11I,Mutant,0.0023315771877816215
12I,Mutant,2.718621159609997e-08
3A,Mutant,0.04282559451307092
8I,Mutant,0.00011755933474238453
