sample,group,p_value
11I,Mutant,0.00233157718777589
12I,Mutant,2.718621159628945e-08
3A,Mutant,0.04282559451321737
8I,Mutant,0.00011755933474298702
