sample,group,p_value
3,Mutant,0.006517808858295044
8,Mutant,0.0018946254695476833
12,Mutant,2.9883929858009887e-07
