sample,group,p_value
A,Mutant,2.515826412666504e-07
F,Mutant,0.019500200092281608
S,Mutant,0.036162046535427955
T,Mutant,5.2291240399936636e-05
V,Mutant,9.620649326959541e-05
