sample,group,p_value
A,Mutant,2.515826412677608e-07
F,Mutant,0.019500200092332436
S,Mutant,0.0361620465354096
T,Mutant,5.2291240399855226e-05
V,Mutant,9.620649326969697e-05
