sample,group,p_value
AI,Mutant,3.063634950771794e-07
FA,Mutant,0.007390943424414139
SI,Mutant,0.03512095384142584
TI,Mutant,3.8625951855113084e-05
VI,Mutant,4.136336986738581e-05
