sample,group,p_value
AI,Mutant,3.063634950784707e-07
FA,Mutant,0.007390943424441783
SI,Mutant,0.03512095384139977
TI,Mutant,3.862595185506166e-05
VI,Mutant,4.136336986741961e-05
