sample,group,p_value
G,clash,7.791768603214867e-20
L,clash,5.334882835348782e-05
R,clash,3.399679425062552e-20
G,void,0.32175211270884946
L,void,7.087535853892484e-05
R,void,0.0854318565906943
