sample,group,p_value
G,clash,1.0067923035190337e-17
R,clash,
G,void,0.05480494591388977
R,void,
