sample,group,p_value
11G,Mutant,5.309394437499515e-06
7G,Mutant,4.314354689491074e-05
