sample,group,p_value
AI,Mutant,0.026516177194809348
GI,Mutant,7.192019484299001e-07
