,C1-Rep1,C1-Rep2,C1-Rep3,C2-Rep1,C2-Rep2,C2-Rep3,C3-Rep1,C3-Rep2,C3-Rep3,C4-Rep1,C4-Rep2,C4-Rep3,C5-Rep1,C5-Rep2,C5-Rep3,C6-Rep1,C6-Rep2,C6-Rep3
Median,28443.0,27886.0,27091.0,32728.0,33038.0,31583.0,71062.0,71071.0,64251.0,105698.0,107811.0,103902.0,176005.0,175701.0,170621.0,296051.0,299512.0,283307.0
Percent,0.7028916428344455,0.6796841655996585,0.6818713450292397,0.1475479292447834,0.17712334613743064,0.1722488038277512,0.05836246160364369,0.05623132735808792,0.05879851143009038,0.05677364685944286,0.05463081519419548,0.054439128123338655,0.026903929668467323,0.025501493811352968,0.025943646996278578,0.007520389789217245,0.006828851899274435,0.0066985645933014355
