sample,group,p_value
11I,Mutant,2.2115438280518476e-05
12I,Mutant,3.634601504850457e-18
4I,Mutant,0.008995391936725706
8I,Mutant,6.371032384437276e-07
