sample,group,p_value
A,Mutant,1.122943552513273e-13
S,Mutant,0.013697620358160864
T,Mutant,3.369946287034997e-07
V,Mutant,0.0095430263712219
