sample,group,p_value
11I,Mutant,4.1894023898081885e-14
12I,Mutant,0.02335826158390068
15I,Mutant,0.03779616846543172
7I,Mutant,2.659402876887476e-05
