sample,group,p_value
11G,Mutant,5.320084303317784e-16
12G,Mutant,0.006459879588476024
15G,Mutant,0.0005334854658786217
3Y,Mutant,0.037275400427213036
7G,Mutant,3.780754601427207e-11
