sample,group,p_value
7,Mutant,5.5229071296689414e-05
11,Mutant,6.865842522703951e-15
15,Mutant,0.005519960359946517
