sample,group,p_value
7,Mutant,0.015222518634586743
11,Mutant,0.00014803507698690188
