sample,group,p_value
12A,Mutant,0.002268322147629115
12S,Mutant,0.002400041703975242
4A,Mutant,0.0023460648084226176
8A,Mutant,0.0028526624541506773
8L,Mutant,0.048559725310153734
