sample,group,p_value
11S,Mutant,0.03086963704886643
11Y,Mutant,7.962103179160132e-05
12A,Mutant,0.0022683221476291105
12S,Mutant,0.002400041703981074
4A,Mutant,0.002346064808390949
8A,Mutant,0.007218145167655825
