sample,group,p_value
A,Mutant,4.268715244637502e-07
T,Mutant,0.03419013572181783
Y,Mutant,0.0014760250594797013
