sample,group,p_value
AI,Mutant,7.593661313083041e-07
TI,Mutant,0.008544655261355989
