sample,group,p_value
7,Mutant,9.051844934439378e-05
11,Mutant,9.982026445837224e-24
15,Mutant,5.1901126600279213e-05
