sample,group,p_value
7,Mutant,9.051844934419138e-05
11,Mutant,9.982026445478063e-24
15,Mutant,5.190112660019256e-05
