,AA,Entropy,Left
0,A,0.143,0.0878918254456054
1,F,0.098,0.0762138905961893
2,G,0.085,0.0
3,I,0.121,0.148740012292563
4,L,0.211,0.37553779963122313
5,S,0.073,0.0762138905961893
6,T,0.066,0.07744314689612784
7,V,0.126,0.07682851874615858
8,W,0.028,0.034419176398279044
9,Y,0.049,0.04671173939766441
