sample,group,p_value
11A,Mutant,7.452572631576787e-05
12A,Mutant,1.8394672709108145e-12
12L,Mutant,0.004937926985694223
12S,Mutant,0.002759442678279009
12T,Mutant,1.4958521203592605e-05
12V,Mutant,1.3066960707427397e-05
4A,Mutant,0.04733731087156693
8A,Mutant,0.00011988020094797164
8T,Mutant,0.0017574163345659274
