sample,group,p_value
A,Mutant,0.03252862274113019
I,Mutant,1.536178196389293e-20
