sample,group,p_value
11I,Mutant,8.32083963230029e-05
12I,Mutant,8.559617442020979e-20
4I,Mutant,0.036599859002069045
8I,Mutant,1.7476419271318263e-08
