sample,group,p_value
11I,Mutant,8.320839632287496e-05
12I,Mutant,8.559617442098438e-20
4I,Mutant,0.03659985900202996
8I,Mutant,1.7476419271462355e-08
