sample,group,p_value
A,Mutant,4.944483416975947e-14
S,Mutant,0.03421975051121615
T,Mutant,4.9495857813527294e-08
V,Mutant,0.0050845896554017455
