sample,group,p_value
A,Mutant,4.9444834169815035e-14
S,Mutant,0.034219750511241806
T,Mutant,4.949585781361612e-08
V,Mutant,0.0050845896554188325
