sample,group,p_value
AI,Mutant,4.9444834169757505e-14
LI,Mutant,0.04312146805768779
SI,Mutant,0.03421975051121615
TI,Mutant,4.276047428570908e-08
VI,Mutant,0.0036271151021988603
