sample,group,p_value
11I,Mutant,0.00017417709816057043
12I,Mutant,4.195117502570155e-14
4I,Mutant,0.00031972678950386484
8I,Mutant,8.943035459857465e-06
