Sequence	Interface	InterfaceSequence	Baseline	Dimer	Dimerw/Baseline	HBONDDimer	HBONDMonomer	IMM1Dimer	IMM1Monomer	Monomer	MonomerSasa	SequenceProbability	Total	VDWDimer	VDWMonomer	acceptCycleNumber	axialRotation	bestEnergyTotal	crossingAngle	currEnergyTotal	currEntropy	endAxialRotation	endCrossingAngle	endXShift	endZShift	energyComparison	entropyDiff	geometryNumber	prevEntropy	startEnergy	xShift	zShift	
LLLGYLLGTLLGYLLGTLILI	133002200210021003312	L--GY--GT-LGY-LGT--L-	336.353	-352.42	-16.0677	-76.8921	-72.5715	-219.938	-266.627	-334.848	4497.42	4.35442e-07	-20.3126	-55.5905	4.35056	103	-85.1291	-15.7096	-39.0654	-15.7301	0.337561	-85.1318	-39.3045	7.21865	5.28375	0.020569	0.155784	1	0.493345	-17.5718	7.22817	5.30879	
LLLTFLLGTLLGYLLGTLILI	133002200210021003312	L--TF--GT-LGY-LGT--L-	341.626	-355.669	-14.0427	-74.6997	-72.5715	-222.53	-271.419	-339.388	4577.51	1.80324e-06	-19.4682	-58.4383	4.60219	95	-85.4	-12.7035	-39.5	-13.8939	0.148778	-85.1291	-39.0654	7.22817	5.30879	1.19041	0.741636	0	0.890414	-16.2805	7.22	5.32	
