sample,group,p_value
11I,Mutant,0.006073209722717692
12I,Mutant,1.6374150966547626e-07
3A,Mutant,0.028902835604180766
8I,Mutant,0.04287921176436168
