sample,group,p_value
11A,Mutant,0.014129152970590813
12A,Mutant,0.0026073293253476622
12S,Mutant,0.026803087201997866
12T,Mutant,0.030370292271246442
12V,Mutant,0.0007228589090218364
16L,Mutant,0.01129467339561276
3Y,Mutant,0.03665289252450093
7I,Mutant,0.03444989917661503
8A,Mutant,0.04932745971424371
