sample,group,p_value
11A,Mutant,0.014129152970594035
12A,Mutant,0.0026073293253451348
12S,Mutant,0.026803087201985563
12T,Mutant,0.030370292271220956
12V,Mutant,0.0007228589090193489
16L,Mutant,0.011294673395564418
3Y,Mutant,0.03665289252439969
7I,Mutant,0.034449899176644525
8A,Mutant,0.04932745971403286
