sample,group,p_value
11I,Mutant,0.0060732097227207075
12I,Mutant,1.6374150966629383e-07
3A,Mutant,0.02890283560433598
8I,Mutant,0.04287921176444173
