sample,group,p_value
3,Mutant,0.015400677392595619
12,Mutant,7.038364370424105e-05
