sample,group,p_value
3,Mutant,0.015400677392521126
12,Mutant,7.038364370400939e-05
