sample,group,p_value
A,Mutant,7.200807523850538e-06
F,Mutant,0.016307641267460257
T,Mutant,0.024202057983689136
V,Mutant,0.005257092299406188
