sample,group,p_value
A,Mutant,7.20080752382662e-06
F,Mutant,0.01630764126738839
T,Mutant,0.024202057983687093
V,Mutant,0.005257092299405705
