sample,group,p_value
AI,Mutant,1.1518490323596089e-05
FA,Mutant,0.01646363757799755
TI,Mutant,0.022268733433608554
VI,Mutant,0.00996112856719298
