sample,group,p_value
AI,Mutant,1.1518490323557224e-05
FA,Mutant,0.01646363757792888
TI,Mutant,0.022268733433604145
VI,Mutant,0.009961128567190388
