sample,group,p_value
11I,Mutant,1.885471308733831e-08
7I,Mutant,2.559349945707306e-05
