sample,group,p_value
11G,Mutant,3.9365231205042946e-08
7G,Mutant,6.88722487854177e-05
