Sequence	Interface	InterfaceSequence	Baseline	Dimer	Dimerw/Baseline	HBONDDimer	HBONDMonomer	IMM1Dimer	IMM1Monomer	Monomer	MonomerSasa	SequenceProbability	Total	VDWDimer	VDWMonomer	acceptCycleNumber	axialRotation	bestEnergyTotal	crossingAngle	currEnergyTotal	currEntropy	endAxialRotation	endCrossingAngle	endXShift	endZShift	energyComparison	entropyDiff	geometryNumber	prevEntropy	startEnergy	xShift	zShift	
LLLWFLLGTLLGTLLTTLILI	033003200210031003012	L--WF--GT-LGT-LTT-IL-	364.988	-378.589	-13.6015	-104.367	-100.173	-225.361	-278.005	-368.127	4650.47	7.26085e-07	-1.49373	-48.8606	10.0507	121	-98.4502	-13.2847	-34.9076	-13.3614	0.240035	-98.7595	-34.2854	8.5769	4.29705	0.0767494	0.410343	1	0.650378	-10.4616	8.56949	4.30399	
LLLYYLLGTLLGTLLTTLILI	033003200210031003012	L--YY--GT-LGT-LTT-IL-	357.594	-372.04	-14.446	-104.438	-100.173	-227.236	-279.145	-363.021	4582	3.17662e-07	-0.996071	-40.3653	16.2961	107	-98.65	-11.8965	-35.07	-13.2991	1.14683	-98.4502	-34.9076	8.56949	4.30399	1.40261	-1.05471	0	0.0921195	-9.01824	8.63	4.28	
