sample,group,p_value
11I,Mutant,1.20431655031376e-07
12I,Mutant,0.005018687720445158
15I,Mutant,0.0006441020362996314
7I,Mutant,0.0015393353964493586
