sample,group,p_value
11I,Mutant,1.2749513216459949e-07
12I,Mutant,0.0050186877204318366
15I,Mutant,0.0006441020363013541
7I,Mutant,0.001539335396461199
