sample,group,p_value
A,Mutant,0.015236943634986016
G,Mutant,2.4840837948189783e-13
L,Mutant,0.029563887455163917
