sample,group,p_value
A,Mutant,0.0011606805230003376
I,Mutant,0.0002273928438890911
