sample,group,p_value
12A,Mutant,0.03779984988014485
4A,Mutant,0.009126600972914631
8L,Mutant,0.04489123547386237
