sample,group,p_value
AI,Mutant,8.104148545065809e-05
FA,Mutant,4.816567908611718e-06
TI,Mutant,0.015386336161505039
