sample,group,p_value
AI,Mutant,8.104148545075379e-05
FA,Mutant,4.816567908606371e-06
TI,Mutant,0.01538633616159677
