sample,group,p_value
11G,Mutant,4.833027557391003e-13
15G,Mutant,0.032333955123536096
4F,Mutant,0.01527862086487064
7G,Mutant,4.804154319616488e-07
