sample,group,p_value
11I,Mutant,3.476388792285789e-14
15I,Mutant,0.013533991710038907
7I,Mutant,0.0004011486243747342
