sample,group,p_value
11I,Mutant,3.6951858754052004e-14
15I,Mutant,0.013533991710028484
7I,Mutant,0.00040114862437786814
