sample,group,p_value
A,Mutant,0.0024835881331478605
G,Mutant,1.466851172169807e-17
