sample,group,p_value
8,Mutant,0.010595418629717218
12,Mutant,5.543865646223829e-06
