sample,group,p_value
A,Mutant,2.5055730999019645e-08
F,Mutant,0.02851003735787826
S,Mutant,0.013600004068312892
T,Mutant,0.00026109343330006244
V,Mutant,0.0011941493766442675
