sample,group,p_value
11G,Mutant,2.914005051342227e-27
15G,Mutant,0.018258286835453705
7G,Mutant,3.910141449182368e-06
