sample,group,p_value
11G,Mutant,2.9140050513130592e-27
15G,Mutant,0.018258286835541395
7G,Mutant,3.910141449217317e-06
