sample,group,p_value
11I,Mutant,1.7740738891526327e-26
15I,Mutant,0.0031635314351220246
7I,Mutant,1.4868265171036563e-06
