sample,group,p_value
11I,Mutant,1.774073889135252e-26
15I,Mutant,0.0031635314351399265
7I,Mutant,1.4868265171176106e-06
