sample,group,p_value
7,Mutant,0.0003701834019430081
11,Mutant,4.8036263005277783e-26
15,Mutant,0.003562847436648609
