sample,group,p_value
7,Mutant,0.000370183401942179
11,Mutant,4.803626300564451e-26
15,Mutant,0.003562847436633582
