sample,group,p_value
A,Mutant,0.025562079917438592
I,Mutant,2.6354939620215067e-21
