sample,group,p_value
A,Mutant,0.0255620799174003
I,Mutant,2.635493962021848e-21
