sample,group,p_value
11A,Mutant,0.0011921986823055885
12A,Mutant,4.144758915040885e-09
12L,Mutant,0.009739509010982809
12T,Mutant,3.247072341193417e-05
12V,Mutant,0.000721491763159755
8A,Mutant,3.608669061446768e-06
