sample,group,p_value
11I,Mutant,0.0001307351273755156
12I,Mutant,8.667691589929374e-18
4I,Mutant,0.016305528495986227
8I,Mutant,1.4885355686205577e-05
