sample,group,p_value
A,Mutant,7.906378054400719e-16
T,Mutant,8.855773257365923e-07
V,Mutant,0.0064124216419944105
Y,Mutant,0.0004563134559911051
