sample,group,p_value
A,Mutant,7.906378054412635e-16
T,Mutant,8.855773257378162e-07
V,Mutant,0.00641242164198503
Y,Mutant,0.00045631345598907654
