sample,group,p_value
AI,Mutant,9.478691445090407e-16
TI,Mutant,1.3945562809102195e-06
VI,Mutant,0.004571541083870474
YA,Mutant,0.0024799683382180056
