sample,group,p_value
11I,Mutant,4.596682530493915e-29
15I,Mutant,0.0282860972874822
7I,Mutant,2.359010718758307e-05
