sample,group,p_value
7,Mutant,0.003298026080462118
11,Mutant,1.3515930761350957e-28
15,Mutant,0.038020471060053476
