sample,group,p_value
G,clash,5.780899186293772e-07
L,clash,0.028126712836003084
R,clash,3.0674166668017996e-12
G,void,0.8615976292178835
L,void,0.011494237603386734
R,void,0.011295663147504546
