sample,group,p_value
G,clash,5.78089918628868e-07
L,clash,0.028126712836180703
R,clash,3.0674166667891637e-12
G,void,0.8615976292187554
L,void,0.011494237603381982
R,void,0.011295663147529025
