sample,group,p_value
AI,Mutant,0.03787954802123766
FA,Mutant,0.04136987773145662
