Sequence	Interface	InterfaceSequence	Baseline	Dimer	Dimerw/Baseline	HBONDDimer	HBONDMonomer	IMM1Dimer	IMM1Monomer	Monomer	MonomerSasa	SequenceProbability	Total	VDWDimer	VDWMonomer	acceptCycleNumber	axialRotation	bestEnergyTotal	crossingAngle	currEnergyTotal	currEntropy	endAxialRotation	endCrossingAngle	endXShift	endZShift	energyComparison	entropyDiff	geometryNumber	prevEntropy	startEnergy	xShift	zShift	
LLLWTLLTTLLGYLLGTLILI	133002200220031003101	L--WT--TT--GY-LGT-ILI	363.551	-374.554	-11.0029	-90.8676	-86.4397	-228.967	-278.924	-368.636	4584.46	4.21311e-07	-8.74589	-54.7188	-3.27174	129	-64.426	-10.4158	-38.2038	-10.464	0.538845	-64.7021	-38.1242	8.05943	0.770234	0.0482029	-0.234025	1	0.30482	-5.91789	8.04866	0.753922	
LLLWTLLTYLLGYLLGTLILI	133002200220031003101	L--WT--TY--GY-LGT-ILI	353.409	-364.051	-10.6413	-76.8875	-72.5634	-232.423	-282.695	-350.457	4661.8	6.25583e-07	-16.4452	-54.7406	4.80164	133	-65.32	-10.1583	-38.98	-10.3365	0.30482	-64.426	-38.2038	8.04866	0.753922	0.17818	0.234025	0	0.538845	-13.5941	8.04	0.69	
