sample,group,p_value
A,Mutant,4.2687152446289713e-07
T,Mutant,0.03419013572203937
Y,Mutant,0.0014760250594783165
