sample,group,p_value
AI,Mutant,3.906340620085217e-07
TI,Mutant,0.0073592586716439284
