sample,group,p_value
A,Mutant,0.04380650040723456
I,Mutant,8.694241157219145e-43
