sample,group,p_value
11I,Mutant,3.5330606972827276e-33
15I,Mutant,0.0009939234948512857
7I,Mutant,1.894021399271885e-06
