sample,group,p_value
11G,Mutant,1.731419492437465e-30
15G,Mutant,0.011519615448403166
7G,Mutant,1.895417751415531e-06
