sample,group,p_value
11I,Mutant,3.5330606972481085e-33
15I,Mutant,0.0009939234948475597
7I,Mutant,1.894021399285559e-06
