sample,group,p_value
F,Mutant,0.041263415716159366
G,Mutant,1.7010980894641537e-38
