sample,group,p_value
FA,Mutant,0.041263415716159366
GI,Mutant,1.7010980894640809e-38
