sample,group,p_value
11G,Mutant,5.4023253345230294e-20
12G,Mutant,0.01036971730806228
12L,Mutant,0.03716853640013373
15G,Mutant,0.0013462379940735864
7G,Mutant,1.0374240196556173e-16
