sample,group,p_value
11I,Mutant,1.5369627857710651e-19
15I,Mutant,0.0010368330607462032
7I,Mutant,2.0860591600727217e-09
