sample,group,p_value
7,Mutant,2.228403893174534e-07
11,Mutant,2.4431921921170883e-20
15,Mutant,0.004452650012638574
