sample,group,p_value
A,Mutant,0.043638458974686815
G,Mutant,2.980800596083332e-33
L,Mutant,0.024837438092640517
