sample,group,p_value
GI,Mutant,2.9223074620789733e-33
LA,Mutant,0.021011955163260633
