sample,group,p_value
3,Mutant,0.003518319806193386
8,Mutant,0.0007120871506642066
12,Mutant,2.3744543919495376e-05
