sample,group,p_value
G,clash,8.75254187213357e-13
G,void,0.522510147422524
