sample,group,p_value
G,clash,8.752541872149033e-13
G,void,0.5225101474239227
