sample,group,p_value
11I,Mutant,0.00017417709816057043
12I,Mutant,4.6269051207238974e-14
4I,Mutant,0.0005374897578363502
8I,Mutant,3.4426158610459555e-06
