sample,group,p_value
8,Mutant,0.00022819081593735777
12,Mutant,1.640964783375998e-07
