sample,group,p_value
A,Mutant,2.4950167178473803e-15
T,Mutant,1.293774686978968e-07
V,Mutant,0.0009285257287592215
