sample,group,p_value
G,void,0.9381953123936264
L,void,0.01275550618033748
R,void,0.020449779111665792
G,clash,1.5158904251659383e-06
L,clash,0.02637854690594344
R,clash,2.679764111510565e-13
