sample,group,p_value
G,void,0.9381953123928389
L,void,0.012755506180403277
R,void,0.020449779111575347
G,clash,1.5158904251654252e-06
L,clash,0.026378546905773022
R,clash,2.679764111526172e-13
