sample,group,p_value
11Y,Mutant,0.00022804795916360167
12A,Mutant,0.0001693197391087836
12S,Mutant,0.004050383309411185
4A,Mutant,0.0023460648084226224
5A,Mutant,0.04194139898005951
8A,Mutant,0.004746731264167113
