sample,group,p_value
AI,Mutant,2.3272335809834035e-09
TI,Mutant,0.010427172249480835
