,C2-Rep1,C2-Rep2,C2-Rep3,C3-Rep1,C3-Rep2,C3-Rep3,C4-Rep1,C4-Rep2,C4-Rep3,C5-Rep1,C5-Rep2,C5-Rep3,C6-Rep1,C6-Rep2,C6-Rep3
Median,32728.0,33038.0,31583.0,71062.0,71071.0,64251.0,105698.0,107811.0,103902.0,176005.0,175701.0,170621.0,296051.0,299512.0,283307.0
Percent,0.4966131907308382,0.5529646902065288,0.5414438502673802,0.1964349376114081,0.1755496335776149,0.18482620320855606,0.1910873440285201,0.17055296469020692,0.17112299465240605,0.09055258467023174,0.07961359093937366,0.08155080213903743,0.02531194295900181,0.02131912058627579,0.021056149732620308
