sample,group,p_value
11A,Mutant,1.6272701504713794e-05
12A,Mutant,4.930352695631897e-13
12L,Mutant,0.014590516370526987
12S,Mutant,0.002460761582283307
12T,Mutant,1.3735339410880437e-05
12V,Mutant,5.304954741779709e-05
8A,Mutant,2.600875448643807e-05
8T,Mutant,0.0005067359931982188
