sample,group,p_value
8,Mutant,0.0029580950286578304
12,Mutant,4.23273162424315e-15
