sample,group,p_value
8,Mutant,0.0029580950286624006
12,Mutant,4.232731624242768e-15
