AA,Entropy,GAS
A,0.143,0.15338245144005358
F,0.098,0.1080040187541862
G,0.085,0.21131949095780309
I,0.121,0.047722705961152044
L,0.211,0.1294373744139317
S,0.073,0.07300736771600803
T,0.066,0.12089752176825184
V,0.126,0.08975217682518419
W,0.028,0.0013395847287340924
Y,0.049,0.06513730743469524
