Sequence	Interface	InterfaceSequence	Baseline	Dimer	Dimerw/Baseline	HBONDDimer	HBONDMonomer	IMM1Dimer	IMM1Monomer	Monomer	MonomerSasa	SequenceProbability	Total	VDWDimer	VDWMonomer	acceptCycleNumber	axialRotation	bestEnergyTotal	crossingAngle	currEnergyTotal	currEntropy	endAxialRotation	endCrossingAngle	endXShift	endZShift	energyComparison	entropyDiff	geometryNumber	prevEntropy	startEnergy	xShift	zShift	
LLLTGLLYFLLGTLLGTLILI	033002200230021003111	L--TG--YF--GT-LGT-ILI	341.33	-342.366	-1.03608	-74.8689	-72.6316	-226.032	-271.514	-337.502	4558.53	2.53212e-06	-7.93503	-41.4651	6.64415	108	-77.68	-0.50838	-36.76	-0.943964	0.0921195	-77.4262	-36.341	9.01958	2.54054	0.435584	1.05471	0	1.14683	-4.86424	9	2.42	
LLLWTLLTTLLGTLLGTLILI	033002200230021003111	L--WT--TT--GT-LGT-ILI	374.902	-382.239	-7.33718	-112.912	-100.24	-223.885	-275.185	-383.577	4494.21	1.13496e-07	-1.32041	-45.4419	-8.15143	112	-77.4262	-5.95331	-36.341	-6.41949	0.917682	-77.2657	-36.3559	9.02289	2.56175	0.466179	-0.776469	1	0.141213	1.3379	9.01958	2.54054	
LLLYYLLTFLLGTLLGTLILI	033002200230021003111	L--YY--TF--GT-LGT-ILI	340.051	-343.553	-3.50243	-86.4582	-86.2942	-227.915	-280.914	-344.776	4622.51	2.18954e-06	-0.901738	-29.1802	22.4321	124	-77.2657	-3.29038	-36.3559	-3.41031	0.0921195	-76.6686	-36.2333	9.01464	2.55207	0.119926	1.05471	2	1.14683	1.22263	9.02289	2.56175	
