sample,group,p_value
G,clash,1.4773358422422275e-44
G,void,0.0026220272132916407
