sample,group,p_value
G,clash,3.5539602757143187e-10
G,void,0.401355675929288
