sample,group,p_value
G,clash,3.553960275737873e-10
G,void,0.4013556759281234
