sample,group,p_value
11A,Mutant,0.0018701124919657816
12A,Mutant,7.674894532113021e-11
12T,Mutant,0.0021691976786330633
8A,Mutant,0.00010018253122416811
8S,Mutant,0.040889719110911577
8T,Mutant,0.0014445085904562858
