sample,group,p_value
11I,Mutant,0.013780695071328173
12I,Mutant,2.0198694714281518e-13
15I,Mutant,0.031677439354002045
4I,Mutant,0.004466355803932938
8I,Mutant,1.3233622328256028e-05
