sample,group,p_value
8,Mutant,0.00022681506005961551
12,Mutant,2.6790646181958242e-08
