sample,group,p_value
8,Mutant,0.0002268150600605462
12,Mutant,2.6790646182020645e-08
