sample,group,p_value
AI,Mutant,2.0844518398419826e-14
SI,Mutant,0.013562171585144828
TI,Mutant,2.3775048294582046e-07
