sample,group,p_value
12I,Mutant,0.012790730033138393
4I,Mutant,0.002896352512974051
8I,Mutant,0.04417590157577559
