sample,group,p_value
12I,Mutant,0.012790730033068846
4I,Mutant,0.002896352512989298
8I,Mutant,0.044175901575624614
