sample,group,p_value
4,Mutant,0.02193313389464261
12,Mutant,0.034675517786423866
