sample,group,p_value
4,Mutant,0.02193313389468723
12,Mutant,0.03467551778618782
