sample,group,p_value
AI,Mutant,0.00024061536078918974
FI,Mutant,0.029186832610785345
