sample,group,p_value
AI,Mutant,0.0002406153607902558
FI,Mutant,0.029186832610878347
