,< 0.6_freq,< 0.6_count,>= 0.6_freq,>= 0.6_count
L,0.19876126126126126,353,0.21428571428571427,12
A,0.14695945945945946,261,0.16071428571428573,9
T,0.12556306306306306,223,0.125,7
V,0.12218468468468469,217,0.125,7
F,0.12162162162162163,216,0.10714285714285714,6
S,0.1188063063063063,211,0.05357142857142857,3
I,0.08445945945945946,150,0.10714285714285714,6
Y,0.07432432432432433,132,0.08928571428571429,5
W,0.00731981981981982,13,0.017857142857142856,1
