,< 0.6_freq,< 0.6_count,>= 0.6_freq,>= 0.6_count
A,0.18345323741007194,408,0.1875,9
T,0.14703237410071943,327,0.16666666666666666,8
L,0.13084532374100719,291,0.14583333333333334,7
S,0.12634892086330934,281,0.125,6
F,0.1137589928057554,253,0.08333333333333333,4
V,0.11285971223021583,251,0.125,6
Y,0.10701438848920863,238,0.08333333333333333,4
I,0.0737410071942446,164,0.08333333333333333,4
W,0.0049460431654676255,11,0.0,0
