sample,group,p_value
11G,Mutant,6.903798188813125e-13
7A,Mutant,0.009248766999881902
7G,Mutant,1.4534181154448136e-07
