sample,group,p_value
11I,Mutant,6.417498897684751e-14
15I,Mutant,0.02005016126649691
7I,Mutant,0.0007953463716040863
