sample,group,p_value
7,Mutant,0.0033133652064921003
8,Mutant,0.04414466550964646
11,Mutant,4.1793042934693715e-15
