sample,group,p_value
A,Mutant,0.0013851387751110224
G,Mutant,9.258464130945e-19
