sample,group,p_value
AI,Mutant,0.0004494903131927176
GI,Mutant,9.53710607228683e-19
