sample,group,p_value
AI,Mutant,0.00038979691666776305
GI,Mutant,9.537106072711895e-19
