sample,group,p_value
G,void,0.6528686062097063
L,void,2.5449335581145625e-05
R,void,0.001726708132949023
G,clash,4.772562629008315e-09
L,clash,0.0006716173292690674
R,clash,1.4800751303994177e-21
