sample,group,p_value
G,void,0.6528686062078011
L,void,2.5449335581270024e-05
R,void,0.0017267081329567133
G,clash,4.772562629017624e-09
L,clash,0.0006716173292727583
R,clash,1.4800751303765512e-21
