sample,group,p_value
11A,Mutant,6.703428779472671e-05
12A,Mutant,0.004987613709929886
12S,Mutant,0.02044390434750815
12T,Mutant,0.002029300059009216
12V,Mutant,0.016922588270018413
4F,Mutant,0.02836926808143639
7I,Mutant,0.0001719646198907506
8A,Mutant,0.01382979586838016
