sample,group,p_value
11I,Mutant,7.250207447917843e-06
12I,Mutant,1.5145063874374616e-08
15A,Mutant,0.04027590462670895
4I,Mutant,0.03872138258871712
7A,Mutant,0.005024197446507358
7I,Mutant,0.0314769484118613
8I,Mutant,0.0040035590845868335
