sample,group,p_value
7,Mutant,0.0010779607855229134
11,Mutant,0.013961904740345794
12,Mutant,5.199303818766506e-06
