sample,group,p_value
A,Mutant,9.842267260920976e-09
F,Mutant,0.0005460825159161912
I,Mutant,0.001491245900513294
S,Mutant,0.01908934489583707
T,Mutant,7.403501209249268e-05
V,Mutant,0.0027566722460919107
