sample,group,p_value
AI,Mutant,1.2310590682645513e-08
FA,Mutant,0.0007656527690845242
IA,Mutant,0.0014912459005133039
SI,Mutant,0.0070551618141155075
TI,Mutant,0.00035644073915000154
VI,Mutant,0.006533261582402557
