sample,group,p_value
7,Mutant,0.0005837687789449745
11,Mutant,4.1813964707066106e-16
15,Mutant,0.017600106268791518
