sample,group,p_value
A,Mutant,0.0005135501122599741
G,Mutant,5.760406383569063e-18
