sample,group,p_value
A,Mutant,0.0006374668077065642
G,Mutant,2.553800444713522e-21
