sample,group,p_value
G,clash,6.068018372088089e-17
L,clash,0.02233563085482565
R,clash,7.87957954607584e-10
G,void,0.37057976006105364
L,void,0.016751434300180904
R,void,0.3531529017880273
