sample,group,p_value
G,clash,6.068018372080331e-17
L,clash,0.02233563085492443
R,clash,7.879579546101272e-10
G,void,0.37057976005986193
L,void,0.016751434300068247
R,void,0.3531529017868721
