sample,group,p_value
11I,Mutant,7.795517028341857e-05
12I,Mutant,8.475669169277422e-09
3A,Mutant,0.018667096810502295
8I,Mutant,1.1718612704006767e-07
