sample,group,p_value
11A,Mutant,4.109914896151145e-05
12A,Mutant,2.378133123163622e-05
12S,Mutant,0.031226973694341662
12T,Mutant,0.002371146766563732
12V,Mutant,0.0015211530514183337
16F,Mutant,0.037670697334414985
3Y,Mutant,0.03915386293791939
8A,Mutant,1.3486654384358123e-06
