sample,group,p_value
3,Mutant,0.015718914587407963
8,Mutant,0.0013641032781225985
12,Mutant,3.894522618727159e-06
