sample,group,p_value
A,Mutant,1.862240970960806e-12
F,Mutant,0.011113777841600506
T,Mutant,0.00018067133566676625
V,Mutant,0.0018928270285559932
