sample,group,p_value
AI,Mutant,1.7579351343083389e-12
FA,Mutant,0.004471433773499832
TI,Mutant,0.0003737021180998016
VI,Mutant,0.0038911094201404452
