sample,group,p_value
AI,Mutant,9.39919140019807e-18
LI,Mutant,0.04895489160606906
SI,Mutant,0.0019332143215480644
TI,Mutant,1.5085520005486152e-06
VI,Mutant,0.00018651884674101134
YA,Mutant,0.027936390986574106
