sample,group,p_value
G,clash,4.038516537654128e-09
G,void,0.6339919035431469
