sample,group,p_value
A,Mutant,0.03771343393636414
I,Mutant,1.667704682786123e-22
