sample,group,p_value
11I,Mutant,0.0002232597743669138
12I,Mutant,4.657847267826572e-14
4I,Mutant,0.00020608787087716396
8I,Mutant,8.943035459891871e-06
