sample,group,p_value
11I,Mutant,0.00022325977436630668
12I,Mutant,2.7941655746065268e-14
4I,Mutant,0.00020608787087757335
8I,Mutant,3.9326853731303455e-06
