sample,group,p_value
11A,Mutant,0.000771071209005882
12A,Mutant,3.122539022440223e-08
12T,Mutant,0.0003570969822342629
12V,Mutant,0.00446883781004926
4A,Mutant,0.0022239348716819084
8A,Mutant,8.143205635377102e-05
8S,Mutant,0.04088971911091144
8T,Mutant,0.010210026138053904
