sample,group,p_value
8,Mutant,0.00022819081593735826
12,Mutant,1.6056309741488633e-07
