sample,group,p_value
A,Mutant,3.703466407895669e-15
T,Mutant,2.5502025506410556e-07
V,Mutant,0.0010578029951319944
