sample,group,p_value
A,Mutant,2.475954888866594e-15
T,Mutant,1.2937746869789865e-07
V,Mutant,0.0009285257287592215
