sample,group,p_value
AI,Mutant,6.275821869862849e-16
TI,Mutant,1.8483985597980728e-07
VI,Mutant,0.0005302330096455192
