sample,group,p_value
AI,Mutant,1.0592941560049655e-15
TI,Mutant,1.8483985597981074e-07
VI,Mutant,0.0005302330096455171
