sample,group,p_value
11A,Mutant,0.009030161652415263
12A,Mutant,0.0028635195428341337
12L,Mutant,0.00615488876313609
12T,Mutant,0.002708865043788326
12V,Mutant,0.012726553670084392
3Y,Mutant,0.030066983240195452
4A,Mutant,0.02767833844917844
8A,Mutant,0.001613104514088095
