sample,group,p_value
11I,Mutant,0.0030976030114167547
12I,Mutant,8.255860265049283e-08
3A,Mutant,0.007026665500891396
4I,Mutant,0.02319528890109538
8I,Mutant,0.00033082359221163536
