sample,group,p_value
11A,Mutant,0.00903016165242301
12A,Mutant,0.0028635195428398617
12L,Mutant,0.006154888763167537
12T,Mutant,0.0027088650437947486
12V,Mutant,0.012726553670119243
3Y,Mutant,0.03006698324044994
4A,Mutant,0.02767833844922714
8A,Mutant,0.0016131045140944174
