sample,group,p_value
11I,Mutant,0.003097603011425295
12I,Mutant,8.255860265122604e-08
3A,Mutant,0.00702666550097277
4I,Mutant,0.023195288901131993
8I,Mutant,0.0003308235922112295
