sample,group,p_value
3,Mutant,0.007026665500891396
8,Mutant,0.001253364722457116
12,Mutant,2.6585609529537664e-06
