sample,group,p_value
3,Mutant,0.007026665500972724
8,Mutant,0.0012533647224550713
12,Mutant,2.6585609529673574e-06
