sample,group,p_value
A,Mutant,1.1407638028328528e-09
T,Mutant,0.006018278332167265
V,Mutant,0.013256445515781208
Y,Mutant,0.008895441096116195
