sample,group,p_value
A,Mutant,1.1407638028414139e-09
T,Mutant,0.0060182783321623134
V,Mutant,0.013256445515784627
Y,Mutant,0.008895441096180286
