sample,group,p_value
AI,Mutant,1.5019662935210278e-09
TI,Mutant,0.0030882055892997736
VI,Mutant,0.009419568805299058
YA,Mutant,0.008895441096116187
