sample,group,p_value
AI,Mutant,1.5019662935331315e-09
TI,Mutant,0.003088205589296712
VI,Mutant,0.009419568805296402
YA,Mutant,0.008895441096180286
