Sequence,Type,Clash Mutant,Mutant Type,Geometry,Interface,Seed,HBONDDimerOptimize,HBONDDimerPreOptimize,HBONDMonomer,IMM1DimerOptimize,IMM1DimerPreOptimize,IMM1Monomer,Monomer,MonomerSasa,OptimizeSasa,PreBBOptimizeSasa,Total,TotalPreOptimize,VDWDimerOptimize,VDWDimerPreOptimize,VDWMonomer,endAxialRotation,endAxialRotationPrime,endCrossingAngle,endXShift,endZShift,endZShiftPrime,firstRepackEnergy,preOptimizeAxialRotation,preOptimizeAxialRotationPrime,preOptimizeCrossingAngle,preOptimizeEnergy,preOptimizeXShift,preOptimizeZShift,preOptimizeZShiftPrime,replicateNumber,Directory,PercentGpA,PercentStd,Sample,toxgreen_fluor,toxgreen_std,Segments,LB-0H_M9-30H,LB-0H_M9-36H,LB-12H_M9-30H,LB-12H_M9-36H,LB-36H_M9-30H,LB-36H_M9-36H,VDWDiff,HBONDDiff,IMM1Diff,interfaceSasa,vdwPerSasa,hbondPerSasa,imm1PerSasa,totalPerSasa
YFLLATLLGLLLGVL,WT,LLLYFLLATLLILLLGVLILI,clash,LLLYFLLATLLGLLLGVLILI_0,110011001100110000,1,-56.611,-60.2792,-58.7388,-233.424,-228.843,-245.524,-338.28,4700.58,3596.57,3545.15,-35.1245,-23.6767,-83.3692,-72.8346,-34.017,-73.4706,41.2727,-40.7903,6.80468,3.09241,2.2115,-21.3632,-71.1719,34.5088,-41.0473,-361.956,6.9662,1.83447,0.852102,0,LLLYFLLATLLGLLLGVLILI,0.3498646245488419,0.0156937542156371,G,8440.618468904191,308.0213140105129,13,-31.3274469684809,-40.34649002519537,-34.662824104029134,-43.2438186440082,-22.100908184162734,-32.3317097511807,-49.3522,2.1278000000000006,12.099999999999994,1104.0099999999998,-0.04470267479461238,0.00192733761469552,0.010960045651760397,-0.03181538210704614
YALLASLLGILLTLL,WT,LLLYILLASLLGILLTLLILI,clash,LLLYALLASLLGILLTLLILI_0,110011001100110000,1,-78.3162,-77.755,-74.119,-226.186,-223.693,-245.3,-371.418,4573.05,3770.98,3724.19,-26.2177,-22.5142,-93.1332,-92.4844,-51.9993,-62.2396,71.5306,-42.7919,7.08372,5.49257,5.06553,-22.2878,-63.07,66.418,-42.249,-393.932,7.1117,4.92693,4.4232,0,LLLYALLASLLGILLTLLILI,0.1898526105801325,0.050040037094792,G,4580.267162739427,982.135807993045,13,-44.84531723942448,-54.57610065959477,-42.41235510706033,-52.5723790992829,-43.88583502020026,-53.7858971525935,-41.133900000000004,-4.197199999999995,19.114000000000004,802.0700000000002,-0.051284675901105886,-0.005232959716732946,0.02383083770743202,-0.032687545974790226
