sample,group,p_value
A,Mutant,0.03863730824050792
I,Mutant,1.3372418735756379e-21
