sample,group,p_value
A,Mutant,0.03863730824063097
I,Mutant,1.3372418735784326e-21
