sample,group,p_value
11A,Mutant,0.00043234447878413255
12A,Mutant,1.765519849464053e-13
12S,Mutant,0.002069091443111294
12T,Mutant,0.0007343621735615068
12V,Mutant,2.0648907451213716e-05
8A,Mutant,0.0001386552146293618
8S,Mutant,0.02980232547064958
8T,Mutant,0.003508792391952421
