sample,group,p_value
11A,Mutant,0.00043234447878563704
12A,Mutant,1.7655198494555154e-13
12S,Mutant,0.0020690914431204725
12T,Mutant,0.0007343621735636053
12V,Mutant,2.0648907451193106e-05
8A,Mutant,0.0001386552146298018
8S,Mutant,0.029802325470649656
8T,Mutant,0.0035087923919508075
