sample,group,p_value
11I,Mutant,7.685409344407036e-05
12I,Mutant,4.4925525362483466e-20
3A,Mutant,0.043769585830182985
4I,Mutant,0.026042856785006844
8I,Mutant,2.511165557987e-06
