sample,group,p_value
11I,Mutant,7.68540934443517e-05
12I,Mutant,4.492552536263296e-20
3A,Mutant,0.04376958583022788
4I,Mutant,0.026042856784984855
8I,Mutant,2.5111655579856394e-06
