sample,group,p_value
8,Mutant,0.0004907732939755012
11,Mutant,0.02651268739289163
12,Mutant,3.2279537494955476e-11
