sample,group,p_value
8,Mutant,0.0004907732939753616
11,Mutant,0.026512687392904622
12,Mutant,3.227953749490649e-11
