sample,group,p_value
A,Mutant,1.0915036735744104e-13
S,Mutant,0.001120430680668335
T,Mutant,2.271684033016495e-06
V,Mutant,0.0003836588330574738
Y,Mutant,0.02779505669907688
