sample,group,p_value
A,Mutant,1.0915036735789011e-13
S,Mutant,0.0011204306806696486
T,Mutant,2.271684033016549e-06
V,Mutant,0.00038365883305756276
Y,Mutant,0.027795056699150743
