sample,group,p_value
AI,Mutant,1.091503673578838e-13
LI,Mutant,0.043121468057687254
SI,Mutant,0.0011204306806696393
TI,Mutant,2.180308031848141e-06
VI,Mutant,0.00026640696852324013
YA,Mutant,0.02876324534741098
