sample,group,p_value
AI,Mutant,1.0915036735744618e-13
LI,Mutant,0.04312146805768779
SI,Mutant,0.0011204306806683103
TI,Mutant,2.180308031848392e-06
VI,Mutant,0.00026640696852316847
YA,Mutant,0.028763245347335063
