sample,group,p_value
G,clash,1.3980175668604746e-29
G,void,0.021931633598729294
