sample,group,p_value
G,clash,1.6515390057904653e-05
L,clash,0.028126712836003084
R,clash,3.0674166668019333e-12
G,void,0.9687141482501205
L,void,0.011494237603386734
R,void,0.011295663147504364
