sample,group,p_value
G,clash,1.65153900578969e-05
L,clash,0.028126712836180703
R,clash,3.0674166667894076e-12
G,void,0.9687141482494499
L,void,0.011494237603381982
R,void,0.01129566314752862
