sample,group,p_value
12A,Mutant,2.645844400672245e-05
12T,Mutant,0.017947692707609788
