sample,group,p_value
7,Mutant,7.786949505308386e-06
11,Mutant,0.013863846378219552
