sample,group,p_value
AI,Mutant,0.0003432874783270824
GI,Mutant,2.4910708803900256e-08
