Sequence,512,Fluorescence,PercentGpA,FluorStd,PercentStd
LIIFGVMAGVIGT,48216.66667,19627,100,3749.770704,7.776918156
LIIFGVMAIVIGT,33825.66667,5236,26.67753605,2054.156112,1.620066332
FHMIAVGLSSSILGCLITLLVL,59694,31104.33333,158.4772677,2695.227078,7.155362735
VVIIAIVCCVVGTSLVWVVIIL,34945.33333,6355.666667,32.38226253,3823.969709,3.543500067
CAVVVGVGLIVGFAVGLL,36085.66667,7496,38.19228614,615.756716,0.651703539
LLLFYLLVALLLTLLSTL,37789.66667,9200,46.8742039,1889.068906,2.343196141
LLLTVLLLALLFALLSIL,36471,7881.333333,40.15556801,1712.78837,1.885826818
LLLTVLLALLLAFLLSIL,39563.66667,10974,55.91277322,733.158464,1.036125475
LLLYALLTALLFVLLSLL,38954.33333,10364.66667,52.80820638,616.8730285,0.83626019
LLLVYLLIALLFSLLTLL,38425,9835.333333,50.11124132,1358.540025,1.771714432
LLLTVLLALLLGFLLGSL,48397,19807.33333,100.9188023,3298.538464,6.87820632
LLLVALLALLLGTLLSFL,39668.66667,11079,56.44775055,1331.213857,1.894291743
LLLTALLIGLLFGLLVLL,36897.66667,8308,42.32944413,5363.171108,6.152693986
LLLLAYLLLTLAVLLFSL,43964,15374.33333,78.33256908,7141.936082,12.72509784
LLLLFALLALLYVLTSLL,40892.66667,12303,62.68405768,916.9549244,1.405593229
LLLYALLFVLTALLLSLL,39428.33333,10838.66667,55.22324689,1766.703522,2.474441512
LLLLYLLLAVLTALLFSL,37468.66667,8879,45.23870179,3335.586955,4.027301662
LLLLLALLLILFVLLSTL,36237,7647.333333,38.96333282,1822.253275,1.959352619
