sample,group,p_value
G,clash,2.2680411375706753e-14
G,void,0.3568696401379392
