sample,group,p_value
G,clash,2.2680411375676442e-14
G,void,0.35686964013700806
