sample,group,p_value
11A,Mutant,0.0003280073993836779
11T,Mutant,0.036251160169487553
12A,Mutant,4.528082840409377e-09
12S,Mutant,0.03635640580470304
12T,Mutant,0.00047647680381403886
12V,Mutant,0.00026120021851520366
8A,Mutant,0.0008411295406704956
8T,Mutant,0.01604432566416884
