sample,group,p_value
11I,Mutant,2.0388564618664697e-05
12I,Mutant,3.1672955301205567e-13
4I,Mutant,0.023912188808350696
8I,Mutant,4.5174182463177025e-05
