sample,group,p_value
8,Mutant,0.0014648475550490868
11,Mutant,0.0003412035142529925
12,Mutant,2.1477744232015477e-09
