sample,group,p_value
8,Mutant,0.0014648475550494682
11,Mutant,0.00034120351425243474
12,Mutant,2.1477744232137445e-09
