sample,group,p_value
A,Mutant,1.5388247672162771e-09
T,Mutant,1.2452122399737912e-06
