sample,group,p_value
A,Mutant,1.5388247672042108e-09
T,Mutant,1.2452122399742327e-06
