sample,group,p_value
11I,Mutant,3.9932480168099376e-12
12I,Mutant,0.01231780823550911
15I,Mutant,0.009010252336319295
7I,Mutant,0.013645754408720614
