sample,group,p_value
11A,Mutant,0.02826972569458731
12A,Mutant,9.519088227711648e-05
4A,Mutant,0.01369826473986492
8A,Mutant,0.007189616597124047
