sample,group,p_value
12I,Mutant,1.2390451722225585e-05
4I,Mutant,0.0035674049318552012
8I,Mutant,0.0009830698132866826
