sample,group,p_value
AI,Mutant,1.4849382161588717e-06
TI,Mutant,0.012476935647645597
