sample,group,p_value
11A,Mutant,7.08249916639874e-05
12A,Mutant,2.130232805179139e-12
12L,Mutant,0.014590516370526987
12S,Mutant,0.0027594426782790245
12T,Mutant,0.00013524179870006697
12V,Mutant,2.064890745119326e-05
4A,Mutant,0.047337310871566535
8A,Mutant,0.00011988020094797255
8T,Mutant,0.0008851406766510285
