sample,group,p_value
11I,Mutant,2.9026681556837504e-05
12I,Mutant,2.3318057531668913e-19
4I,Mutant,0.007710369506062343
8I,Mutant,6.69959460481676e-06
