sample,group,p_value
8,Mutant,0.002087012650702361
12,Mutant,3.7967472790644584e-13
