sample,group,p_value
A,Mutant,2.114618420268837e-13
S,Mutant,0.049328570489687494
T,Mutant,2.583180666667155e-08
V,Mutant,0.006367433928711077
