sample,group,p_value
AI,Mutant,2.1146184202772718e-13
LI,Mutant,0.04312146805768766
SI,Mutant,0.04850672599072786
TI,Mutant,2.357307714798231e-08
VI,Mutant,0.004130020890059783
