sample,group,p_value
AI,Mutant,2.114618420268738e-13
LI,Mutant,0.043121468057687254
SI,Mutant,0.048506725990775865
TI,Mutant,2.357307714812136e-08
VI,Mutant,0.004130020890068395
