AA,Count,Average
A,1907,0.02452323084243149
F,2769,0.03560819412831295
G,3561,0.045792986381698236
I,7606,0.0978100124737986
L,44836,0.5765724058999782
S,1258,0.016177359412574102
T,6856,0.088165322839911
V,1649,0.021205457608374164
W,2436,0.03132595193086687
Y,4885,0.06281907848205445
