sample,group,p_value
A,Mutant,0.01522242797917313
I,Mutant,7.893230022799918e-29
