sample,group,p_value
11A,Mutant,0.00028058028232207777
12A,Mutant,5.547678418289761e-10
12L,Mutant,0.007863129284243726
12S,Mutant,0.013135198569542714
12T,Mutant,0.002398321949733175
12V,Mutant,0.0007778614255615989
4A,Mutant,0.0022239348716819236
7F,Mutant,0.005313779633509636
8A,Mutant,8.655781259224543e-06
8S,Mutant,0.04088971911091145
8T,Mutant,0.00017201132919961596
