sample,group,p_value
11A,Mutant,0.032880412847773766
11I,Mutant,5.7318308331132974e-05
12I,Mutant,2.9169898651663984e-17
4I,Mutant,0.0005262747466977519
8I,Mutant,1.3369384672356488e-08
