sample,group,p_value
3,Mutant,0.021491122525032852
8,Mutant,1.5052839696131052e-05
12,Mutant,6.797434064515932e-11
