sample,group,p_value
A,Mutant,7.647968216007135e-18
S,Mutant,0.0015628029306828206
T,Mutant,6.397402332750119e-08
V,Mutant,0.00028050822073278053
