sample,group,p_value
11I,Mutant,1.1112813732401515e-34
15I,Mutant,0.002443171660970865
7I,Mutant,1.7255177673118333e-07
