sample,group,p_value
11A,Mutant,0.001978917267429827
12A,Mutant,1.2066297484125435e-09
12L,Mutant,0.0014898251144773672
12T,Mutant,2.340753231643026e-05
12V,Mutant,1.4601305479676929e-05
3Y,Mutant,0.011296045853265513
8A,Mutant,1.5900670468168753e-06
8T,Mutant,0.0003543581620700819
