sample,group,p_value
8,Mutant,1.0390990979121016e-07
12,Mutant,1.3686487796501878e-15
