sample,group,p_value
A,Mutant,1.1286557864471001e-14
F,Mutant,0.043026604591131425
T,Mutant,1.516291620600909e-09
