sample,group,p_value
A,Mutant,1.128655786441382e-14
F,Mutant,0.043026604591209126
T,Mutant,1.5162916206124399e-09
