sample,group,p_value
AI,Mutant,1.1286557864471001e-14
FA,Mutant,0.0339763000561623
TI,Mutant,4.2182493990431416e-10
