sample,group,p_value
AI,Mutant,1.1286557864414267e-14
FA,Mutant,0.03397630005628495
TI,Mutant,4.218249399076715e-10
