sample,group,p_value
11I,Mutant,0.020275495802175005
12I,Mutant,3.1404258107052737e-13
4I,Mutant,0.0018740435246949229
8I,Mutant,2.6932044129878854e-05
