sample,group,p_value
8,Mutant,0.0004051778936015581
12,Mutant,1.195333332750861e-07
