sample,group,p_value
A,Mutant,3.386241601960361e-15
S,Mutant,0.017454110455452847
T,Mutant,2.254853658491897e-06
V,Mutant,0.04538860318819098
