sample,group,p_value
AI,Mutant,3.386241601987215e-15
SI,Mutant,0.017454110455451033
TI,Mutant,1.1008723608257369e-06
VI,Mutant,0.04538860318837179
