sample,group,p_value
11A,Mutant,0.04617372188080103
12A,Mutant,0.0016339437878198776
12T,Mutant,0.02398489558603652
3Y,Mutant,0.02392418431799707
4A,Mutant,0.018399738820276117
8A,Mutant,0.0127758198621294
8T,Mutant,0.04122008180729174
