sample,group,p_value
11I,Mutant,0.033945444288286664
12I,Mutant,9.048666367542152e-08
4I,Mutant,0.022496533022970232
8I,Mutant,0.0015778923457924444
