sample,group,p_value
AI,Mutant,0.00012115119805762886
FI,Mutant,0.007528323339808951
TI,Mutant,0.025516000971729375
