sample,group,p_value
AI,Mutant,0.00012115119805879906
FI,Mutant,0.00752832333972922
TI,Mutant,0.025516000971592942
