sample,group,p_value
11I,Mutant,0.0008344252395480643
12I,Mutant,9.120646194105932e-08
