sample,group,p_value
11A,Mutant,0.0044126265714904845
12A,Mutant,0.0034960257081581058
12S,Mutant,0.009433491187626382
12T,Mutant,0.01414043049899495
12V,Mutant,5.508643970338774e-05
