sample,group,p_value
11I,Mutant,0.0008344252395458575
12I,Mutant,9.120646194018088e-08
