sample,group,p_value
11A,Mutant,0.004412626571486139
12A,Mutant,0.0034960257081526206
12S,Mutant,0.00943349118763219
12T,Mutant,0.014140430498952625
12V,Mutant,5.508643970310189e-05
