sample,group,p_value
11,Mutant,0.03778114519365253
12,Mutant,2.695471825583467e-06
