sample,group,p_value
11,Mutant,0.03778114519359935
12,Mutant,2.6954718255681203e-06
