sample,group,p_value
A,Mutant,4.871423408968585e-06
S,Mutant,0.016721205535963443
T,Mutant,0.0018771549590408667
V,Mutant,0.00031587729983140314
