sample,group,p_value
A,Mutant,4.871423408935104e-06
S,Mutant,0.016721205536005857
T,Mutant,0.0018771549590383318
V,Mutant,0.00031587729983050705
