sample,group,p_value
AI,Mutant,2.6779367163701733e-06
FA,Mutant,0.026838280369398202
SI,Mutant,0.016721205535963492
TI,Mutant,0.0012567027319138405
VI,Mutant,0.0006496752193528903
