sample,group,p_value
AI,Mutant,2.677936716352048e-06
FA,Mutant,0.026838280369291596
SI,Mutant,0.016721205536005857
TI,Mutant,0.001256702731911443
VI,Mutant,0.0006496752193509895
