sample,group,p_value
11I,Mutant,0.002514712925273419
12I,Mutant,0.0021346429186618167
