sample,group,p_value
11,Mutant,0.00011239689035279053
12,Mutant,0.009514704348905055
