sample,group,p_value
11,Mutant,0.00011239689034952086
12,Mutant,0.009514704348916277
