sample,group,p_value
11I,Mutant,5.615698797916516e-05
15I,Mutant,0.04578490640845244
