sample,group,p_value
11I,Mutant,5.615698797916091e-05
15I,Mutant,0.045784906408548216
