sample,group,p_value
7,Mutant,4.3691983741162985e-05
11,Mutant,9.486797013099297e-06
