sample,group,p_value
7,Mutant,4.369198374116944e-05
11,Mutant,9.48679701307402e-06
