sample,group,p_value
4I,Mutant,0.006313885166984492
8A,Mutant,0.012648630334874213
