sample,group,p_value
4I,Mutant,0.006313885167049623
8A,Mutant,0.012648630334906381
