sample,group,p_value
A,Mutant,0.00018656212053471327
L,Mutant,0.027095059406314945
T,Mutant,0.03000172547512808
