sample,group,p_value
AI,Mutant,0.00018656212053605987
FA,Mutant,0.04110732880497268
TI,Mutant,0.03000172547519417
