sample,group,p_value
G,void,0.37966020619206164
L,void,7.120470436611406e-05
R,void,0.005367166989107263
G,clash,2.133711651295785e-18
L,clash,1.7880788848648877e-05
R,clash,5.697475738655798e-23
