sample,group,p_value
G,clash,6.626904196688492e-24
G,void,0.01602589323899317
