sample,group,p_value
8,Mutant,0.0005120997782413381
12,Mutant,3.831046040014309e-13
