sample,group,p_value
A,Mutant,2.0276253617772858e-13
S,Mutant,0.016355848508555787
T,Mutant,1.4530882088548216e-07
V,Mutant,0.006367433928700211
