sample,group,p_value
11G,Mutant,5.1895959328314285e-14
12I,Mutant,0.041009245022807554
15A,Mutant,0.04616743940534222
15G,Mutant,0.01822743800394118
15S,Mutant,0.04010058401407322
7A,Mutant,0.009623194996690529
7G,Mutant,1.00157762767596e-06
