sample,group,p_value
11I,Mutant,4.9515990357340544e-15
15I,Mutant,0.0033513684983437543
7I,Mutant,0.0005654525536436504
8A,Mutant,0.044911169016330396
