sample,group,p_value
A,Mutant,0.014850711049918577
F,Mutant,0.025272087207723774
G,Mutant,2.0505549680880231e-19
Y,Mutant,0.049449311503065
