sample,group,p_value
AI,Mutant,0.015072949262890885
FA,Mutant,0.0174312412431787
GI,Mutant,9.51072064350778e-20
TI,Mutant,0.02708122172152506
