sample,group,p_value
11G,Mutant,4.67603248049164e-11
12G,Mutant,0.014690376513088464
15G,Mutant,0.03551943949006324
7G,Mutant,0.00035412437860773684
