sample,group,p_value
11I,Mutant,1.5797531331372358e-10
12I,Mutant,0.019997015263089966
15I,Mutant,0.03234143340622709
7I,Mutant,0.006511677776699652
