sample,group,p_value
11I,Mutant,1.5797531331303553e-10
12I,Mutant,0.01999701526317735
15I,Mutant,0.03234143340627712
7I,Mutant,0.006511677776647468
