sample,group,p_value
11G,Mutant,4.10491446558637e-06
15G,Mutant,0.047776538877288555
7G,Mutant,9.633003144676708e-06
