sample,group,p_value
7,Mutant,0.008471788516502357
11,Mutant,5.773467930113782e-05
15,Mutant,0.012382482555670458
