sample,group,p_value
7,Mutant,0.008471788516467117
11,Mutant,5.481517739746407e-05
15,Mutant,0.012382482555690912
