sample,group,p_value
A,Mutant,0.005869963988592028
G,Mutant,2.2165879866680714e-09
