sample,group,p_value
11G,Mutant,8.865665480912062e-07
12G,Mutant,0.012289272093705502
7G,Mutant,2.8698654192894777e-05
