sample,group,p_value
7,Mutant,0.037243533959935085
11,Mutant,5.792124198099507e-06
15,Mutant,0.029946989787132193
