sample,group,p_value
11I,Mutant,7.938844758595082e-16
15I,Mutant,0.0004910507356858495
7I,Mutant,0.000129212698294134
