sample,group,p_value
AI,Mutant,0.0003760042307007291
GI,Mutant,2.606471614384483e-21
