sample,group,p_value
11I,Mutant,4.6932932921408487e-14
15I,Mutant,0.0002326639955687894
7I,Mutant,0.0004469510337710679
