Sequence,RotamerValues,Interface,InterfaceSequence,Seed,Baseline,Dimer,Dimerw/Baseline,HBONDDimer,HBONDDimerOptimize,HBONDDimerPreOptimize,HBONDMonomer,IMM1Dimer,IMM1DimerOptimize,IMM1DimerPreOptimize,IMM1Monomer,Monomer,MonomerSasa,OptimizeSasa,PreBBOptimizeSasa,SequenceEntropy,SequenceProbability,Total,TotalPreOptimize,Totalw/Entropy,VDWDimer,VDWDimerOptimize,VDWDimerPreOptimize,VDWMonomer,acceptCycleNumber,acceptTemp,endAxialRotation,axialRotation,crossingAngle,xShift,endZShift,zShift,firstRepackEnergy,preOptimizeAxialRotation,preOptimizeAxialRotationPrime,preOptimizeCrossingAngle,preOptimizeEnergy,preOptimizeXShift,preOptimizeZShift,preOptimizeZShiftPrime,preRepackTotal,replicateNumber,startAxialRotation,startAxialRotationPrime,startCrossingAngle,startXShift,startZShift,startZShiftPrime,Directory,VDWDiff,HBONDDiff,IMM1Diff,VDWRepackDiff,HBONDRepackDiff,IMM1RepackDiff,RepackChange,SasaDiff,AxChange,xChange,crossChange,zChange,Region,SequenceEntropyNorm,startXShift_norm,endXShift_norm,xShift_dist,startCrossingAngle_norm,endCrossingAngle_norm,crossingAngle_dist,startAxialRotationPrime_norm,endAxialRotationPrime_norm,axialRotationPrime_dist,startZShiftPrime_norm,endZShiftPrime_norm,zShiftPrime_dist,GeometricDistance
LLLLLALLFVLWTLLSYLILI,103300220030021003112,000011001101100110000,LL--LA--FV-WT-LSY-IL-,1728070000.0,361.768,-393.849,-32.0818,-88.3093,-90.0038,-88.2555,-74.2109,-240.387,-245.396,-240.386,-252.512,-370.187,4583.28,3823.39,3760.63,54.5667,9.93017e-05,-34.4097,-23.6172,22.4849,-65.1532,-69.197,-65.1631,-43.4646,471,66.6396,-41.2652,102.28,18.4317,10.3455,6.4976,6.5318,-26.5505,-43.234,95.8325,20.155,-23.6172,10.4348,5.92249,5.85998,-23.6623,4,-40.4618,85.9875,22.7533,9.4481,4.17759,3.9674,design_1960,-25.732400000000005,-15.792900000000003,7.116000000000014,-4.033900000000003,-1.7483000000000004,-5.009999999999991,-10.7925,-759.8899999999999,16.292500000000004,0.8973999999999993,-4.3216,2.5643999999999996,Left,0.833498875733515,0.9481000000000002,1.8454999999999995,0.8973999999999993,0.4753299999999999,0.04316999999999993,0.43216,0.8598351931948673,1.0228064770394791,0.1629712838446118,0.6612333333333333,1.0886333333333333,0.4274,1.096047181903206
LLLLVALLLLLTSLLFLLILI,101300220030033003202,000011001101100110000,LLL-VA--LL-TS--FL--L-,1728000000.0,385.772,-407.033,-21.261,-75.0436,-76.6397,-75.0429,-74.2676,-231.951,-235.174,-231.951,-246.658,-385.542,4577.8,3605.37,3545.41,44.5741,0.000537052,-34.1114,-21.4952,23.3131,-100.038,-107.84,-100.044,-64.6171,518,95.1175,-7.45406,109.025,23.1244,8.74891,2.33643,2.4718,-24.7828,-7.62039,107.216,20.1918,-21.4952,8.94111,2.11718,2.22542,-21.4908,4,-3.14953,98.5758,19.1098,8.9946,0.280163,0.2588,design_546,-43.22290000000001,-2.372100000000003,11.48399999999998,-7.7960000000000065,-1.5968000000000018,-3.223000000000013,-12.616200000000003,-972.4300000000003,10.449200000000005,-0.24568999999999974,4.0146000000000015,2.213,Left,0.22459127276715818,0.49460000000000015,0.2489100000000004,0.24568999999999974,0.11098,0.5124400000000001,0.40146000000000015,0.985753954122971,1.090275638281272,0.10452168415830099,0.04313333333333333,0.41196666666666665,0.36883333333333335,0.6070391403666369
LLLLVALLYLLTSLLFLLILI,102300320030032003102,000011001101100110000,LL--VA--YL-TS--FL-IL-,1727980000.0,370.521,-390.24,-19.7196,-78.4503,-78.1157,-78.4391,-74.3328,-231.193,-235.641,-231.192,-249.505,-368.316,4628.84,3581.47,3566.65,46.7138,0.000374154,-33.6629,-21.9184,26.9942,-80.5968,-88.2226,-80.6034,-44.4789,516,2.71006,-7.39347,114.759,19.8883,8.79854,3.10154,3.32293,-28.1385,-8.97947,109.501,20.7517,-21.9184,8.75183,2.62961,2.77214,-21.924,4,-12.9774,93.7286,18.0817,8.9236,1.09997,1.0059,design_124,-43.7437,-3.782899999999998,13.864000000000004,-7.619200000000006,0.32339999999999236,-4.448999999999984,-11.744500000000002,-1047.3700000000003,21.0304,-0.12506000000000128,1.8065999999999995,2.31703,Left,0.35497571706264813,0.4236000000000004,0.29853999999999914,0.12506000000000128,0.008170000000000144,0.1888300000000001,0.18065999999999996,0.9372681841643027,1.1476319274674007,0.21036374330309804,0.16765,0.5538216666666667,0.3861716666666667,0.49158875071812125
LLLLVALLLALTSLLLFLILI,102300230030032003102,000011001101100110000,LL--VA--LA-TS--LF-IL-,1728030000.0,375.485,-396.226,-20.7407,-74.8203,-77.5274,-74.7661,-74.3306,-228.645,-232.667,-228.644,-242.589,-375.887,4526.32,3688.34,3564.81,44.4768,0.00054596,-33.5458,-20.2949,23.736,-92.7605,-99.2385,-92.7715,-58.9668,482,361.194,-7.64685,114.11,22.736,8.77981,3.05183,3.26347,-24.8244,-8.53741,109.36,22.6341,-20.2949,9.03075,2.54424,2.68464,-20.3388,4,-6.22357,98.8491,21.7061,9.0889,0.778163,0.7609,design_998,-40.2717,-3.196799999999996,9.921999999999997,-6.466999999999999,-2.7613000000000056,-4.022999999999996,-13.250900000000001,-837.9799999999996,15.260899999999992,-0.3090900000000012,1.0299000000000014,2.50257,Left,0.21866221428701998,0.5889000000000006,0.27980999999999945,0.3090900000000012,0.37060999999999994,0.4736000000000001,0.10299000000000014,0.9884877305154665,1.1411400837837946,0.15265235326832816,0.12681666666666666,0.5439116666666667,0.417095,0.5508307799890627
LLLLVALLLLLTSLIFLLILI,102300300130020013102,000011011001101100000,LL--VA-LLL-TS-IFL-IL-,1728020000.0,382.413,-402.821,-20.4078,-76.0159,-76.192,-76.0178,-74.2676,-229.316,-232.55,-229.314,-246.628,-383.036,4559.81,3558.36,3511.12,41.3623,0.000923933,-31.6533,-19.7911,20.9545,-97.4893,-105.947,-97.495,-62.1409,471,253.054,-7.03032,114.618,23.1172,8.76966,3.02798,3.24725,-24.5395,-7.52748,110.8,23.1057,-19.7911,8.72598,2.58711,2.74911,-19.7847,4,-8.79533,100.0,22.4066,8.5,1.3193,1.3193,design_875,-43.8061,-1.9243999999999915,14.077999999999975,-8.451999999999998,-0.17419999999999902,-3.2360000000000184,-11.862200000000001,-1001.4500000000003,14.617999999999995,0.26966,0.7105999999999995,1.9279500000000003,Left,0.028877500655060433,0.0,0.26966,0.26966,0.4406600000000001,0.5117200000000001,0.07105999999999996,1.0,1.1462215269136435,0.14622152691364354,0.21988333333333332,0.5412083333333334,0.3213250000000001,0.44988501837464806
LLLLAILLSVLFLLLLTLILI,103300320030021003012,000011001101100110000,LL--AI--SV-FL-LLT-IL-,1728030000.0,385.589,-405.466,-19.877,-74.2628,-74.3629,-74.2547,-74.254,-239.167,-239.661,-239.166,-246.682,-384.694,4528.94,3724.66,3534.71,41.3623,0.000923933,-30.5364,-20.7681,21.4853,-92.0359,-101.207,-92.0417,-63.7585,484,276.595,-51.394,83.8472,18.6456,9.39022,5.52846,5.28617,-26.6359,-51.2635,83.5095,20.1261,-20.7681,9.44563,5.46331,5.21595,-20.7715,4,-45.0131,69.4929,23.6085,9.5,2.63351,2.1759,design_985,-37.448499999999996,-0.10889999999999134,7.020999999999987,-9.165299999999988,-0.10819999999999652,-0.49500000000000455,-9.7683,-804.2799999999997,14.354299999999995,-0.10978000000000065,-4.962899999999998,3.1102700000000003,Left,0.028877500655060433,1.0,0.8902199999999993,0.10978000000000065,0.56085,0.06456000000000017,0.4962899999999998,0.6948423352232035,0.8384261130160966,0.1435837777928931,0.36265,0.8810283333333334,0.5183783333333334,0.7400593288478454
LLLLVALLLLLTSLLFALILI,101300230020033003102,000011001101100110000,LLL-VA--LL-TS--FA-IL-,1728060000.0,376.028,-392.175,-16.1471,-81.0685,-79.3204,-81.0152,-74.2676,-221.951,-225.651,-221.95,-242.596,-375.24,4552.02,3568.76,3498.18,44.4768,0.00054596,-30.3836,-16.8915,28.3297,-89.1557,-100.652,-89.1663,-58.3763,472,60.9677,-7.78865,107.207,21.2303,8.65962,2.14127,2.24938,-28.9323,-8.71988,104.034,19.5339,-16.8915,8.47154,1.85255,1.91305,-16.9354,4,-7.37323,96.1061,21.1567,8.5838,0.580309,0.5219,design_1699,-42.2757,-5.052800000000005,16.944999999999993,-11.485699999999994,1.6947999999999865,-3.701000000000022,-13.4921,-983.2600000000002,11.100899999999996,0.07582000000000022,0.073599999999999,1.72748,Left,0.21866221428701998,0.0838000000000001,0.15962000000000032,0.07582000000000022,0.31567000000000006,0.32303,0.007359999999999922,0.9610499381824438,1.0720904736945291,0.11104053551208537,0.08698333333333334,0.37489666666666666,0.2879133333333333,0.31784733762912315
LLLLLYLLAVLTSLLFLLILI,102300320020033003102,000011001101100110000,LL--LY--AV-TS--FL-IL-,1728040000.0,370.456,-380.544,-10.0872,-80.0735,-80.7466,-80.0106,-74.3702,-223.51,-228.262,-223.51,-246.669,-370.629,4591.76,3568.42,3538.75,46.7138,0.000374154,-30.0117,-9.8583,36.6265,-76.9597,-91.6323,-76.9667,-49.5897,452,135.765,-9.00424,105.877,16.5468,8.5953,2.14406,2.23222,-21.6914,-10.6542,98.6066,17.5739,-9.8583,8.60476,1.41002,1.38912,-9.91485,3,-15.3543,87.1164,18.0,9.0332,0.563854,0.3706,design_1294,-42.0426,-6.376400000000004,18.40700000000001,-14.665599999999998,-0.7360000000000042,-4.7520000000000095,-20.1534,-1023.3400000000001,18.760599999999997,-0.43790000000000084,-1.453199999999999,1.8616199999999998,Left,0.35497571706264813,0.5332000000000008,0.09529999999999994,0.43790000000000084,0.0,-0.1453199999999999,0.1453199999999999,0.8711274001816516,1.0587866954214997,0.18765929523984815,0.061766666666666664,0.3720366666666666,0.31026999999999993,0.5868200715636073
LLLLALLYVLTALLFSLLILI,13002200200230032031,000110011011001100000,LL-LA--YV-TA--FS--I-I,1728030000.0,351.933,-376.978,-25.0445,-74.1951,-74.1199,-74.1199,-74.1098,-225.566,-234.17,-225.564,-244.963,-360.07,4569.24,3801.37,3691.18,49.0167,0.000253574,-29.6742,-16.8419,23.9722,-77.2164,-81.454,-77.2282,-40.9976,504,60.9677,-104.162,32.9085,25.5739,9.24445,6.567,5.56063,-19.973,-103.96,24.5728,26.4098,-16.8419,9.10676,5.41134,4.27993,-16.9076,4,-97.656,20.9513,21.4951,9.33,3.97683,2.7911,design_958,-40.456399999999995,-0.010099999999994225,10.793000000000006,-4.2257999999999925,0.0,-8.605999999999995,-12.8323,-767.8699999999999,11.957199999999997,-0.08554999999999957,4.0787999999999975,2.7695299999999996,Left,0.49530489253962356,0.8300000000000001,0.7444500000000005,0.08554999999999957,0.3495100000000001,0.7573899999999998,0.4078799999999997,0.20928843791636825,0.3288944060113072,0.11960596809493895,0.46518333333333334,0.9267716666666667,0.4615883333333333,0.6332884603191279
LLLLVALLLLLTSLLAFLILI,102300320030032003102,000011001101100110000,LL--VA--LL-TS--AF-IL-,1728080000.0,375.282,-397.079,-21.7974,-78.9003,-78.5208,-78.8442,-74.2676,-225.776,-227.561,-225.775,-242.589,-375.839,4513.85,3680.63,3540.73,44.4768,0.00054596,-29.1334,-21.1936,22.6794,-92.4029,-98.8912,-92.4135,-58.982,461,253.054,-8.10072,110.399,18.2292,8.84372,2.61895,2.77493,-28.7509,-7.7614,109.567,17.3562,-21.1936,8.76834,2.45582,2.59933,-21.2402,4,-12.5847,91.0213,18.8903,8.9604,0.675581,0.5409,design_1976,-39.9092,-4.2531999999999925,15.027999999999992,-6.477699999999999,0.32340000000000657,-1.7860000000000014,-7.939800000000002,-833.2200000000003,19.377700000000004,-0.11668000000000056,-0.6611000000000011,2.2340299999999997,Left,0.21866221428701998,0.4603999999999999,0.34371999999999936,0.11668000000000056,0.08902999999999998,0.022919999999999875,0.06611000000000011,0.9101874932480825,1.1040195415498002,0.19383204830171774,0.09015000000000001,0.46248833333333333,0.3723383333333333,0.4406715919120315
LLLLLLLVFLLWTLASLLILI,103300200220030033111,000011011001101100000,LL--LL-VF--WT-AS--ILI,1728040000.0,377.135,-401.68,-24.5453,-89.7853,-89.4927,-89.6857,-74.1783,-233.722,-239.143,-233.722,-250.215,-383.27,4562.89,3722.51,3754.52,50.0267,0.000213803,-28.4809,-18.3188,25.4814,-78.1726,-83.1153,-78.1815,-58.877,480,162.201,-41.1925,103.17,18.2219,10.449,6.60686,6.65441,-22.6429,-41.8393,97.4909,18.4965,-18.3188,10.4837,5.93717,5.89954,-18.4094,4,-37.5659,92.5048,21.0457,9.5,4.62303,4.5106,design_1138,-24.238300000000002,-15.314400000000006,11.072000000000003,-4.933800000000005,0.19299999999999784,-5.420999999999992,-10.162099999999999,-840.3800000000001,10.665199999999999,0.9489999999999998,-2.8237999999999985,2.14381,Left,0.556850103895629,1.0,1.9489999999999998,0.9489999999999998,0.30457,0.022190000000000154,0.28237999999999985,0.9250267075849542,1.0317090053575215,0.10668229777256732,0.7517666666666667,1.1090683333333333,0.35730166666666663,1.0580099517777761
LLLLLYLLAVLTSLLAFLILI,102300330020023003102,000011001101100110000,LL--LY--AV-TS--AF-IL-,1728040000.0,360.003,-375.445,-15.4424,-79.9609,-80.8075,-79.8426,-74.3702,-219.781,-220.591,-219.781,-244.161,-360.73,4519.12,3647.05,3553.7,49.0167,0.000253574,-27.9951,-14.6079,33.5744,-75.7033,-87.3271,-75.7151,-42.199,458,162.201,-10.3054,101.745,16.3872,8.50515,1.7814,1.80758,-23.3493,-10.5184,99.4651,17.5204,-14.6079,8.64418,1.50555,1.49752,-14.7151,3,-16.125,86.6983,18.1241,8.7035,0.623025,0.4235,design_1249,-45.1281,-6.437300000000008,23.569999999999993,-11.611999999999995,-0.9649000000000001,-0.8100000000000023,-13.3872,-872.0699999999997,15.046700000000001,-0.19834999999999958,-1.7368999999999986,1.38408,Left,0.49530489253962356,0.20350000000000001,0.005150000000000432,0.19834999999999958,0.012409999999999855,-0.16128,0.17368999999999987,0.8669452124403331,1.017454957207847,0.150509744767514,0.07058333333333333,0.3012633333333333,0.23068,0.38128386311248735
LLLLLYLLAVLTSLLFALILI,102300330020023003102,000011001101100110000,LL--LY--AV-TS--FA-IL-,1728040000.0,360.72,-373.167,-12.4464,-80.9258,-80.5504,-80.8103,-74.3702,-220.932,-221.901,-220.931,-244.304,-360.237,4543.06,3564.91,3527.06,49.0167,0.000253574,-27.4207,-12.8251,36.5703,-71.3091,-85.2069,-71.321,-41.5635,443,177.29,-9.38501,104.0,16.578,8.59835,1.94774,2.00774,-20.9882,-10.3054,101.745,16.3872,-12.8251,8.50515,1.7814,1.80758,-12.9292,4,-16.125,86.6983,18.1241,8.7035,0.623025,0.4235,design_1249,-43.64340000000001,-6.180199999999999,22.40299999999999,-13.885900000000007,0.2599000000000018,-0.9699999999999989,-14.5956,-978.1500000000005,17.301699999999997,-0.10515000000000008,-1.5460999999999991,1.58424,Left,0.49530489253962356,0.20350000000000001,0.09834999999999994,0.10515000000000008,0.012409999999999855,-0.14220000000000005,0.15460999999999991,0.8669452124403331,1.0400113632271566,0.17306615078682352,0.07058333333333333,0.33462333333333333,0.26404,0.36691932185177645
LLLLVALIFLLTSLLLLLILI,102300200130030013102,000011011001101100000,LL--VA-IFL-TS-LLL-IL-,1728070000.0,384.437,-398.01,-13.5728,-78.7719,-79.0164,-78.7739,-74.3457,-225.247,-227.643,-225.246,-246.602,-379.591,4577.41,3599.68,3520.52,41.3623,0.000923933,-27.2773,-18.425,27.7895,-93.9905,-100.209,-93.9962,-58.6435,476,32.7096,-7.80151,107.682,24.1283,8.67692,2.20732,2.32255,-24.5068,-8.59315,105.034,23.9152,-18.425,8.69861,1.9685,2.044,-18.4187,4,-7.06267,100.0,24.3247,8.5,1.0594,1.0594,design_1886,-41.5655,-4.670700000000011,18.959000000000003,-6.212800000000001,-0.24250000000000682,-2.3969999999999914,-8.8523,-977.73,7.682000000000002,0.17692000000000085,-0.19640000000000057,1.2631500000000002,Left,0.028877500655060433,0.0,0.17692000000000085,0.17692000000000085,0.63247,0.61283,0.01963999999999999,1.0,1.0768418230777541,0.07684182307775411,0.17656666666666665,0.38709166666666667,0.21052500000000002,0.2862024762277804
LLLFALLLLLVTLLYSLLILI,13002200200330021131,000110011011001100000,LL-FA--LL-VT--YS-LI-I,1727980000.0,361.554,-389.137,-27.5821,-78.0598,-77.4931,-78.049,-74.2722,-227.759,-229.53,-227.755,-250.074,-368.097,4658.66,3682.85,3628.26,46.7138,0.000374154,-27.2652,-21.0326,19.1316,-83.318,-88.3387,-83.3253,-43.7504,475,231.516,-108.345,32.3439,29.8968,8.99796,7.11811,6.10327,-19.9613,-109.717,28.8558,29.3756,-21.0326,9.01478,6.85306,5.78589,-21.0399,2,-109.674,22.9954,27.3376,9.2539,6.05547,4.9004,design_126,-44.588300000000004,-3.2209000000000003,20.54400000000001,-5.013400000000004,0.5559000000000083,-1.7750000000000057,-6.2326000000000015,-975.81,9.348499999999998,-0.25593999999999895,2.5592000000000006,1.2028699999999999,Left,0.35497571706264813,0.7538999999999998,0.49796000000000085,0.25593999999999895,0.9337599999999998,1.1896799999999998,0.25592000000000004,0.2297352448095259,0.32324680209179407,0.09351155728226818,0.8167333333333334,1.0172116666666666,0.2004783333333332,0.4241889950027764
LLLLVALILLLTSLFLLLILI,102300300130020013102,000011011001101100000,LL--VA-ILL-TS-FLL-IL-,1728020000.0,382.194,-395.21,-13.0152,-78.5831,-78.313,-78.5851,-74.2676,-224.103,-228.378,-224.101,-246.644,-382.947,4552.36,3611.95,3528.05,41.3623,0.000923933,-26.4418,-12.2688,28.3471,-92.5236,-102.698,-92.5292,-62.0348,491,162.201,-7.52748,110.8,23.1057,8.72598,2.58711,2.74911,-19.1381,-7.52126,105.981,24.9556,-12.2688,8.69934,1.93566,2.02538,-12.2628,3,-8.79533,100.0,22.4066,8.5,1.3193,1.3193,design_875,-40.663199999999996,-4.045400000000001,18.26600000000002,-10.16879999999999,0.2720999999999947,-4.276999999999987,-14.173,-940.4099999999999,10.799999999999997,0.22597999999999985,0.6990999999999978,1.42981,Left,0.028877500655060433,0.0,0.22597999999999985,0.22597999999999985,0.4406600000000001,0.5105699999999999,0.06990999999999975,1.0,1.1080306807133227,0.10803068071332267,0.21988333333333332,0.458185,0.2383016666666667,0.3527218178841435
LLLLAVLTSLLFLLISLLILI,103300200320030023022,000011011001101100000,LL--AV-TS--FL-IS--I--,1728040000.0,381.235,-403.523,-22.2879,-94.7564,-95.493,-94.7632,-89.6592,-225.384,-227.155,-225.381,-244.181,-388.495,4499.53,3571.8,3602.72,47.6458,0.000319654,-26.2754,-15.0376,25.3579,-83.3826,-92.1224,-83.3885,-54.655,465,79.6152,-51.3008,100.935,16.2607,8.73806,7.82127,7.83529,-18.926,-51.3137,99.0708,16.244,-15.0376,8.81505,7.57161,7.55767,-15.0273,4,-59.42,79.0173,19.5166,9.3284,6.08034,5.7656,design_1180,-37.4674,-5.8337999999999965,17.02600000000001,-8.733900000000006,-0.7297999999999973,-1.774000000000001,-11.237800000000002,-927.7299999999996,21.917699999999996,-0.5903399999999994,-3.2559000000000005,2.0696899999999996,Left,0.41176793189809097,0.8284000000000002,0.23806000000000083,0.5903399999999994,0.15166000000000004,-0.17393,0.32559000000000005,0.7901133922033858,1.0093526561543478,0.21923926395096194,0.9609333333333333,1.3058816666666666,0.3449483333333333,0.7883941724969835
LLLLITLLALLVSLLLFLILI,102300330020032003102,000011001101100110000,LL--IT--AL-VS--LF-IL-,1728060000.0,382.426,-390.172,-7.74643,-64.6679,-64.5618,-64.6034,-60.4614,-231.09,-234.849,-231.09,-245.952,-376.43,4535.24,3658.68,3630.55,41.3623,0.000923933,-26.0902,-13.6838,33.6158,-94.4138,-103.109,-94.4201,-70.0167,505,29.9257,-9.5645,116.196,19.9034,8.95598,3.62108,3.86401,-21.6992,-10.1293,112.77,20.0631,-13.6838,8.93371,3.24341,3.43496,-13.7422,4,-14.5928,93.3319,20.3128,8.9683,1.28872,1.1887,design_1675,-33.092299999999994,-4.100400000000008,11.103000000000009,-8.68889999999999,0.04159999999998831,-3.758999999999986,-12.4064,-876.56,22.864099999999993,-0.012319999999998998,-0.409399999999998,2.6753099999999996,Left,0.028877500655060433,0.4682999999999993,0.4559800000000003,0.012319999999998998,0.23127999999999993,0.19034000000000012,0.04093999999999981,0.9333000572162494,1.1620060097067566,0.22870595249050718,0.1981166666666667,0.6440016666666667,0.445885,0.5029390737749356
LLLLWALTILLLVLFSLLILI,113300200210030032031,000011011001101100000,LL--WA-TI-LLV-FS--I-I,1728030000.0,370.603,-396.705,-26.102,-74.875,-74.321,-74.8695,-74.2353,-231.637,-240.273,-231.635,-250.025,-379.37,4588.73,3872.17,3696.24,49.2152,0.000245214,-25.3298,-17.3362,23.1132,-90.1931,-90.1055,-90.202,-55.1093,466,27.3786,-105.652,20.8775,26.67,9.88037,5.16623,3.9794,-16.5044,-105.618,15.3168,27.1745,-17.3362,9.69906,4.41041,3.14017,-17.3352,4,-96.8493,13.5334,23.3118,9.5,2.8544,1.5574,design_1003,-34.99620000000001,-0.08570000000000277,9.75200000000001,0.09649999999999181,0.5485000000000042,-8.638000000000005,-7.993599999999997,-716.5599999999995,7.344100000000001,0.3803699999999992,3.3582,2.422,Left,0.5074006593259278,1.0,1.3803699999999992,0.3803699999999992,0.5311800000000002,0.8670000000000002,0.33582,0.1350883650956872,0.20855022826482722,0.07346186316914002,0.25956666666666667,0.6632333333333333,0.4036666666666667,0.652533395634322
LLLLVLLTALLWFLISLLILI,103300200220030033012,000011011001101100000,LL--VL-TA--WF-IS--IL-,1728020000.0,372.98,-399.291,-26.3117,-89.297,-89.0235,-89.2077,-74.2375,-235.054,-237.374,-235.054,-251.0,-381.555,4600.33,3801.88,3760.43,49.2152,0.000245214,-25.328,-17.6554,22.9035,-74.9401,-80.4853,-74.9486,-56.3175,465,193.783,-40.624,110.009,17.7705,10.3981,7.44487,7.59502,-22.9894,-41.0266,107.706,17.9139,-17.6554,10.4082,7.19432,7.30992,-17.7363,4,-42.1434,94.3333,26.1382,9.484,5.5565,5.4715,design_787,-24.167799999999993,-14.786000000000001,13.626000000000005,-5.536699999999996,0.18420000000000414,-2.319999999999993,-7.672599999999999,-798.4499999999998,15.675700000000006,0.9140999999999995,-8.367700000000003,2.12352,Left,0.5074006593259278,0.984,1.8980999999999995,0.9140999999999995,0.8138200000000001,-0.022950000000000158,0.8367700000000002,0.9433169020001679,1.1001184336351524,0.15680153163498445,0.9119166666666666,1.2658366666666667,0.3539200000000001,1.2983100283149154
LLLLLFLLAVLTSLLAYLILI,102300320030032003102,000011001101100110000,LL--LF--AV-TS--AY-IL-,1727980000.0,360.722,-370.508,-9.78564,-80.3541,-78.3292,-80.2328,-74.3702,-218.553,-225.97,-218.552,-244.825,-360.959,4554.95,3584.54,3541.62,49.0167,0.000253574,-25.075,-9.43828,39.2311,-71.6008,-81.7351,-71.6122,-41.7645,492,29.9257,-8.97947,109.501,20.7517,8.75183,2.62961,2.77214,-19.2359,-10.9326,101.686,18.0841,-9.43828,8.63374,1.8675,1.89279,-9.5487,3,-12.9774,93.7286,18.0817,8.9236,1.09997,1.0059,design_124,-39.970600000000005,-3.959000000000003,18.85499999999999,-10.122900000000001,1.9035999999999973,-7.418000000000006,-15.636719999999999,-970.4099999999999,15.772400000000005,-0.17177000000000042,2.669999999999998,1.7662399999999998,Left,0.49530489253962356,0.4236000000000004,0.25183,0.17177000000000042,0.008170000000000144,0.27516999999999997,0.26699999999999985,0.9372681841643027,1.0950369905053035,0.15776880634100077,0.16765,0.4620233333333333,0.29437333333333326,0.46080428441155147
LLLLVALLFLLWTLISLLILI,103300200230020033112,000011011001101100000,LL--VA-LF--WT-IS--IL-,1728070000.0,375.332,-392.95,-17.6179,-84.0833,-89.6308,-84.0491,-74.1783,-237.363,-238.781,-237.362,-251.47,-380.974,4579.16,3817.4,3758.3,49.2152,0.000245214,-24.9361,-11.9498,31.5973,-71.5034,-77.4983,-71.5121,-55.3256,484,276.595,-42.4663,101.313,18.5104,10.4424,6.54718,6.56687,-15.5437,-45.1204,97.1709,20.6724,-11.9498,10.4139,6.38613,6.3437,-11.9764,3,-40.0539,90.1641,22.3965,9.5,4.68024,4.5327,design_1866,-22.1727,-15.4525,12.688999999999993,-5.986199999999997,-5.581699999999998,-1.4190000000000111,-12.9863,-761.7599999999998,11.148899999999998,0.9423999999999992,-3.886099999999999,2.0341699999999996,Left,0.5074006593259278,1.0,1.9423999999999992,0.9423999999999992,0.43965,0.051040000000000064,0.3886099999999999,0.9016130581085029,1.0131337299793142,0.11152067187081127,0.7554500000000001,1.0944783333333332,0.33902833333333315,1.0800521113156036
LLLITLLLLLVALLFSLLILI,13002200300230021032,000110011011001100000,LL-IT--LL-VA--FS-LI--,1728010000.0,375.318,-390.569,-15.2511,-64.2434,-64.6182,-64.1773,-60.4659,-230.29,-232.122,-230.29,-245.673,-374.24,4594.61,3649.78,3704.08,41.3623,0.000923933,-24.6497,-16.2684,26.1112,-96.0359,-102.149,-96.0415,-68.1014,469,330.452,-110.29,16.4895,22.4935,9.30383,5.26964,4.01698,-20.5835,-110.772,11.6881,22.6477,-16.2684,9.32179,4.69369,3.36901,-16.3291,3,-109.799,1.3257,24.9589,9.1277,3.14881,1.6687,design_653,-34.0476,-4.152300000000004,13.550999999999988,-6.107500000000002,-0.4408999999999992,-1.832000000000022,-8.3813,-944.8299999999995,15.1638,0.1761299999999988,-2.465399999999999,2.34828,Left,0.028877500655060433,0.6277000000000008,0.8038299999999996,0.1761299999999988,0.69589,0.4493500000000001,0.24653999999999993,0.012976685378647537,0.1646577628046365,0.15168107742598896,0.2781166666666667,0.6694966666666667,0.39138000000000006,0.5176767351823998
LLLLLLLLAVLWFLLSTLILI,103300220020021003012,000011001101100110000,LL--LL--AV-WF-LST-IL-,1727980000.0,377.529,-406.202,-28.6734,-89.2133,-87.6577,-89.1142,-74.2158,-237.957,-239.744,-237.957,-250.601,-384.781,4551.58,3929.55,3807.25,50.0267,0.000213803,-24.5812,-21.3311,21.3533,-79.0325,-81.9602,-79.0409,-59.9639,506,46.6879,-43.6117,98.613,18.4136,10.7081,6.35451,6.3337,-23.1496,-43.6625,95.8726,19.5687,-21.3311,10.5378,5.99218,5.93027,-21.4218,4,-41.837,84.6637,22.9121,9.2767,4.20514,3.9751,design_43,-21.996299999999998,-13.441900000000004,10.857,-2.919300000000007,1.4564999999999912,-1.7870000000000061,-3.2500999999999998,-622.0299999999997,13.949299999999994,1.4314,-4.4985,2.3586000000000005,Left,0.556850103895629,0.7767,2.2081,1.4314,0.49120999999999987,0.04135999999999988,0.44984999999999997,0.84659343253484,0.9861260598009834,0.13953262726614346,0.6625166666666666,1.0556166666666666,0.3931,1.5573271803226811
LLLLALLFYLLAVLTWLLILI,113300300220020023031,000011011001101100000,LL--AL-FY--AV-TW--I-I,1728040000.0,352.684,-339.232,13.4526,-79.8012,-77.7899,-79.685,-58.9989,-234.76,-237.689,-234.757,-251.03,-354.566,4660.76,4022.43,3840.93,54.6896,9.72612e-05,-23.9058,15.4399,68.1422,-24.67,-62.9934,-24.6836,-44.5371,444,276.595,-88.1392,37.6999,25.3233,10.983,4.81037,3.87587,13.2648,-89.7332,30.2226,23.3931,15.4399,10.7603,4.04003,2.99337,15.3343,1,-88.3329,24.6218,22.447,9.5,3.07387,1.9432,design_1223,-18.4563,-18.791000000000004,13.341000000000008,-38.3098,1.8950999999999993,-2.931999999999988,-39.3457,-638.3300000000004,13.0781,1.4830000000000005,2.8763000000000005,1.9326699999999999,Left,0.840987892046043,1.0,2.4830000000000005,1.4830000000000005,0.44469999999999993,0.7323299999999999,0.28763,0.24600386509768774,0.3768220174529567,0.13081815235526895,0.3238666666666667,0.6459783333333333,0.32211166666666663,1.5501255857795606
LLLLALLLAVLTSLLFLLILI,102300330020032003102,000011001101100110000,LL--AL--AV-TS--FL-IL-,1728060000.0,376.004,-390.118,-14.1142,-77.5881,-79.5248,-77.5252,-74.3702,-223.321,-222.494,-223.318,-242.724,-376.429,4507.34,3542.65,3570.0,44.4768,0.00054596,-23.721,-13.6345,30.3625,-89.209,-98.1309,-89.22,-59.3345,492,55.7787,-10.3919,101.881,17.9806,8.78251,1.81266,1.84087,-16.8636,-11.1497,101.821,16.872,-13.6345,8.94605,1.9183,1.94561,-13.6895,3,-14.6826,87.4327,18.0,8.5,0.50581,0.3173,design_1673,-38.7964,-5.154600000000002,20.22999999999999,-8.910899999999998,-1.999600000000001,0.8240000000000123,-10.086500000000001,-964.69,14.448300000000003,0.28251000000000026,-0.019400000000000972,1.5235699999999999,Left,0.21866221428701998,0.0,0.28251000000000026,0.28251000000000026,0.0,-0.0019400000000000972,0.0019400000000000972,0.8742912987288389,1.0188153435575704,0.1445240448287315,0.05288333333333334,0.30681166666666665,0.2539283333333333,0.40642645300607805
LLLLVALLLALTSLLFLLILI,102300320030032003102,000011001101100110000,LL--VA--LA-TS--FL-IL-,1727990000.0,376.038,-389.009,-12.9713,-78.941,-79.8778,-78.8863,-74.3306,-219.726,-220.376,-219.724,-242.462,-375.683,4519.09,3563.95,3505.81,44.4768,0.00054596,-23.6302,-13.2806,31.5054,-90.3423,-99.0592,-90.353,-58.8903,476,32.7096,-8.10504,103.537,21.8535,8.57476,1.69318,1.74623,-18.0837,-8.47437,101.441,21.8029,-13.2806,8.67028,1.46564,1.48725,-13.3263,3,-7.74537,97.3413,24.6468,8.5926,0.80288,0.763,design_321,-40.1689,-5.5471999999999895,22.085999999999984,-8.70620000000001,-0.9914999999999878,-0.6520000000000152,-10.349599999999999,-955.1400000000003,6.195700000000002,-0.017839999999999634,-2.7932999999999986,0.9832299999999999,Left,0.21866221428701998,0.09259999999999913,0.0747599999999995,0.017839999999999634,0.6646799999999999,0.38535,0.2793299999999999,0.9734054471469897,1.0353800479336133,0.061974600786623535,0.12716666666666668,0.29103833333333334,0.16387166666666667,0.3302094619764437
LLLLAWLLTILLSLLFVLILI,112300230030032003102,000011001101100110000,LL--AW--TI-LS--FV-IL-,1727980000.0,380.109,-395.699,-15.5898,-75.9273,-76.202,-75.922,-74.1788,-225.397,-225.674,-225.392,-251.104,-379.148,4574.69,3698.82,3605.87,49.2152,0.000245214,-23.606,-16.5484,33.6254,-94.3745,-100.879,-94.3828,-53.866,496,27.3786,-11.3935,94.2056,29.491,9.21678,0.926773,0.839856,-13.704,-10.0644,96.237,29.5243,-16.5484,9.16424,1.00167,0.945221,-16.5501,3,-11.364,92.2567,28.0,9.3241,0.65925,0.5431,design_218,-47.013000000000005,-2.0232000000000028,25.430000000000007,-6.496200000000002,-0.28000000000000114,-0.2820000000000107,-7.057600000000001,-875.8699999999994,1.948900000000009,-0.10731999999999964,1.4909999999999997,0.296756,Left,0.5074006593259278,0.8240999999999996,0.71678,0.10731999999999964,1.0,1.1491,0.1491,0.9225450027807897,0.9420395392291411,0.01949453644835142,0.09051666666666668,0.13997600000000002,0.04945933333333334,0.19124501302024532
LLLLAALLFVLTSLLLLLILI,102300320030032003102,000011001101100110000,LL--AA--FV-TS--LL-IL-,1727990000.0,377.151,-385.984,-8.8333,-77.8537,-76.5745,-77.8461,-74.2694,-219.101,-222.224,-219.094,-243.092,-375.0,4552.53,3611.77,3567.03,44.4768,0.00054596,-23.5086,-10.9815,35.6435,-89.0301,-99.71,-89.0409,-57.6387,482,135.765,-9.11126,104.211,22.529,8.82672,1.93511,1.99827,-17.093,-10.7724,99.4311,20.0862,-10.9815,8.84275,1.53906,1.53052,-10.9846,3,-17.8087,87.6206,19.8407,8.7536,1.00009,0.8144,design_285,-42.071299999999994,-2.305099999999996,20.868000000000023,-10.6691,1.2716000000000065,-3.1299999999999955,-12.5271,-940.7599999999998,16.590400000000002,0.07311999999999941,2.6883000000000017,1.18387,Left,0.21866221428701998,0.2536000000000005,0.3267199999999999,0.07311999999999941,0.18406999999999982,0.45289999999999997,0.2688300000000001,0.8761708325164346,1.042121962637389,0.16595113012095442,0.13573333333333334,0.333045,0.19731166666666664,0.37958895491202016
LLLLIVLLALLWFLLSTLILI,103300220020021003012,000011001101100110000,LL--IV--AL-WF-LST-IL-,1727980000.0,374.483,-400.267,-25.7836,-90.2415,-89.1214,-90.1495,-74.2158,-233.197,-236.116,-233.198,-250.67,-381.646,4544.97,3923.04,3795.18,49.2152,0.000245214,-23.2131,-18.5374,23.4316,-76.8276,-79.6214,-76.8358,-56.7602,485,72.839,-43.6625,95.8726,19.5687,10.5378,5.99218,5.93027,-20.5338,-43.2535,94.3244,19.5041,-18.5374,10.3923,5.72181,5.63668,-18.6209,3,-41.837,84.6637,22.9121,9.2767,4.20514,3.9751,design_43,-22.861199999999997,-14.905599999999993,14.553999999999974,-2.785599999999988,1.0281000000000091,-2.9180000000000064,-4.675699999999999,-621.9300000000003,11.2089,1.2611000000000008,-3.343399999999999,1.9551700000000003,Left,0.5074006593259278,0.7767,2.0378000000000007,1.2611000000000008,0.49120999999999987,0.15686999999999998,0.33433999999999986,0.84659343253484,0.9587142748540586,0.1121208423192186,0.6625166666666666,0.9883783333333334,0.3258616666666667,1.349412225632016
LLLLIALLWVLTLLLSFLILI,103300220030021003112,000011001101100110000,LL--IA--WV-TL-LSF-IL-,1728070000.0,372.121,-395.483,-23.3623,-74.2765,-76.5387,-74.2341,-74.2251,-234.463,-236.656,-234.462,-250.559,-378.954,4571.48,3845.66,3708.62,49.2152,0.000245214,-22.9302,-16.4944,25.8529,-86.7437,-88.6893,-86.7521,-54.1696,481,42.7142,-43.234,95.8325,20.155,10.4348,5.92249,5.85998,-14.2633,-44.346,93.2,20.4042,-16.4944,10.3231,5.73391,5.63191,-16.5295,3,-40.4618,85.9875,22.7533,9.4481,4.17759,3.9674,design_1960,-34.5197,-2.313600000000008,13.902999999999992,-1.9372000000000043,-2.3046000000000078,-2.194000000000017,-6.4358,-725.8199999999997,9.844999999999999,0.986699999999999,-2.5982999999999983,1.8925800000000002,Left,0.5074006593259278,0.9481000000000002,1.9347999999999992,0.986699999999999,0.4753299999999999,0.2155000000000001,0.2598299999999998,0.8598351931948673,0.9583131609377062,0.0984779677428389,0.6612333333333333,0.9766633333333333,0.31543,1.0725122441868706
LLLFALLLVLITLLYSLLILI,13002300200230021131,000110011011001100000,LL-FA--LV-IT--YS-LI-I,1727990000.0,358.754,-377.377,-18.6228,-73.1549,-76.0614,-73.1464,-74.3048,-226.374,-231.49,-226.369,-250.093,-366.037,4602.3,3717.3,3670.66,45.9023,0.000429125,-22.7816,-11.3338,27.2794,-77.8481,-81.2672,-77.8554,-41.6391,464,276.595,-109.579,35.5527,28.7743,9.28993,7.73652,6.76981,-13.4362,-109.963,28.6597,28.1968,-11.3338,9.40548,6.86346,5.79335,-11.3398,3,-113.025,22.0113,24.0969,9.3898,6.42523,5.2554,design_343,-39.6281,-1.756600000000006,18.60299999999998,-3.4117999999999995,-2.9150000000000063,-5.121000000000009,-11.4478,-885.0,13.541400000000003,-0.09986999999999924,4.677399999999999,1.5144099999999998,Left,0.30552627249294656,0.8897999999999993,0.78993,0.09986999999999924,0.6096900000000002,1.07743,0.46773999999999993,0.2198914491715647,0.3553439176726191,0.13545246850105438,0.8759,1.1283016666666665,0.2524016666666665,0.5575021946675546
LLLLFVLLATLWYLLSLLILI,103300220030031003012,000011001101100110000,LL--FV--AT-WY-LSL-IL-,1727990000.0,361.541,-378.605,-17.064,-93.4393,-94.659,-93.3444,-74.2184,-230.412,-234.739,-230.411,-250.108,-365.89,4619.27,3937.03,3909.92,54.5667,9.93017e-05,-22.1183,-12.6286,37.5027,-54.7539,-58.6099,-54.7633,-41.5632,469,735.863,-36.8482,98.49,29.5829,10.6268,5.32338,5.30073,-16.3735,-37.2541,93.5469,31.1635,-12.6286,10.6075,4.71695,4.62015,-12.715,4,-43.3011,83.4556,26.5771,9.4933,4.26167,4.0135,design_314,-17.0467,-20.440600000000003,15.369,-3.8466000000000022,-1.3146000000000129,-4.328000000000003,-9.489700000000001,-682.2400000000002,15.03439999999999,1.1334999999999997,3.005799999999997,1.28723,Left,0.833498875733515,0.9932999999999996,2.1267999999999994,1.1334999999999997,0.8577100000000002,1.1582899999999998,0.3005799999999996,0.834509000556158,0.9848957103817484,0.15038670982559044,0.6689166666666666,0.883455,0.2145383333333334,1.201587884992858
LLLLYTLLAVLLLLLIFLILI,103300210020031003022,000011001101100110000,LL--YT-LAV-LL-LIF-I--,1728060000.0,361.907,-357.859,4.04812,-61.0156,-62.3609,-60.9489,-45.1579,-227.331,-227.317,-227.329,-250.703,-358.042,4639.99,3786.47,3715.17,43.7222,0.000620174,-21.6758,0.245047,47.7703,-69.5125,-90.0399,-69.5192,-62.1816,467,27.3786,-64.7982,64.6422,18.1672,10.5975,4.94643,4.41607,-7.916,-64.7703,64.9436,19.5333,0.245047,10.4516,4.98294,4.45709,0.183317,1,-64.6361,61.8539,19.7597,9.4978,4.54569,3.9735,design_1729,-27.8583,-17.203000000000003,23.385999999999996,-20.520700000000005,-1.411999999999999,0.012000000000000455,-21.920847,-853.52,2.7882999999999996,1.0997000000000003,-1.5924999999999976,0.44257000000000035,Left,0.17268001974321648,0.9977999999999998,2.0975,1.0997000000000003,0.17596999999999988,0.016720000000000113,0.15924999999999975,0.6184306343001413,0.6463215553217114,0.027890921021570092,0.66225,0.7360116666666667,0.07376166666666673,1.1139655916790594
LLLLYLLLAVLTSLLAFLILI,102300330020032003102,000011001101100110000,LL--YL--AV-TS--AF-IL-,1728060000.0,360.072,-350.158,9.91324,-80.5317,-80.646,-80.4133,-74.3702,-215.972,-217.998,-215.971,-244.475,-360.665,4498.55,3706.77,3588.14,49.0167,0.000253574,-21.5946,10.6149,58.93,-53.6543,-83.6157,-53.6657,-41.8198,467,19.1815,-12.5484,93.9859,16.6384,8.61937,1.07035,0.980141,-5.71048,-14.6826,87.4327,18.0,10.6149,8.5,0.50581,0.3173,10.5063,0,-14.6826,87.4327,18.0,8.5,0.50581,0.3173,design_1673,-41.7959,-6.275800000000004,26.477000000000004,-29.950000000000003,-0.23269999999999413,-2.026999999999987,-32.2095,-791.7800000000002,6.553200000000004,0.11936999999999998,-1.3615999999999993,0.662841,Left,0.49530489253962356,0.0,0.11936999999999998,0.11936999999999998,0.0,-0.13615999999999992,0.13615999999999992,0.8742912987288389,0.9398419151038895,0.06555061637505055,0.05288333333333334,0.16335683333333334,0.1104735,0.22201355816570983
LLLLVALLWILTLLLSFLILI,103300220030021003112,000011001101100110000,LL--VA--WI-TL-LSF-IL-,1728070000.0,372.726,-389.038,-16.3121,-74.7456,-76.5725,-74.7128,-74.2251,-228.622,-236.29,-228.62,-251.426,-379.413,4576.55,3908.79,3708.22,49.2152,0.000245214,-21.594,-9.59873,32.9031,-85.6704,-88.144,-85.6788,-53.762,458,302.327,-44.346,93.2,20.4042,10.3231,5.73391,5.63191,-8.05305,-44.4342,86.9624,18.6202,-9.59873,10.3098,4.90506,4.7095,-9.62505,2,-40.4618,85.9875,22.7533,9.4481,4.17759,3.9674,design_1960,-34.382000000000005,-2.3474000000000075,15.135999999999996,-2.46520000000001,-1.8597000000000037,-7.6699999999999875,-11.995270000000001,-667.7600000000002,7.212500000000006,0.875,-2.3491,1.6645100000000004,Left,0.5074006593259278,0.9481000000000002,1.8231000000000002,0.875,0.4753299999999999,0.24041999999999994,0.23490999999999998,0.8598351931948673,0.9319806825138339,0.07214548931896658,0.6612333333333333,0.9386516666666668,0.27741833333333343,0.9502492364630016
LLLLAVLTSLLAFLLSLLILI,103300200230030023022,000011011001101100000,LL--AV-TS--AF-LS--I--,1727980000.0,375.437,-387.792,-12.3551,-93.6125,-96.4789,-93.5605,-89.6191,-214.104,-217.261,-214.1,-240.632,-381.646,4472.95,3599.82,3636.24,50.7602,0.000188887,-21.4589,-6.10099,38.4051,-80.0752,-89.3651,-80.0861,-51.3952,481,42.7142,-56.6668,64.7593,13.1238,8.5812,3.74252,3.21391,-13.8961,-56.7826,61.587,13.8855,-6.10099,8.81222,3.33163,2.75543,-6.14621,2,-56.1837,58.5243,19.3261,8.9941,2.82834,2.2062,design_241,-37.969899999999996,-6.859799999999993,23.37100000000001,-9.278999999999996,-2.9183999999999912,-3.1610000000000014,-15.35791,-873.1299999999997,6.234999999999999,-0.4128999999999987,-6.202300000000001,1.0077099999999999,Left,0.6015465519447676,0.49409999999999954,0.08120000000000083,0.4128999999999987,0.13261000000000003,-0.48762000000000005,0.6202300000000001,0.5851251755498562,0.6474928879801863,0.062367712430330124,0.36769999999999997,0.5356516666666666,0.16795166666666667,0.7663348855362794
LLLLYYLLILLFVLTSLLILI,103300300220030023022,000011011001101100000,LL--YY-LI--FV-TS--I--,1728020000.0,357.911,-377.801,-19.8899,-89.062,-88.1731,-89.0563,-74.2434,-234.779,-234.499,-234.777,-253.092,-362.581,4617.16,3895.32,3944.64,56.3462,7.35214e-05,-21.3307,-15.2152,36.4562,-53.9602,-61.239,-53.9628,-35.2454,476,1.33022,-75.5579,38.91,29.33,10.6235,3.08653,2.17018,-19.4985,-74.3454,39.8984,28.704,-15.2152,10.5844,3.03808,2.13656,-15.2199,2,-70.366,39.5247,25.0484,9.5,2.39073,1.4836,design_794,-25.9936,-13.929700000000011,18.593000000000018,-7.276199999999996,0.883199999999988,0.2779999999999916,-6.115500000000001,-721.8399999999997,-0.6147000000000062,1.1235,4.281599999999997,0.6865800000000002,Left,0.9419342258404578,1.0,2.1235,1.1235,0.7048400000000001,1.1329999999999998,0.42815999999999965,0.3950752013571855,0.3889264551132522,0.006148746243933301,0.24726666666666666,0.3616966666666667,0.11443000000000006,1.2077687144401332
LLLLLALIFLLTSLVLLLILI,102300200130030013102,000011011001101100000,LL--LA-IFL-TS-VLL-IL-,1728070000.0,385.832,-394.535,-8.70281,-78.6634,-79.9358,-78.6581,-74.2322,-219.17,-220.669,-219.168,-246.055,-382.882,4520.32,3542.98,3493.86,41.3623,0.000923933,-20.9896,-11.6519,32.6595,-96.7016,-103.267,-96.7075,-62.5948,488,148.395,-8.46667,103.15,22.8005,8.59916,1.69521,1.74245,-17.8825,-7.42648,102.999,23.6151,-11.6519,8.65028,1.51884,1.56382,-11.6533,2,-7.06267,100.0,24.3247,8.5,1.0594,1.0594,design_1886,-40.6722,-5.7035999999999945,25.385999999999996,-6.5595,-1.2776999999999958,-1.5010000000000048,-9.3377,-977.3399999999997,3.1500000000000057,0.09915999999999947,-1.5242000000000004,0.6830500000000002,Left,0.028877500655060433,0.0,0.09915999999999947,0.09915999999999947,0.63247,0.48005,0.15242,1.0,1.0315089485413858,0.03150894854138575,0.17656666666666665,0.2904083333333333,0.11384166666666667,0.21683473178351304
LLLLLLLLAVLTSLLAFLILI,102300320030032003102,000011001101100110000,LL--LL--AV-TS--AF-IL-,1727990000.0,375.293,-385.701,-10.4079,-80.5043,-80.7039,-80.3859,-74.3702,-213.854,-214.6,-213.854,-241.711,-376.847,4478.74,3665.76,3529.59,44.4768,0.00054596,-20.9661,-8.74603,34.0689,-91.3423,-102.509,-91.3528,-60.7653,486,51.0312,-10.8332,99.9523,16.477,8.5991,1.61854,1.61782,-18.6212,-11.4451,97.7218,16.9505,-8.74603,8.65779,1.4092,1.37503,-8.85393,4,-18.4149,85.2371,18.9515,8.7466,0.769243,0.5478,design_372,-41.7437,-6.333700000000007,27.11100000000002,-11.156199999999998,-0.31799999999999784,-0.7459999999999809,-12.220070000000002,-812.9799999999996,14.715199999999996,-0.14750000000000085,-2.474499999999999,1.07002,Left,0.21866221428701998,0.24660000000000082,0.09909999999999997,0.14750000000000085,0.09514999999999993,-0.15229999999999996,0.2474499999999999,0.8523290614534528,0.9995228644935161,0.14719380304006335,0.09129999999999999,0.2696366666666667,0.1783366666666667,0.3694018608929508
LLLLALLFILVTLLYSLLILI,13002200200330021131,000110011011001100000,LL-LA--FI-VT--YS-LI-I,1727980000.0,358.882,-376.279,-17.3971,-75.3645,-78.1759,-75.3486,-74.2698,-221.488,-225.348,-221.484,-248.233,-365.598,4612.63,3708.08,3652.19,45.9023,0.000429125,-20.9534,-10.6678,28.5051,-79.4266,-83.028,-79.4333,-43.0949,478,60.9677,-109.717,28.8558,29.3756,9.01478,6.85306,5.78589,-11.0936,-109.259,25.7545,28.7061,-10.6678,9.06734,6.36576,5.25208,-10.6806,1,-109.674,22.9954,27.3376,9.2539,6.05547,4.9004,design_126,-39.9331,-3.906099999999995,22.88499999999999,-3.594700000000003,-2.827299999999994,-3.8640000000000043,-10.285599999999999,-904.5500000000002,5.8603999999999985,-0.23911999999999978,2.0380000000000003,0.8854899999999999,Left,0.30552627249294656,0.7538999999999998,0.51478,0.23911999999999978,0.9337599999999998,1.13756,0.2038000000000001,0.2297352448095259,0.2883558930736329,0.05862064826410701,0.8167333333333334,0.964315,0.1475816666666666,0.3520362809981596
LLLVALLLTLILLLFSLLILI,13002200200230031032,000110011011001100000,LL-VA--LT-IL--FS-LI--,1728070000.0,376.649,-396.684,-20.0356,-74.2355,-74.2373,-74.2373,-74.2355,-232.074,-233.142,-232.072,-246.659,-382.447,4597.02,3694.42,3694.81,41.3623,0.000923933,-20.808,-14.2428,21.3267,-90.3751,-95.8764,-90.3809,-61.5522,465,394.796,-110.185,24.2775,20.3658,9.77354,6.30527,5.16943,-19.2056,-109.154,24.2714,20.5253,-14.2428,9.79329,6.14973,5.0138,-14.237,4,-111.619,5.7512,18.5361,9.3412,4.01923,2.6055,design_1870,-34.324200000000005,-0.0018000000000029104,13.516999999999996,-5.495500000000007,0.0,-1.0699999999999932,-6.565199999999999,-902.6000000000004,18.5263,0.43233999999999995,1.829699999999999,2.56393,Left,0.028877500655060433,0.8412000000000006,1.2735400000000006,0.43233999999999995,0.053610000000000116,0.23658,0.1829699999999999,0.05724425736909282,0.24255988700791026,0.18531562963881743,0.43425,0.8615716666666667,0.4273216666666667,0.6613180671138579
LLLLALLVLLLYTLFSLLILI,103300300230020023022,000011011001101100000,LL--AL-VL--YT-FS--I--,1728030000.0,363.726,-378.838,-15.1116,-71.0333,-77.3188,-71.0145,-74.1783,-237.082,-237.916,-237.08,-249.21,-370.734,4595.2,3961.12,3944.5,46.7138,0.000374154,-20.8058,-8.09055,31.6021,-70.7229,-76.3048,-70.7298,-47.3459,492,1.11342,-73.9151,45.0224,27.4928,10.8051,3.66528,2.84062,-12.947,-73.8466,44.2644,28.6782,-8.09055,10.6466,3.55268,2.71665,-8.10401,4,-65.6006,39.6154,28.0,8.7601,1.68817,0.7824,design_1049,-28.9589,-3.140500000000003,11.294000000000011,-5.575000000000003,-6.304299999999998,-0.8359999999999843,-12.715250000000001,-634.0799999999999,5.4069999999999965,2.045,-0.507200000000001,2.05822,Left,0.35497571706264813,0.26009999999999955,2.3050999999999995,2.045,1.0,0.9492799999999999,0.0507200000000001,0.39598245901836127,0.4500678192606701,0.05408536024230881,0.1304,0.4734366666666667,0.34303666666666666,2.0748968406333645
LLLLLALIFLLWTLVSLLILI,103300200220030033111,000011011001101100000,LL--LA-IF--WT-VS--ILI,1728040000.0,375.843,-392.779,-16.9358,-90.0996,-90.0832,-90.0581,-74.1783,-228.319,-231.172,-228.317,-250.58,-379.792,4541.91,3741.87,3756.89,49.2152,0.000245214,-20.4626,-12.9527,32.2794,-74.3603,-78.9992,-74.369,-55.0334,476,302.327,-42.2741,94.3278,18.9688,10.4312,5.57538,5.49029,-17.7439,-42.8141,91.4281,19.0679,-12.9527,10.4753,5.26491,5.13634,-12.9876,2,-37.5659,92.5048,21.0457,9.5,4.62303,4.5106,design_1138,-23.9658,-15.904900000000012,19.408000000000015,-4.630200000000002,-0.025100000000009004,-2.8549999999999898,-7.509899999999998,-800.04,1.8229999999999933,0.9312000000000005,-2.0768999999999984,0.9796899999999997,Left,0.5074006593259278,1.0,1.9312000000000005,0.9312000000000005,0.30457,0.09688000000000016,0.20768999999999985,0.9250267075849542,0.9432618863757307,0.01823517879077652,0.7517666666666667,0.9150483333333334,0.16328166666666666,0.9681229263450881
LLLAALLFLLTSLLYLLLILI,13002200200230031032,000110011011001100000,LL-AA--FL-TS--YL-LI--,1727980000.0,369.261,-347.612,21.6496,-77.794,-76.1363,-77.7828,-74.2467,-223.187,-224.262,-223.174,-247.827,-370.156,4628.75,3644.45,3623.41,50.068,0.000212318,-20.3273,22.5573,71.7175,-46.6304,-90.0852,-46.6414,-48.0818,506,95.1175,-103.966,23.8771,24.9019,8.74327,5.31834,4.1765,20.6247,-102.632,20.7264,21.1145,22.5573,8.6084,4.6929,3.5038,22.5443,0,-102.632,20.7264,21.1145,8.6084,4.6929,3.5038,design_128,-42.0034,-1.8896000000000015,23.564999999999998,-43.4438,1.646499999999989,-1.0879999999999939,-42.884600000000006,-984.3000000000002,3.150699999999997,0.13487000000000116,3.7874000000000017,0.6726999999999999,Left,0.5593667546174141,0.10839999999999961,0.24327000000000076,0.13487000000000116,0.31144999999999995,0.6901900000000001,0.37874000000000013,0.2070387990189214,0.23855474954887187,0.03151595052995049,0.5839666666666666,0.6960833333333333,0.11211666666666664,0.4185657733048071
LLLLYTLLAILFVLLSLLILI,103300210020031003022,000011001101100110000,LL--YT-LAI-FV-LSL-I--,1728060000.0,361.917,-369.282,-7.36475,-77.7727,-78.4454,-77.7101,-60.5031,-224.962,-227.239,-224.96,-247.666,-361.007,4517.13,3833.49,3775.71,45.9023,0.000429125,-20.1491,-8.21723,38.5375,-66.5479,-75.4722,-66.5548,-52.8387,503,193.783,-64.6568,66.7638,18.3443,10.8013,5.21163,4.71309,-16.93,-64.7982,64.6422,18.1672,-8.21723,10.5975,4.94643,4.41607,-8.27469,2,-64.6361,61.8539,19.7597,9.4978,4.54569,3.9735,design_1729,-22.633499999999998,-17.942300000000003,20.426999999999992,-8.9174,-0.7353000000000094,-2.2789999999999964,-11.93187,-683.6400000000003,4.9099,1.3034999999999997,-1.4153999999999982,0.7395900000000002,Left,0.30552627249294656,0.9977999999999998,2.3012999999999995,1.3034999999999997,0.17596999999999988,0.03443000000000005,0.14153999999999983,0.6184306343001413,0.6675435823773952,0.04911294807725386,0.66225,0.7855150000000001,0.12326500000000007,1.3178589315605211
LLLLLALLYVLTSLLFALILI,102300320030023003102,000011001101100110000,LL--LA--YV-TS--FA-IL-,1728050000.0,361.352,-371.934,-10.5824,-79.4097,-79.5244,-79.3388,-74.2523,-217.655,-218.195,-217.653,-244.869,-362.536,4512.24,3666.82,3552.79,49.0167,0.000253574,-20.1302,-9.33704,38.4343,-74.8699,-84.9462,-74.8816,-43.4149,455,35.7526,-9.92008,93.9042,21.7328,8.60472,0.665074,0.573637,-18.4526,-10.2289,92.2234,21.1695,-9.33704,8.61132,0.48449,0.367841,-9.39857,2,-8.1679,91.9341,22.0945,8.6347,0.136288,0.0153,design_1624,-41.5313,-5.272099999999995,26.674000000000007,-10.064599999999999,-0.18559999999999377,-0.5420000000000016,-10.793159999999999,-845.4199999999996,1.9701000000000022,-0.029980000000000118,-0.361699999999999,0.558337,Left,0.49530489253962356,0.13470000000000049,0.10472000000000037,0.029980000000000118,0.40945,0.3732800000000001,0.03616999999999987,0.9193180863365196,0.9390246830099749,0.019706596673455312,0.0025499999999999997,0.09560616666666666,0.09305616666666666,0.1060889693000393
LLLLVALLWLLTILFSLLILI,103300200220030033012,000011011001101100000,LL--VA-LW--TI-FS--IL-,1728020000.0,371.64,-390.267,-18.6268,-72.7791,-75.5566,-72.7459,-74.2199,-234.972,-237.348,-234.971,-251.064,-379.231,4563.38,3826.12,3736.73,49.2152,0.000245214,-20.1234,-11.0097,30.5884,-82.5155,-86.4505,-82.5238,-53.9475,473,42.7142,-41.0266,107.706,17.9139,10.4082,7.19432,7.30992,-18.1727,-40.8548,106.446,18.4767,-11.0097,10.4409,6.99842,7.09511,-11.0358,3,-42.1434,94.3333,26.1382,9.484,5.5565,5.4715,design_787,-32.50300000000001,-1.3367000000000075,13.71599999999998,-3.926700000000011,-2.810699999999997,-2.3770000000000095,-9.1137,-737.2600000000002,13.372700000000009,0.9242000000000008,-8.2243,1.8384200000000002,Left,0.5074006593259278,0.984,1.9082000000000008,0.9242000000000008,0.8138200000000001,-0.00860999999999983,0.8224299999999999,0.9433169020001679,1.077081891257117,0.13376498925694902,0.9119166666666666,1.21832,0.30640333333333347,1.281527533816067
LLLLFALVTLLLILLSLLILI,113300300210020023031,000011011001101100000,LL--FA-VT-LLI-LS--I-I,1728050000.0,375.947,-393.495,-17.5483,-74.2956,-74.2976,-74.2976,-74.2956,-234.347,-236.087,-234.345,-246.836,-381.857,4609.99,3756.13,3691.28,41.3623,0.000923933,-20.0935,-11.6446,23.814,-84.8526,-91.5666,-84.8592,-60.7255,485,253.054,-102.533,21.385,30.2956,9.99813,4.76697,3.58775,-16.7337,-102.618,19.2735,29.1442,-11.6446,9.87043,4.49455,3.28365,-11.6376,3,-93.0657,14.4816,20.8949,9.5,2.41488,1.1321,design_1610,-30.841099999999997,-0.0020000000000095497,10.749000000000024,-6.707399999999993,0.0,-1.7419999999999902,-8.448899999999998,-853.8599999999997,6.903400000000001,0.49812999999999974,9.4007,2.4556500000000003,Left,0.028877500655060433,1.0,1.4981299999999997,0.49812999999999974,0.28948999999999997,1.22956,0.94007,0.14457305874868465,0.2136266699742727,0.06905361122558806,0.18868333333333334,0.5979583333333334,0.40927500000000006,1.1419892856976788
LLLLLALLYVLTSLLLFLILI,112300320030032003102,000011001101100110000,LL--LA--YV-TS--LF-IL-,1728040000.0,370.535,-379.367,-8.83158,-75.0447,-76.0251,-75.027,-74.2523,-227.18,-229.513,-227.178,-248.818,-372.878,4553.5,3766.35,3652.74,46.7138,0.000374154,-20.0183,-6.47687,37.8822,-77.1424,-87.3575,-77.1494,-49.8075,501,113.638,-11.8443,100.458,23.9775,8.86809,1.83849,1.84536,-7.50393,-10.5888,98.8597,26.4077,-6.47687,8.90167,1.43439,1.41728,-6.48921,2,-11.554,92.31,28.0,8.6458,0.69495,0.5796,design_1171,-37.550000000000004,-1.7727999999999895,19.305000000000007,-10.208100000000002,-0.9980999999999938,-2.335000000000008,-13.54143,-787.1500000000001,8.147999999999996,0.222290000000001,-4.022500000000001,1.2657599999999998,Left,0.35497571706264813,0.14579999999999949,0.3680900000000005,0.222290000000001,1.0,0.5977499999999999,0.4022500000000001,0.9230781541957916,1.0045813010895095,0.08150314689371785,0.0966,0.30756,0.21095999999999998,0.5122155709792309
LLLLVALILLLTSLYFLLILI,102300300130020013102,000011011001101100000,LL--VA-ILL-TS-YFL-IL-,1728020000.0,365.431,-377.608,-12.1771,-77.9946,-78.5629,-77.9858,-74.2676,-224.287,-225.992,-224.285,-249.489,-369.971,4560.19,3682.7,3535.3,45.9023,0.000429125,-19.9123,-7.63256,33.7252,-75.3267,-85.329,-75.3331,-46.2144,485,2.07531,-7.52126,105.981,24.9556,8.69934,1.93566,2.02538,-12.962,-8.04584,101.921,25.5325,-7.63256,8.72709,1.46626,1.49508,-7.63696,2,-8.79533,100.0,22.4066,8.5,1.3193,1.3193,design_875,-39.114599999999996,-4.2952999999999975,23.497000000000014,-9.995899999999992,-0.5771000000000015,-1.7069999999999936,-12.279739999999999,-877.4899999999998,5.9809999999999945,0.1993399999999994,2.5489999999999995,0.7060800000000003,Left,0.30552627249294656,0.0,0.1993399999999994,0.1993399999999994,0.4406600000000001,0.6955600000000001,0.25489999999999996,1.0,1.0598269908654057,0.05982699086540566,0.21988333333333332,0.3375633333333334,0.11768000000000006,0.34948289920396547
LLLLYLLTFLLAVLISLLILI,103300300220030023022,000011011001101100000,LL--YL-TF--AV-IS--I--,1728020000.0,361.129,-379.913,-18.7847,-74.2935,-74.2271,-74.2315,-74.1444,-231.209,-231.733,-231.208,-248.326,-368.925,4548.54,3594.47,3605.21,45.9023,0.000429125,-19.9081,-10.9319,27.1175,-74.4106,-82.8733,-74.4174,-46.4547,470,177.29,-57.403,63.4191,18.4111,9.41549,3.67202,3.12331,-17.2447,-57.7162,61.923,17.1811,-10.9319,9.52275,3.51703,2.94587,-10.9878,4,-61.6758,45.0069,18.48,9.1352,1.8273,1.0024,design_916,-36.4186,-0.08269999999998845,16.59299999999999,-8.4559,0.004400000000003956,-0.5250000000000057,-8.9762,-954.0700000000002,18.4122,0.2802900000000008,-0.0688999999999993,2.1209100000000003,Left,0.30552627249294656,0.6351999999999993,0.9154900000000001,0.2802900000000008,0.04800000000000004,0.04111000000000011,0.006889999999999931,0.44991277522816486,0.6340870807309277,0.18417430550276281,0.16706666666666667,0.5205516666666666,0.35348499999999994,0.4873210196907429
LLLLYTLLLVLATLLLFLILI,103300210020031003022,000011001101100110000,LL--YT-LLV-AT-LLF-I--,1728060000.0,360.826,-372.065,-11.2393,-76.9598,-76.9011,-76.8907,-58.9549,-228.167,-227.897,-228.166,-249.964,-360.477,4613.88,3878.57,3759.39,51.414,0.000169138,-19.7993,-11.5242,40.1747,-66.9381,-75.4784,-66.9453,-51.559,480,10.291,-65.1143,65.3108,18.7654,10.9037,5.0841,4.56376,-11.7039,-64.6568,66.7638,18.3443,-11.5242,10.8013,5.21163,4.71309,-11.5875,3,-64.6361,61.8539,19.7597,9.4978,4.54569,3.9735,design_1729,-23.919399999999996,-17.946199999999997,22.067000000000007,-8.53309999999999,-0.010400000000004184,0.26900000000000546,-8.275099999999998,-735.31,3.4568999999999974,1.4059000000000008,-0.9942999999999991,0.5902600000000002,Left,0.6413864125235366,0.9977999999999998,2.4037000000000006,1.4059000000000008,0.17596999999999988,0.07653999999999997,0.09942999999999991,0.6184306343001413,0.6530094546851306,0.03457882038498927,0.66225,0.7606266666666667,0.09837666666666667,1.4132638813270733
LLLLVILLALLWFLTSLLILI,103300200220030033012,000011011001101100000,LL--VI-LA--WF-TS--IL-,1728020000.0,374.216,-390.632,-16.4155,-88.7156,-89.0696,-88.6237,-74.1318,-228.731,-233.428,-228.732,-251.041,-382.104,4530.66,3892.92,3785.58,49.2152,0.000245214,-19.7242,-8.44413,32.7997,-73.1847,-79.3304,-73.1928,-56.9311,482,162.201,-40.8548,106.446,18.4767,10.4409,6.99842,7.09511,-13.0608,-42.719,100.429,19.283,-8.44413,10.474,6.46581,6.47225,-8.5277,2,-42.1434,94.3333,26.1382,9.484,5.5565,5.4715,design_787,-22.399299999999997,-14.937799999999996,17.613,-6.137599999999992,-0.44589999999999463,-4.695999999999998,-11.28007,-637.7399999999998,12.112700000000004,0.9568999999999992,-7.6615,1.6236100000000002,Left,0.5074006593259278,0.984,1.9408999999999992,0.9568999999999992,0.8138200000000001,0.0476700000000001,0.76615,0.9433169020001679,1.0644783118405627,0.12116140984039481,0.9119166666666666,1.1825183333333333,0.27060166666666674,1.2611696086321174
LLLLALLIYLLFVLFTLLILI,113300300220020023031,000011011001101100000,LL--AL-IY--FV-FT--I-I,1728040000.0,344.199,-355.704,-11.505,-62.8359,-63.0833,-62.8071,-58.9623,-240.255,-242.859,-240.254,-252.318,-346.663,4617.85,3910.63,3855.37,48.2622,0.000288043,-19.5068,-9.01785,36.7572,-52.6127,-60.2281,-52.6202,-35.3831,488,87.0218,-89.4659,41.2333,27.1602,10.7987,5.48638,4.60488,-11.7619,-88.235,39.7843,25.426,-9.01785,11.0869,5.10614,4.2029,-9.04091,4,-88.3329,24.6218,22.447,9.5,3.07387,1.9432,design_1223,-24.845,-4.121000000000002,9.459000000000003,-7.607900000000001,-0.2762000000000029,-2.605000000000018,-10.488949999999999,-707.2200000000003,16.6115,1.2987000000000002,4.7132000000000005,2.6616799999999996,Left,0.4493287915811026,1.0,2.2987,1.2987000000000002,0.44469999999999993,0.91602,0.47132,0.24600386509768774,0.41216605515966537,0.16616219006197763,0.3238666666666667,0.7674799999999999,0.44361333333333325,1.4605365094092322
LLLLAVLWYLLSLLFTLLILI,113300300310020023021,000011011001101100000,LL--AV-WY-LSL-FT--I-I,1728000000.0,368.091,-383.019,-14.9281,-93.1709,-95.0617,-93.1244,-74.2125,-236.742,-238.704,-236.74,-252.987,-371.005,4575.82,3904.01,3913.44,54.5667,9.93017e-05,-19.3498,-11.9738,39.6386,-53.1056,-56.5897,-53.115,-43.8061,499,87.0218,-84.9352,59.6928,24.9644,10.6721,7.29881,6.6942,-4.36447,-85.9315,55.9272,25.8481,-11.9738,10.6172,6.9399,6.27881,-12.0135,3,-86.3426,46.6301,21.6787,9.5,5.74645,4.9459,design_554,-12.7836,-20.849199999999996,14.282999999999987,-3.4746999999999986,-1.9373000000000076,-1.9639999999999986,-7.375999999999998,-671.8099999999995,13.0627,1.1721000000000004,3.285700000000002,1.7483000000000004,Left,0.833498875733515,1.0,2.1721000000000004,1.1721000000000004,0.3678699999999999,0.6964400000000002,0.32857000000000025,0.46614938642574494,0.5968134950325893,0.13066410860684435,0.8243166666666667,1.1157000000000001,0.29138333333333344,1.2584728885130845
LLLYALLFVLTSLLLILLILI,13002300300220031022,000110011011001100000,LL-YA--FV-TS--LI-LI--,1728020000.0,368.282,-382.565,-14.2827,-74.2623,-74.3465,-74.257,-74.2839,-229.204,-232.762,-229.199,-254.008,-371.245,4643.41,3791.73,3734.98,45.9023,0.000429125,-19.1125,-11.3161,31.6196,-79.0987,-83.2487,-79.1054,-42.9526,481,60.9677,-104.619,30.1052,23.7915,9.12117,6.25704,5.20862,-15.1982,-105.918,24.3821,24.2939,-11.3161,9.16981,5.67924,4.54497,-11.3197,2,-106.828,17.5545,23.8579,9.5,4.89408,3.6574,design_893,-40.2961,-0.06260000000000332,21.24600000000001,-4.143299999999996,-0.08950000000000102,-3.562999999999988,-7.7964,-851.6799999999998,12.550699999999999,-0.37883000000000067,-0.06640000000000157,1.5512199999999998,Left,0.30552627249294656,1.0,0.6211699999999993,0.37883000000000067,0.58579,0.5791499999999999,0.00664000000000009,0.17531078826386695,0.3008534423776352,0.12554265411376828,0.6095666666666667,0.8681033333333333,0.25853666666666664,0.47556116800369735
LLLLLALTFLLWVLISLLILI,103300200230020033112,000011011001101100000,LL--LA-TF--WV-IS--IL-,1728070000.0,374.55,-384.856,-10.3065,-83.4145,-83.997,-83.3729,-74.3066,-229.105,-237.458,-229.103,-250.1,-380.875,4538.97,3738.16,3734.67,49.2152,0.000245214,-19.0816,-3.94606,38.9087,-72.3368,-78.5018,-72.3457,-56.4691,488,124.21,-45.1204,97.1709,20.6724,10.4139,6.38613,6.3437,-8.18485,-45.8821,89.0965,21.7068,-3.94606,10.3505,5.41034,5.24679,-3.98071,2,-40.0539,90.1641,22.3965,9.5,4.68024,4.5327,design_1866,-22.032700000000006,-9.690399999999997,12.641999999999996,-6.156100000000009,-0.6240999999999985,-8.35499999999999,-15.135540000000002,-800.8100000000004,7.006799999999998,0.9138999999999999,-1.7241,1.811,Left,0.5074006593259278,1.0,1.9139,0.9138999999999999,0.43965,0.26724,0.17241,0.9016130581085029,0.971700963073513,0.07008790496501005,0.7554500000000001,1.0572833333333334,0.3018333333333333,0.9802826600697858
LLLLYTLIALLLVLFSLLILI,103300300320020023022,000011011001101100000,LL--YT-IA--LV-FS--I--,1728050000.0,359.694,-367.826,-8.13167,-74.0515,-75.2762,-73.9893,-60.5031,-224.167,-227.979,-224.165,-248.744,-362.455,4562.71,3771.16,3668.27,45.9023,0.000429125,-18.8478,-5.31372,37.7706,-69.6073,-78.047,-69.6141,-53.2072,493,1.33022,-63.0911,59.6199,18.2152,10.0742,4.01235,3.40665,-7.43865,-62.0481,56.0869,17.7485,-5.31372,9.96468,3.37894,2.72024,-5.37108,3,-61.5796,55.4704,18.0,9.0791,3.22544,2.5575,design_1568,-24.839799999999997,-14.7731,20.764999999999986,-8.432900000000004,-1.2869000000000028,-3.8140000000000214,-13.53408,-791.5500000000002,4.149500000000003,0.995099999999999,0.2151999999999994,0.8491499999999998,Left,0.30552627249294656,0.5791000000000004,1.5741999999999994,0.995099999999999,0.0,0.02151999999999994,0.02151999999999994,0.5545775000100028,0.5960842879377743,0.041506787927771516,0.42625,0.567775,0.141525,1.0062004072097561
LLLLVLLIALLWTLFSLLILI,103300200230030023111,000011011001101100000,LL--VL-IA--WT-FS--ILI,1728030000.0,371.452,-391.253,-19.8011,-90.14,-89.9598,-90.0507,-74.1783,-231.932,-234.063,-231.932,-251.043,-378.993,4587.12,3841.41,3862.02,49.2152,0.000245214,-18.789,-12.1792,29.4141,-69.1812,-73.7589,-69.1898,-53.772,484,148.395,-39.6919,103.645,14.2211,10.2398,6.44586,6.50053,-16.7004,-39.9515,101.904,15.0139,-12.1792,10.3111,6.24983,6.27839,-12.2599,4,-34.1779,97.5808,18.0,9.4486,4.80009,4.7638,design_966,-19.9869,-15.781500000000008,16.980000000000018,-4.569099999999992,0.09090000000000487,-2.1310000000000002,-6.609800000000002,-745.71,6.0642,0.7911999999999999,-3.7789,1.7367300000000006,Left,0.5074006593259278,0.9486000000000008,1.7398000000000007,0.7911999999999999,0.0,-0.37789,0.37789,0.9758011275202157,1.0364603547407463,0.06065922722053052,0.7939666666666666,1.0834216666666667,0.28945500000000013,0.9253442769974816
LLLLAVLWFLLLILTSLLILI,113300200310030022031,000011011001101100000,LL--AV-WF-LLI-TS--I-I,1728070000.0,375.643,-385.973,-10.3296,-74.0497,-74.2513,-74.0161,-74.2364,-228.476,-234.203,-228.473,-249.741,-380.868,4533.32,3714.12,3628.61,49.2152,0.000245214,-18.6973,-5.07683,38.8856,-83.4473,-91.1111,-83.4552,-56.89,487,1.45397,-102.171,22.6883,32.1988,9.09075,4.8885,3.72882,-11.6572,-102.335,17.2663,30.5156,-5.07683,9.12098,4.18124,2.94023,-5.10536,3,-93.5519,21.6754,25.9939,9.4179,3.45897,2.2841,design_1848,-34.22109999999999,-0.014899999999997249,15.538000000000011,-7.655899999999988,-0.23520000000000607,-5.72999999999999,-13.620469999999997,-819.1999999999998,1.012900000000002,-0.3271499999999996,6.2048999999999985,1.4447199999999998,Left,0.5074006593259278,0.9178999999999995,0.5907499999999999,0.3271499999999996,0.79939,1.4198799999999998,0.6204899999999998,0.21653149494456425,0.226663372397761,0.010131877453196741,0.3806833333333333,0.62147,0.24078666666666665,0.7416979414729223
LLLLAVLLSLLFTLLLILILI,103300310030021003022,000011001101100110000,LL--AV-LSL-FT-LLI-I--,1728060000.0,385.175,-386.477,-1.30283,-74.2708,-74.2723,-74.2723,-74.2708,-228.533,-232.169,-228.53,-246.453,-384.809,4537.65,3772.65,3643.21,41.3623,0.000923933,-18.574,-1.67319,40.0595,-83.6737,-96.9418,-83.6796,-64.0857,479,394.796,-51.3424,89.2615,20.3233,9.4747,6.25167,6.09059,-11.9055,-51.2633,86.4346,24.0424,-1.67319,9.39779,5.85816,5.65468,-1.66819,4,-52.37,75.6987,26.0846,9.2813,4.57482,4.2103,design_1798,-32.8561,-0.0015000000000071623,14.283999999999992,-13.262200000000007,0.0,-3.63900000000001,-16.90081,-764.9999999999995,13.562799999999996,0.19340000000000046,-5.7612999999999985,1.8802899999999996,Left,0.028877500655060433,0.7812999999999999,0.9747000000000003,0.19340000000000046,0.8084599999999998,0.23232999999999998,0.5761299999999998,0.7569179647019754,0.8925844939962949,0.13566652929431955,0.7017166666666667,1.0150983333333332,0.31338166666666656,0.6970959855525953
LLLLILLTALLYVLFSLLILI,103300200220030033022,000011011001101100000,LL--IL-TA--YV-FS--I--,1728050000.0,358.853,-378.511,-19.6575,-74.25,-74.3001,-74.1761,-74.28,-231.178,-232.495,-231.178,-248.309,-371.113,4539.45,3711.39,3657.66,45.9023,0.000429125,-18.5563,-7.33067,26.2448,-73.0828,-82.8744,-73.0896,-48.5245,492,231.516,-53.8614,65.509,19.6456,9.34452,3.42293,2.90556,-14.1245,-54.9846,62.9297,22.1568,-7.33067,9.35504,3.24321,2.68715,-7.39762,4,-57.514,47.2573,24.5844,9.0841,1.50684,0.7157,design_1415,-34.34989999999999,-0.02009999999999934,15.813999999999993,-9.78479999999999,-0.12399999999999523,-1.3170000000000073,-11.22563,-828.06,18.2517,0.2604199999999999,-4.938799999999997,2.18986,Left,0.30552627249294656,0.5840999999999994,0.8445199999999993,0.2604199999999999,0.6584399999999999,0.16456000000000018,0.49387999999999976,0.4724231681797631,0.6549920177330362,0.18256884955327307,0.11928333333333334,0.48425999999999997,0.3649766666666666,0.6915745678076345
LLLLWILTSLLAFLVLLLILI,103300300220030023022,000011011001101100000,LL--WI-TS--AF-VL--I--,1728080000.0,381.951,-379.487,2.46448,-74.233,-74.2916,-74.1684,-74.1962,-228.897,-234.608,-228.896,-249.625,-380.465,4564.9,3813.34,3625.73,49.2152,0.000245214,-18.5304,1.03692,51.6797,-76.3569,-90.0964,-76.3643,-56.6439,472,330.452,-50.385,94.7992,25.2169,9.51224,6.85565,6.77763,-10.395,-52.3401,87.4546,25.4557,1.03692,9.59622,6.15738,5.9692,0.978538,4,-52.8963,79.2704,28.0,9.1119,5.13594,4.825,design_1974,-33.4525,-0.09539999999999793,15.016999999999996,-13.732100000000003,-0.12319999999999709,-5.7120000000000175,-19.56732,-751.5599999999995,15.528800000000004,0.4003399999999999,-2.783100000000001,1.95263,Left,0.5074006593259278,0.6119000000000003,1.0122400000000003,0.4003399999999999,1.0,0.7216899999999999,0.27831000000000006,0.792645111211584,0.9479772255320511,0.15533211432046712,0.8041666666666667,1.129605,0.3254383333333333,0.6064377513331805
LLLLTLLLVLIALLFSLLILI,13002300200330021022,000110011011001100000,LL-LT--LV-IA--FS-LI--,1728030000.0,374.024,-384.086,-10.0623,-60.4194,-62.7674,-60.3555,-60.4659,-228.471,-231.053,-228.47,-246.634,-374.12,4564.65,3763.65,3680.43,41.3623,0.000923933,-18.087,-9.9073,31.3,-95.196,-98.3867,-95.202,-67.0207,469,361.194,-111.438,21.2513,28.8456,9.5312,6.08467,4.90343,-13.9105,-111.215,18.7462,29.427,-9.9073,9.45553,5.71299,4.49418,-9.9658,3,-110.668,10.7585,28.0,9.2344,4.55252,3.2139,design_1033,-31.366,-2.3015000000000043,15.580999999999989,-3.1847000000000065,-2.411900000000003,-2.5829999999999984,-8.1797,-800.9999999999995,10.4928,0.2967999999999993,0.845600000000001,1.68953,Left,0.028877500655060433,0.7344000000000008,1.0312000000000001,0.2967999999999993,1.0,1.0845600000000002,0.08456000000000019,0.10733148214092803,0.212289290158405,0.10495780801747698,0.5356500000000001,0.8172383333333334,0.28158833333333333,0.43075371679566227
LLLLFALLALLYVLTSLLILI,103300300220030023012,000011011001101100000,LL--FA-LA--YV-TS--IL-,1728040000.0,354.352,-371.58,-17.2282,-74.2263,-74.2574,-74.1599,-74.2263,-225.117,-226.518,-225.115,-243.577,-360.582,4506.87,3620.12,3629.11,49.0167,0.000253574,-17.9762,-10.9408,31.7885,-72.2366,-77.7827,-72.2483,-42.7785,481,193.783,-55.9419,58.453,15.1862,9.1789,2.78243,2.15923,-13.9063,-54.2637,55.6938,17.4331,-10.9408,9.30803,2.15821,1.49362,-10.9979,2,-57.3307,43.44,22.6524,8.8208,0.964,0.1156,design_1160,-35.004200000000004,-0.03110000000000923,17.058999999999997,-5.534400000000005,-0.0975000000000108,-1.4029999999999916,-7.035399999999999,-886.75,15.013000000000005,0.3581000000000003,-7.466200000000001,2.04363,Left,0.49530489253962356,0.3208000000000002,0.6789000000000005,0.3581000000000003,0.46524,-0.2813800000000001,0.7466200000000001,0.4342393239680069,0.5844119730003322,0.1501726490323253,0.019266666666666665,0.35987166666666665,0.340605,0.9078769877810463
LLLVTLLAILLLLLFSLLILI,13002300200230021032,000110011011001100000,LL-VT--AI-LL--FS-LI--,1728020000.0,377.237,-385.318,-8.08172,-60.4659,-64.9513,-60.4104,-60.4659,-225.16,-229.301,-225.159,-246.588,-379.041,4567.29,3701.61,3667.46,41.3623,0.000923933,-17.7526,-6.22715,33.2806,-99.6924,-102.542,-99.6984,-71.9865,473,361.194,-106.182,38.827,21.2363,9.47723,7.66889,6.75129,-9.96883,-104.931,34.652,23.5894,-6.22715,9.31296,6.91766,5.93744,-6.27768,2,-100.055,32.7295,19.3198,9.4622,5.92676,4.9177,design_908,-30.555499999999995,-4.485400000000006,17.287000000000006,-2.843599999999995,-4.540900000000001,-4.141999999999996,-11.525450000000001,-865.6799999999998,6.097499999999997,0.015030000000001209,1.9164999999999992,1.83359,Left,0.028877500655060433,0.9621999999999993,0.9772300000000005,0.015030000000001209,0.13198000000000007,0.32363,0.1916499999999999,0.327103897506892,0.3880962193262887,0.06099232181939668,0.8196166666666667,1.125215,0.3055983333333334,0.3661502807004687
LLLLLLLLAVLTSLLFALILI,102300320030032003102,000011001101100110000,LL--LL--AV-TS--FA-IL-,1727990000.0,376.01,-379.281,-3.27155,-79.8028,-80.3888,-79.6872,-74.3702,-210.578,-212.848,-210.578,-241.719,-376.219,4497.94,3574.87,3559.1,44.4768,0.00054596,-17.7129,-2.95738,41.2052,-88.9004,-100.695,-88.9112,-60.1298,500,20.966,-11.4451,97.7218,16.9505,8.65779,1.4092,1.37503,-9.79367,-12.315,93.7116,16.4058,-2.95738,8.75677,0.998306,0.903979,-3.0623,3,-18.4149,85.2371,18.9515,8.7466,0.769243,0.5478,design_372,-40.56519999999999,-6.018600000000006,28.87099999999998,-11.7838,-0.7015999999999991,-2.2700000000000102,-14.75552,-923.0699999999997,12.484700000000004,-0.0888100000000005,-2.0009999999999977,0.82723,Left,0.21866221428701998,0.24660000000000082,0.15779000000000032,0.0888100000000005,0.09514999999999993,-0.10494999999999984,0.20009999999999978,0.8523290614534528,0.977211528073973,0.12488246662052027,0.09129999999999999,0.22917166666666666,0.13787166666666667,0.2872828798217356
LLLLAALLFVLTSLLYLLILI,101300230020033003102,000011001101100110000,LLL-AA--FV-TS--YL-IL-,1728060000.0,360.479,-365.624,-5.1452,-75.9785,-77.9027,-75.9601,-74.2694,-218.895,-219.823,-218.887,-246.01,-361.584,4580.01,3583.27,3537.99,49.0167,0.000253574,-17.6502,-4.02498,43.8715,-70.7508,-81.5083,-70.7622,-41.3043,492,211.811,-8.26529,97.4621,20.5725,8.638,0.897178,0.85911,-11.8445,-7.37323,96.1061,21.1567,-4.02498,8.5838,0.580309,0.5219,-4.03965,0,-7.37323,96.1061,21.1567,8.5838,0.580309,0.5219,design_1699,-40.20400000000001,-3.6332999999999913,26.186999999999983,-10.746099999999998,-1.9425999999999988,-0.936000000000007,-13.625220000000002,-996.7400000000002,1.3560000000000088,0.054199999999999804,-0.5841999999999992,0.33721,Left,0.49530489253962356,0.0838000000000001,0.1379999999999999,0.054199999999999804,0.31567000000000006,0.25725000000000015,0.058419999999999916,0.9610499381824438,0.9746137903164499,0.013563852134006127,0.08698333333333334,0.143185,0.056201666666666664,0.09845375473197689
LLLLTLLLFVLAILLSLLILI,103300310030021003022,000011001101100110000,LL--TL-LFV-AI-LSL-I--,1728060000.0,376.415,-383.845,-7.42999,-60.4781,-60.5513,-60.4146,-60.4607,-226.557,-227.818,-226.556,-245.866,-373.978,4535.04,3652.06,3584.7,41.3623,0.000923933,-17.4628,-9.80906,33.9323,-96.8106,-103.072,-96.8167,-67.6515,498,471.669,-54.8622,77.6086,18.5648,9.42527,5.20649,4.87062,-14.8725,-53.5171,77.8636,17.2729,-9.80906,9.22342,5.03916,4.70711,-9.8671,4,-56.6653,65.0607,18.0,9.401,3.78299,3.2589,design_1751,-35.420500000000004,-0.0905999999999949,18.048000000000002,-6.255300000000005,-0.1366999999999976,-1.2620000000000005,-7.653740000000001,-882.98,12.547899999999998,0.02426999999999957,0.5648000000000017,1.6117199999999996,Left,0.028877500655060433,0.9009999999999998,0.9252699999999994,0.02426999999999957,0.0,0.056480000000000176,0.056480000000000176,0.6505077441993525,0.7760223903588619,0.12551464615950936,0.54315,0.81177,0.26861999999999997,0.3028029955276975
LLLLTLLLALVALLFSLLILI,13002200200320031032,000110011011001100000,LL-LT--LA-VA--FS-LI--,1727980000.0,367.505,-378.372,-10.8672,-64.9439,-64.8405,-64.8227,-60.4659,-223.589,-224.892,-223.588,-242.585,-366.266,4550.42,3708.82,3661.53,44.4768,0.00054596,-17.4336,-11.9953,33.6095,-89.8399,-93.967,-89.8507,-63.215,512,16.0553,-107.62,30.4337,21.3911,9.36345,6.75148,5.70798,-15.4081,-108.404,28.0196,21.0633,-11.9953,9.24517,6.54326,5.46355,-12.1064,2,-111.087,18.1388,20.7952,9.3778,5.61172,4.3838,design_210,-30.751999999999995,-4.374600000000008,17.693000000000012,-4.116299999999995,-0.017800000000008254,-1.304000000000002,-5.438299999999998,-841.5999999999999,12.294900000000002,-0.014350000000000307,0.5959000000000003,1.3241800000000001,Left,0.21866221428701998,0.8778000000000006,0.8634500000000003,0.014350000000000307,0.2795200000000001,0.33911000000000013,0.05959000000000003,0.18115544814727383,0.3041393755826655,0.12298392743539169,0.7306333333333334,0.95133,0.22069666666666665,0.25997876006553206
LLLVTLLLLLIALLFSLLILI,13002300200220031032,000110011011001100000,LL-VT--LL-IA--FS-LI--,1728010000.0,376.747,-386.638,-9.89066,-64.8913,-64.3821,-64.8347,-60.4659,-225.041,-225.969,-225.04,-246.539,-375.543,4576.42,3654.82,3659.27,41.3623,0.000923933,-17.382,-11.0439,31.4716,-96.7061,-102.573,-96.7121,-68.538,488,211.811,-112.078,10.1313,22.4033,9.18061,4.67947,3.33144,-14.6251,-112.161,9.59437,21.5939,-11.0439,9.0604,4.61946,3.26338,-11.0954,3,-111.991,4.9514,18.4107,8.7309,3.96713,2.5414,design_658,-34.035,-3.9161999999999964,20.569999999999993,-5.860899999999987,0.4526000000000039,-0.929000000000002,-6.338100000000001,-921.5999999999999,5.1799,0.4497099999999996,3.992600000000003,0.7900400000000003,Left,0.028877500655060433,0.2309000000000001,0.6806099999999997,0.4497099999999996,0.04106999999999985,0.44033000000000017,0.39926000000000034,0.04924398529182287,0.1010577003869099,0.051813715095087025,0.42356666666666665,0.5552400000000001,0.13167333333333342,0.6177945932776249
LLLLTVLLYLLALLFSLLILI,103300200230020033022,000011011001101100000,LL--TV-LY--AL-FS--I--,1728010000.0,362.958,-370.97,-8.01168,-60.4659,-60.3964,-60.3964,-60.2872,-227.567,-227.734,-227.566,-249.687,-361.26,4626.24,3742.18,3635.22,46.7138,0.000374154,-17.3578,-9.64733,38.7021,-82.9371,-90.4872,-82.9442,-51.2853,483,162.201,-60.1652,52.7594,18.9734,9.31442,2.6473,1.93869,-14.1297,-60.38,53.0886,18.3584,-9.64733,9.32028,2.72395,2.02028,-9.7102,4,-62.2235,44.4998,23.3611,8.5,1.841,1.0085,design_625,-39.2019,-0.1092000000000013,21.953000000000003,-7.543000000000006,0.0,-0.16800000000000637,-7.710470000000001,-884.06,8.259599999999999,0.8144200000000001,-4.387699999999999,0.9301900000000001,Left,0.35497571706264813,0.0,0.8144200000000001,0.8144200000000001,0.5361100000000001,0.09734000000000016,0.43876999999999994,0.4448403346550421,0.5274597985827976,0.08261946392775549,0.16808333333333333,0.323115,0.15503166666666665,0.9416261693417163
LLLLFALTLLLVILYSLLILI,103300300220020033111,000011011001101100000,LL--FA-TL--VI-YS--ILI,1727990000.0,358.682,-378.967,-20.2843,-74.2597,-74.3676,-74.2509,-74.1471,-233.754,-233.37,-233.752,-249.734,-368.391,4597.21,3797.32,3668.44,45.9023,0.000429125,-17.3554,-10.5713,25.6179,-70.9527,-78.0096,-70.9595,-44.5107,479,10.291,-47.0358,95.7964,15.0645,10.0753,6.48789,6.42484,-15.3357,-46.9464,95.95,14.4372,-10.5713,10.2947,6.49521,6.43446,-10.5752,4,-35.7033,95.7567,20.7118,9.3829,4.78265,4.719,design_410,-33.498900000000006,-0.22050000000000125,16.364000000000004,-7.0501000000000005,-0.11669999999999447,0.382000000000005,-6.784099999999999,-799.8899999999999,0.039700000000010505,0.692400000000001,-5.6472999999999995,1.7058399999999994,Left,0.30552627249294656,0.8828999999999994,1.5753000000000004,0.692400000000001,0.27118000000000003,-0.2935499999999999,0.56473,0.9575549456045517,0.9579520583845813,0.00039711278002962924,0.7865000000000001,1.0708066666666667,0.2843066666666666,0.9376396809594145
LLLYALLFLLTSLLAVLLILI,13002300300230021022,000110011011001100000,LL-YA--FL-TS--AV-LI--,1728050000.0,361.565,-373.494,-11.9287,-75.9328,-77.8206,-75.8693,-74.2467,-223.541,-224.476,-223.535,-249.928,-363.481,4633.27,3762.62,3746.18,49.0167,0.000253574,-17.2834,-9.95531,37.0881,-74.02,-78.467,-74.0317,-39.3061,486,79.6152,-102.766,37.7844,22.6799,8.47981,7.01575,6.08252,-13.4388,-104.227,34.429,23.2277,-9.95531,8.60247,6.78197,5.79841,-10.0132,1,-105.509,30.472,24.2259,8.7657,6.44012,5.3972,design_1527,-39.1609,-3.5738999999999947,25.451999999999998,-4.435299999999998,-1.9513000000000034,-0.9410000000000025,-7.3280899999999995,-870.6500000000005,7.312399999999997,-0.2858900000000002,-1.5459999999999994,0.6853199999999999,Left,0.49530489253962356,0.2657000000000007,-0.020189999999999486,0.2858900000000002,0.62259,0.46799,0.15459999999999996,0.3045224843855655,0.37766725750113034,0.07314477311556483,0.8995333333333333,1.0137533333333333,0.11421999999999999,0.35217980966280216
LLLAWLLTILLSLLFVLLILI,13002300200220031032,000110011011001100000,LL-AW--TI-LS--FV-LI--,1728020000.0,378.967,-389.668,-10.7008,-72.7843,-76.5511,-72.7788,-74.2361,-224.762,-225.095,-224.752,-252.328,-381.257,4576.61,3801.82,3745.9,49.2152,0.000245214,-17.1739,-8.40348,38.5144,-92.1215,-96.7847,-92.1295,-54.6927,497,193.783,-106.125,10.2226,28.2224,9.60458,3.79881,2.45215,-10.4439,-106.919,8.4349,26.3181,-8.40348,9.2773,3.67658,2.3031,-8.41066,0,-106.919,8.4349,26.3181,9.2773,3.67658,2.3031,design_872,-42.092,-2.315000000000012,27.233000000000004,-4.655200000000008,-3.7723000000000013,-0.3429999999999893,-8.77042,-774.7899999999995,1.7876999999999992,0.32728,1.9042999999999992,0.1490499999999999,Left,0.5074006593259278,0.7773000000000003,1.1045800000000003,0.32728,0.8318100000000002,1.02224,0.19042999999999988,0.08408888124227282,0.10197095975256974,0.017882078510296925,0.38385,0.4086916666666667,0.02484166666666665,0.3798850621367286
LLLLLALVFLLWTLISLLILI,103300200220030033111,000011011001101100000,LL--LA-VF--WT-IS--ILI,1728040000.0,374.857,-384.862,-10.0053,-90.2706,-90.058,-90.229,-74.1783,-223.728,-228.882,-223.725,-250.837,-379.931,4561.27,3765.59,3751.84,49.2152,0.000245214,-17.073,-4.89527,39.2099,-70.8634,-78.0642,-70.8722,-54.9157,476,302.327,-42.8141,91.4281,19.0679,10.4753,5.26491,5.13634,-9.84042,-41.5835,88.5286,17.6328,-4.89527,10.4877,4.68889,4.51682,-4.93083,1,-37.5659,92.5048,21.0457,9.5,4.62303,4.5106,design_1138,-23.1485,-15.879700000000014,21.954999999999984,-7.191999999999993,0.17099999999999227,-5.157000000000011,-12.17773,-795.6800000000003,-1.0767000000000024,0.9753000000000007,-1.9777999999999984,0.6257399999999995,Left,0.5074006593259278,1.0,1.9753000000000007,0.9753000000000007,0.30457,0.10679000000000016,0.19777999999999984,0.9250267075849542,0.9142566488882843,0.010770058696669915,0.7517666666666667,0.8560566666666666,0.10428999999999988,1.000659490868063
LLLVALLLILLTLLFSLLILI,13002300200330021022,000110011011001100000,LL-VA--LI-LT--FS-LI--,1728030000.0,377.151,-395.422,-18.2705,-74.1934,-74.2718,-74.1954,-74.2698,-230.178,-230.192,-230.176,-246.647,-386.129,4552.51,3739.0,3682.63,41.3623,0.000923933,-16.8317,-9.2991,23.0918,-91.0505,-98.4968,-91.0563,-65.2117,475,302.327,-111.7,22.5456,29.6284,9.39969,6.2987,5.13688,-12.156,-111.438,21.2513,28.8456,-9.2991,9.5312,6.08467,4.90343,-9.29335,4,-110.668,10.7585,28.0,9.2344,4.55252,3.2139,design_1033,-33.2851,-0.001999999999995339,16.454999999999984,-7.4405,-0.07639999999999247,-0.016000000000019554,-7.532600000000002,-813.5100000000002,11.7871,0.16528999999999883,1.6283999999999992,1.9229799999999995,Left,0.028877500655060433,0.7344000000000008,0.8996899999999997,0.16528999999999883,1.0,1.1628399999999999,0.16283999999999987,0.10733148214092803,0.22523596701463217,0.11790448487370414,0.5356500000000001,0.8561466666666666,0.32049666666666654,0.41286466377952163
LLLYALLFLLTSLLLSLLILI,13002200200230031032,000110011011001100000,LL-YA--FL-TS--LS-LI--,1727980000.0,377.883,-387.063,-9.18004,-93.3477,-92.5,-93.3524,-89.5547,-226.021,-226.102,-226.015,-253.42,-384.15,4674.3,3722.78,3764.86,54.0485,0.000108386,-16.8181,-2.91839,44.8684,-67.6941,-82.3666,-67.701,-41.1751,475,46.6879,-102.193,27.4825,26.218,8.63246,5.5391,4.45134,-7.30381,-99.9057,26.8756,28.0,-2.91839,8.5,5.11407,4.0172,-2.91326,0,-99.9057,26.8756,28.0,8.5,5.11407,4.0172,design_271,-41.191500000000005,-2.945300000000003,27.317999999999984,-14.665600000000012,0.8524000000000029,-0.08700000000001751,-13.89971,-951.52,0.6069000000000031,0.13246000000000002,-1.782,0.4341400000000002,Left,0.8019219167981863,0.0,0.13246000000000002,0.13246000000000002,1.0,0.8218,0.17820000000000003,0.2685482677080291,0.27461899179366944,0.0060707240856403555,0.6695333333333333,0.74189,0.07235666666666674,0.23360914473118366
LLLLWYLASLLTVLFLLLILI,103300200320030023012,000011011001101100000,LL--WY-AS--TV-FL--IL-,1727990000.0,365.904,-374.323,-8.41961,-90.5054,-88.8466,-90.4417,-74.1901,-229.928,-231.739,-229.925,-252.182,-365.816,4652.85,3825.78,3830.89,54.5667,9.93017e-05,-16.7786,-8.4503,46.1471,-53.8898,-62.0085,-53.8995,-39.4438,481,51.0312,-51.2476,57.4434,29.7606,10.1197,1.94201,1.30366,-13.3023,-51.378,53.9401,29.3777,-8.4503,10.0693,1.48861,0.797716,-8.50732,4,-47.8829,56.4851,28.0,9.5,1.30792,0.6552,design_487,-22.564699999999995,-14.656499999999994,20.442999999999984,-8.108999999999995,1.5951000000000022,-1.813999999999993,-8.3283,-827.0700000000002,0.9582999999999942,0.6196999999999999,1.7606000000000002,0.64846,Left,0.833498875733515,1.0,1.6197,0.6196999999999999,1.0,1.17606,0.1760600000000001,0.5647273825766519,0.5743131049217978,0.009585722345145875,0.1092,0.21727666666666667,0.10807666666666667,0.6532975321786053
LLLYFLLAVLTSLLLSLLILI,13002200200330021032,000110011011001100000,LL-YF--AV-TS--LS-LI--,1727980000.0,369.054,-389.377,-20.3232,-91.5652,-91.0955,-91.5144,-89.6921,-227.032,-226.765,-227.03,-252.052,-377.097,4659.02,3715.85,3670.33,52.9973,0.000129447,-16.6688,-12.2336,32.6741,-70.7798,-75.9052,-70.7866,-35.3529,488,39.0787,-106.218,22.9903,24.477,8.86064,5.53646,4.38131,-16.6187,-106.858,22.6318,24.1057,-12.2336,8.80616,5.58393,4.42341,-12.2802,4,-102.356,20.1014,18.4872,9.3338,4.56708,3.3686,design_12,-40.552299999999995,-1.4034000000000049,25.287000000000006,-5.1185999999999865,0.4188999999999936,0.2650000000000148,-4.435200000000002,-943.1700000000005,2.8888999999999996,-0.47316,5.989799999999999,1.0127100000000002,Left,0.7378661483056786,0.8338000000000001,0.36064000000000007,0.47316,0.04872000000000014,0.6477,0.59898,0.20078702351467817,0.2296842303214113,0.028897206806733133,0.5614333333333333,0.7302183333333333,0.16878499999999996,0.782292049548141
LLLLTLLAVLLSLLFILLILI,13002200200320031032,000110011011001100000,LL-LT--AV-LS--FI-LI--,1727980000.0,381.281,-383.878,-2.59698,-64.7347,-65.2849,-64.672,-60.5377,-225.355,-227.701,-225.354,-246.52,-377.154,4575.14,3745.74,3764.32,41.3623,0.000923933,-16.586,-6.66623,38.7653,-93.7883,-100.754,-93.7942,-70.096,466,361.194,-108.404,28.0196,21.0633,9.24517,6.54326,5.46355,-11.8852,-110.235,22.1813,19.9467,-6.66623,9.44212,6.02965,4.86237,-6.72412,1,-111.087,18.1388,20.7952,9.3778,5.61172,4.3838,design_210,-30.658,-4.747199999999992,18.819000000000017,-6.959800000000001,-0.6128999999999962,-2.34699999999998,-9.91977,-829.4000000000005,9.8808,-0.1326300000000007,0.26810000000000045,1.0797499999999998,Left,0.028877500655060433,0.8778000000000006,0.7451699999999999,0.1326300000000007,0.2795200000000001,0.30633000000000016,0.026810000000000056,0.18115544814727383,0.27999151759099583,0.098836069443722,0.7306333333333334,0.9105916666666666,0.17995833333333322,0.24589238166156246
LLLLTLLFALISLLLVLLILI,13002200200330021032,000110011011001100000,LL-LT--FA-IS--LV-LI--,1728070000.0,384.529,-370.607,13.9214,-64.9483,-64.2822,-64.886,-60.5631,-222.036,-224.469,-222.035,-245.144,-375.775,4555.41,3677.38,3647.02,41.3623,0.000923933,-16.3321,5.22522,55.2836,-83.6229,-103.356,-83.6289,-70.0678,443,276.595,-110.063,15.1511,22.3461,9.28725,5.05481,3.78208,0.704228,-108.598,14.3818,19.7751,5.22522,9.26812,4.73122,3.44694,5.16776,1,-106.762,15.8002,18.0,9.3326,4.6474,3.3844,design_1836,-33.28819999999999,-3.7191000000000045,20.67500000000001,-19.727099999999993,0.6037999999999926,-2.4339999999999975,-21.55732,-878.0299999999997,-0.6491000000000007,-0.04534999999999911,4.3461,0.39768000000000026,Left,0.028877500655060433,0.8325999999999993,0.7872500000000002,0.04534999999999911,0.0,0.43461,0.43461,0.1577628046365168,0.15126996066882994,0.0064928439676868455,0.5640666666666666,0.6303466666666667,0.06628000000000012,0.4420154635561845
LLLLALLLFVLTLLLSILILI,102300320030032003102,000011001101100110000,LL--AL--FV-TL--SI-IL-,1728070000.0,377.144,-389.065,-11.921,-74.2026,-74.2578,-74.1974,-74.2368,-228.554,-231.819,-228.551,-246.722,-383.035,4558.36,3698.93,3623.37,41.3623,0.000923933,-16.2175,-6.02682,29.4413,-86.3079,-93.1762,-86.314,-62.0768,471,193.783,-13.4283,103.138,26.9965,9.65802,2.43783,2.48489,-10.9699,-13.4709,99.9316,26.4003,-6.02682,9.69044,2.01141,2.01038,-6.02922,2,-14.8026,90.5967,24.8541,9.1766,0.95095,0.8099,design_1924,-31.099399999999996,-0.021000000000000796,14.90300000000002,-6.862200000000001,-0.06040000000000134,-3.2680000000000007,-10.19068,-859.4299999999998,12.541300000000007,0.48141999999999996,2.142400000000002,1.6749900000000002,Left,0.028877500655060433,0.6766000000000005,1.1580200000000005,0.48141999999999996,0.6854099999999999,0.8996500000000001,0.2142400000000002,0.9059402870415197,1.0313889144517043,0.1254486274101846,0.13498333333333332,0.41414833333333334,0.279165,0.6093721763783603
LLLLVLLLILATLLFSLLILI,023002200200230031031,000110011011001100000,L--LV--LI-AT--FS-LI-I,1728040000.0,373.533,-390.746,-17.213,-74.2698,-74.3124,-74.2178,-74.2698,-228.229,-229.796,-228.229,-246.211,-383.504,4545.3,3760.69,3716.93,41.3623,0.000923933,-16.1528,-7.19689,24.1492,-88.2477,-95.5481,-88.2537,-63.023,491,87.0218,-116.126,14.3211,21.1002,10.0036,5.85219,4.567,-14.5555,-116.454,12.5597,24.2103,-7.19689,9.91111,5.66362,4.35202,-7.24273,4,-115.621,1.0966,26.2444,9.5,3.99125,2.5077,design_1289,-32.5251,-0.04259999999999309,16.41500000000002,-7.29440000000001,-0.0945999999999998,-1.5669999999999789,-8.95591,-784.6100000000001,13.224499999999999,0.5036000000000005,-5.144199999999998,2.0593000000000004,Left,0.028877500655060433,1.0,1.5036000000000005,0.5036000000000005,0.8244399999999998,0.3100200000000001,0.5144199999999998,0.010685034549812147,0.142967602799195,0.13228256824938284,0.41795,0.7611666666666667,0.34321666666666667,0.8084165105565513
LLLLTLLAVLLFLLASLLILI,13002200200230031032,000110011011001100000,LL-LT--AV-LF--AS-LI--,1728050000.0,368.675,-377.947,-9.27123,-63.9119,-65.2697,-63.7909,-60.4659,-222.161,-225.03,-222.16,-242.476,-368.045,4574.58,3691.78,3682.74,44.4768,0.00054596,-16.1127,-9.79121,35.2055,-91.8743,-93.8577,-91.8853,-65.103,480,193.783,-111.718,19.4748,21.0885,9.07781,5.88681,4.67893,-13.2598,-110.644,17.733,21.8224,-9.79121,8.91657,5.4905,4.25649,-9.90209,3,-112.029,10.1635,22.1507,8.7264,4.67645,3.3289,design_1617,-28.7547,-4.8038000000000025,17.445999999999998,-1.9723999999999933,-1.4787999999999997,-2.8700000000000045,-6.321490000000001,-882.7999999999997,9.311299999999997,0.35140999999999956,-1.0622000000000007,1.3500300000000003,Left,0.21866221428701998,0.22639999999999993,0.5778099999999995,0.35140999999999956,0.41507000000000005,0.30884999999999996,0.10622000000000009,0.10137979186088851,0.19451924346514407,0.09313945160425556,0.5548166666666666,0.7798216666666667,0.22500500000000012,0.4405381753834067
LLLAFLLTVLILLLFSLLILI,13002200200230032031,000110011011001100000,LL-AF--TV-IL--FS--I-I,1728010000.0,357.184,-372.95,-15.7655,-74.1754,-74.1699,-74.1699,-74.1522,-227.793,-231.265,-227.786,-248.456,-363.907,4630.8,3762.05,3681.68,45.9023,0.000429125,-16.0882,-9.03678,30.1368,-70.9812,-74.5605,-70.9877,-41.2988,495,29.9257,-107.156,12.4081,22.2111,9.89087,4.24852,2.93464,-12.0244,-105.966,8.43948,23.9582,-9.03678,9.9661,3.53419,2.16079,-9.04247,3,-99.446,8.2093,18.0,9.2776,2.52516,1.1483,design_639,-33.261700000000005,-0.017700000000004934,17.191000000000003,-3.572800000000001,0.0,-3.478999999999985,-7.05142,-868.75,4.1987999999999985,0.61327,4.211099999999998,1.7863399999999998,Left,0.30552627249294656,0.7775999999999996,1.3908699999999996,0.61327,0.0,0.4211099999999998,0.4211099999999998,0.08183224035626119,0.12383216833580737,0.04199992797954619,0.19138333333333335,0.48910666666666663,0.2977233333333333,0.8023944803906604
LLLLLALVYLLTSLIFLLILI,102300200130030013102,000011011001101100000,LL--LA-VYL-TS-IFL-IL-,1728070000.0,367.51,-376.006,-8.4959,-77.899,-78.8499,-77.883,-74.2151,-219.18,-219.904,-219.178,-248.845,-369.739,4545.32,3565.12,3494.57,45.9023,0.000429125,-16.0303,-6.25442,37.4064,-78.926,-87.015,-78.9325,-46.6792,482,124.21,-7.67101,100.567,23.4987,8.58393,1.22723,1.23574,-11.5786,-7.06267,100.0,24.3247,-6.25442,8.5,1.0594,1.0594,-6.26641,0,-7.06267,100.0,24.3247,8.5,1.0594,1.0594,design_1886,-40.3358,-4.6347999999999985,28.941000000000003,-8.082499999999996,-0.9669000000000096,-0.7259999999999991,-9.77588,-980.1999999999998,0.5669999999999931,0.0839300000000005,-0.8260000000000005,0.17634000000000016,Left,0.30552627249294656,0.0,0.0839300000000005,0.0839300000000005,0.63247,0.54987,0.0826,1.0,1.0056716107374493,0.005671610737449262,0.17656666666666665,0.20595666666666668,0.029390000000000027,0.12150285662632479
LLLLVLLLFILWTLLSYLILI,103300220020021003012,000011001101100110000,LL--VL--FI-WT-LSY-IL-,1727980000.0,368.645,-390.435,-21.7899,-89.3995,-90.1481,-89.3553,-74.1761,-231.518,-233.689,-231.518,-258.079,-379.032,4628.93,3864.01,3776.4,55.5557,8.40245e-05,-15.9763,-11.3638,33.7658,-69.518,-71.1707,-69.5225,-46.7767,529,5.52122,-44.0779,86.5241,20.0898,10.4063,4.79245,4.59031,-14.1115,-44.9177,84.7677,20.6918,-11.3638,10.472,4.68129,4.45281,-11.4034,1,-41.837,84.6637,22.9121,9.2767,4.20514,3.9751,design_43,-24.394,-15.971999999999994,24.390000000000015,-1.6482000000000028,-0.7927999999999997,-2.1709999999999923,-4.612500000000001,-764.9200000000001,1.8603999999999985,1.1296,-2.8222999999999985,0.6152099999999998,Left,0.8937644341801385,0.7767,1.9062999999999999,1.1296,0.49120999999999987,0.20898000000000003,0.28222999999999987,0.84659343253484,0.8652027175717905,0.018609285036950474,0.6625166666666666,0.7650516666666666,0.10253499999999993,1.1689780428282588
LLLLWVLTSLLFILALLLILI,103300200230020033012,000011011001101100000,LL--WV-TS--FI-AL--IL-,1728020000.0,380.129,-386.456,-6.32696,-90.2461,-90.2865,-90.1922,-74.2386,-228.332,-229.45,-228.331,-249.195,-378.682,4596.77,3747.91,3823.04,49.2152,0.000245214,-15.9242,-7.72709,42.8882,-67.8771,-74.8694,-67.8859,-55.248,490,302.327,-50.4839,61.9417,32.2819,9.84833,2.43471,1.86384,-13.6488,-50.8753,59.8329,32.9595,-7.72709,9.87446,2.20874,1.60623,-7.77354,4,-49.6305,57.5142,27.2769,9.5,1.70899,1.0717,design_949,-19.6214,-16.0479,19.745000000000005,-6.983499999999992,-0.09430000000000405,-1.1189999999999998,-8.197110000000002,-848.8600000000006,4.427499999999995,0.3483300000000007,5.004999999999999,0.7921399999999998,Left,0.5074006593259278,1.0,1.3483300000000007,0.3483300000000007,0.9276900000000001,1.42819,0.5005,0.5750213060509185,0.6193088837229773,0.04428757767205882,0.17861666666666667,0.31063999999999997,0.1320233333333333,0.6254802866441943
LLLLWFLTSLLVALILLLILI,103300200230020033012,000011011001101100000,LL--WF-TS--VA-IL--IL-,1728020000.0,379.616,-381.426,-1.81033,-88.27,-90.1773,-88.2164,-74.361,-224.556,-226.611,-224.553,-248.705,-376.328,4598.53,3847.93,3846.8,49.2152,0.000245214,-15.8253,-5.051,47.4049,-68.6005,-75.3645,-68.609,-53.2618,516,11.2484,-50.8753,59.8329,32.9595,9.87446,2.20874,1.60623,-8.36879,-48.9056,60.1228,31.3132,-5.051,9.77548,1.95242,1.35426,-5.09845,3,-49.6305,57.5142,27.2769,9.5,1.70899,1.0717,design_949,-22.102700000000006,-15.816299999999998,22.094000000000023,-6.755500000000012,-1.9609000000000094,-2.0579999999999927,-10.7743,-750.5999999999999,2.3186999999999998,0.3744599999999991,5.682599999999997,0.53453,Left,0.5074006593259278,1.0,1.3744599999999991,0.3744599999999991,0.9276900000000001,1.49595,0.5682599999999998,0.5750213060509185,0.5982148930296205,0.023193586978701997,0.17861666666666667,0.267705,0.08908833333333335,0.6867418676715792
LLLLLALLYVLTFLLSLLILI,102300320030023003102,000011001101100110000,LL--LA--YV-TF--SL-IL-,1728050000.0,364.932,-385.645,-20.7133,-72.699,-74.2227,-72.6808,-74.1796,-233.082,-234.642,-233.081,-248.971,-373.015,4568.87,3680.38,3621.89,46.7138,0.000374154,-15.7619,-12.6179,26.0005,-79.864,-79.9125,-79.8711,-49.864,510,46.6879,-6.65118,113.519,19.3139,9.6796,2.82274,3.02552,-18.031,-6.30489,112.831,20.0123,-12.6179,9.37711,2.67785,2.87031,-12.63,3,-8.97767,97.003,18.6528,9.1809,0.942055,0.8971,design_1477,-30.048499999999997,-0.043100000000009686,14.329000000000008,-0.041399999999995885,-1.5418999999999983,-1.561000000000007,-3.144,-888.4899999999998,16.516000000000005,0.49870000000000125,0.6611000000000011,2.12842,Left,0.35497571706264813,0.6808999999999994,1.1796000000000006,0.49870000000000125,0.06527999999999992,0.13139000000000003,0.06611000000000011,0.970021486102053,1.1352284048669823,0.16520691876492932,0.14951666666666666,0.5042533333333333,0.3547366666666667,0.6373410788467828
LLLLTLLAILVALLFSLLILI,13002300200220031032,000110011011001100000,LL-LT--AI-VA--FS-LI--,1728010000.0,364.806,-372.832,-8.02624,-65.2551,-64.772,-65.1357,-60.4659,-223.332,-221.926,-223.331,-242.403,-363.613,4514.53,3661.69,3676.83,43.6652,0.000626172,-15.6921,-9.11002,35.639,-84.2452,-92.6068,-84.2558,-60.7441,484,302.327,-112.161,9.59437,21.5939,9.0604,4.61946,3.26338,-13.585,-112.453,10.8186,20.8575,-9.11002,9.00773,4.82852,3.49079,-9.21961,2,-111.991,4.9514,18.4107,8.7309,3.96713,2.5414,design_658,-31.862700000000004,-4.306100000000008,20.477000000000004,-8.351000000000013,0.36369999999999436,1.4050000000000011,-6.5820799999999995,-852.8399999999997,4.64297,0.32949999999999946,3.183200000000003,0.7219800000000003,Left,0.16920667613203583,0.2309000000000001,0.5603999999999996,0.32949999999999946,0.04106999999999985,0.35939000000000015,0.3183200000000003,0.04924398529182287,0.0956868750725206,0.04644288978069774,0.42356666666666665,0.5438966666666667,0.12033000000000005,0.47595600984879044
LLLLVLLLAILWTLLSFLILI,103300220020032003011,000011001101100110000,LL--VL--AI-WT--SF-ILI,1728050000.0,371.637,-391.016,-19.3792,-89.0926,-89.3656,-89.0036,-74.1761,-227.892,-231.614,-227.892,-250.942,-382.851,4516.19,3908.81,3842.99,49.2152,0.000245214,-15.6279,-8.08512,29.836,-74.0311,-77.4991,-74.0397,-57.7321,469,95.1175,-42.3352,83.9285,18.1955,10.4846,4.18063,3.93955,-10.9886,-43.2241,80.1418,18.0859,-8.08512,10.5566,3.80275,3.50488,-8.16552,4,-43.1233,72.8634,21.7001,9.4777,2.80505,2.398,design_1424,-19.766999999999996,-15.189499999999995,19.328000000000003,-3.4594000000000023,-0.36199999999999477,-3.7220000000000084,-7.5427800000000005,-607.3799999999997,11.065100000000001,1.0069,-3.5046,1.54155,Left,0.5074006593259278,0.9777000000000005,1.9846000000000004,1.0069,0.3700099999999999,0.01954999999999991,0.35046,0.7285569101624861,0.8392393439736885,0.11068243381120235,0.39966666666666667,0.6565916666666667,0.256925,1.1022390296026408
LLLYALLFVLTALLLSLLILI,13002200200230032031,000110011011001100000,LL-YA--FV-TA--LS--I-I,1728010000.0,354.527,-341.784,12.7432,-74.1905,-74.2155,-74.1259,-74.2121,-224.669,-227.2,-224.664,-249.839,-363.628,4628.75,3752.72,3717.17,49.0167,0.000253574,-15.4254,21.9016,61.7599,-42.9243,-77.6376,-42.9361,-39.5767,477,42.7142,-104.266,32.1351,23.4961,8.82657,6.47818,5.46021,19.1255,-100.448,32.6281,21.6221,21.9016,9.20953,5.97197,4.96139,21.8437,3,-94.4359,33.6128,20.531,9.417,5.20311,4.2073,design_630,-38.060900000000004,-0.0033999999999991815,22.63900000000001,-34.7015,-0.08960000000000434,-2.5360000000000014,-37.327,-876.0300000000002,-1.4776999999999987,-0.5904299999999996,2.9650999999999996,1.25291,Left,0.49530489253962356,0.9169999999999998,0.32657000000000025,0.5904299999999996,0.2530999999999999,0.5496099999999998,0.29650999999999994,0.33593940679152884,0.32115820893133656,0.014781197860192274,0.7012166666666667,0.910035,0.20881833333333333,0.6930723953140052
LLLLVTLLAILTSLLFLLILI,102300320030032003102,000011001101100110000,LL--VT--AI-TS--FL-IL-,1728040000.0,378.27,-378.704,-0.434175,-81.6707,-84.8121,-81.6174,-74.3279,-214.644,-217.232,-214.643,-245.813,-377.629,4492.26,3612.09,3594.71,48.2425,0.000289003,-15.3458,-1.02673,47.8083,-82.3896,-90.9313,-82.3958,-57.4883,499,42.7142,-13.6054,91.1132,17.0845,8.7878,0.841092,0.70779,-6.68607,-13.9819,87.5397,16.5951,-1.02673,9.02708,0.415143,0.228238,-1.07489,2,-13.5222,92.4031,18.0,9.2289,1.00275,0.8888,design_1105,-33.44299999999999,-10.484200000000001,28.58099999999999,-8.535499999999999,-3.1946999999999974,-2.5889999999999986,-14.31907,-880.1700000000001,-1.2898999999999887,-0.4410999999999987,-0.9155000000000015,-0.18101,Left,0.44812835528039635,0.7288999999999994,0.2878000000000007,0.4410999999999987,0.0,-0.09155000000000016,0.09155000000000016,0.9240094186749036,0.9111067543182264,0.012902664356677196,0.14813333333333334,0.117965,0.03016833333333334,0.4516937232059032
LLLYALLFLLTSLLFLLLILI,13002200200330021032,000110011011001100000,LL-YA--FL-TS--FL-LI--,1728000000.0,359.518,-325.226,34.2917,-77.8102,-77.2012,-77.8021,-74.2467,-227.593,-228.203,-227.586,-256.411,-361.904,4755.74,3698.07,3680.85,52.305,0.000145505,-15.3149,36.6855,86.5967,-19.8226,-71.8141,-19.83,-31.2464,496,29.9257,-103.968,25.7866,22.9186,8.74812,5.57634,4.46314,35.3715,-101.418,26.0138,19.6683,36.6855,8.5316,5.22449,4.1147,36.6776,0,-101.418,26.0138,19.6683,8.5316,5.22449,4.1147,design_595,-40.567699999999995,-2.954499999999996,28.208,-51.9841,0.6008999999999958,-0.6169999999999902,-52.0004,-1057.6699999999996,-0.22719999999999985,0.21652000000000093,3.250300000000003,0.3484400000000001,Left,0.6956802573930423,0.031599999999999184,0.24812000000000012,0.21652000000000093,0.16682999999999987,0.49186000000000013,0.32503000000000026,0.25992781950073823,0.2576551740694357,0.0022726454313025113,0.6857833333333333,0.7438566666666667,0.05807333333333342,0.39484565118752596
LLLFALLLILTVLLLSLLILI,13002200300230031022,000110011011001100000,LL-FA--LI-TV--LS-LI--,1728020000.0,376.08,-388.911,-12.8311,-74.2473,-74.2491,-74.2491,-74.2473,-229.398,-231.575,-229.395,-247.184,-382.471,4579.43,3752.92,3697.66,41.3623,0.000923933,-15.2228,-6.44472,28.5311,-85.2657,-91.8698,-85.2719,-61.0401,478,471.669,-106.609,44.4051,20.8863,10.0015,8.48606,7.65214,-11.0963,-104.841,43.1828,22.4902,-6.44472,9.67955,8.05589,7.20363,-6.44003,4,-103.669,33.0404,19.8474,9.4595,6.51079,5.5064,design_804,-30.829699999999995,-0.0018000000000029104,15.609000000000009,-6.597899999999996,0.0,-2.1799999999999784,-8.77808,-826.5100000000002,11.3647,0.5419999999999998,1.0388999999999982,2.14574,Left,0.028877500655060433,0.9595000000000002,1.5015,0.5419999999999998,0.18474000000000004,0.28862999999999983,0.10388999999999979,0.3302137807137227,0.4438930656306391,0.11367928491691642,0.9177333333333334,1.2753566666666667,0.3576233333333333,0.66736388909175
LLLLAILLLLLFVLTSLLILI,103300300320020023022,000011011001101100000,LL--AI-LL--FV-TS--I--,1728040000.0,377.161,-391.605,-14.4438,-74.3317,-74.3235,-74.3235,-74.2434,-227.447,-229.51,-227.445,-246.658,-384.942,4529.3,3730.56,3609.21,41.3623,0.000923933,-15.215,-6.65831,26.9184,-89.8261,-96.3232,-89.832,-64.0408,463,394.796,-56.7481,60.308,16.3835,9.61127,3.15379,2.55841,-12.5045,-57.0513,58.5116,17.0138,-6.65831,9.55291,2.95677,2.33444,-6.66313,4,-60.2062,44.9178,21.5124,9.5,1.59483,0.7686,design_1143,-32.282399999999996,-0.08010000000000161,17.147999999999996,-6.491200000000006,0.0,-2.0649999999999977,-8.55669,-798.7400000000002,15.3902,0.11126999999999931,-5.128899999999998,1.78981,Left,0.028877500655060433,1.0,1.1112699999999993,0.11126999999999931,0.35123999999999994,-0.16164999999999985,0.5128899999999998,0.4490215221122799,0.602967242696926,0.15394572058464612,0.1281,0.4264016666666666,0.29830166666666663,0.6229930450835199
LLLLVALLLLLTSLLYFLILI,102300230030032003102,000011001101100110000,LL--VA--LL-TS--YF-IL-,1727980000.0,368.689,-374.314,-5.62514,-75.1605,-77.834,-75.1497,-74.2676,-220.707,-222.896,-220.705,-249.533,-372.449,4614.54,3615.59,3644.25,46.7138,0.000374154,-15.1134,-1.85852,41.0886,-78.446,-86.8326,-78.4529,-48.6485,473,3.86818,-9.06439,102.312,18.04,8.6606,1.67176,1.70643,-5.00973,-10.5725,97.1575,18.3939,-1.85852,8.9878,1.20214,1.1595,-1.8652,0,-10.5725,97.1575,18.3939,8.9878,1.20214,1.1595,design_257,-38.1841,-3.5664000000000016,26.637,-8.3797,-2.6843000000000075,-2.190999999999974,-13.25488,-998.9499999999998,5.154499999999999,-0.3271999999999995,-0.35389999999999944,0.5469299999999999,Left,0.35497571706264813,0.4878,0.16060000000000052,0.3271999999999995,0.039389999999999856,0.003999999999999915,0.03538999999999994,0.9715669250067019,1.0231265679452966,0.05155964293859461,0.19325,0.28440499999999996,0.09115499999999996,0.34536925587688755
LLLLYLLLAVLTSLLFLLILI,102300330020023003102,000011001101100110000,LL--YL--AV-TS--FL-IL-,1728040000.0,370.525,-374.616,-4.09067,-79.3003,-79.4912,-79.2374,-74.3702,-221.002,-221.752,-221.0,-248.5,-370.324,4586.41,3606.36,3618.89,46.7138,0.000374154,-15.0648,-4.23456,42.6231,-74.3139,-84.1454,-74.3206,-47.4529,478,27.3786,-13.3908,93.1244,18.505,8.7775,1.08042,0.977284,-13.651,-14.5956,89.3307,16.8414,-4.23456,8.84007,0.748979,0.588939,-4.29222,1,-16.125,86.6983,18.1241,8.7035,0.623025,0.4235,design_1249,-36.692499999999995,-5.121000000000009,26.74799999999999,-9.824799999999996,-0.25380000000001246,-0.7520000000000095,-10.83024,-980.0499999999997,6.426099999999991,0.07399999999999984,0.38090000000000046,0.553784,Left,0.35497571706264813,0.20350000000000001,0.27749999999999986,0.07399999999999984,0.012409999999999855,0.0504999999999999,0.03809000000000004,0.8669452124403331,0.9312244677488406,0.06427925530850753,0.07058333333333333,0.16288066666666667,0.09229733333333334,0.1399195072299096
LLLLVILLLTLWALLSFLILI,103300320020022003011,000011001101100110000,LL--VI--LT-WA--SF-ILI,1728000000.0,372.065,-389.561,-17.4962,-87.1327,-88.0875,-87.041,-74.341,-231.982,-229.945,-231.982,-249.85,-380.085,4501.37,3832.72,3748.66,49.2152,0.000245214,-15.0581,-9.39314,31.719,-70.4471,-77.1112,-70.4557,-55.8946,476,148.395,-48.9964,68.3087,16.4636,10.4515,3.07114,2.59577,-14.3985,-49.3075,69.1351,18.3141,-9.39314,10.4825,3.22937,2.76639,-9.47609,3,-45.1707,65.2553,20.2707,9.4093,2.08507,1.5639,design_531,-21.2166,-13.746500000000012,19.905,-6.6555000000000035,-1.0465000000000089,2.037000000000006,-5.664959999999999,-668.6500000000001,3.0533999999999963,1.0421999999999993,-3.807100000000002,1.0318699999999998,Left,0.5074006593259278,0.9093,1.9514999999999993,1.0421999999999993,0.22707000000000016,-0.15364000000000005,0.3807100000000002,0.6524542970203538,0.6829969711398037,0.030542674119449886,0.26065,0.43262833333333334,0.17197833333333334,1.1232231951747065
LLLLYTLVALLLILFSLLILI,103300300220030023022,000011011001101100000,LL--YT-VA--LI-FS--I--,1727990000.0,359.543,-342.446,17.0968,-77.131,-76.0885,-77.0687,-60.4607,-227.651,-224.406,-227.65,-248.443,-362.522,4585.23,3766.15,3749.55,45.9023,0.000429125,-15.0197,20.1336,62.9991,-37.6637,-77.0473,-37.6703,-53.6182,471,276.595,-67.821,36.0174,19.5371,10.1246,1.5355,0.575757,-1.5367,-68.6506,36.8069,21.7442,20.1336,10.2047,1.76653,0.818632,20.0763,1,-66.6718,35.4822,26.0516,9.1567,1.29087,0.3231,design_351,-23.429100000000005,-15.627799999999993,24.037000000000006,-39.37700000000001,0.9802000000000106,3.2439999999999998,-35.1533,-819.0799999999995,0.5352000000000032,0.9678999999999984,-6.514500000000002,0.25265699999999996,Left,0.30552627249294656,0.6567000000000007,1.6245999999999992,0.9678999999999984,0.8051600000000001,0.15370999999999987,0.6514500000000002,0.35463871739574043,0.35999223779553396,0.005353520399793532,0.05385,0.09595949999999999,0.04210949999999999,1.1674842108872043
LLLYALLFLLTSLLLVLLILI,13002300200230021032,000110011011001100000,LL-YA--FL-TS--LV-LI--,1728010000.0,371.966,-384.902,-12.9369,-74.6801,-74.5132,-74.6722,-74.2467,-227.839,-225.987,-227.833,-253.994,-373.448,4693.82,3799.18,3753.64,46.7138,0.000374154,-14.9585,-11.4473,33.7769,-82.3836,-87.9063,-82.3904,-45.2076,499,87.0218,-102.134,39.0232,24.5182,8.80806,7.08821,6.17356,-14.5933,-101.527,40.6946,24.9559,-11.4473,8.75599,7.22287,6.33329,-11.4544,2,-100.002,39.4203,22.1566,9.0669,6.8221,5.9134,design_704,-42.6987,-0.2664999999999935,28.007000000000005,-5.515900000000002,0.15900000000000603,1.8460000000000036,-3.5112000000000005,-894.6399999999999,-0.3970999999999947,-0.25884000000000107,2.3615999999999993,0.26015999999999995,Left,0.35497571706264813,0.5669000000000004,0.30805999999999933,0.25884000000000107,0.4156600000000001,0.6518200000000001,0.23615999999999998,0.3940309047769567,0.39005877669258077,0.003972128084375914,0.9855666666666667,1.0289266666666668,0.043360000000000065,0.3530801022452543
LLLLAVLLFLLWTLLSYLILI,103300220030032003011,000011001101100110000,LL--AV--FL-WT--SY-ILI,1728050000.0,361.219,-378.613,-17.3934,-90.0969,-90.2926,-90.0502,-74.1783,-226.664,-230.458,-226.659,-254.55,-371.213,4625.89,3961.02,3795.88,54.5667,9.93017e-05,-14.8991,-7.35756,37.1733,-61.8517,-65.3614,-61.8613,-42.4852,480,231.516,-46.9666,68.4181,20.6872,10.4146,2.78142,2.3077,-11.1244,-48.1684,63.6074,19.6593,-7.35756,10.4485,2.31227,1.76638,-7.39947,3,-42.3329,70.2618,19.39,9.5,2.33527,1.8892,design_1354,-22.876200000000004,-16.1143,24.092000000000013,-3.5001000000000033,-0.2423999999999893,-3.7990000000000066,-7.54154,-664.8700000000003,-1.8436999999999983,0.9146000000000001,1.2972000000000001,0.4185000000000001,Left,0.833498875733515,1.0,1.9146,0.9146000000000001,0.13900000000000007,0.26872000000000007,0.12972,0.7025335195195435,0.6840912819240663,0.01844223759547714,0.3148666666666667,0.38461666666666666,0.06974999999999998,0.9265665745252891
LLLLVLLLATLWFLLSILILI,103300220020032003011,000011001101100110000,LL--VL--AT-WF--SI-ILI,1728050000.0,373.375,-391.074,-17.6992,-89.2584,-89.0228,-89.1689,-74.238,-225.564,-228.144,-225.564,-250.962,-381.446,4537.52,3919.8,3778.66,49.2152,0.000245214,-14.8643,-9.54725,31.516,-76.2521,-79.1431,-76.2603,-56.2454,488,51.0312,-43.2241,80.1418,18.0859,10.5566,3.80275,3.50488,-12.7777,-43.7163,77.7786,18.2497,-9.54725,10.5599,3.55755,3.22423,-9.62861,3,-43.1233,72.8634,21.7001,9.4777,2.80505,2.398,design_1424,-22.897700000000007,-14.784800000000004,22.817999999999984,-2.882800000000003,0.1460999999999899,-2.5800000000000125,-5.31705,-617.7200000000003,7.278400000000005,1.078899999999999,-3.6142000000000003,1.1068799999999999,Left,0.5074006593259278,0.9777000000000005,2.0565999999999995,1.078899999999999,0.3700099999999999,0.008589999999999876,0.36142,0.7285569101624861,0.8013615866906202,0.07280467652813405,0.39966666666666667,0.5841466666666667,0.18448000000000003,1.154981825711714
LLLLFALLLLLYVLTSLLILI,103300300320020023022,000011011001101100000,LL--FA-LL--YV-TS--I--,1727980000.0,365.323,-376.492,-11.1684,-74.2809,-74.3156,-74.2696,-74.2263,-234.202,-238.586,-234.201,-249.743,-371.656,4601.17,3874.85,3797.24,46.7138,0.000374154,-14.8206,-4.82924,35.5453,-68.0084,-73.5758,-68.0155,-47.6872,498,2.26837,-60.1562,78.3232,30.3795,10.191,6.09707,5.77192,-8.28929,-62.1823,71.7933,30.5503,-4.82924,9.98615,5.51945,5.09635,-4.83524,4,-63.6223,59.0157,25.1674,9.3555,4.01046,3.3957,design_281,-25.888600000000004,-0.0893000000000086,11.156999999999982,-5.560299999999998,-0.04600000000000648,-4.385000000000019,-9.99136,-726.3200000000002,19.307499999999997,0.8355000000000015,5.2120999999999995,2.3762199999999996,Left,0.35497571706264813,0.8554999999999993,1.6910000000000007,0.8355000000000015,0.71674,1.23795,0.5212100000000001,0.5900405715223124,0.7831704203993934,0.19312984887708107,0.5659500000000001,0.9619866666666667,0.3960366666666666,1.0788254233061674
LLLITLLAVLLLLLFSLLILI,13002300200230021032,000110011011001100000,LL-IT--AV-LL--FS-LI--,1728020000.0,375.188,-388.615,-13.4266,-65.0068,-65.0175,-64.9415,-60.4659,-228.643,-227.813,-228.643,-245.736,-377.641,4583.25,3707.62,3725.94,41.3623,0.000923933,-14.7873,-10.914,27.9357,-94.9645,-99.5982,-94.9705,-71.4389,458,79.6152,-106.074,37.0714,20.6957,9.39566,7.41575,6.47182,-17.0195,-106.182,38.827,21.2363,-10.914,9.47723,7.66889,6.75129,-10.9737,3,-100.055,32.7295,19.3198,9.4622,5.92676,4.9177,design_908,-28.1593,-4.5516000000000005,17.923000000000002,-4.627700000000004,-0.0759999999999934,0.8300000000000125,-3.8733000000000004,-875.6300000000001,4.341899999999995,-0.06653999999999982,1.375899999999998,1.5541200000000002,Left,0.028877500655060433,0.9621999999999993,0.8956599999999995,0.06653999999999982,0.13198000000000007,0.26956999999999987,0.1375899999999998,0.327103897506892,0.37053523200588967,0.043431334498997665,0.8196166666666667,1.0786366666666667,0.25902000000000003,0.30386875607137326
LLLLYTLLFLLAVLISLLILI,103300300220020033022,000011011001101100000,LL--YT-LF--AV-IS--I--,1727990000.0,361.838,-370.239,-8.40094,-73.5861,-72.5348,-73.5223,-60.5031,-226.104,-224.188,-226.103,-248.622,-361.665,4610.37,3639.02,3687.85,45.9023,0.000429125,-14.7325,-8.51501,37.5013,-70.5484,-79.6744,-70.5553,-52.5407,478,79.6152,-61.9035,50.1204,17.5269,9.85271,2.55177,1.80357,-16.1174,-61.5897,51.4929,18.317,-8.51501,10.0356,2.68999,1.96239,-8.57358,1,-62.3138,47.6642,19.7039,9.5,2.28174,1.4967,design_472,-27.133700000000005,-12.0317,24.434000000000026,-9.119100000000003,0.9874999999999972,1.9150000000000205,-6.21749,-971.3499999999999,2.4561999999999955,0.3527100000000001,-2.1769999999999996,0.30687,Left,0.30552627249294656,1.0,1.35271,0.3527100000000001,0.1703900000000001,-0.04730999999999987,0.21769999999999998,0.4764933241040456,0.501062301693681,0.024568977589635443,0.24944999999999998,0.300595,0.051145000000000024,0.418350427016395
LLLLIVLLFTLWALLSLLILI,103300220030021003112,000011001101100110000,LL--IV--FT-WA-LSL-IL-,1728070000.0,374.43,-387.902,-13.4725,-90.1319,-89.7981,-90.0397,-74.341,-222.614,-225.574,-222.614,-250.703,-379.989,4580.82,3753.32,3738.19,49.2152,0.000245214,-14.6905,-7.82989,35.7427,-75.1569,-79.3081,-75.1655,-54.9456,486,193.783,-44.4342,86.9624,18.6202,10.3098,4.90506,4.7095,-12.769,-44.7602,83.8792,18.9243,-7.82989,10.3344,4.53772,4.29591,-7.91299,1,-40.4618,85.9875,22.7533,9.4481,4.17759,3.9674,design_1960,-24.362499999999997,-15.457100000000011,25.12899999999999,-4.142600000000002,0.24159999999999116,-2.960000000000008,-6.86061,-827.4999999999995,0.9749000000000052,0.861699999999999,-4.133099999999999,0.7421000000000002,Left,0.5074006593259278,0.9481000000000002,1.8097999999999992,0.861699999999999,0.4753299999999999,0.062020000000000054,0.41330999999999984,0.8598351931948673,0.8695869626974061,0.009751769502538754,0.6612333333333333,0.7849166666666667,0.12368333333333337,0.9637140188110129
LLLLAVLLLLLFTLISLLILI,103300200230020033022,000011011001101100000,LL--AV-LL--FT-IS--I--,1727990000.0,377.157,-386.09,-8.93288,-74.1783,-74.1801,-74.1801,-74.1783,-227.063,-231.004,-227.06,-246.652,-384.907,4513.83,3686.6,3656.23,41.3623,0.000923933,-14.6563,-1.18798,32.4294,-84.8487,-94.3788,-84.8546,-64.0762,449,231.516,-49.1726,96.1811,17.0989,9.55521,6.86034,6.80306,-6.922,-47.5957,94.2888,16.8401,-1.18798,9.79957,6.36835,6.28268,-1.18316,4,-48.9789,84.9618,27.4025,9.0441,5.31667,5.0911,design_480,-30.302599999999998,-0.0018000000000029104,15.647999999999996,-9.524199999999993,0.0,-3.9439999999999884,-13.46832,-827.23,11.219300000000004,0.5111100000000004,-10.3036,1.7119600000000004,Left,0.028877500655060433,0.5441000000000003,1.0552100000000006,0.5111100000000004,0.94025,-0.09010999999999995,1.03036,0.8495752793793437,0.961800151242953,0.1122248718636093,0.8485166666666667,1.1338433333333333,0.2853266666666666,1.190328059938064
LLLLTLLAVLFLLLASLLILI,023002200200230031031,000110011011001100000,L--LT--AV-FL--AS-LI-I,1727980000.0,369.179,-378.335,-9.15636,-65.1875,-65.1891,-65.067,-60.4659,-224.142,-224.891,-224.141,-242.484,-368.983,4539.23,3738.37,3756.45,44.4768,0.00054596,-14.5928,-9.24198,35.3204,-89.0057,-93.4955,-89.0166,-66.0333,495,193.783,-109.507,22.6448,20.8727,9.28546,5.98304,4.82272,-13.2284,-110.387,20.2141,21.0813,-9.24198,9.31204,5.787,4.59021,-9.35244,4,-112.369,10.8492,18.0897,9.5,4.81996,3.4827,design_235,-27.46220000000001,-4.7231999999999985,17.593000000000018,-4.47890000000001,-0.1221000000000032,-0.75,-5.350820000000001,-800.8599999999997,11.7956,-0.2145399999999995,2.7829999999999977,1.3400200000000004,Left,0.21866221428701998,1.0,0.7854600000000005,0.2145399999999995,0.008970000000000056,0.2872699999999998,0.27829999999999977,0.1082387398021038,0.22622824882266562,0.11798950902056182,0.58045,0.8037866666666668,0.22333666666666674,0.4327575447253239
LLLLYTLTFLLALLVILLILI,103300300220030023022,000011011001101100000,LL--YT-TF--AL-VI--I--,1728020000.0,360.396,444.01,804.406,-74.5263,-76.5193,-74.4591,-58.7993,-225.899,-227.201,-225.898,-249.043,-357.54,4581.06,3853.76,3666.11,50.6025,0.000193988,-14.4401,801.612,855.009,744.435,-68.2599,744.428,-49.6986,482,22.9165,-74.5837,36.494,28.809,10.2354,2.61425,1.66166,444.971,-70.366,39.5247,25.0484,801.612,9.5,2.39073,1.4836,801.55,0,-70.366,39.5247,25.0484,9.5,2.39073,1.4836,design_794,-18.561300000000003,-17.72,21.842000000000013,-812.6879,-2.0601999999999947,-1.3029999999999973,-816.0521,-727.3000000000002,-3.030700000000003,0.7354000000000003,3.7606,0.17805999999999989,Left,0.5919369679538349,1.0,1.7354000000000003,0.7354000000000003,0.7048400000000001,1.0809000000000002,0.37606000000000006,0.3950752013571855,0.36475959172404965,0.030315609633135843,0.24726666666666666,0.2769433333333333,0.029676666666666657,0.8270634947402005
LLLLVLLLATLWFLLSYLILI,103300220020032003011,000011001101100110000,LL--VL--AT-WF--SY-ILI,1728050000.0,359.907,-377.281,-17.3744,-90.255,-89.1566,-90.1532,-74.238,-223.7,-228.696,-223.7,-254.0,-371.14,4577.41,3940.06,3779.33,54.5667,9.93017e-05,-14.37,-6.04865,37.1923,-63.3261,-67.6573,-63.3353,-42.9017,479,32.7096,-43.7163,77.7786,18.2497,10.5599,3.55755,3.22423,-9.10003,-44.8343,71.6815,19.341,-6.04865,10.4299,2.90215,2.47737,-6.14144,2,-43.1233,72.8634,21.7001,9.4777,2.80505,2.398,design_1424,-24.75560000000001,-14.918599999999998,25.304000000000002,-4.32200000000001,0.9966000000000008,-4.996000000000009,-8.321349999999999,-637.3499999999999,4.915199999999999,1.0822000000000003,-3.4503999999999984,0.8262299999999998,Left,0.833498875733515,0.9777000000000005,2.0599000000000007,1.0822000000000003,0.3700099999999999,0.02497000000000007,0.34503999999999985,0.7285569101624861,0.7777228732960161,0.049165963133529944,0.39966666666666667,0.5373716666666667,0.13770500000000002,1.145246436604737
LLLLAVLLLLLFTLLSILILI,103300210030021003022,000011001101100110000,LL--AV-LLL-FT-LSI-I--,1728070000.0,377.722,-387.717,-9.99535,-74.1783,-74.1799,-74.1799,-74.1783,-223.882,-229.956,-223.879,-246.387,-384.909,4523.41,3701.06,3620.81,41.3623,0.000923933,-14.3447,-2.81222,31.3669,-89.6564,-95.1182,-89.6623,-64.3435,496,79.6152,-50.682,89.0783,16.5426,9.55484,6.12787,5.96405,-4.00541,-51.6767,82.7311,18.1719,-2.81222,9.68371,5.4202,5.16116,-2.80801,3,-49.1191,79.9782,24.6788,9.3562,4.66493,4.3646,design_1952,-30.774699999999996,-0.001600000000010482,16.43100000000001,-5.4559,0.0,-6.076999999999998,-11.53248,-822.3499999999999,9.100099999999998,0.19864000000000104,-8.136199999999999,1.59945,Left,0.028877500655060433,0.8561999999999994,1.0548400000000004,0.19864000000000104,0.6678799999999999,-0.14573999999999998,0.8136199999999999,0.7997251219346294,0.8907519735604912,0.09102685162586177,0.7274333333333334,0.9940083333333334,0.266575,0.8836195291763966
LLLLVLLTALLWILFSLLILI,103300200230030023111,000011011001101100000,LL--VL-TA--WI-FS--ILI,1728030000.0,371.153,-388.3,-17.1476,-87.2338,-90.1447,-87.1445,-74.2724,-232.897,-232.01,-232.897,-250.99,-382.588,4549.8,3872.12,3834.99,49.2152,0.000245214,-14.1768,-5.63189,32.0676,-68.1694,-74.6104,-68.1783,-57.3251,471,563.509,-39.9515,101.904,15.0139,10.3111,6.24983,6.27839,-5.83153,-40.292,101.755,12.1342,-5.63189,10.543,6.28078,6.30711,-5.71234,3,-34.1779,97.5808,18.0,9.4486,4.80009,4.7638,design_966,-17.2853,-15.872299999999996,18.980000000000018,-6.4321000000000055,-3.0002000000000066,0.8870000000000005,-8.54491,-677.6800000000003,4.3232,0.8624999999999989,-2.9861000000000004,1.51459,Left,0.5074006593259278,0.9486000000000008,1.8110999999999997,0.8624999999999989,0.0,-0.29861000000000004,0.29861000000000004,0.9758011275202157,1.0190454088961265,0.04324428137591074,0.7939666666666666,1.0463983333333333,0.2524316666666667,0.947979955646652
LLLLYTLLALLFVLLSLLILI,103300200230030023022,000011011001101100000,LL--YT-LA--FV-LS--I--,1728050000.0,365.146,-373.233,-8.08696,-74.8954,-74.6546,-74.8304,-60.5031,-224.459,-225.029,-224.457,-248.323,-364.464,4614.72,3841.12,3666.29,46.7138,0.000374154,-14.1154,-8.7088,38.6268,-73.8782,-78.8964,-73.8851,-55.6378,470,9.41515,-62.5598,46.7421,18.8217,10.1228,2.19415,1.39528,-11.0822,-61.7503,48.1924,17.3823,-8.7088,10.0056,2.26851,1.4914,-8.76861,3,-67.1026,39.5354,23.4345,9.3202,1.90267,0.9957,design_1641,-23.2586,-14.151499999999999,23.29400000000001,-5.011300000000006,0.1757999999999953,-0.5720000000000027,-5.406599999999999,-773.6000000000004,7.206699999999998,0.8026,-4.6128,0.39958000000000005,Left,0.35497571706264813,0.8201999999999998,1.6227999999999998,0.8026,0.54345,0.08216999999999999,0.46128,0.39518223175381817,0.46726970459610534,0.07208747284228717,0.16595000000000001,0.23254666666666668,0.06659666666666667,0.9309015620095922
LLLVTLLFLLLFLLASLLILI,13002300200230021032,000110011011001100000,LL-VT--FL-LF--AS-LI--,1728020000.0,363.617,-351.461,12.1558,-63.7477,-64.1046,-63.6822,-60.4659,-225.476,-226.421,-225.475,-247.373,-361.512,4627.76,3675.72,3718.06,46.7138,0.000374154,-13.8059,10.1103,58.8696,-62.2371,-84.7915,-62.2441,-53.6726,435,46.6879,-111.43,8.83315,21.9867,9.29948,4.40702,3.03952,2.30023,-108.358,9.75156,20.6169,10.1103,9.39642,4.0701,2.71637,10.0506,1,-106.207,9.9142,18.5239,9.5,3.76949,2.4182,design_946,-31.118899999999996,-3.638700000000007,20.951999999999998,-22.547399999999996,-0.4224000000000032,-0.945999999999998,-23.9162,-952.0400000000004,-1.0810499999999994,-0.20051999999999914,3.462799999999998,0.6213199999999999,Left,0.35497571706264813,1.0,0.7994800000000009,0.20051999999999914,0.05239000000000012,0.3986699999999999,0.3462799999999998,0.09888608364775596,0.08807251259357658,0.010813571054179377,0.40303333333333335,0.5065866666666666,0.10355333333333328,0.41347108116939413
LLLLLALLYVLTSLLAFLILI,112300230020033003102,000011001101100110000,LL--LA--YV-TS--AF-IL-,1727980000.0,360.551,-364.818,-4.26733,-80.1519,-79.7407,-80.078,-74.2523,-214.544,-215.193,-214.542,-244.784,-363.063,4490.21,3784.76,3545.18,49.0167,0.000253574,-13.7624,-1.68965,44.7494,-70.1217,-81.892,-70.1333,-44.0267,456,13.4386,-11.4756,88.5756,21.705,8.60134,0.179044,0.00767809,-12.0232,-11.8294,88.4452,23.1714,-1.68965,8.55144,0.214514,0.041192,-1.75441,1,-10.5055,89.5832,26.7676,8.6395,0.169552,0.0133,design_45,-37.8653,-5.488399999999999,29.59099999999998,-11.75869999999999,0.33729999999999905,-0.6510000000000105,-12.07275,-705.4499999999998,-1.0076000000000107,-0.03815999999999953,-5.062600000000003,-0.005621909999999999,Left,0.49530489253962356,0.13949999999999996,0.10134000000000043,0.03815999999999953,0.8767600000000002,0.37049999999999983,0.5062600000000004,0.895802407883839,0.8857235454869182,0.010078862396920796,0.0022166666666666667,0.0012796816666666667,0.000936985,0.5077970407634398
LLLLYTLTLLLFALISLLILI,103300300220020033022,000011011001101100000,LL--YT-TL--FA-IS--I--,1727980000.0,365.129,-371.228,-6.09925,-88.8812,-89.2164,-88.8275,-74.2556,-223.19,-222.293,-223.188,-249.01,-369.18,4606.26,3689.95,3674.41,53.8337,0.00011239,-13.5816,-1.99981,47.7345,-59.1574,-71.2525,-59.1646,-45.9145,500,0.780064,-60.0813,59.11,18.4077,10.1001,3.49205,2.8787,-1.96548,-60.6114,58.5829,18.7689,-1.99981,9.99463,3.50039,2.87914,-2.0483,1,-62.8439,56.9541,19.0347,9.5,3.61539,2.9697,design_103,-25.338,-14.960799999999992,26.716999999999985,-12.087899999999998,-0.3888999999999925,0.8949999999999818,-11.58179,-916.3100000000004,2.1559000000000026,0.6000999999999994,-0.6270000000000024,-0.09100000000000019,Left,0.7888328956107904,1.0,1.6000999999999994,0.6000999999999994,0.10347000000000009,0.04076999999999984,0.06270000000000026,0.5694187149150359,0.5909838394103926,0.021565124495356636,0.49495,0.4797833333333333,0.015166666666666717,0.6039423667638141
LLLLFVLLALLWYLLSTLILI,103300220030031003012,000011001101100110000,LL--FV--AL-WY-LST-IL-,1727990000.0,362.254,-371.813,-9.55979,-89.3445,-93.3221,-89.2495,-74.1962,-230.553,-230.507,-230.552,-254.761,-369.605,4595.49,3904.24,3864.96,54.5667,9.93017e-05,-13.4552,-2.12183,45.0069,-51.9161,-59.2319,-51.9256,-40.6477,494,29.9257,-37.2541,93.5469,31.1635,10.6075,4.71695,4.62015,-5.96493,-41.1467,89.4815,32.8231,-2.12183,10.4544,4.75201,4.59423,-2.20812,3,-43.3011,83.4556,26.5771,9.4933,4.26167,4.0135,design_314,-18.584200000000003,-19.1259,24.25399999999999,-7.3063,-4.072600000000008,0.044999999999987494,-11.333369999999999,-691.25,10.09129999999999,1.1142000000000003,4.586399999999998,0.6066500000000001,Left,0.833498875733515,0.9932999999999996,2.1075,1.1142000000000003,0.8577100000000002,1.31635,0.4586399999999997,0.834509000556158,0.935450667989709,0.10094166743355104,0.6689166666666666,0.770025,0.10110833333333336,1.2133443059963278
LLLLAVLLILLLTLFSLLILI,103300200230020033022,000011011001101100000,LL--AV-LI--LT-FS--I--,1728040000.0,374.945,-388.37,-13.4258,-74.1783,-74.1803,-74.1803,-74.1783,-232.528,-237.3,-232.526,-246.574,-384.894,4518.67,3749.97,3751.06,41.3623,0.000923933,-13.4145,-3.48164,27.9365,-81.6637,-86.8291,-81.6696,-64.1426,472,193.783,-60.123,89.4882,18.7382,10.3463,7.59935,7.44167,-9.84591,-61.0018,84.4737,16.8821,-3.48164,10.2951,7.05421,6.82132,-3.47598,3,-62.1119,70.2834,23.2337,9.5,5.30505,4.8593,design_1167,-22.686499999999995,-0.0020000000000095497,9.274000000000001,-5.159499999999994,0.0,-4.774000000000001,-9.93286,-768.7000000000003,19.204800000000006,0.8462999999999994,-4.4955,2.58237,Left,0.028877500655060433,1.0,1.8462999999999994,0.8462999999999994,0.5233699999999999,0.07381999999999991,0.44955,0.7027495808809702,0.8948521380071941,0.19210255712622393,0.8098833333333334,1.2402783333333334,0.43039499999999997,1.0679242206165347
LLLLLTLLAILVSLLFLLILI,102300330020023003102,000011001101100110000,LL--LT--AI-VS--FL-IL-,1728030000.0,383.47,-374.28,9.18976,-65.2745,-65.9598,-65.2118,-60.4562,-218.481,-218.738,-218.48,-246.182,-374.174,4517.68,3592.11,3561.22,41.3623,0.000923933,-13.3466,-0.0484734,50.552,-90.5245,-102.822,-90.5305,-67.5353,454,162.201,-14.0844,86.6971,16.517,8.91474,0.316766,0.117223,-11.86,-14.0679,85.9056,16.5817,-0.0484734,8.67185,0.207431,-0.00398505,-0.105863,2,-16.6523,83.3477,18.0,8.5293,0.249784,0.0,design_1005,-35.286699999999996,-5.503599999999999,27.44399999999999,-12.2915,-0.7480000000000047,-0.2580000000000098,-13.2981266,-925.5700000000002,3.349400000000003,0.3854400000000009,-1.4830000000000005,0.117223,Left,0.028877500655060433,0.029299999999999216,0.4147400000000001,0.3854400000000009,0.0,-0.14830000000000004,0.14830000000000004,0.8334296940331054,0.866933209031365,0.03350351499825954,0.0,0.019537166666666664,0.019537166666666664,0.414802446953487
LLLLVILLALLWYLLSFLILI,103300220030032003111,000011001101100110000,LL--VI--AL-WY--SF-ILI,1728020000.0,361.052,-374.63,-13.5781,-79.7481,-80.9096,-79.6444,-60.4062,-231.104,-234.124,-231.104,-254.803,-367.997,4599.17,3994.68,3919.24,50.9784,0.000182053,-13.3409,-6.53809,37.4003,-63.7784,-66.3043,-63.787,-52.7877,465,276.595,-37.1314,99.0974,29.5223,10.5374,5.44786,5.43432,-7.14882,-36.2644,97.0998,29.6359,-6.53809,10.6436,5.04814,5.00463,-6.63305,3,-38.8536,89.1551,25.6835,9.4064,4.36397,4.2013,design_844,-13.516599999999997,-20.5034,20.679000000000002,-2.5172999999999988,-1.265199999999993,-3.019999999999982,-6.802809999999999,-604.4900000000002,9.942299999999989,1.1310000000000002,3.8388000000000027,1.2330199999999998,Left,0.6148427550317781,0.9063999999999997,2.0374,1.1310000000000002,0.7683499999999999,1.15223,0.3838800000000002,0.8915201917344526,0.990971435887792,0.09945124415333939,0.7002166666666666,0.90572,0.20550333333333337,1.2159963093590205
LLLLAVLLITLLLLLSFLILI,103300210030021003022,000011001101100110000,LL--AV-LIT-LL-LSF-I--,1727990000.0,374.603,-385.54,-10.9379,-74.2781,-74.2805,-74.2805,-74.2781,-226.902,-232.289,-226.899,-246.757,-384.907,4519.72,3781.42,3635.34,41.3623,0.000923933,-13.324,-0.638634,30.4244,-84.3599,-91.662,-84.3658,-63.8717,479,361.194,-61.2142,77.8147,12.9481,10.1027,6.18711,5.85433,-4.20045,-59.4693,75.1813,13.8185,-0.638634,10.0425,5.56987,5.19759,-0.63344,4,-62.6534,63.9759,23.4815,9.298,4.53476,3.9944,design_486,-27.79030000000001,-0.0024000000000086175,14.468000000000018,-7.296200000000013,0.0,-5.389999999999986,-12.685366,-738.3000000000002,13.838799999999999,0.8047000000000004,-10.5334,1.8599299999999999,Left,0.028877500655060433,0.798,1.6027000000000005,0.8047000000000004,0.54815,-0.50519,1.05334,0.6396566624921478,0.7780839758491411,0.13842731335699332,0.6657333333333334,0.9757216666666667,0.3099883333333333,1.3683282257872245
LLLLALLFVLTSLLYILLILI,13002200200230032031,000110011011001100000,LL-LA--FV-TS--YI--I-I,1727980000.0,365.411,-345.985,19.4258,-74.2967,-74.3382,-74.2808,-74.2839,-227.842,-230.413,-227.839,-248.202,-369.515,4581.3,3757.7,3690.02,45.9023,0.000429125,-13.2284,23.5421,65.3281,-43.8462,-77.9922,-43.8528,-47.0284,499,103.966,-109.122,11.4205,24.174,9.47637,4.41014,3.08144,21.8747,-105.811,14.2366,21.7325,23.5421,9.61355,4.29355,3.0071,23.5297,3,-102.04,10.9556,18.1592,9.5,3.28497,1.9493,design_94,-30.9638,-0.054299999999997794,17.788999999999987,-34.139399999999995,-0.05740000000000123,-2.5740000000000123,-36.7705,-823.6000000000004,0.4649000000000001,-0.023630000000000706,6.014800000000001,1.1321400000000001,Left,0.30552627249294656,1.0,0.9763699999999993,0.023630000000000706,0.015919999999999844,0.6174,0.6014800000000001,0.10930304206394617,0.11395336275502244,0.004650320691076265,0.32488333333333336,0.5135733333333333,0.18868999999999997,0.6308423803792276
LLLLWILLTLLFVLASLLILI,103300200230030023022,000011011001101100000,LL--WI-LT--FV-AS--I--,1728040000.0,372.308,-384.578,-12.2695,-78.1446,-82.8922,-78.0809,-74.2703,-228.939,-231.606,-228.938,-250.663,-379.765,4537.2,3837.29,3835.69,49.2152,0.000245214,-13.1777,-4.75677,36.9457,-77.4943,-78.4441,-77.503,-54.8315,493,177.29,-55.0734,59.1603,27.0689,10.5371,2.74765,2.13506,-10.3088,-55.4762,56.1445,24.7763,-4.75677,10.1711,2.40093,1.7431,-4.81307,2,-58.1024,48.2056,26.441,9.3786,1.72312,0.9462,design_1078,-23.612600000000008,-8.621899999999997,19.057000000000016,-0.9411000000000058,-4.811300000000003,-2.6680000000000064,-8.420929999999998,-699.9099999999999,10.954700000000003,1.1585,0.6279000000000003,1.18886,Left,0.5074006593259278,0.8786000000000005,2.0371000000000006,1.1585,0.8440999999999999,0.90689,0.06279000000000012,0.4819088621168412,0.5914869823029741,0.10957812018613294,0.1577,0.35584333333333334,0.19814333333333334,1.1820883973155185
LLLLALLLFVLTSLLYLLILI,102300320020033003102,000011001101100110000,LL--AL--FV-TS--YL-IL-,1728050000.0,370.647,-374.694,-4.04713,-74.3579,-74.2842,-74.3395,-74.2694,-219.835,-222.21,-219.829,-249.652,-372.419,4600.79,3601.94,3588.11,46.7138,0.000374154,-13.1593,-2.25807,42.6667,-80.5018,-89.084,-80.5086,-48.497,490,162.201,-9.41772,93.7997,21.1109,9.2709,0.575623,0.482619,-8.62075,-10.8231,88.6775,21.177,-2.25807,9.21272,0.0949359,-0.074901,-2.27539,3,-8.04023,93.8271,22.8656,9.1939,0.372694,0.2801,design_1375,-40.587,-0.014799999999993929,27.44199999999998,-8.575400000000002,0.05530000000000257,-2.3810000000000002,-10.90123,-998.8499999999999,-0.02740000000000009,0.07699999999999996,-1.7546999999999997,0.202519,Left,0.35497571706264813,0.6938999999999993,0.7708999999999993,0.07699999999999996,0.48656000000000005,0.3110900000000001,0.17546999999999996,0.9382534639837714,0.9379793861456653,0.00027407783810606823,0.046683333333333334,0.08043650000000001,0.033753166666666674,0.19457150942182955
LLLAVLLLILLTLLFSLLILI,023002200200230031031,000110011011001100000,L--AV--LI-LT--FS-LI-I,1728040000.0,376.656,-392.744,-16.088,-74.2698,-74.3664,-74.2718,-74.2698,-227.08,-229.741,-227.076,-247.043,-386.309,4537.03,3739.27,3724.13,41.3623,0.000923933,-13.1051,-6.43817,25.2743,-91.3941,-95.3063,-91.3997,-64.9957,479,79.6152,-116.454,12.5597,24.2103,9.91111,5.66362,4.35202,-11.3972,-116.803,9.58895,24.498,-6.43817,9.92442,5.31495,3.95879,-6.43534,3,-115.621,1.0966,26.2444,9.5,3.99125,2.5077,design_1289,-30.310599999999994,-0.09659999999999513,17.301999999999992,-3.9065999999999974,-0.0945999999999998,-2.6650000000000205,-6.66693,-797.7599999999998,11.463099999999999,0.41111000000000075,-2.0340999999999987,1.8443200000000006,Left,0.028877500655060433,1.0,1.4111100000000008,0.41111000000000075,0.8244399999999998,0.62103,0.20340999999999987,0.010685034549812147,0.12534859900211662,0.11466356445230447,0.41795,0.7253366666666667,0.30738666666666675,0.5639338224094675
LLLLAVLTLLLILLFSLLILI,103300300220020033111,000011011001101100000,LL--AV-TL--IL-FS--ILI,1727990000.0,374.796,-384.54,-9.74448,-74.3135,-74.3155,-74.3155,-74.3107,-228.063,-232.651,-228.06,-246.753,-384.073,4559.66,3779.43,3703.57,41.3623,0.000923933,-12.9342,-0.472692,31.6178,-82.164,-90.0405,-82.1699,-63.0086,468,276.595,-46.9464,95.95,14.4372,10.2947,6.49521,6.43446,-6.07894,-46.5277,91.5613,15.8001,-0.472692,10.1822,5.83993,5.71335,-0.467894,3,-35.7033,95.7567,20.7118,9.3829,4.78265,4.719,design_410,-27.031899999999993,-0.004800000000003024,14.101999999999975,-7.870599999999996,0.0,-4.591000000000008,-12.461508,-780.23,0.1933000000000078,0.9118000000000013,-6.2745999999999995,1.7154599999999993,Left,0.028877500655060433,0.8828999999999994,1.7947000000000006,0.9118000000000013,0.27118000000000003,-0.35627999999999993,0.6274599999999999,0.9575549456045517,0.9594884947325041,0.0019335491279524053,0.7865000000000001,1.0724099999999999,0.2859099999999998,1.143168210856229
LLLLFVLTALLWYLLSLLILI,103300200230020033112,000011011001101100000,LL--FV-TA--WY-LS--IL-,1727980000.0,360.852,-373.923,-13.0714,-91.8794,-93.7036,-91.7845,-74.1621,-229.205,-229.89,-229.205,-254.142,-368.732,4638.0,3940.15,3972.02,54.5667,9.93017e-05,-12.8959,-5.10533,41.4953,-52.8384,-58.0339,-52.848,-40.428,488,162.201,-38.604,97.9481,32.8755,10.6548,5.51358,5.48281,-9.79994,-40.1911,95.5376,32.386,-5.10533,10.6346,5.42625,5.35932,-5.1914,2,-39.2467,94.2013,27.6059,9.5,5.10418,5.0172,design_192,-17.605900000000005,-19.5415,24.25200000000001,-5.185900000000004,-1.9191000000000003,-0.6849999999999739,-7.790569999999999,-697.8499999999999,3.7467999999999932,1.1547999999999998,5.269600000000004,0.46560999999999986,Left,0.833498875733515,1.0,2.1548,1.1547999999999998,0.9605899999999998,1.4875500000000001,0.5269600000000003,0.9419965270136719,0.9794751709485493,0.03747864393487743,0.8361999999999999,0.9138016666666666,0.07760166666666668,1.2722721992642305
LLLVTLLFLLYLLLASLLILI,13002200200230031032,000110011011001100000,LL-VT--FL-YL--AS-LI--,1728050000.0,368.462,-375.611,-7.14892,-64.1467,-64.3041,-64.0787,-60.4659,-225.201,-223.462,-225.199,-249.408,-366.458,4631.48,3794.27,3701.43,46.7138,0.000374154,-12.7462,-9.09063,39.5649,-86.2638,-91.4379,-86.2706,-56.5839,510,276.595,-112.416,4.78279,22.58,9.22674,4.00801,2.57975,-12.7993,-112.397,7.02949,23.1908,-9.09063,9.33255,4.30851,2.91395,-9.15306,4,-109.522,10.3298,24.798,9.3175,4.32275,2.9777,design_1486,-34.854,-3.8382000000000076,25.945999999999998,-5.167299999999997,-0.2254000000000076,1.7370000000000232,-3.655569999999999,-837.2099999999996,-5.54701,-0.09076000000000128,-2.218,-0.3979499999999998,Left,0.35497571706264813,0.8175000000000008,0.7267399999999995,0.09076000000000128,0.6797999999999998,0.45799999999999985,0.2218,0.10304326428705754,0.047557406303390164,0.055485857983667376,0.49628333333333335,0.4299583333333334,0.06632499999999997,0.25477500595855934
LLLAALLYLLTSLLFVLLILI,13002300200230032021,000110011011001100000,LL-AA--YL-TS--FV--I-I,1728070000.0,361.018,-339.995,21.0229,-74.1762,-74.2514,-74.1576,-74.2297,-220.685,-223.761,-220.673,-246.519,-364.381,4578.33,3782.84,3653.19,49.0167,0.000253574,-12.6986,24.4053,70.0397,-45.1338,-79.0673,-45.1449,-43.6325,485,55.7787,-103.711,22.7175,24.1123,9.42972,5.12346,3.96423,22.0942,-103.074,19.3219,21.3616,24.4053,9.49364,4.56956,3.35939,24.3858,2,-99.1745,22.4175,18.2946,9.5,4.40254,3.2388,design_1920,-35.4348,-0.021700000000009823,22.75800000000001,-33.9224,-0.09380000000000166,-3.087999999999994,-37.1039,-795.4899999999998,0.3000000000000007,-0.07028000000000034,5.817700000000002,0.7254300000000002,Left,0.49530489253962356,1.0,0.9297199999999997,0.07028000000000034,0.02945999999999991,0.6112300000000002,0.5817700000000002,0.22395460310728246,0.2269554553493192,0.00300085224203675,0.5398,0.660705,0.12090500000000004,0.5983499272492467
LLLLTLLAVLIALLFSLLILI,13002300200230021032,000110011011001100000,LL-LT--AV-IA--FS-LI--,1728070000.0,364.257,-369.562,-5.30439,-64.9912,-64.8398,-64.8716,-60.4659,-218.327,-219.039,-218.326,-242.488,-363.507,4536.14,3717.72,3717.66,43.6652,0.000626172,-12.6951,-5.94479,38.3608,-86.2435,-92.3236,-86.2544,-60.5535,510,22.9165,-108.91,22.9789,21.9412,9.22654,5.93871,4.78339,-9.13396,-108.269,22.9466,20.9908,-5.94479,9.3034,5.8381,4.6823,-6.05471,0,-108.269,22.9466,20.9908,9.3034,5.8381,4.6823,design_1889,-31.7701,-4.373899999999999,23.449000000000012,-6.069199999999995,0.03180000000000405,-0.7129999999999939,-6.75031,-818.4200000000005,0.03229999999999933,-0.07685999999999993,0.9503999999999984,0.10109000000000012,Left,0.16920667613203583,0.8033999999999999,0.72654,0.07685999999999993,0.29908,0.39411999999999986,0.09503999999999985,0.2292471061781546,0.2295701979362139,0.0003230917580592796,0.7803833333333333,0.7972316666666667,0.016848333333333354,0.12338570388985588
LLLLALLLIVLLFLLSTLILI,102300230020033003102,000011001101100110000,LL--AL--IV-LF--ST-IL-,1728060000.0,376.584,-376.141,0.442813,-74.1056,-74.1774,-74.1003,-74.1477,-220.655,-226.745,-220.65,-246.85,-380.987,4619.95,3718.8,3625.76,41.3623,0.000923933,-12.6832,4.84973,41.8051,-81.3806,-92.7482,-81.3869,-59.989,473,431.524,-7.91799,99.68,23.8838,9.82392,1.1445,1.1397,-5.00982,-6.85728,96.1446,21.7558,4.84973,9.65229,0.508119,0.450288,4.84596,2,-6.4439,94.5421,18.8212,9.5,0.229768,0.1479,design_1786,-32.7592,-0.02970000000000539,20.10499999999999,-11.3613,-0.0771000000000015,-6.094999999999999,-17.53293,-901.1499999999996,5.137900000000002,0.3239199999999993,5.0626,0.9917999999999999,Left,0.028877500655060433,1.0,1.3239199999999993,0.3239199999999993,0.08212000000000011,0.5883800000000001,0.50626,0.9454054951606257,0.9967990909418275,0.05139359578120184,0.024650000000000002,0.18994999999999998,0.16529999999999997,0.6254508339488574
LLLLVTLLAILFLLLALLILI,102300320030032003102,000011001101100110000,LL--VT--AI-FL--AL-IL-,1728060000.0,369.466,-330.883,38.583,-50.2228,-48.908,-50.1064,-45.1579,-217.911,-221.552,-217.91,-244.615,-361.571,4560.65,3647.64,3606.45,41.4852,0.000904948,-12.6015,30.7956,80.0682,-62.749,-103.713,-62.7594,-71.7981,475,79.6152,-14.7118,93.5504,22.673,9.21216,1.33607,1.23933,19.7874,-18.4894,85.0913,21.4874,30.7956,8.8163,0.76073,0.5371,30.6888,0,-18.4894,85.0913,21.4874,8.8163,0.76073,0.5371,design_1664,-31.91489999999999,-3.7501000000000033,23.063000000000017,-40.953599999999994,1.1983999999999995,-3.641999999999996,-43.3971,-913.0099999999998,8.459099999999992,0.39586000000000077,1.1855999999999973,0.70223,Left,0.03636651696758832,0.3163,0.7121600000000008,0.39586000000000077,0.3487400000000001,0.4672999999999998,0.11855999999999972,0.850870647263823,0.9354856779325328,0.08461503066870979,0.08951666666666667,0.20655500000000002,0.11703833333333334,0.43774340438721826
LLLLVALLFLLWTLLSYLILI,103300220020032003011,000011001101100110000,LL--VA--FL-WT--SY-ILI,1728050000.0,361.387,-369.92,-8.53282,-88.6514,-90.1909,-88.6047,-74.1783,-223.536,-226.923,-223.532,-254.407,-370.828,4634.66,3866.98,3841.82,54.5667,9.93017e-05,-12.5943,0.948842,46.0339,-57.733,-66.3091,-57.7426,-42.2428,451,55.7787,-44.8343,71.6815,19.341,10.4299,2.90215,2.47737,-2.9252,-43.9188,69.4571,18.8621,0.948842,10.7501,2.46453,2.00638,0.908392,1,-43.1233,72.8634,21.7001,9.4777,2.80505,2.398,design_1424,-24.0663,-16.012600000000006,27.48400000000001,-8.566499999999998,-1.5862000000000052,-3.390999999999991,-13.543142,-767.6799999999998,-1.1818999999999988,0.9521999999999995,-2.359099999999998,0.07936999999999994,Left,0.833498875733515,0.9777000000000005,1.9299,0.9521999999999995,0.3700099999999999,0.1341000000000001,0.2359099999999998,0.7285569101624861,0.716734552612942,0.011822357549544082,0.39966666666666667,0.412895,0.013228333333333342,0.9811488801608073
LLLLVILAWLLTLLFSLLILI,103300200220030033012,000011011001101100000,LL--VI-AW--TL-FS--IL-,1728020000.0,372.752,-381.299,-8.54706,-72.2261,-76.0143,-72.1348,-74.2251,-227.616,-228.951,-227.615,-250.924,-380.238,4591.64,3865.12,3755.02,49.2152,0.000245214,-12.3921,-0.977709,40.6681,-81.4569,-87.6647,-81.4652,-55.0889,480,87.0218,-42.719,100.429,19.283,10.474,6.46581,6.47225,-8.41467,-44.2567,97.6663,22.7302,-0.977709,10.4068,6.32346,6.28845,-1.06093,1,-42.1434,94.3333,26.1382,9.484,5.5565,5.4715,design_787,-32.575799999999994,-1.7892000000000081,21.973000000000013,-6.1995000000000005,-3.8795000000000073,-1.3359999999999843,-11.414390999999998,-726.5200000000004,6.095700000000008,0.9900000000000002,-6.8552,1.00075,Left,0.5074006593259278,0.984,1.9740000000000002,0.9900000000000002,0.8138200000000001,0.12830000000000014,0.6855199999999999,0.9433169020001679,1.0042912187061126,0.060974316705944664,0.9119166666666666,1.0787083333333334,0.16679166666666678,1.217199654028542
LLLATLLLLLVSLLYFLLILI,13002300200220031032,000110011011001100000,LL-AT--LL-VS--YF-LI--,1728010000.0,370.599,-373.207,-2.60756,-64.8551,-63.9322,-64.835,-60.5005,-228.569,-230.59,-228.561,-250.444,-364.771,4652.15,3732.4,3703.11,46.7138,0.000374154,-12.3595,-8.41427,44.1062,-79.7824,-82.6084,-79.7892,-53.8264,505,46.6879,-113.047,4.74833,21.3911,9.5352,4.09801,2.66924,-12.5658,-113.22,1.70593,21.8946,-8.41427,9.09886,3.71324,2.23883,-8.43612,1,-110.591,4.2401,18.0,9.2612,3.6611,2.2247,design_662,-28.782000000000004,-3.4316999999999993,19.853999999999985,-2.8192000000000093,0.902799999999992,-2.0289999999999964,-3.9452300000000005,-919.7499999999995,0.5082300000000002,0.27399999999999913,3.3911000000000016,0.44453999999999994,Left,0.35497571706264813,0.7612000000000005,1.0351999999999997,0.27399999999999913,0.0,0.33911000000000013,0.33911000000000013,0.042128964625953766,0.04721270840918821,0.005083743783234444,0.3707833333333333,0.4448733333333333,0.07408999999999999,0.4422519244173542
LLLLAVLTILLLLLFSLLILI,113300200310030022031,000011011001101100000,LL--AV-TI-LLL-FS--I-I,1728070000.0,375.066,-387.554,-12.4879,-74.3107,-74.3126,-74.3126,-74.3107,-229.403,-231.64,-229.401,-246.866,-384.955,4561.48,3735.56,3705.34,41.3623,0.000923933,-12.3143,-2.6042,28.8744,-83.8398,-91.3172,-83.8458,-63.7786,473,60.9677,-102.316,25.3134,32.119,9.2815,5.26473,4.14443,-7.70121,-102.171,22.6883,32.1988,-2.6042,9.09075,4.8885,3.72882,-2.59825,4,-93.5519,21.6754,25.9939,9.4179,3.45897,2.2841,design_1848,-27.538600000000002,-0.00190000000000623,15.226000000000028,-7.471400000000003,0.0,-2.238999999999976,-9.710099999999999,-825.9199999999996,3.6380000000000017,-0.13640000000000008,6.1251,1.8603299999999998,Left,0.028877500655060433,0.9178999999999995,0.7814999999999994,0.13640000000000008,0.79939,1.4119,0.6125099999999999,0.21653149494456425,0.2529218297996631,0.03639033485509885,0.3806833333333333,0.6907383333333333,0.310055,0.7008793188530149
LLLLAVLILLLLTLFSLLILI,113300200310030022031,000011011001101100000,LL--AV-IL-LLT-FS--I-I,1728010000.0,375.427,-378.591,-3.1643,-74.1382,-74.1803,-74.1401,-74.1783,-226.129,-231.688,-226.126,-247.073,-385.095,4550.38,3774.53,3729.19,41.3623,0.000923933,-12.1418,6.4991,38.198,-78.324,-91.3685,-78.3299,-63.8441,510,0.597357,-98.5046,36.0748,29.1997,9.50967,6.14579,5.18691,1.99258,-98.1866,29.9172,28.6413,6.4991,9.83635,5.26682,4.21557,6.50435,4,-93.2901,29.3732,27.2793,9.5,4.4589,3.3995,design_672,-27.5244,-0.0020000000000095497,15.38500000000002,-13.038600000000002,-0.04019999999999868,-5.561999999999983,-18.640900000000002,-775.8499999999999,6.701600000000003,0.009669999999999845,1.9204000000000008,1.78741,Left,0.028877500655060433,1.0,1.0096699999999998,0.009669999999999845,0.9279299999999999,1.11997,0.19204,0.2935313629070656,0.3605664008578437,0.06703503795077809,0.5665833333333333,0.8644850000000001,0.29790166666666673,0.36084895706630504
LLLLYALTVLLLLLFILLILI,103300200230030023022,000011011001101100000,LL--YA-TV--LL-FI--I--,1728030000.0,361.769,-356.708,5.06072,-60.0974,-58.9155,-60.0869,-58.8847,-224.742,-226.47,-224.738,-250.581,-364.551,4655.21,3724.18,3712.04,43.7222,0.000620174,-11.906,7.85072,48.7829,-71.8684,-91.0713,-71.8753,-55.0852,486,361.194,-64.3629,58.4394,19.7436,10.1189,4.04374,3.42033,-2.82237,-67.2624,51.0262,18.1827,7.85072,10.3895,3.4779,2.74329,7.84312,1,-65.776,50.242,23.3914,9.1145,3.14907,2.4027,design_1036,-35.98609999999999,-0.030799999999999272,24.11099999999999,-19.195999999999998,1.1713999999999984,-1.7319999999999993,-19.75672,-931.0300000000002,8.197400000000002,1.0044000000000004,-3.6478,1.01763,Left,0.17268001974321648,0.6144999999999996,1.6189,1.0044000000000004,0.5391400000000001,0.17436000000000007,0.36478,0.5022786471357866,0.5842759343653599,0.08199728722957322,0.40045,0.570055,0.169605,1.0850683017847356
LLLLVLLIALLWFLTSLLILI,103300300230020023011,000011011001101100000,LL--VL-IA--WF-TS--ILI,1727980000.0,373.222,-387.028,-13.806,-90.1519,-89.245,-90.0625,-74.1545,-227.982,-226.361,-227.982,-251.105,-377.368,4631.13,3913.12,3924.42,49.2152,0.000245214,-11.6905,-9.57879,35.4092,-68.8945,-73.4528,-68.9027,-52.1088,470,193.783,-44.2872,60.8994,28.3668,10.3388,1.36451,0.777998,-12.5799,-45.1157,61.0547,27.9292,-9.57879,10.3577,1.50975,0.925569,-9.65995,4,-44.8132,57.5828,26.7672,9.4293,0.995658,0.3594,design_282,-21.343999999999994,-15.090500000000006,24.744,-4.5501000000000005,0.8174999999999955,1.6210000000000093,-2.1117100000000004,-718.0100000000002,3.316600000000001,0.9095000000000013,1.5996000000000024,0.41859799999999997,Left,0.5074006593259278,0.9292999999999996,1.8388000000000009,0.9095000000000013,0.8767199999999999,1.03668,0.1599600000000001,0.5757075009302642,0.6088829227500611,0.033175421819796824,0.0599,0.12966633333333333,0.06976633333333332,0.9266851684794042
LLLLTLLTILVALLFSLLILI,13002200200230031032,000110011011001100000,LL-LT--TI-VA--FS-LI--,1728020000.0,369.971,-355.74,14.2315,-78.157,-78.2085,-78.0951,-74.2559,-221.974,-225.3,-221.973,-245.607,-375.619,4535.05,3706.25,3694.42,48.2425,0.000289003,-11.6064,19.9355,62.474,-55.6089,-83.7163,-55.615,-55.7556,488,95.1175,-111.357,12.7404,21.6428,9.4003,4.9235,3.6146,18.791,-111.368,7.5975,18.0,19.9355,9.5,4.23094,2.8449,19.8789,0,-111.368,7.5975,18.0,9.5,4.23094,2.8449,design_850,-27.960700000000003,-3.952600000000004,20.306999999999988,-28.101300000000002,-0.11339999999999861,-3.326999999999998,-31.541900000000002,-828.8000000000002,5.142899999999999,-0.09970000000000034,3.642800000000001,0.7696999999999998,Left,0.44812835528039635,1.0,0.9002999999999997,0.09970000000000034,0.0,0.3642800000000001,0.3642800000000001,0.0757125023506676,0.1271561123359034,0.05144360998523581,0.47415,0.6024333333333333,0.12828333333333325,0.40217293173388025
LLLLLTLLAVLISLLFLLILI,102300320030032003102,000011001101100110000,LL--LT--AV-IS--FL-IL-,1728040000.0,382.813,-376.867,5.94679,-65.3426,-65.8361,-65.2805,-60.4985,-220.441,-220.151,-220.441,-246.196,-373.767,4536.27,3615.91,3674.94,41.3623,0.000923933,-11.6053,-3.04292,47.3091,-91.0826,-99.3853,-91.0885,-67.0724,501,55.7787,-13.9749,91.887,16.6216,8.95328,1.00099,0.879295,-8.25156,-13.5222,92.4031,18.0,-3.04292,9.2289,1.00275,0.8888,-3.09985,0,-13.5222,92.4031,18.0,9.2289,1.00275,0.8888,design_1105,-32.3129,-5.337600000000002,26.044999999999987,-8.296800000000005,-0.5555999999999983,0.28999999999999204,-8.56238,-920.3600000000006,-0.5160999999999945,-0.27562,-1.3783999999999992,-0.009504999999999986,Left,0.028877500655060433,0.7288999999999994,0.45327999999999946,0.27562,0.0,-0.1378399999999999,0.1378399999999999,0.9240094186749036,0.9188469525345198,0.005162466140383848,0.14813333333333334,0.14654916666666667,0.0015841666666666643,0.30821325513462
LLLLALLFVLTILLYSLLILI,13002300300230021121,000110011011001100000,LL-LA--FV-TI--YS-LI-I,1728020000.0,358.514,-375.603,-17.089,-74.3249,-74.2663,-74.3089,-74.2121,-229.556,-230.876,-229.553,-248.243,-368.908,4609.84,3851.06,3760.13,45.9023,0.000429125,-11.5794,-6.68281,28.8133,-71.7217,-75.3452,-71.7286,-46.4531,505,162.201,-112.622,27.1195,26.3271,10.0847,7.0545,5.96129,-8.08907,-112.665,25.5975,26.1505,-6.68281,9.95474,6.85549,5.73945,-6.6948,4,-114.221,16.6003,23.3529,9.3591,5.8742,4.6232,design_934,-28.892100000000006,-0.054199999999994475,17.36699999999999,-3.6166000000000054,0.04259999999999309,-1.3230000000000075,-4.89659,-758.7800000000002,10.519199999999998,0.7256,2.9741999999999997,1.3380900000000002,Left,0.30552627249294656,0.8590999999999998,1.5846999999999998,0.7256,0.5352900000000002,0.8327100000000002,0.29742,0.16576607756602876,0.27098796058080493,0.10522188301477617,0.7705333333333333,0.9935483333333334,0.22301500000000007,0.8220470493166285
LLLFTLLTVLLLLLASLLILI,13002200200330021032,000110011011001100000,LL-FT--TV-LL--AS-LI--,1728050000.0,374.064,-384.047,-9.98259,-77.0765,-77.9076,-77.0207,-74.2559,-225.049,-227.108,-225.047,-246.185,-379.899,4610.33,3753.14,3779.93,49.054,0.000251982,-11.5718,-4.09671,39.0714,-81.9213,-86.4554,-81.928,-59.4577,467,361.194,-112.447,5.28817,22.7491,9.16613,4.08089,2.66021,-8.52965,-112.202,2.68318,23.2224,-4.09671,9.4479,3.69249,2.23274,-4.14818,4,-112.389,0.4403,23.3953,9.4501,3.4178,1.9244,design_1459,-26.997699999999995,-3.6517000000000053,19.076999999999998,-4.5274,-0.8868999999999971,-2.061000000000007,-7.47509,-857.19,4.84787,-0.28397000000000006,-0.6462000000000003,0.7358100000000001,Left,0.4975777998500979,0.9501000000000008,0.6661300000000008,0.28397000000000006,0.5395299999999998,0.47490999999999983,0.06462000000000001,0.004120170128316443,0.052612641990325254,0.048492471862008814,0.32073333333333337,0.44336833333333336,0.122635,0.31969605620383834
LLLLLLLTFLLAILVSLLILI,103300200220030033022,000011011001101100000,LL--LL-TF--AI-VS--I--,1728060000.0,377.69,-385.126,-7.43597,-74.3516,-74.2647,-74.2896,-74.2399,-226.645,-227.637,-226.645,-244.566,-384.876,4484.77,3672.23,3649.53,41.3623,0.000923933,-11.5259,-0.19334,33.9263,-84.1292,-94.5,-84.1352,-66.0703,478,231.516,-55.3204,69.4659,20.2275,9.58757,4.17596,3.71795,-7.4551,-55.1949,67.9727,21.5021,-0.19334,9.75125,3.95555,3.47514,-0.249393,3,-63.0432,50.6088,21.9672,9.225,2.78867,2.0478,design_1779,-28.429699999999997,-0.024799999999999045,16.929000000000002,-10.364800000000002,0.024899999999988154,-0.9919999999999902,-11.33256,-812.5400000000004,18.857100000000003,0.36256999999999984,-1.7396999999999991,1.67015,Left,0.028877500655060433,0.7249999999999996,1.0875699999999995,0.36256999999999984,0.39671999999999985,0.22274999999999992,0.17396999999999993,0.5059476891437169,0.6945722585214201,0.18862456937770322,0.3413,0.6196583333333333,0.2783583333333333,0.5241995380664074
LLLLWLLTILVALLFSLLILI,13003200200220031032,000110011011001100000,LL-LW--TI-VA--FS-LI--,1728060000.0,370.211,-383.87,-13.658,-70.7587,-74.7096,-70.6968,-74.1981,-221.472,-227.04,-221.47,-249.708,-376.908,4594.18,3882.83,3768.04,49.2152,0.000245214,-11.4711,-6.90587,35.5571,-91.6386,-86.6292,-91.6468,-53.0025,506,0.546515,-109.998,6.53737,26.2648,9.71859,3.88218,2.48024,-11.0882,-108.702,7.7111,27.9607,-6.90587,9.46897,3.84635,2.46202,-6.96132,1,-107.499,6.7065,26.7755,9.3626,3.5303,2.1309,design_1730,-33.6267,-0.5114999999999981,22.668000000000006,5.017600000000002,-4.012799999999999,-5.569999999999993,-4.56523,-711.3500000000004,-0.16913,0.35599000000000025,-0.5106999999999999,0.34933999999999976,Left,0.5074006593259278,0.8626000000000005,1.2185900000000007,0.35599000000000025,0.87755,0.8264800000000001,0.05106999999999995,0.06679997119181848,0.06510819072616623,0.0016917804656522428,0.35515,0.4133733333333333,0.058223333333333294,0.3643210722228246
LLLLAVLLLILLTLLSFLILI,103300210030021003022,000011001101100110000,LL--AV-LLI-LT-LSF-I--,1728030000.0,374.825,-382.736,-7.91071,-74.1761,-74.1784,-74.1784,-74.1761,-228.768,-233.134,-228.765,-247.031,-385.287,4542.15,3828.21,3727.06,41.3623,0.000923933,-11.4368,2.54628,33.4516,-79.7913,-89.4114,-79.7972,-64.0801,470,177.29,-59.1005,76.2002,17.9988,10.0262,5.6521,5.2951,-5.64289,-60.2552,70.538,18.4311,2.54628,10.2722,5.06091,4.61898,2.55185,2,-61.4399,60.5881,25.116,9.5,3.89538,3.3042,design_1030,-25.3313,-0.002299999999991087,13.89700000000002,-9.614199999999997,0.0,-4.369,-13.98308,-713.9399999999996,15.612099999999998,0.5261999999999993,-7.1172,1.9909,Left,0.028877500655060433,1.0,1.5261999999999993,0.5261999999999993,0.7116,-0.0001200000000000756,0.7117200000000001,0.6057690384069075,0.7619343893665801,0.15616535095967254,0.5507,0.8825166666666666,0.33181666666666665,0.9580823114524842
LLLLVLLLAILTSLLFLLILI,102300320030032003102,000011001101100110000,LL--VL--AI-TS--FL-IL-,1727990000.0,382.396,-382.639,-0.242889,-74.4725,-77.895,-74.4192,-74.3279,-216.773,-218.639,-216.772,-246.246,-383.585,4532.85,3619.21,3538.39,41.3623,0.000923933,-11.323,0.993911,41.1194,-91.3939,-98.3748,-91.3997,-63.0115,486,113.638,-10.7724,99.4311,20.0862,8.84275,1.53906,1.53052,-5.92088,-11.0601,96.206,19.9752,0.993911,9.02794,1.14681,1.0899,0.94623,2,-17.8087,87.6206,19.8407,8.7536,1.00009,0.8144,design_285,-35.363299999999995,-3.5670999999999964,27.607,-6.975099999999998,-3.4757999999999925,-1.8670000000000186,-12.316911000000001,-913.6400000000003,11.810500000000005,0.08915000000000006,0.24550000000000338,0.7161200000000001,Left,0.028877500655060433,0.2536000000000005,0.34275000000000055,0.08915000000000006,0.18406999999999982,0.20862000000000017,0.02455000000000035,0.8761708325164346,0.9943093838650177,0.11813855134858309,0.13573333333333334,0.2550866666666667,0.11935333333333334,0.1917090516708056
LLLLVILLWALTLLLSFLILI,103300320030021003012,000011001101100110000,LL--VI--WA-TL-LSF-IL-,1728010000.0,372.541,-382.082,-9.54125,-73.9701,-76.9344,-73.8808,-74.2251,-224.201,-225.139,-224.201,-250.774,-379.741,4581.3,3841.27,3717.57,49.2152,0.000245214,-11.3067,-2.26065,39.6739,-83.9111,-88.9743,-83.9199,-54.7424,496,95.1175,-44.9929,81.1503,18.301,10.4285,4.20423,3.92149,-7.28336,-44.2134,80.2617,19.1921,-2.26065,10.489,3.96735,3.67127,-2.341,4,-43.184,79.552,24.62,9.5,3.71712,3.4104,design_715,-34.231899999999996,-2.709299999999999,25.63499999999999,-5.054400000000001,-3.053600000000003,-0.9380000000000166,-9.04605,-740.0300000000002,1.5982999999999947,0.9284999999999997,-6.319000000000003,0.5110899999999998,Left,0.5074006593259278,1.0,1.9284999999999997,0.9284999999999997,0.6620000000000001,0.03009999999999984,0.6319000000000004,0.795461911182776,0.811449451644267,0.01598754046149098,0.5684,0.6535816666666666,0.0851816666666666,1.12646410408238
LLLYWLLTVLLALLFSLLILI,13002300200220031032,000110011011001100000,LL-YW--TV-LA--FS-LI--,1728010000.0,358.593,-377.305,-18.7123,-73.1471,-75.8827,-73.0826,-74.1891,-227.83,-227.939,-227.826,-258.884,-370.249,4705.06,3927.46,3850.99,54.5667,9.93017e-05,-11.2801,-6.99708,35.8544,-76.3285,-77.7076,-76.3377,-37.1758,510,29.9257,-107.09,8.72184,29.2203,9.68485,3.74099,2.37182,-8.30928,-107.621,8.3732,28.0,-6.99708,9.5,3.7735,2.3991,-7.05636,0,-107.621,8.3732,28.0,9.5,3.7735,2.3991,design_731,-40.5318,-1.6936000000000035,30.94500000000002,-1.3699000000000012,-2.8001000000000005,-0.11299999999999955,-4.283019999999999,-777.6000000000004,0.3486399999999996,0.18485000000000085,1.2203000000000017,-0.02727999999999975,Left,0.833498875733515,1.0,1.1848500000000008,0.18485000000000085,1.0,1.12203,0.12203000000000008,0.08347170596449394,0.08695909638337289,0.0034873904188789523,0.39985,0.39530333333333334,0.004546666666666643,0.22157093101242276
LLLLALLILLTSLLFVLLILI,113002200200230031032,000110011011001100000,LL-LA--IL-TS--FV-LI--,1728040000.0,380.97,-384.642,-3.67216,-74.1824,-74.3006,-74.1769,-74.2796,-226.258,-231.624,-226.255,-246.749,-383.398,4581.81,3914.74,3756.56,41.3623,0.000923933,-11.2378,-1.24168,37.6901,-84.2014,-88.7108,-84.2073,-62.3691,499,177.29,-102.96,21.4007,30.4695,9.57899,4.83317,3.65418,-4.38251,-101.574,16.8466,29.4392,-1.24168,9.39765,4.01044,2.76314,-1.24405,1,-99.2693,14.1594,28.0,9.4208,3.30191,2.0143,design_1135,-26.341700000000003,-0.021000000000000796,15.125,-4.5035000000000025,-0.12369999999999948,-5.369,-9.99612,-667.0700000000006,7.241300000000001,0.1581899999999994,2.4695,1.6398800000000002,Left,0.028877500655060433,0.9207999999999998,1.0789899999999992,0.1581899999999994,1.0,1.24695,0.24695,0.14135014344073718,0.21378371457493928,0.0724335711342021,0.33571666666666666,0.6090300000000001,0.2733133333333334,0.40737596763313266
LLLLVILLSTLYLLLAFLILI,103300220030022003011,000011001101100110000,LL--VI--ST-YL--AF-ILI,1728050000.0,366.226,-367.432,-1.20577,-74.4307,-74.326,-74.3635,-74.2762,-220.787,-228.575,-220.788,-249.054,-371.394,4513.04,3851.96,3652.24,45.9023,0.000429125,-11.184,4.02266,44.6965,-72.2138,-79.6773,-72.2204,-48.0638,501,162.201,-45.8486,90.9607,18.1052,9.79542,5.65699,5.5214,0.0999595,-44.5205,86.042,17.4031,4.02266,9.90349,4.79375,4.58438,3.96222,1,-41.0172,86.6948,19.8286,9.5,4.35638,4.1568,design_1570,-31.613500000000002,-0.04979999999999052,20.479000000000013,-7.4569000000000045,0.037500000000008527,-7.786999999999978,-15.20666,-661.0799999999999,4.265900000000002,0.29542,-1.7234000000000016,1.3646000000000003,Left,0.30552627249294656,1.0,1.29542,0.29542,0.18286000000000016,0.010519999999999996,0.17234000000000016,0.8669102024975093,0.9095813210951911,0.0426711185976818,0.6928,0.9202333333333333,0.22743333333333338,0.4129416393069227
LLLLVLLIFLLTLLAYLLILI,103300300220030023112,000011011001101100000,LL--VL-IF--TL-AY--IL-,1728050000.0,363.57,-366.831,-3.26082,-67.476,-66.8905,-67.4066,-58.8923,-232.431,-233.772,-232.432,-251.117,-364.249,4649.13,3894.63,4015.96,43.7222,0.000620174,-11.0359,-2.51983,40.4614,-66.9235,-74.6224,-66.9305,-54.2391,486,394.796,-38.5244,106.971,34.997,10.7627,6.71976,6.82432,-7.35729,-40.9909,102.28,35.1807,-2.51983,10.8466,6.45638,6.49057,-2.58201,4,-41.136,93.5267,27.4775,9.4534,5.2965,5.1994,design_1359,-20.3833,-7.998200000000004,17.345,-7.691900000000004,0.5160999999999945,-1.3400000000000034,-8.51607,-754.5,13.444299999999998,1.3093000000000004,7.519500000000001,1.6249200000000004,Left,0.17268001974321648,0.9534000000000002,2.2627000000000006,1.3093000000000004,0.9477499999999999,1.6997,0.7519500000000001,0.935248610605412,1.0697298032641271,0.13448119265871517,0.8665666666666666,1.1373866666666668,0.27082000000000017,1.5398454325285091
LLLLAVLLLILFTLLSLLILI,103300310020021003022,000011001101100110000,LL--AV-LLI-FT-LSL-I--,1728060000.0,377.593,-385.701,-8.10816,-74.1761,-74.1777,-74.1777,-74.1761,-222.657,-226.675,-222.654,-246.534,-384.997,4498.69,3659.94,3624.69,41.3623,0.000923933,-11.0169,-0.707529,33.2541,-88.8673,-95.1609,-88.8732,-64.2868,573,20.966,-51.786,82.5481,14.2482,9.59357,5.41189,5.15011,-5.86611,-51.826,78.1582,16.994,-0.707529,9.59374,4.82526,4.49763,-0.703617,3,-54.2003,71.185,20.0211,9.5,4.24003,3.8078,design_1743,-30.8741,-0.001599999999996271,19.85899999999998,-6.287700000000001,0.0,-4.021000000000015,-10.309371,-838.7499999999995,11.363100000000003,0.09356999999999971,-5.7729,1.34231,Left,0.028877500655060433,1.0,1.0935699999999997,0.09356999999999971,0.20211000000000007,-0.37517999999999996,0.5772900000000001,0.7117681421523713,0.8254314225239968,0.11366328037162554,0.6346333333333333,0.8583516666666666,0.22371833333333335,0.636386928663909
LLLLYFLTALLILLVSLLILI,103300200220030033012,000011011001101100000,LL--YF-TA--IL-VS--IL-,1728030000.0,361.673,-369.266,-7.59224,-81.3346,-81.2891,-81.2817,-74.1927,-223.152,-225.455,-223.151,-248.85,-365.118,4664.21,3903.02,3747.94,45.9023,0.000429125,-10.9477,-4.10022,38.31,-64.7786,-69.3213,-64.7859,-42.0751,490,193.783,-48.7558,61.8452,32.7614,9.57939,2.16247,1.59015,-2.83954,-47.8291,60.8611,31.0218,-4.10022,9.60209,1.89061,1.30353,-4.14741,2,-48.8456,56.3597,26.5476,9.2615,1.4354,0.7808,design_963,-27.246199999999995,-7.096400000000003,23.394999999999982,-4.535399999999996,-0.00740000000000407,-2.304000000000002,-6.847479999999999,-761.19,5.485500000000002,0.31789000000000023,6.213800000000003,0.8093499999999999,Left,0.30552627249294656,0.7614999999999998,1.07939,0.31789000000000023,0.85476,1.4761400000000002,0.6213800000000003,0.5634730263394804,0.6183436095851222,0.05487058324564187,0.13013333333333335,0.265025,0.13489166666666666,0.7130032953232605
LLLYTLLALLISLLLVLLILI,13002300200220031032,000110011011001100000,LL-YT--AL-IS--LV-LI--,1728030000.0,387.454,-370.209,17.2449,-65.7693,-65.3863,-65.7138,-60.5005,-227.364,-229.67,-227.36,-253.077,-382.311,4628.4,3784.93,3764.19,45.4657,0.000461966,-10.9231,12.1544,62.7106,-77.0762,-98.1776,-77.0821,-68.7333,447,113.638,-112.298,8.22774,19.9687,9.20812,4.45545,3.07886,13.1049,-112.025,6.027,18.0,12.1544,9.0427,4.1174,2.7078,12.1015,0,-112.025,6.027,18.0,9.0427,4.1174,2.7078,design_1016,-29.4443,-4.885800000000003,23.40700000000001,-21.0955,0.32750000000000057,-2.309999999999974,-23.0775,-843.4699999999998,2.2007400000000006,0.16541999999999923,1.9686999999999983,0.37105999999999995,Left,0.27892167914836047,0.5427,0.7081199999999992,0.16541999999999923,0.0,0.19686999999999982,0.19686999999999982,0.060003040863605264,0.08201669274073839,0.022013651877133125,0.45130000000000003,0.5131433333333334,0.06184333333333336,0.2653879651505416
LLLLAVLLLLLYTLFILLILI,103300300220030023022,000011011001101100000,LL--AV-LL--YT-FI--I--,1728000000.0,362.852,-370.096,-7.24481,-55.2178,-60.9055,-55.2038,-58.9223,-225.685,-224.246,-225.682,-251.399,-367.39,4566.76,3826.48,3767.9,43.7222,0.000620174,-10.9069,-2.6951,36.4774,-89.1931,-93.1452,-89.1996,-57.0683,481,29.9257,-71.2071,32.7909,26.574,10.4331,1.60784,0.599709,-9.37363,-71.3657,33.2154,25.9378,-2.6951,10.3942,1.68894,0.687167,-2.70663,3,-68.7003,35.6304,25.7335,9.1776,1.61514,0.6496,design_537,-36.0769,-1.9832000000000036,27.15299999999999,-3.945599999999999,-5.701700000000002,1.4359999999999786,-8.2118,-740.2800000000002,-2.839500000000001,1.2554999999999996,0.8405000000000022,-0.04989099999999991,Left,0.17268001974321648,0.6776,1.9330999999999996,1.2554999999999996,0.77335,0.8574000000000002,0.08405000000000018,0.3561211384033066,0.32771807193242886,0.028403066470877758,0.10826666666666666,0.09995150000000001,0.008315166666666651,1.2586582255249605
LLLLALLWVLLSTLFYLLILI,113300200210030023031,000011011001101100000,LL--AL-WV-LST-FY--I-I,1728020000.0,367.394,-374.9,-7.50579,-92.4188,-92.5272,-92.3647,-74.3021,-234.414,-234.133,-234.411,-252.137,-370.595,4590.86,3969.16,3909.42,54.5667,9.93017e-05,-10.8849,-4.25753,47.0609,-48.0672,-54.8199,-48.0769,-44.1557,485,66.6396,-84.5177,50.2068,29.2575,10.6567,5.95557,5.20868,-8.27363,-83.0847,51.9518,28.8121,-4.25753,10.3888,5.9762,5.25547,-4.30504,4,-84.8108,44.9685,27.5458,9.5,5.29237,4.4669,design_869,-10.664199999999994,-18.225099999999998,18.00399999999999,-6.742999999999995,-0.16249999999999432,0.2779999999999916,-6.62737,-621.6999999999998,5.238300000000002,1.1567000000000007,1.7117000000000004,0.7417800000000003,Left,0.833498875733515,1.0,2.1567000000000007,1.1567000000000007,0.95458,1.12575,0.17117000000000004,0.44952866614118414,0.5019265471393877,0.05239788099820353,0.7444833333333333,0.8681133333333334,0.12363000000000013,1.1769808722885446
LLLLWVLLSTLAYLLLFLILI,103300220030031003012,000011001101100110000,LL--WV--ST-AY-LLF-IL-,1728000000.0,366.342,-373.225,-6.88259,-90.7871,-92.1987,-90.7197,-74.3186,-226.462,-228.873,-226.46,-252.943,-369.173,4626.36,3955.03,3841.28,54.5667,9.93017e-05,-10.8037,-3.99178,47.6841,-55.976,-58.9047,-55.9855,-41.9117,476,361.194,-45.1095,79.317,33.8436,10.3085,3.97422,3.66397,-8.77656,-44.9936,77.428,32.3186,-3.99178,10.1921,3.70182,3.36324,-4.05163,1,-44.5029,78.3878,27.834,9.2951,3.75778,3.4336,design_557,-16.992999999999995,-17.8801,24.07000000000002,-2.9191999999999965,-1.4789999999999992,-2.4129999999999825,-6.811919999999999,-671.3299999999995,0.9291999999999945,1.0134000000000007,6.0096000000000025,0.23036999999999974,Left,0.833498875733515,0.7950999999999997,1.8085000000000004,1.0134000000000007,0.9833999999999999,1.5843600000000002,0.6009600000000003,0.783816603915512,0.7931112435931804,0.009294639677668415,0.5722666666666667,0.6106616666666667,0.03839499999999996,1.178852428403038
LLLLIVLTSLLFLLALLLILI,103300200230020033022,000011011001101100000,LL--IV-TS--FL-AL--I--,1728040000.0,383.258,-382.958,0.300014,-74.3309,-74.3365,-74.2745,-74.2833,-224.521,-224.008,-224.521,-245.262,-383.315,4562.38,3690.38,3642.01,41.3623,0.000923933,-10.7937,0.407596,41.6623,-84.1061,-95.7641,-84.112,-63.7696,466,148.395,-53.704,67.4483,22.6701,9.86245,3.66113,3.17285,-8.92146,-55.0091,66.2714,24.424,0.407596,9.79586,3.69801,3.19208,0.357436,2,-56.141,56.9997,27.7353,9.5,2.6161,1.9711,design_1254,-31.994500000000002,-0.05320000000000391,21.25399999999999,-11.652100000000004,-0.06199999999999761,0.5129999999999768,-11.201296,-872.0,10.448600000000006,0.3624500000000008,-5.065199999999997,1.2017499999999999,Left,0.028877500655060433,1.0,1.3624500000000008,0.3624500000000008,0.9735299999999999,0.46701000000000015,0.5065199999999997,0.5698748444558255,0.6743905269096424,0.10451568245381693,0.3285166666666667,0.5288083333333333,0.20029166666666665,0.6625502188626146
LLLLLLLLFTLAILLSVLILI,103300220030022003011,000011001101100110000,LL--LL--FT-AI--SV-ILI,1728050000.0,378.169,-390.182,-12.0131,-74.2904,-74.2971,-74.2287,-74.273,-227.344,-230.406,-227.344,-245.289,-384.415,4487.66,3715.98,3622.96,41.3623,0.000923933,-10.7072,-5.71143,29.3492,-88.5479,-90.4196,-88.5541,-64.8537,478,563.509,-53.3009,68.491,19.5675,9.87551,3.74142,3.26878,-8.88744,-53.8005,66.1557,18.2642,-5.71143,9.75714,3.50109,2.99343,-5.76693,3,-43.9712,67.1241,22.5853,9.4653,2.15744,1.6643,design_1572,-25.5659,-0.02410000000000423,14.882999999999981,-1.8654999999999973,-0.06839999999999691,-3.062000000000012,-4.99577,-771.6799999999998,1.3669000000000011,0.4102100000000011,-3.017800000000001,1.6044800000000001,Left,0.028877500655060433,0.9652999999999992,1.3755100000000002,0.4102100000000011,0.45853,0.1567499999999999,0.3017800000000001,0.6711476059200813,0.6848204890188814,0.013672883098800104,0.2773833333333333,0.5447966666666667,0.2674133333333334,0.5753609745861105
LLLLAVLLSILFLLLLTLILI,103300320020031003012,000011001101100110000,LL--AV--SI-FL-LLT-IL-,1728050000.0,386.03,-383.769,2.26073,-74.2564,-74.2979,-74.2578,-74.2964,-224.294,-224.643,-224.291,-247.028,-385.061,4537.49,3725.57,3634.85,41.3623,0.000923933,-10.6627,1.28754,43.623,-85.2189,-96.7822,-85.2246,-63.7364,478,135.765,-50.8457,79.6626,20.796,9.52341,4.88131,4.57625,-3.04842,-50.8674,78.8337,23.9647,1.28754,9.68339,4.77265,4.45516,1.29138,1,-47.2897,78.0956,26.2853,9.0922,4.13637,3.8078,design_1534,-33.0458,-0.0014999999999929514,22.38499999999999,-11.557600000000008,-0.04009999999999536,-0.35200000000000387,-11.950239999999999,-811.9199999999996,1.566999999999993,0.4312100000000001,-5.4893,0.7684500000000001,Left,0.028877500655060433,0.5922000000000001,1.0234100000000002,0.4312100000000001,0.82853,0.27959999999999996,0.54893,0.7808937738317683,0.7965682253760068,0.01567445154423852,0.6346333333333333,0.7627083333333333,0.12807500000000005,0.7098697789427387
LLLLLLLALLLFVLTSLLILI,103300300220030023022,000011011001101100000,LL--LL-AL--FV-TS--I--,1728020000.0,379.382,-386.945,-7.56272,-74.3317,-74.2679,-74.2679,-74.2434,-222.77,-224.227,-222.769,-245.185,-385.778,4599.98,3644.89,3658.88,44.5741,0.000537052,-10.6007,-1.10911,37.0114,-89.8434,-97.8832,-89.8497,-66.3492,476,162.201,-48.6897,96.3433,19.3726,9.67493,6.8098,6.75495,-6.60871,-48.4789,94.1587,20.7299,-1.10911,9.73423,6.48327,6.39565,-1.16714,3,-46.6019,90.9494,23.627,9.5,5.76846,5.6327,design_871,-31.534000000000006,-0.024500000000003297,20.958,-8.033500000000004,0.0,-1.4579999999999984,-9.49159,-955.0899999999997,5.393900000000002,0.1749299999999998,-4.2544,1.1222500000000002,Left,0.22459127276715818,1.0,1.1749299999999998,0.1749299999999998,0.5626999999999999,0.13725999999999985,0.42544000000000004,0.9094682889940743,0.9634226120218142,0.05395432302773995,0.9387833333333333,1.125825,0.18704166666666677,0.4994950976164092
LLLLAVLFTLLLILLSLLILI,113300200210030032031,000011011001101100000,LL--AV-FT-LLI-LS--I-I,1727990000.0,377.641,-388.106,-10.4645,-74.2629,-74.2648,-74.2648,-74.2629,-229.146,-228.413,-229.143,-245.536,-383.42,4550.67,3800.82,3665.14,41.3623,0.000923933,-10.298,-4.69159,30.8977,-84.6969,-91.0394,-84.7029,-63.6212,469,515.548,-109.293,2.16934,28.3021,9.68881,3.18683,1.71937,-10.0489,-106.119,6.4557,28.3389,-4.69159,9.58046,3.28933,1.88616,-4.686,4,-96.7973,7.3567,22.8863,9.474,2.01275,0.6231,design_465,-27.4182,-0.0018999999999920192,17.12299999999999,-6.336500000000001,0.0,0.7299999999999898,-5.60641,-749.8499999999999,-5.18736,0.21480999999999995,5.415800000000001,1.09627,Left,0.028877500655060433,0.9740000000000002,1.1888100000000001,0.21480999999999995,0.48862999999999984,1.0302099999999998,0.54158,0.07330381828439277,0.021415481996887118,0.05188833628750565,0.10385,0.28656166666666666,0.18271166666666666,0.6128035452563867
LLLLFALLLTLVSLLLILILI,102300320020033003102,000011001101100110000,LL--FA--LT-VS--LI-IL-,1728040000.0,384.355,-380.872,3.48267,-74.1611,-74.2232,-74.1627,-74.2216,-220.744,-221.37,-220.74,-246.777,-380.151,4579.14,3657.47,3680.34,41.3623,0.000923933,-10.2865,-0.725146,44.845,-85.9664,-94.8445,-85.9728,-59.1522,488,95.1175,-16.5745,86.1337,20.5402,9.42386,0.614213,0.406218,-5.76409,-15.856,85.056,19.3699,-0.725146,9.4176,0.36096,0.1368,-0.720977,0,-15.856,85.056,19.3699,9.4176,0.36096,0.1368,design_1330,-35.692299999999996,-0.001600000000010482,25.406999999999982,-8.87169999999999,-0.06050000000000466,-0.6299999999999955,-9.561354,-921.6700000000005,1.0777000000000072,0.006259999999999266,1.1702999999999975,0.26941800000000005,Left,0.028877500655060433,0.9176000000000002,0.9238599999999995,0.006259999999999266,0.1369900000000001,0.25401999999999986,0.11702999999999975,0.8505175469833433,0.8612976085208199,0.010780061537476682,0.0228,0.067703,0.044903,0.12596704980173076
LLLALLLYVLTALLFSLLILI,13002300200230021032,000110011011001100000,LL-AL--YV-TA--FS-LI--,1728020000.0,353.945,-366.295,-12.3504,-74.2786,-74.237,-74.2034,-74.1951,-219.538,-220.815,-219.531,-245.316,-364.33,4544.05,3679.11,3696.77,49.0167,0.000253574,-10.144,-1.89467,36.6663,-72.4789,-79.4221,-72.4907,-44.8187,506,39.0787,-107.653,19.0804,24.9161,9.32068,5.22383,4.01004,-7.3665,-107.247,17.5115,25.8471,-1.89467,9.44807,4.95105,3.71373,-1.96524,1,-104.39,18.4767,26.9986,9.4541,4.65285,3.43,design_900,-34.6034,-0.04189999999999827,24.501000000000005,-6.9313999999999965,-0.03359999999999275,-1.2839999999999918,-8.24933,-864.94,0.6036999999999999,-0.13342000000000098,-2.0824999999999996,0.5800399999999999,Left,0.49530489253962356,0.9541000000000004,0.8206799999999994,0.13342000000000098,0.89986,0.6916100000000001,0.20824999999999994,0.1845354080558879,0.19057412305094648,0.006038714995058592,0.5716666666666667,0.66834,0.09667333333333339,0.2656146802354297
LLLLYFLLLVLAILLSTLILI,103300210030031003022,000011001101100110000,LL--YF-LLV-AI-LST-I--,1727980000.0,362.61,-368.158,-5.54784,-74.2107,-74.3129,-74.1562,-74.2508,-220.603,-222.074,-220.602,-248.914,-365.407,4577.48,3734.36,3636.66,45.9023,0.000429125,-10.1382,-2.70197,40.3544,-73.3439,-79.1586,-73.351,-42.2421,497,95.1175,-56.9993,69.0315,14.8625,9.49528,4.36915,3.90462,-7.67513,-56.7881,67.0812,17.0092,-2.70197,9.6421,4.07417,3.58038,-2.75118,3,-55.8675,65.7005,18.0,9.4622,3.74969,3.2352,design_264,-36.916500000000006,-0.06210000000000093,26.839999999999975,-5.807600000000008,-0.15670000000000073,-1.4720000000000084,-7.436229999999999,-843.1199999999994,3.330999999999989,0.03308,-3.1374999999999993,0.6694200000000001,Left,0.30552627249294656,0.9621999999999993,0.9952799999999993,0.03308,0.0,-0.3137499999999999,0.3137499999999999,0.6569075617475363,0.6902270244749508,0.033319462727414484,0.5392,0.65077,0.11156999999999995,0.3362906486901524
LLLLVLLLFALWTLLSYLILI,103300220030032003011,000011001101100110000,LL--VL--FA-WT--SY-ILI,1728050000.0,361.137,-374.244,-13.1072,-90.4199,-90.0618,-90.3192,-74.244,-220.115,-223.358,-220.115,-254.048,-370.786,4607.92,3887.2,3732.81,54.5667,9.93017e-05,-9.99341,-3.36711,41.4595,-63.7091,-67.3597,-63.7192,-42.4944,479,55.7787,-48.1684,63.6074,19.6593,10.4485,2.31227,1.76638,-7.05139,-48.2523,60.9424,20.1469,-3.36711,10.4429,1.96506,1.3792,-3.45798,2,-42.3329,70.2618,19.39,9.5,2.33527,1.8892,design_1354,-24.865300000000005,-15.817800000000005,30.689999999999998,-3.640500000000003,0.25739999999998986,-3.242999999999995,-6.6263000000000005,-720.7200000000003,-6.654399999999995,0.9484999999999992,0.2693000000000012,-0.12281999999999993,Left,0.833498875733515,1.0,1.9484999999999992,0.9484999999999992,0.13900000000000007,0.1659300000000002,0.02693000000000012,0.7025335195195435,0.635970615654846,0.06656290386469743,0.3148666666666667,0.2943966666666667,0.020469999999999988,0.9514342415379529
LLLLVTLLAILLSLLLFLILI,102300320030032003102,000011001101100110000,LL--VT--AI-LS--LF-IL-,1727990000.0,382.194,-375.974,6.21961,-65.3228,-65.1694,-65.2684,-60.4562,-220.49,-219.75,-220.489,-246.648,-376.459,4553.27,3573.93,3653.95,41.3623,0.000923933,-9.98853,0.533928,47.5819,-90.162,-101.529,-90.1681,-69.3548,532,135.765,-12.6967,94.7913,17.0857,8.83446,1.20133,1.1232,-6.10637,-15.3645,91.0496,17.256,0.533928,9.01354,1.09638,0.962125,0.484895,1,-18.4149,85.2371,18.9515,8.7466,0.769243,0.5478,design_372,-32.1742,-4.713199999999993,26.897999999999996,-11.3609,0.09900000000000375,0.7390000000000043,-10.522458,-979.3400000000006,9.554200000000009,0.08785999999999916,-1.8658000000000001,0.5754,Left,0.028877500655060433,0.24660000000000082,0.33446,0.08785999999999916,0.09514999999999993,-0.09143000000000008,0.18658000000000002,0.8523290614534528,0.9478982030896775,0.09556914163622476,0.09129999999999999,0.1872,0.09590000000000001,0.2467017365830339
LLLLAYLLSVLLTLLLFLILI,103300310030021003022,000011001101100110000,LL--AY-LSV-LT-LLF-I--,1727980000.0,369.604,-332.67,36.9335,-74.2728,-74.2655,-74.2655,-74.2064,-222.383,-222.498,-222.378,-247.212,-371.034,4621.93,3792.52,3637.47,46.7138,0.000374154,-9.93877,38.3694,83.6473,-36.0145,-84.2095,-36.0213,-49.6154,483,231.516,-57.5661,71.4944,17.2451,9.64398,4.78666,4.35907,24.4109,-61.1356,66.6024,18.8408,38.3694,9.4667,4.66166,4.1607,38.3633,0,-61.1356,66.6024,18.8408,9.4667,4.66166,4.1607,design_263,-34.594100000000005,-0.05910000000000082,24.714,-48.18820000000001,0.0,-0.12000000000000455,-48.30817,-829.4100000000003,4.891999999999996,0.17728000000000144,-1.5957000000000008,0.1983699999999997,Left,0.35497571706264813,0.9666999999999994,1.1439800000000009,0.17728000000000144,0.08408000000000015,-0.07548999999999992,0.15957000000000007,0.6659291238711794,0.7148630210979918,0.048933897226812406,0.69345,0.7265116666666667,0.033061666666666656,0.24572013226551573
LLLLALLIYLLFTLFVLLILI,113300300210020033021,000011011001101100000,LL--AL-IY-LFT-FV--I-I,1727990000.0,344.748,-346.386,-1.6378,-62.6543,-62.7794,-62.6255,-58.9223,-236.946,-238.358,-236.944,-252.62,-347.081,4611.07,3936.63,3850.74,48.2622,0.000288043,-9.8391,0.71904,46.6244,-46.7848,-55.7827,-46.792,-35.5389,484,231.516,-94.0345,29.5535,30.5762,10.4857,4.5949,3.5382,-5.86276,-95.2613,24.7184,29.8997,0.71904,10.6004,4.12618,2.99696,0.695244,3,-91.2166,19.4907,22.6004,9.4646,2.81374,1.6061,design_383,-20.2438,-3.8571000000000026,14.262,-8.990699999999997,-0.15390000000000015,-1.4140000000000157,-10.55814,-674.4399999999996,10.0628,1.0210999999999988,7.9758,1.9320999999999997,Left,0.4493287915811026,0.9646000000000008,1.9856999999999996,1.0210999999999988,0.46004000000000006,1.25762,0.79758,0.19467828863397205,0.29533487510452966,0.10065658647055761,0.26768333333333333,0.5897,0.3220166666666667,1.3388822010957548
LLLLLALLYLLTVLFILLILI,103300200220020033032,000011011001101100000,LL--LA-LY--TV-FI--I--,1728020000.0,361.72,-366.942,-5.22209,-58.9404,-58.9193,-58.9193,-58.9117,-228.243,-232.603,-228.241,-250.152,-366.721,4564.12,3795.59,3808.26,43.7222,0.000620174,-9.75456,-0.204831,38.5001,-79.7582,-84.9529,-79.7652,-57.6572,477,231.516,-52.9747,88.5149,28.5056,9.93915,6.39571,6.22344,-4.36469,-52.9232,84.2774,30.0729,-0.204831,10.0686,5.81593,5.58009,-0.220872,4,-57.1251,75.9242,27.2915,9.4111,5.31854,4.9574,design_904,-27.295699999999997,-0.0075999999999964984,17.548999999999978,-5.187700000000007,0.0,-4.361999999999995,-9.549729,-768.5299999999997,12.590699999999998,0.5280500000000004,1.214100000000002,1.2660400000000003,Left,0.17268001974321648,0.9110999999999994,1.4391499999999997,0.5280500000000004,0.9291499999999999,1.0505600000000002,0.12141000000000024,0.7591736053039063,0.8851163730499462,0.12594276774603985,0.8262333333333333,1.03724,0.21100666666666668,0.5949475478773831
LLLLWALTSLLVILFLLLILI,103300200320030023012,000011011001101100000,LL--WA-TS--VI-FL--IL-,1727990000.0,378.306,-383.842,-5.53556,-89.9261,-90.3696,-89.9204,-74.3821,-227.963,-226.432,-227.959,-248.698,-377.953,4586.08,3876.51,3874.48,49.2152,0.000245214,-9.74082,-5.88804,43.6796,-65.9525,-70.8925,-65.9612,-54.8734,464,12.2949,-51.378,53.9401,29.3777,10.0693,1.48861,0.797716,-9.79565,-51.6281,53.9447,32.5241,-5.88804,9.90161,1.52674,0.835913,-5.88896,3,-47.8829,56.4851,28.0,9.5,1.30792,0.6552,design_487,-16.0191,-15.987500000000011,22.26600000000002,-4.931299999999993,-0.4492000000000047,1.5270000000000152,-3.852779999999999,-709.5699999999997,-2.5450000000000017,0.5693000000000001,1.3777000000000008,0.14251599999999998,Left,0.5074006593259278,1.0,1.5693000000000001,0.5693000000000001,1.0,1.1377700000000002,0.13777000000000017,0.5647273825766519,0.5392701527233735,0.025457229853278363,0.1092,0.13295266666666666,0.023752666666666658,0.5867668383826583
LLLLIALLLLLFVLTSLLILI,103300300230020023022,000011011001101100000,LL--IA-LL--FV-TS--I--,1728020000.0,377.124,-375.873,1.25074,-74.2765,-74.2684,-74.2684,-74.2434,-222.602,-225.979,-222.6,-245.539,-383.794,4522.31,3728.06,3724.54,41.3623,0.000923933,-9.67738,7.92484,42.613,-78.9952,-93.2233,-79.001,-64.0118,466,55.7787,-55.2026,64.0456,22.0246,9.68465,3.42655,2.88723,-1.75439,-56.8196,57.628,23.619,7.92484,9.94611,2.80272,2.16714,7.92037,2,-63.862,46.6467,27.3221,9.0487,2.3766,1.5763,design_860,-29.2115,-0.025000000000005684,19.559999999999974,-14.22229999999999,0.0,-3.379000000000019,-17.60222,-794.2500000000005,17.39889999999999,0.6359499999999993,-5.297499999999999,1.3109300000000002,Left,0.028877500655060433,0.5487000000000002,1.1846499999999995,0.6359499999999993,0.9322099999999999,0.40245999999999993,0.5297499999999999,0.4663154335831377,0.6403538604963809,0.17403842691324317,0.26271666666666665,0.48120500000000005,0.2184883333333334,0.8735525117846168
LLLATLLTVLLLLLFSLLILI,13002200200230031032,000110011011001100000,LL-AT--TV-LL--FS-LI--,1728080000.0,375.361,-351.343,24.0181,-77.1888,-77.199,-77.1809,-74.2559,-224.144,-228.296,-224.135,-246.759,-383.793,4530.92,3772.54,3623.37,49.054,0.000251982,-9.63003,32.4602,73.0722,-50.0104,-87.9276,-50.0166,-62.7773,531,39.0787,-106.814,21.7584,22.0369,9.75004,5.45951,4.28589,26.5654,-106.482,15.9663,18.7198,32.4602,9.4342,4.62771,3.3672,32.4496,0,-106.482,15.9663,18.7198,9.4342,4.62771,3.3672,design_1972,-25.1503,-2.943100000000001,18.462999999999994,-37.911,-0.018100000000004002,-4.161000000000001,-42.09023,-758.3800000000001,5.792100000000001,0.3158399999999997,3.3171,0.9186900000000002,Left,0.4975777998500979,0.9342000000000006,1.2500400000000003,0.3158399999999997,0.07197999999999993,0.40368999999999994,0.33171,0.15942427649452445,0.21736173073152776,0.057937454237003305,0.5612,0.714315,0.153115,0.4864024892293055
LLLLWVLILLLATLFYLLILI,113300200210030023031,000011011001101100000,LL--WV-IL-LAT-FY--I-I,1728050000.0,357.975,-360.173,-2.19759,-63.167,-62.6346,-63.0964,-58.9223,-231.452,-232.313,-231.45,-255.656,-360.191,4693.87,3823.76,3784.25,51.5751,0.000164596,-9.60992,0.0813921,49.3775,-65.5543,-74.8533,-65.5628,-45.6121,472,193.783,-81.4624,56.5701,27.448,10.8496,6.35632,5.70487,-2.96683,-80.9657,57.0634,25.1943,0.0813921,10.7952,6.34842,5.70437,0.0178335,2,-84.4604,49.1383,20.518,9.5,5.80273,5.0398,design_1496,-29.241200000000006,-3.712299999999999,23.343000000000018,-9.290500000000009,0.46180000000000376,-0.8629999999999995,-9.691312100000001,-870.1099999999997,7.4317999999999955,1.3496000000000006,6.93,0.66507,Left,0.6512031784140834,1.0,2.3496000000000006,1.3496000000000006,0.2518000000000001,0.9448000000000001,0.6930000000000001,0.49123851173733346,0.5655776240452288,0.07433911230789536,0.8399666666666666,0.9508116666666666,0.11084499999999997,1.5229845953402574
LLLLFLLTLLLAILVSLLILI,103300200220030033022,000011011001101100000,LL--FL-TL--AI-VS--I--,1728050000.0,377.271,-382.739,-5.46707,-74.2597,-74.2051,-74.2051,-74.1791,-220.113,-222.181,-220.112,-246.367,-382.658,4544.34,3676.9,3585.69,41.3623,0.000923933,-9.57925,-0.0307538,35.8952,-88.3659,-95.8511,-88.3719,-62.1119,470,330.452,-62.8329,53.723,16.0272,9.79463,3.17754,2.48339,-7.58893,-63.089,51.6455,15.6393,-0.0307538,9.71177,2.93549,2.21017,-0.0803735,2,-64.3982,44.8831,19.5039,9.0192,2.21895,1.3922,design_1638,-33.739200000000004,-0.02599999999999625,24.18599999999998,-7.479200000000006,0.0,-2.069000000000017,-9.5484962,-867.44,8.8399,0.7754300000000001,-3.476700000000001,1.0911899999999999,Left,0.028877500655060433,0.5191999999999997,1.2946299999999997,0.7754300000000001,0.15039000000000016,-0.19727999999999996,0.34767000000000015,0.44867442353628434,0.5370985359842195,0.08842411244793519,0.23203333333333334,0.4138983333333333,0.18186499999999997,0.873532950544629
LLLLVTLLFALLYLLSLLILI,102300320030023003102,000011001101100110000,LL--VT--FA-LY--SL-IL-,1728040000.0,364.72,-361.678,3.04153,-55.0017,-61.6493,-54.9349,-60.4062,-219.673,-221.723,-219.672,-249.513,-362.086,4641.85,3634.44,3594.95,46.7138,0.000374154,-9.33944,0.46811,49.7553,-87.0037,-88.0529,-87.0111,-52.1667,476,193.783,-12.1932,93.5607,18.8584,9.21649,0.959683,0.863094,-5.52251,-12.9489,91.4175,19.5596,0.46811,8.93307,0.783692,0.654955,0.407785,2,-17.3153,89.01,18.0,8.8015,1.11365,0.9488,design_1279,-35.886199999999995,-1.2430999999999983,27.789999999999992,-1.041799999999995,-6.714399999999998,-2.051000000000016,-9.807549999999999,-1007.4100000000003,4.550699999999992,0.4149899999999995,0.8583999999999996,-0.08570599999999995,Left,0.35497571706264813,0.30150000000000077,0.7164900000000003,0.4149899999999995,0.0,0.08583999999999996,0.08583999999999996,0.8900687795333875,0.9355887071928427,0.04551992765945523,0.15813333333333332,0.143849,0.014284333333333316,0.4264520039733656
LLLLAVLLALLFLLTSLLILI,103300300220030023022,000011011001101100000,LL--AV-LA--FL-TS--I--,1728040000.0,370.545,165.831,536.376,-79.6747,-74.2194,-79.6188,-74.2063,-213.91,-216.501,-213.905,-242.471,-376.261,4512.87,3630.31,3619.09,44.4768,0.00054596,-9.24249,542.142,580.853,459.415,-94.7833,459.405,-59.5838,506,42.7142,-59.0204,50.0386,13.5162,8.9491,2.10826,1.35884,174.057,-61.8072,43.7828,18.0,542.142,8.5458,1.68176,0.8385,542.092,0,-61.8072,43.7828,18.0,8.5458,1.68176,0.8385,design_1229,-35.1995,-0.013099999999994338,25.97,-554.1883,5.3994,-2.5960000000000036,-551.38449,-882.56,6.255800000000001,0.40329999999999977,-4.4838000000000005,0.52034,Left,0.21866221428701998,0.04579999999999984,0.4490999999999996,0.40329999999999977,0.0,-0.44838000000000006,0.44838000000000006,0.4376682977965743,0.5002440693156858,0.06257577151911148,0.13975,0.22647333333333333,0.08672333333333332,0.6124803491751032
LLLFTLLTILVALLLSLLILI,13002300300230021022,000110011011001100000,LL-FT--TI-VA--LS-LI--,1728050000.0,371.782,-352.449,19.333,-77.1678,-77.8492,-77.1134,-74.2559,-222.652,-224.998,-222.649,-246.173,-377.997,4548.88,3687.26,3681.14,48.2425,0.000289003,-9.17127,25.599,67.5755,-52.6289,-84.3212,-52.6351,-57.5681,523,113.638,-111.696,5.81498,22.5369,9.34509,4.03949,2.62672,22.0865,-108.56,7.307,20.0994,25.599,9.4061,3.77049,2.3801,25.5483,0,-108.56,7.307,20.0994,9.4061,3.77049,2.3801,design_1596,-26.753100000000003,-3.5932999999999993,21.17500000000001,-31.686100000000003,-0.7357999999999976,-2.3489999999999895,-34.77027,-861.6199999999999,-1.4920200000000001,-0.061009999999999565,2.4375,0.24662000000000006,Left,0.44812835528039635,0.9061000000000003,0.8450900000000008,0.061009999999999565,0.20993999999999993,0.4536899999999999,0.24375,0.07280667709629535,0.05788223855574984,0.01492443854054551,0.39668333333333333,0.4377866666666667,0.04110333333333338,0.25504608500594866
LLLLALLLILTSLLFVLLILI,13002300200230031022,000110011011001100000,LL-LA--LI-TS--FV-LI--,1727980000.0,380.696,-386.082,-5.38596,-74.2881,-74.2825,-74.2825,-74.2766,-220.621,-222.319,-220.617,-246.5,-383.723,4535.86,3737.77,3683.66,41.3623,0.000923933,-9.04588,-2.3553,35.9763,-91.173,-96.1677,-91.1791,-62.9459,508,276.595,-108.935,27.84,20.9905,9.39222,6.59872,5.51632,-7.18187,-110.006,25.5164,19.9196,-2.3553,9.52143,6.44555,5.3283,-2.35934,1,-108.523,26.4326,18.0,9.5,6.34681,5.2433,design_182,-33.221799999999995,-0.005899999999996908,24.18100000000001,-4.988599999999991,0.0,-1.7019999999999982,-6.690580000000001,-798.0899999999997,1.407399999999999,-0.10777999999999999,2.990500000000001,0.2730200000000007,Left,0.028877500655060433,1.0,0.89222,0.10777999999999999,0.0,0.2990500000000001,0.2990500000000001,0.2641170092306215,0.2781950073820965,0.014077998151475035,0.8738833333333332,0.9193866666666667,0.04550333333333345,0.3214283345885945
LLLLYLLTFLLAILVSLLILI,103300300220020033022,000011011001101100000,LL--YL-TF--AI-VS--I--,1728050000.0,362.176,-367.765,-5.58901,-74.4032,-74.3284,-74.3412,-74.1876,-220.605,-221.885,-220.604,-247.768,-369.267,4582.86,3577.77,3596.31,45.9023,0.000429125,-9.04458,1.55847,40.3133,-72.7567,-82.0978,-72.7635,-47.3117,487,103.966,-57.7422,57.2061,15.6078,9.53535,2.88415,2.24224,-5.35844,-59.6233,52.581,15.7992,1.55847,9.39156,2.54193,1.83064,1.50193,3,-62.4072,46.8615,19.8661,8.7128,2.18738,1.3903,design_1583,-34.786100000000005,-0.1407999999999987,25.88300000000001,-9.334300000000013,0.01279999999999859,-1.2809999999999775,-10.60305,-1005.0899999999997,10.3446,0.8225499999999997,-4.2583,0.8519399999999997,Left,0.30552627249294656,0.21279999999999966,1.0353499999999993,0.8225499999999997,0.18660999999999994,-0.23922000000000007,0.42583000000000004,0.468464043788436,0.5719394307983467,0.10347538700991077,0.23171666666666668,0.37370666666666663,0.14198999999999995,0.9427555394782097
LLLLFALLLILLTLLSVLILI,103300210030021003022,000011001101100110000,LL--FA-LLI-LT-LSV-I--,1727990000.0,378.088,-373.793,4.29465,-74.1761,-74.1785,-74.1785,-74.1761,-220.445,-221.623,-220.442,-246.218,-379.839,4590.85,3729.86,3659.09,41.3623,0.000923933,-8.78734,6.03994,45.6569,-79.1724,-92.8249,-79.1786,-59.4446,493,177.29,-60.0348,71.4409,18.7274,10.2208,5.14974,4.72135,-5.15066,-60.3091,70.0622,20.6566,6.03994,10.2166,5.00476,4.55569,6.04529,1,-62.6534,63.9759,23.4815,9.298,4.53476,3.9944,design_486,-33.3803,-0.0023999999999944066,24.595,-13.646299999999997,0.0,-1.1809999999999832,-14.82728,-860.9900000000002,7.464999999999996,0.9228000000000005,-4.754100000000001,0.72695,Left,0.028877500655060433,0.798,1.7208000000000006,0.9228000000000005,0.54815,0.07273999999999994,0.4754100000000001,0.6396566624921478,0.7143278691148286,0.07467120662268079,0.6657333333333334,0.7868916666666667,0.12115833333333326,1.0477736582557318
LLLLYALLLLLTVLFILLILI,103300200220030033022,000011011001101100000,LL--YA-LL--TV-FI--I--,1728060000.0,362.197,-363.072,-0.875222,-58.9072,-60.2125,-58.8967,-58.9642,-225.484,-227.312,-225.48,-250.839,-364.047,4608.82,3769.62,3705.66,43.7222,0.000620174,-8.64882,0.982321,42.847,-78.6811,-85.1711,-78.6879,-54.2441,490,177.29,-61.7008,76.0173,20.3303,10.4396,6.01746,5.65772,-4.14445,-61.0262,75.8101,20.1561,0.982321,10.1132,5.88828,5.52543,0.975223,2,-58.9652,73.9841,23.2877,9.5,5.33264,4.9424,design_1772,-30.926999999999992,-1.2483000000000004,23.526999999999987,-6.4831999999999965,-1.3157999999999959,-1.832000000000022,-9.631141000000001,-839.1999999999998,2.033200000000008,0.9396000000000004,-2.9574,0.7153200000000002,Left,0.17268001974321648,1.0,1.9396000000000004,0.9396000000000004,0.5287700000000001,0.23303000000000013,0.29573999999999995,0.7397670938546547,0.7601048697830184,0.02033777592836372,0.8237333333333333,0.9429533333333334,0.1192200000000001,0.9924400944791142
LLLLFALLLTLLVLLSILILI,103300310020031003022,000011001101100110000,LL--FA-LLT-LV-LSI-I--,1728040000.0,376.843,-379.196,-2.3526,-74.2548,-74.3171,-74.2566,-74.3153,-218.624,-220.85,-218.62,-246.043,-380.891,4555.26,3644.67,3587.99,41.3623,0.000923933,-8.63929,1.69046,39.0097,-86.3176,-94.3636,-86.3237,-60.5326,468,302.327,-57.3409,76.7909,15.7419,10.0557,5.4679,5.11976,-4.83714,-59.7464,73.5197,16.4001,1.69046,10.0442,5.38711,4.98991,1.69504,2,-63.4452,65.2561,19.7618,9.1047,4.82636,4.3052,design_1269,-33.831,-0.0018000000000029104,25.193000000000012,-8.039900000000003,-0.06049999999999045,-2.2299999999999898,-10.32975,-910.5900000000001,11.53479999999999,0.9510000000000005,-4.019900000000002,0.8145600000000002,Left,0.028877500655060433,0.6046999999999993,1.5556999999999999,0.9510000000000005,0.1761800000000001,-0.22581000000000007,0.4019900000000002,0.6524622992929993,0.7678430674311504,0.11538076813815112,0.7175333333333334,0.8532933333333333,0.13576,1.047731100691466
LLLLAILVLLLFLLSTLLILI,13300200210030032031,000011011001101100000,LL--AI-VL-LFL-ST--I-I,1728070000.0,384.715,-379.3,5.41517,-74.1338,-74.1625,-74.1256,-74.1358,-225.002,-226.277,-225.0,-246.496,-381.439,4640.04,3756.23,3744.88,41.3623,0.000923933,-8.6383,2.14286,46.7775,-80.1644,-89.6371,-80.1704,-60.8068,465,17.549,-95.9117,41.1405,29.2215,9.21262,6.44072,5.55783,-1.59622,-95.5215,39.2228,28.0657,2.14286,9.26354,6.12331,5.21165,2.13826,2,-93.172,34.484,23.7571,9.3219,5.13114,4.1484,design_1859,-28.8303,-0.026699999999991064,20.219000000000023,-9.466700000000003,-0.03689999999998861,-1.2769999999999868,-10.78116,-883.81,6.656500000000001,-0.10928000000000004,5.464399999999998,1.4094300000000004,Left,0.028877500655060433,0.8218999999999994,0.7126199999999994,0.10928000000000004,0.5757100000000002,1.12215,0.5464399999999998,0.3446538817024035,0.4112377915327954,0.06658390983039186,0.6913999999999999,0.926305,0.23490500000000014,0.6084016502881149
LLLLAVLTILLSLLFLLLILI,13300200310020023131,000011011001101100000,LL--AV-TI-LSL-FL--I-I,1728050000.0,382.025,-385.406,-3.38125,-74.34,-74.342,-74.342,-74.34,-226.004,-230.772,-226.002,-246.843,-385.139,4544.24,3885.0,3769.0,41.3623,0.000923933,-8.63664,-0.272999,37.981,-85.0619,-88.6613,-85.0678,-63.9557,488,51.0312,-93.7276,55.1501,30.5049,9.57991,8.0044,7.33165,-4.37863,-93.4357,50.0799,29.236,-0.272999,9.34168,7.27614,6.52734,-0.267545,3,-92.1998,44.3542,28.0,9.4683,6.31779,5.4831,design_1365,-24.705599999999997,-0.001999999999995339,16.070999999999998,-3.5934999999999917,0.0,-4.769999999999982,-8.363641,-659.2399999999998,10.795900000000003,0.11161000000000065,2.5048999999999992,1.8485499999999995,Left,0.028877500655060433,0.9682999999999993,1.07991,0.11161000000000065,1.0,1.2504899999999999,0.2504899999999999,0.44338392103357355,0.5513735900995883,0.10798966906601476,0.91385,1.2219416666666667,0.30809166666666665,0.4263616726377172
LLLLLVLTFLLAILLSLLILI,103300200230030023022,000011011001101100000,LL--LV-TF--AI-LS--I--,1728070000.0,376.679,-378.95,-2.27011,-74.2573,-74.3091,-74.2027,-74.2399,-226.561,-228.401,-226.561,-245.762,-385.304,4528.95,3718.92,3687.35,41.3623,0.000923933,-8.54067,6.40297,39.0922,-78.1309,-91.1343,-78.137,-65.3018,474,276.595,-57.6532,56.5667,20.8581,9.79686,2.78447,2.13297,-3.6097,-57.3994,54.7786,22.7292,6.40297,9.77397,2.50503,1.8267,6.35447,3,-66.3064,35.5649,28.0,8.743,1.24723,0.2807,design_1934,-25.832499999999996,-0.06919999999999504,17.36099999999999,-12.997299999999996,-0.10640000000000782,-1.8400000000000034,-14.94364,-810.0299999999997,21.001799999999996,1.0538600000000002,-7.1419,1.8522699999999999,Left,0.028877500655060433,0.24300000000000033,1.2968600000000006,1.0538600000000002,1.0,0.28581,0.71419,0.3554659523304619,0.5655436143864858,0.2100776620560239,0.046783333333333336,0.35549499999999995,0.3087116666666666,1.3266965640006143
LLLLVALTLLLILLFSLLILI,103300200230030023022,000011011001101100000,LL--VA-TL--IL-FS--I--,1728050000.0,374.702,-382.288,-7.58627,-74.2804,-74.2824,-74.2824,-74.2776,-226.715,-228.66,-226.713,-246.456,-384.237,4566.8,3819.78,3748.96,41.3623,0.000923933,-8.50387,1.94252,33.776,-81.2933,-89.7985,-81.2992,-63.5033,482,231.516,-51.5399,72.7291,16.3221,10.3347,4.04941,3.64035,-3.52273,-51.7642,69.7351,17.3726,1.94252,10.6418,3.67886,3.22489,1.94848,4,-61.6692,51.9735,24.4821,9.38,2.7668,2.0464,design_1447,-26.2952,-0.004799999999988813,17.795999999999992,-8.499300000000005,0.0,-1.9470000000000027,-10.44639,-747.02,20.7556,0.954699999999999,-8.16,1.59395,Left,0.028877500655060433,0.8800000000000008,1.8346999999999998,0.954699999999999,0.64821,-0.1677900000000001,0.8160000000000001,0.519598565992742,0.7272135286421344,0.2076149626493924,0.3410666666666667,0.6067250000000001,0.2656583333333334,1.300379334188817
LLLLILLTALLFVLYLLLILI,103300200230030023022,000011011001101100000,LL--IL-TA--FV-YL--I--,1727980000.0,361.935,-274.241,87.6943,-59.0599,-58.9654,-58.9809,-58.9348,-220.493,-227.192,-220.493,-249.646,-366.104,4613.4,3806.6,3639.92,43.7222,0.000620174,-8.4789,91.9352,131.417,5.31193,-88.4251,5.30543,-57.5233,488,431.524,-53.5182,65.2308,24.224,9.43807,3.33389,2.81236,74.1767,-56.5141,55.8639,27.886,91.9352,8.9625,2.51874,1.8567,91.8628,0,-56.5141,55.8639,27.886,8.9625,2.51874,1.8567,design_242,-30.9018,-0.03059999999999974,22.45399999999998,-93.73053,0.01549999999999585,-6.699000000000012,-100.41409999999999,-806.7999999999997,9.366900000000001,0.4755699999999994,-3.661999999999999,0.95566,Left,0.17268001974321648,0.46250000000000036,0.9380699999999997,0.4755699999999994,0.9885999999999999,0.6224000000000001,0.36619999999999986,0.5585136178674744,0.6522092274205874,0.09369560955311296,0.30945,0.4687266666666667,0.15927666666666668,0.6280264235635099
LLLLLFLLLVLAILLSTLILI,103300310020031003022,000011001101100110000,LL--LF-LLV-AI-LST-I--,1728050000.0,377.118,-378.095,-0.976768,-74.2107,-74.3129,-74.1562,-74.2508,-226.41,-228.464,-226.41,-244.795,-382.614,4516.77,3862.98,3790.47,41.3623,0.000923933,-8.46293,4.56744,40.3855,-77.4741,-88.3003,-77.4803,-63.5681,473,515.548,-52.2856,86.7397,24.6264,9.62321,6.05269,5.85379,-4.08623,-52.9058,83.4305,25.5171,4.56744,9.77981,5.69898,5.45044,4.51872,4,-54.5787,73.4973,27.8285,9.3908,4.60894,4.2114,design_1629,-24.73219999999999,-0.06210000000000093,16.33099999999999,-10.819999999999993,-0.15670000000000073,-2.054000000000002,-13.030370000000001,-653.7900000000004,13.242400000000004,0.23240999999999978,-3.202099999999998,1.6423899999999998,Left,0.028877500655060433,0.8908000000000005,1.1232100000000003,0.23240999999999978,0.9828499999999998,0.66264,0.3202099999999998,0.7348977109499097,0.8673593300497341,0.13246161909982435,0.7019000000000001,0.9756316666666667,0.2737316666666666,0.4990230035485917
LLLLTLLAVLLILLFSLLILI,13002200200330021131,000110011011001100000,LL-LT--AV-LI--FS-LI-I,1727990000.0,374.22,-379.65,-5.42994,-63.7911,-64.1081,-63.7283,-60.4659,-222.291,-223.876,-222.29,-246.525,-376.332,4588.01,3752.13,3701.42,41.3623,0.000923933,-8.42553,-3.25976,35.9323,-93.5676,-96.7737,-93.5735,-69.3412,454,231.516,-111.39,26.7852,27.7757,9.42896,6.82446,5.72624,-5.51228,-109.692,28.2636,28.0,-3.25976,9.5,6.76935,5.6933,-3.31772,0,-109.692,28.2636,28.0,9.5,6.76935,5.6933,design_308,-27.432500000000005,-3.6421999999999954,22.649,-3.2002000000000095,-0.3797999999999959,-1.5860000000000127,-5.16577,-835.8800000000001,-1.4784000000000006,-0.07103999999999999,-0.2242999999999995,0.03293999999999997,Left,0.028877500655060433,1.0,0.92896,0.07103999999999999,1.0,0.97757,0.02242999999999995,0.2824322107478524,0.26764401089909534,0.014788199848757067,0.9488833333333333,0.9543733333333333,0.005489999999999995,0.07614865366352039
LLLVALLLLLTSLLAFLLILI,13002300200230021032,000110011011001100000,LL-VA--LL-TS--AF-LI--,1728080000.0,378.401,-367.38,11.0212,-74.1374,-75.0627,-74.0813,-74.2819,-214.705,-211.651,-214.701,-242.573,-377.977,4551.63,3682.08,3642.0,44.4768,0.00054596,-8.40333,10.6473,55.498,-78.5375,-99.6666,-78.5481,-61.1222,485,177.29,-104.914,28.977,24.7384,8.73162,6.14902,5.08368,2.82049,-105.941,30.4941,26.1948,10.6473,8.5,6.50779,5.4652,10.5972,0,-105.941,30.4941,26.1948,8.5,6.50779,5.4652,design_1970,-38.5444,-0.7808000000000135,30.921999999999997,-21.118499999999997,-0.9814000000000078,3.049999999999983,-19.050629999999998,-869.5500000000002,-1.5170999999999992,0.2316199999999995,-1.4564000000000021,-0.3815200000000001,Left,0.21866221428701998,0.0,0.2316199999999995,0.2316199999999995,0.8194800000000001,0.6738399999999999,0.1456400000000002,0.30474354716739555,0.2895682373794158,0.015175309787979763,0.9108666666666667,0.84728,0.06358666666666668,0.28130479591528257
LLLLYVLTALLLILFSLLILI,103300200320030023022,000011011001101100000,LL--YV-TA--LI-FS--I--,1728070000.0,359.222,-370.449,-11.2265,-74.2525,-74.2446,-74.1994,-74.1876,-222.696,-221.838,-222.695,-248.233,-369.42,4577.41,3674.63,3659.24,45.9023,0.000429125,-8.39899,-0.981282,34.6758,-73.5,-81.736,-73.5071,-46.9993,495,177.29,-57.6859,67.5022,14.1337,9.76519,4.26568,3.77822,-5.77604,-57.0771,66.3824,14.8142,-0.981282,9.90399,4.0232,3.51893,-1.02851,4,-59.2782,59.5791,20.287,9.4301,3.43491,2.8286,design_1853,-34.736700000000006,-0.05700000000000216,26.39500000000001,-8.22890000000001,-0.045200000000008345,0.8569999999999993,-7.417707999999999,-902.7799999999997,7.923100000000005,0.335090000000001,-6.1533,0.9496200000000004,Left,0.30552627249294656,0.9300999999999995,1.2651900000000005,0.335090000000001,0.2286999999999999,-0.3866300000000001,0.6153299999999999,0.5956761720328574,0.6749296800291282,0.07925350799627084,0.4714333333333333,0.6297033333333334,0.15827000000000008,0.7226664710844939
LLLLFLLTLLLAVLISLLILI,103300300230020023022,000011011001101100000,LL--FL-TL--AV-IS--I--,1728050000.0,375.77,-381.524,-5.75388,-74.302,-74.2298,-74.2474,-74.2214,-221.114,-219.054,-221.113,-245.92,-381.544,4559.57,3601.53,3646.99,41.3623,0.000923933,-8.3109,0.0700233,35.6084,-86.1079,-96.5714,-86.1139,-61.4028,521,471.669,-61.9962,49.4912,11.0703,9.23629,2.48074,1.72311,-6.08396,-59.5459,52.3041,14.1238,0.0700233,9.45602,2.49293,1.77749,0.020422,4,-62.2255,43.4998,18.5913,8.5,1.7063,0.8588,design_1478,-35.1686,-0.008399999999994634,26.865999999999985,-10.457499999999996,0.017600000000001614,2.0589999999999975,-8.380923300000001,-958.0399999999995,5.991399999999999,0.7362900000000003,-7.521000000000001,0.8643099999999999,Left,0.028877500655060433,0.0,0.7362900000000003,0.7362900000000003,0.05913000000000004,-0.6929700000000001,0.7521000000000001,0.43483749384825293,0.4947685142580493,0.059931020409796365,0.14313333333333333,0.28718499999999997,0.14405166666666663,1.0640112706060987
LLLLIVLTLLLLALFSLLILI,103300300220030023022,000011011001101100000,LL--IV-TL--LA-FS--I--,1728060000.0,374.77,-380.311,-5.54155,-74.4307,-74.3438,-74.3748,-74.3057,-232.97,-233.744,-232.971,-245.612,-384.91,4511.88,3855.73,3822.93,41.3623,0.000923933,-8.29758,4.64843,35.8207,-72.9104,-85.1203,-72.9163,-64.992,494,148.395,-58.3514,57.1696,26.6194,10.2374,2.9706,2.32814,-4.73833,-58.561,55.1821,28.1549,4.64843,10.3876,2.73372,2.06146,4.59865,2,-64.5026,35.4974,28.0,8.5172,0.967539,0.0,design_1774,-20.128299999999996,-0.03810000000000002,11.867999999999995,-12.203999999999994,0.0309999999999917,-0.7729999999999961,-12.946010000000001,-656.1500000000001,21.672200000000004,1.7201999999999984,-1.3806000000000012,2.32814,Left,0.028877500655060433,0.01720000000000077,1.7373999999999992,1.7201999999999984,1.0,0.8619399999999999,0.13806000000000007,0.3547907605760036,0.571574327108899,0.21678356653289538,0.0,0.38802333333333333,0.38802333333333333,1.7820510165339902
LLLVTLLAILFLLLASLLILI,13002300200220031032,000110011011001100000,LL-VT--AI-FL--AS-LI--,1728010000.0,368.735,-338.071,30.6646,-65.4485,-64.8395,-65.3378,-60.4659,-218.557,-218.626,-218.555,-242.477,-368.229,4518.49,3674.72,3700.01,43.6652,0.000626172,-8.29303,30.2599,74.3299,-54.0652,-93.0566,-54.076,-65.286,501,4.22804,-113.22,1.70593,21.8946,9.09886,3.71324,2.23883,25.8418,-110.591,4.2401,18.0,30.2599,9.2612,3.6611,2.2247,30.1584,0,-110.591,4.2401,18.0,9.2612,3.6611,2.2247,design_662,-27.7706,-4.373600000000003,23.851,-38.9806,0.4983000000000004,-0.07099999999999795,-38.552929999999996,-843.77,-2.53417,-0.16234000000000037,3.8946000000000005,0.014130000000000198,Left,0.16920667613203583,0.7612000000000005,0.5988600000000002,0.16234000000000037,0.0,0.38946000000000003,0.38946000000000003,0.042128964625953766,0.016780065538612967,0.0253488990873408,0.3707833333333333,0.37313833333333335,0.0023550000000000515,0.4227073218078205
LLLLVALLSTLFLLLSILILI,103300220030031003012,000011001101100110000,LL--VA--ST-FL-LSI-IL-,1728020000.0,381.939,578.05,959.989,-88.9451,-89.6585,-88.9517,-89.6519,-213.011,-220.779,-213.009,-244.06,-388.326,4480.0,3667.42,3544.42,47.6458,0.000319654,-8.21642,966.366,1007.63,880.007,-86.1053,880.001,-54.6142,479,162.201,-50.4948,77.2551,19.3808,9.35871,4.50366,4.16249,128.039,-48.7451,74.0949,23.7975,966.366,8.989,3.81458,3.426,966.376,0,-48.7451,74.0949,23.7975,8.989,3.81458,3.426,design_788,-31.491100000000003,-0.0066000000000059345,23.281000000000006,-966.1062999999999,-0.7068000000000012,-7.77000000000001,-974.58242,-812.5799999999999,3.1602000000000032,0.36970999999999954,-4.416699999999999,0.7364899999999999,Left,0.41176793189809097,0.48900000000000077,0.8587100000000003,0.36970999999999954,0.57975,0.13808000000000006,0.4416699999999999,0.740875408616047,0.7724863861336619,0.03161097751761499,0.5710000000000001,0.6937483333333333,0.12274833333333324,0.5897662928955247
LLLLTLLAILVTLLFSLLILI,13002300200220031032,000110011011001100000,LL-LT--AI-VT--FS-LI--,1728060000.0,369.729,-362.172,7.55688,-70.1354,-74.7912,-70.0745,-74.2698,-222.286,-224.699,-222.284,-245.653,-375.052,4522.87,3693.88,3727.14,48.2425,0.000289003,-8.18077,12.9354,55.7994,-69.751,-83.7418,-69.7573,-55.1287,449,515.548,-110.732,14.3457,20.7759,9.49522,5.04643,3.76162,2.94153,-110.479,12.3727,18.2124,12.9354,9.5,4.74221,3.4278,12.8795,0,-110.479,12.3727,18.2124,9.5,4.74221,3.4278,design_1647,-28.613099999999996,-0.5213999999999999,20.95399999999998,-13.984499999999997,-4.716700000000003,-2.4150000000000205,-21.11617,-828.9899999999998,1.9730000000000008,-0.0047800000000002285,2.5635000000000012,0.3338200000000002,Left,0.44812835528039635,1.0,0.9952199999999998,0.0047800000000002285,0.02123999999999988,0.27759,0.25635000000000013,0.12347806777124705,0.143213672683042,0.01973560491179495,0.5713,0.6269366666666667,0.05563666666666667,0.2631028385993057
LLLLYLLTILLAVLFSLLILI,113300300210020022031,000011011001101100000,LL--YL-TI-LAV-FS--I-I,1728000000.0,359.0,-362.292,-3.29241,-74.2742,-74.2207,-74.2121,-74.1444,-229.057,-230.946,-229.056,-248.341,-368.709,4556.61,3854.58,3910.72,45.9023,0.000429125,-7.94398,6.47272,42.6099,-58.9615,-71.4865,-58.9681,-46.2237,503,124.21,-101.429,13.7555,35.7539,9.47237,3.5714,2.27773,3.66018,-99.7522,12.8027,32.6289,6.47272,9.8372,3.19119,1.88323,6.4164,2,-95.7197,11.2623,27.626,9.3614,2.37837,1.0473,design_608,-25.262800000000006,-0.07629999999998915,17.39500000000001,-12.518400000000007,-0.008599999999987062,-1.8899999999999864,-14.416699999999999,-702.0299999999997,2.4932,0.11097000000000001,8.1279,1.2304300000000001,Left,0.30552627249294656,0.8613999999999997,0.9723699999999997,0.11097000000000001,0.9626000000000001,1.7753900000000002,0.8127900000000001,0.1123709133393884,0.13730999603887506,0.024939082699486664,0.17454999999999998,0.3796216666666667,0.2050716666666667,0.8459422387582597
LLLLYFLIALLTVLLSLLILI,103300200230030023012,000011011001101100000,LL--YF-IA--TV-LS--IL-,1727990000.0,360.89,-368.015,-7.12456,-81.5923,-81.3958,-81.5393,-74.3747,-223.055,-223.962,-223.053,-246.041,-365.094,4599.3,3953.04,3801.96,45.9023,0.000429125,-7.82556,-2.87301,38.7777,-63.3674,-67.5622,-63.3744,-44.6787,448,471.669,-47.7624,61.5994,31.6498,9.67895,1.98028,1.40427,-0.857803,-47.0651,61.8958,31.2202,-2.87301,9.66505,1.9157,1.34413,-2.92049,3,-45.8938,59.6749,26.2774,9.1338,1.44018,0.8353,design_456,-22.883500000000005,-7.02109999999999,22.079000000000008,-4.187800000000003,0.14350000000000307,-0.9089999999999918,-4.9525500000000005,-646.2600000000002,1.9245000000000019,0.5451499999999996,5.372399999999999,0.5689699999999999,Left,0.30552627249294656,0.6338000000000008,1.1789500000000004,0.5451499999999996,0.82774,1.3649799999999999,0.5372399999999998,0.5966344441821478,0.6158849113148135,0.01925046713266565,0.13921666666666668,0.23404499999999998,0.09482833333333329,0.7714780187326162
LLLLYTLVLLLAILFSLLILI,103300200230030023022,000011011001101100000,LL--YT-VL--AI-FS--I--,1728050000.0,359.967,-362.252,-2.28447,-74.9003,-76.4607,-74.8364,-60.4607,-221.352,-221.406,-221.35,-248.758,-361.292,4580.62,3762.61,3756.92,45.9023,0.000429125,-7.65758,-0.900701,43.6178,-65.9999,-71.0829,-66.0068,-52.0738,469,177.29,-67.4722,39.2006,18.4629,10.3548,1.91291,1.00092,-1.85887,-67.591,39.0567,18.0295,-0.900701,10.4724,1.9113,0.997146,-0.959699,3,-67.3847,41.0426,21.814,9.5,2.14846,1.2641,design_1535,-19.009099999999997,-16.0,27.352000000000004,-5.076099999999997,-1.6243000000000052,-0.056000000000011596,-6.7568790000000005,-818.0099999999998,-1.8419999999999987,0.8547999999999991,-3.351099999999999,-0.26317999999999997,Left,0.30552627249294656,1.0,1.8547999999999991,0.8547999999999991,0.3814,0.04629000000000012,0.3351099999999999,0.4102585134178107,0.39183328065170514,0.01842523276610558,0.21068333333333333,0.16682,0.04386333333333334,0.919372195203659
LLLLVTLLAILTSLLLFLILI,102300330020032003102,000011001101100110000,LL--VT--AI-TS--LF-IL-,1728060000.0,377.764,-376.122,1.64197,-83.4637,-78.8486,-83.411,-74.3279,-219.769,-220.141,-219.768,-245.805,-377.743,4501.11,3694.65,3609.94,48.2425,0.000289003,-7.64756,1.66776,49.8845,-72.8894,-86.4011,-72.896,-57.61,471,35.7526,-12.6799,95.0699,19.5177,9.22047,1.23641,1.16246,-7.15675,-13.5878,93.4692,19.7858,1.66776,8.73665,1.15652,1.05855,1.62099,1,-16.1029,88.4318,19.7018,8.5,0.853723,0.6802,design_1752,-28.7911,-4.520700000000005,25.664000000000016,-13.505099999999999,4.562399999999997,-0.37299999999999045,-9.31532,-806.4599999999996,6.6381000000000085,0.7204700000000006,-0.18409999999999727,0.48226,Left,0.44812835528039635,0.0,0.7204700000000006,0.7204700000000006,0.17017999999999986,0.15177000000000013,0.018409999999999732,0.884285136978902,0.950684994538449,0.06639985755954703,0.11336666666666667,0.19374333333333335,0.08037666666666668,0.7282069064684661
LLLLTLLTVLIALLFSLLILI,13002300200230021032,000110011011001100000,LL-LT--TV-IA--FS-LI--,1728040000.0,369.477,-380.513,-11.0362,-77.9363,-77.6586,-77.8742,-74.2559,-221.377,-219.799,-221.376,-245.511,-375.376,4513.62,3745.06,3687.52,48.2425,0.000289003,-7.58555,-5.0804,37.2064,-81.2003,-85.5036,-81.2067,-55.6094,518,35.7526,-109.824,10.0944,22.9507,9.34436,4.33627,2.98769,-8.87068,-110.355,12.1946,22.5023,-5.0804,9.30474,4.69958,3.3825,-5.13698,1,-107.454,15.8911,19.9983,9.2997,4.76333,3.5017,design_1162,-29.894200000000005,-3.40270000000001,25.71199999999999,-4.296900000000008,0.2155999999999949,1.5769999999999982,-2.5051499999999995,-768.56,-5.7966999999999995,0.044660000000000366,2.952400000000001,-0.5140099999999999,Left,0.44812835528039635,0.7996999999999996,0.84436,0.044660000000000366,0.19983000000000004,0.4950700000000001,0.29524000000000006,0.15867206286585392,0.10068859556113938,0.05798346730471454,0.5836166666666667,0.4979483333333334,0.08566833333333329,0.3160099982861113
LLLLLALLLLLFVLTSLLILI,103300300220020033022,000011011001101100000,LL--LA-LL--FV-TS--I--,1728050000.0,380.557,-381.448,-0.890607,-74.3317,-74.3235,-74.3235,-74.2434,-216.042,-223.0,-216.039,-246.066,-387.268,4559.05,3704.66,3676.03,44.5741,0.000537052,-7.48643,5.82546,43.6835,-91.0736,-97.4308,-91.0799,-66.9582,471,231.516,-50.2757,89.8159,20.214,9.82533,6.16651,6.01375,0.428591,-51.4478,80.6239,20.1731,5.82546,9.92342,5.1014,4.81076,5.8204,4,-50.4173,84.2347,26.2686,9.1172,5.43428,5.1978,design_1562,-30.4726,-0.08010000000000161,23.066000000000003,-6.35090000000001,0.0,-6.961000000000013,-13.31189,-854.3900000000003,5.5811999999999955,0.7081299999999988,-6.054600000000001,0.81595,Left,0.22459127276715818,0.6172000000000004,1.3253299999999992,0.7081299999999988,0.8268599999999999,0.22139999999999987,0.6054600000000001,0.8423022138287274,0.8981300689395788,0.05582785511085142,0.8663,1.0022916666666666,0.13599166666666662,0.9432075017243313
LLLLAVLTSLLLILFLLLILI,103300200320030023022,000011011001101100000,LL--AV-TS--LI-FL--I--,1728070000.0,382.754,-324.158,58.5955,-74.3512,-74.353,-74.353,-74.3512,-218.169,-222.321,-218.164,-246.148,-384.55,4528.34,3666.93,3606.7,41.3623,0.000923933,-7.33908,60.3892,99.9578,-31.6378,-95.2159,-31.6436,-64.0516,504,124.21,-61.6689,63.6877,15.3618,9.75055,4.34818,3.8035,50.6249,-61.6036,59.6111,18.0,60.3892,9.2414,3.78803,3.1822,60.3921,0,-61.6036,59.6111,18.0,9.2414,3.78803,3.1822,design_1861,-31.16430000000001,-0.0017999999999886995,23.826999999999998,-63.572300000000006,0.0,-4.157000000000011,-67.72828,-861.4100000000003,4.076599999999999,0.50915,-2.6381999999999994,0.6213000000000002,Left,0.028877500655060433,0.7414000000000005,1.2505500000000005,0.50915,0.0,-0.26381999999999994,0.26381999999999994,0.5959962629386747,0.6367738437716312,0.04077758083295646,0.5303666666666667,0.6339166666666667,0.10355000000000003,0.5841405040729398
LLLLWVLLSTLIALLLFLILI,103300220020031003012,000011001101100110000,LL--WV--ST-IA-LLF-IL-,1728070000.0,378.003,-379.961,-1.9578,-90.6272,-90.2044,-90.5742,-74.3186,-224.068,-225.79,-224.066,-250.039,-379.453,4584.04,3883.55,3877.4,49.2152,0.000245214,-7.28239,-0.462273,47.2574,-65.2661,-70.7411,-65.2748,-55.0954,491,51.0312,-46.1116,72.0386,31.1006,9.98601,3.14194,2.72252,-5.40587,-47.2584,69.1623,30.5529,-0.462273,10.0185,2.92567,2.4631,-0.508457,1,-48.2707,67.5586,27.6831,9.5,2.86102,2.3744,design_1909,-15.645700000000005,-15.885800000000003,24.248999999999995,-5.466300000000004,0.3697999999999979,-1.7239999999999895,-6.820117000000001,-700.4899999999998,4.480000000000004,0.4860100000000003,3.4175000000000004,0.34811999999999976,Left,0.5074006593259278,1.0,1.4860100000000003,0.4860100000000003,0.96831,1.31006,0.34175,0.6754938402506312,0.7203065670650465,0.04481272681441528,0.3957333333333333,0.4537533333333333,0.05801999999999996,0.5986428680645446
LLLLWFLTSLLIVLALLLILI,103300300220030023112,000011011001101100000,LL--WF-TS--IV-AL--IL-,1728050000.0,379.43,-377.116,2.31362,-89.7295,-90.1155,-89.6761,-74.361,-223.092,-223.877,-223.09,-248.914,-376.956,4598.09,3986.83,3893.64,49.2152,0.000245214,-7.19397,-0.112376,51.5288,-64.2942,-70.1577,-64.303,-53.6811,478,615.932,-40.7837,96.0494,34.821,10.5765,5.58422,5.52497,-3.12659,-40.154,94.3375,34.4307,-0.112376,10.3248,5.25865,5.17371,-0.159682,1,-41.136,93.5267,27.4775,9.4534,5.2965,5.1994,design_1359,-16.476600000000005,-15.754499999999993,25.036999999999978,-5.854700000000008,-0.439399999999992,-0.7870000000000061,-7.081594,-611.2600000000002,2.5227000000000004,1.123099999999999,7.343499999999999,0.3255699999999999,Left,0.5074006593259278,0.9534000000000002,2.0764999999999993,1.123099999999999,0.9477499999999999,1.6820999999999997,0.7343499999999998,0.935248610605412,0.9604827771086989,0.025234166503286914,0.8665666666666666,0.9208283333333332,0.05426166666666665,1.3432068433895643
LLLLYFLVALLILLTSLLILI,103300200230020033012,000011011001101100000,LL--YF-VA--IL-TS--IL-,1728060000.0,361.128,-352.808,8.31989,-74.172,-79.931,-74.119,-74.2393,-218.904,-220.257,-218.902,-246.915,-363.486,4627.08,3825.37,3716.58,45.9023,0.000429125,-7.12459,10.7254,54.2222,-59.7326,-70.4221,-59.7394,-42.3315,473,431.524,-50.3621,49.6624,30.2546,9.6105,0.758746,0.00368217,4.16338,-49.1948,50.9699,28.0,10.7254,9.5,0.760151,0.0247,10.6773,0,-49.1948,50.9699,28.0,9.5,0.760151,0.0247,design_1804,-28.090600000000002,-5.691699999999997,26.657999999999987,-10.682699999999997,-5.811999999999998,-1.3550000000000182,-17.849990000000002,-801.71,-1.3075000000000045,0.11050000000000004,2.2546,-0.02101783,Left,0.30552627249294656,1.0,1.1105,0.11050000000000004,1.0,1.22546,0.22546,0.5095597149590484,0.4964810006041716,0.013078714354876786,0.004116666666666667,0.0006136949999999999,0.003502971666666667,0.2514473805385014
LLLLFLLLLVLAILLSTLILI,103300310020031003022,000011001101100110000,LL--FL-LLV-AI-LST-I--,1727980000.0,377.037,-379.324,-2.2871,-74.2107,-74.3129,-74.1562,-74.2508,-216.512,-217.091,-216.511,-246.117,-381.533,4559.77,3651.65,3598.9,41.3623,0.000923933,-7.10719,2.25887,39.0752,-88.6019,-97.2372,-88.6077,-61.1657,471,95.1175,-56.2009,72.1339,17.8394,9.36858,4.66821,4.25022,-5.57093,-57.7388,69.0021,15.7936,2.25887,9.41034,4.4761,4.01113,2.20929,2,-61.4404,61.3603,18.0,8.9371,3.9997,3.4201,design_113,-36.0715,-0.06210000000000093,29.025999999999982,-8.629500000000007,-0.15670000000000073,-0.5800000000000125,-9.366060000000001,-908.1200000000003,10.773599999999995,0.43148000000000053,-0.16059999999999874,0.8301199999999995,Left,0.028877500655060433,0.43709999999999916,0.8685799999999997,0.43148000000000053,0.0,-0.016059999999999873,0.016059999999999873,0.6134932320779102,0.7212598377939334,0.10776660571602326,0.5700166666666667,0.7083699999999999,0.13835333333333322,0.46603454823864476
LLLVALLILLTFLLASLLILI,113002300300230022021,000110011011001100000,LL-VA--IL-TF--AS--I-I,1728070000.0,368.247,-370.115,-1.86816,-74.1964,-74.2851,-74.1427,-74.245,-220.693,-223.635,-220.689,-242.569,-372.28,4543.04,3761.64,3714.49,43.6652,0.000626172,-7.09545,2.21101,41.7971,-75.2261,-81.4557,-75.2369,-55.4662,509,66.6396,-102.016,19.346,30.0558,9.23094,4.41413,3.20432,-4.04371,-103.714,14.1154,30.741,2.21101,9.25911,3.96268,2.67441,2.16485,1,-97.7678,16.5989,26.8232,9.4019,3.40602,2.155,design_1829,-25.989499999999992,-0.04009999999999536,18.933999999999997,-6.2187999999999874,-0.14239999999999498,-2.945999999999998,-9.30646,-781.4000000000001,2.7470999999999997,-0.1709599999999991,3.2326000000000015,1.0493200000000003,Left,0.16920667613203583,0.9018999999999995,0.7309400000000004,0.1709599999999991,0.88232,1.20558,0.3232600000000001,0.16575207358889923,0.19323087756922966,0.027478803980330424,0.35916666666666663,0.5340533333333334,0.17488666666666675,0.40628165113128967
LLLLWALLSILTVLLLFLILI,103300220020031003012,000011001101100110000,LL--WA--SI-TV-LLF-IL-,1728070000.0,378.491,-34.5358,343.955,-85.0696,-90.7129,-85.0645,-74.4094,-221.871,-225.863,-221.866,-250.238,-375.178,4611.91,3972.29,3833.9,49.2152,0.000245214,-7.08946,340.644,393.17,272.405,-65.692,272.396,-50.5311,488,25.0484,-47.2584,69.1623,30.5529,10.0185,2.92567,2.4631,214.901,-48.2707,67.5586,27.6831,340.644,9.5,2.86102,2.3744,340.643,0,-48.2707,67.5586,27.6831,9.5,2.86102,2.3744,design_1909,-15.160899999999991,-16.3035,24.375,-338.088,-5.648400000000009,-3.9969999999999857,-347.73346,-639.6199999999999,1.6037000000000035,0.5184999999999995,2.8698000000000015,0.08869999999999978,Left,0.5074006593259278,1.0,1.5184999999999995,0.5184999999999995,0.96831,1.25529,0.28698,0.6754938402506312,0.6915353960524789,0.01604155580184774,0.3957333333333333,0.41051666666666664,0.014783333333333315,0.5930224690996014
LLLLVLLAWLLTILFSLLILI,103300200220030033112,000011011001101100000,LL--VL-AW--TI-FS--IL-,1728020000.0,371.357,-377.44,-6.0825,-68.9409,-75.4177,-68.8521,-74.3385,-225.607,-222.216,-225.607,-251.017,-379.339,4591.39,3858.46,3749.43,49.2152,0.000245214,-6.67295,1.98001,43.1327,-82.8915,-88.378,-82.8999,-53.9829,471,79.6152,-45.4635,91.8196,22.3735,10.2112,5.71517,5.59247,-3.70071,-46.5724,91.9827,23.4569,1.98001,10.2354,5.90352,5.78326,1.89913,1,-40.2399,94.8434,26.1031,9.5,5.33985,5.2625,design_786,-34.3951,-1.0792000000000002,28.800999999999988,-5.478099999999998,-6.565600000000003,3.390999999999991,-8.65296,-732.9300000000003,-3.0238000000000085,0.7111999999999998,-3.7296000000000014,0.32996999999999943,Left,0.5074006593259278,1.0,1.7111999999999998,0.7111999999999998,0.8103100000000001,0.43735,0.37296000000000007,0.9484193510957112,0.9181727610641421,0.030246590031569043,0.8770833333333333,0.9320783333333332,0.054994999999999905,0.8055084778160547
LLLLYVLTALLLLLFSLLILI,103300200220030033022,000011011001101100000,LL--YV-TA--LL-FS--I--,1728010000.0,362.569,-364.327,-1.75729,-74.2091,-74.1535,-74.1535,-74.1073,-217.978,-219.048,-217.977,-248.252,-371.148,4559.44,3660.51,3709.23,46.7138,0.000374154,-6.55826,6.87123,44.9565,-72.1393,-84.5047,-72.1464,-48.7887,509,25.0484,-51.5995,85.6161,20.1603,9.17861,5.7981,5.58234,-2.08207,-51.2329,84.2911,22.1105,6.87123,9.2959,5.56423,5.3286,6.82141,0,-51.2329,84.2911,22.1105,9.2959,5.56423,5.3286,design_703,-35.716,-0.04619999999999891,29.204000000000008,-12.3583,0.0,-1.070999999999998,-13.42949,-898.9299999999994,1.3250000000000028,-0.11728999999999878,-1.9501999999999988,0.2537400000000005,Left,0.35497571706264813,0.7958999999999996,0.6786100000000008,0.11728999999999878,0.4110499999999998,0.21602999999999994,0.19501999999999986,0.8428663740502302,0.8561201381192259,0.0132537640689957,0.8881,0.93039,0.04229000000000005,0.23184876722121311
LLLATLLYVLLLLLFSLLILI,13002300200230021032,000110011011001100000,LL-AT--YV-LL--FS-LI--,1728020000.0,365.146,-374.935,-9.78925,-64.0474,-63.8936,-64.0271,-60.4659,-228.787,-227.669,-228.778,-255.126,-373.248,4628.01,3754.15,3722.71,46.7138,0.000374154,-6.49514,-1.66465,36.9245,-82.1006,-88.1806,-82.1071,-57.6561,487,113.638,-109.043,21.3209,21.5441,9.7143,5.73479,4.5546,-5.57035,-108.862,22.266,21.8362,-1.66465,9.62511,5.83525,4.66925,-1.68738,1,-105.757,26.2007,20.3643,9.4808,5.90069,4.7937,design_899,-30.524499999999996,-3.4277000000000015,27.456999999999994,-6.073499999999996,0.13350000000000506,1.1089999999999804,-4.83049,-873.8600000000001,-4.8797999999999995,0.23349999999999937,1.1798000000000002,-0.23910000000000053,Left,0.35497571706264813,0.9808000000000003,1.2142999999999997,0.23349999999999937,0.23643,0.35441,0.11798,0.2617973504475271,0.21298548787855753,0.04881186256896958,0.79895,0.7591,0.03985000000000005,0.2690950590914885
LLLVALLILLTYLLFSLLILI,13002200200230032031,000110011011001100000,LL-VA--IL-TY--FS--I-I,1728070000.0,362.534,-365.856,-3.32216,-74.2152,-74.3299,-74.2062,-74.245,-227.059,-228.798,-227.055,-249.533,-369.465,4621.81,3858.91,3791.44,45.9023,0.000429125,-6.21902,3.61507,42.5801,-64.5817,-72.5567,-64.5886,-45.6877,494,211.811,-101.627,22.9777,29.0869,9.74327,4.846,3.69067,1.52474,-99.0331,23.1976,29.8336,3.61507,9.75832,4.48664,3.33461,3.60925,3,-96.257,23.3817,23.4821,9.5,4.09507,2.9458,design_1850,-26.869000000000007,-0.08489999999999043,20.734999999999985,-7.968100000000007,-0.12369999999999948,-1.742999999999995,-9.83409,-762.9000000000005,-0.4039999999999999,0.24327000000000076,5.604800000000001,0.7448699999999997,Left,0.30552627249294656,1.0,1.2432700000000008,0.24327000000000076,0.5482099999999999,1.10869,0.5604800000000001,0.23359934221318854,0.2295581945272457,0.004041147685942825,0.4909666666666667,0.6151116666666666,0.1241449999999999,0.6234953369509831
LLLLLLLAILTSLLFVLLILI,13002200200230031032,000110011011001100000,LL-LL--AI-TS--FV-LI--,1728060000.0,380.986,-384.261,-3.27499,-74.3593,-74.3977,-74.2981,-74.3417,-216.911,-218.195,-216.91,-245.592,-383.594,4549.15,3690.08,3616.55,41.3623,0.000923933,-6.17841,-0.611585,38.0873,-92.9907,-97.1792,-92.9965,-63.66,493,19.1815,-111.518,1.31396,24.9977,9.09997,3.40501,1.92472,-5.20379,-111.445,0.536642,24.6291,-0.611585,9.04754,3.28925,1.7973,-0.66739,3,-109.423,2.1678,25.414,9.058,3.20608,1.7386,design_1653,-33.5192,-0.055999999999997385,27.39700000000002,-4.182699999999997,-0.09959999999999525,-1.2849999999999966,-5.566825000000001,-859.0699999999997,-0.8538400000000002,0.04197000000000095,-0.4163000000000032,0.18612000000000006,Left,0.028877500655060433,0.5579999999999998,0.5999700000000008,0.04197000000000095,0.7414000000000002,0.6997699999999998,0.04163000000000039,0.021400077622044662,0.012859252027575832,0.00854082559446883,0.2897666666666667,0.32078666666666666,0.031019999999999992,0.0673032235619903
LLLLAVLLSILLTLLLFLILI,103300310020021003022,000011001101100110000,LL--AV-LSI-LT-LLF-I--,1728050000.0,382.103,-354.98,27.1232,-74.2686,-74.2708,-74.2708,-74.2686,-220.067,-221.586,-220.062,-246.263,-384.536,4532.8,3793.72,3678.31,41.3623,0.000923933,-6.08498,29.5523,68.4854,-60.645,-94.7642,-60.6509,-64.0046,501,32.7096,-57.9139,70.2784,19.749,9.63127,4.67468,4.22886,9.09741,-57.612,67.79,22.8754,29.5523,9.5,4.29345,3.8103,29.5561,0,-57.612,67.79,22.8754,9.5,4.29345,3.8103,design_1377,-30.759600000000006,-0.0021999999999877673,24.676999999999992,-34.1133,0.0,-1.524000000000001,-35.63728,-739.0800000000004,2.4883999999999986,0.13127000000000066,-3.1264000000000003,0.41856000000000027,Left,0.028877500655060433,1.0,1.1312700000000007,0.13127000000000066,0.4875399999999999,0.1748999999999999,0.31264000000000003,0.6778084976133222,0.7026995666769363,0.024891069063614157,0.63505,0.70481,0.06976000000000004,0.3470757920384679
LLLLYALTVLLSLLFILLILI,113300200210030023031,000011011001101100000,LL--YA-TV-LSL-FI--I-I,1728040000.0,365.773,-352.749,13.0241,-76.3849,-78.1918,-76.3796,-74.2645,-229.588,-234.031,-229.585,-248.531,-368.967,4600.51,3954.7,3956.02,45.9023,0.000429125,-5.97645,16.2191,58.9264,-46.7761,-62.7209,-46.7836,-46.1716,477,35.7526,-91.7985,27.4215,22.2613,11.3326,3.97167,2.88299,8.27722,-91.3016,22.3457,21.3569,16.2191,11.2331,3.2119,2.04709,16.218,2,-93.1221,14.5766,18.0,9.5,2.43615,1.1548,design_1136,-16.549300000000002,-3.9273000000000025,14.5,-15.9373,-1.8122000000000043,-4.445999999999998,-22.19555,-645.8100000000004,12.844900000000003,1.8325999999999993,4.2612999999999985,1.72819,Left,0.30552627249294656,1.0,2.8325999999999993,1.8325999999999993,0.0,0.42612999999999984,0.42612999999999984,0.1455233286253296,0.2740088185044553,0.1284854898791257,0.19246666666666667,0.4804983333333333,0.28803166666666663,1.9077421993058323
LLLLFALLLVLLTLLSILILI,103300310020021003022,000011001101100110000,LL--FA-LLV-LT-LSI-I--,1728040000.0,376.97,-380.171,-3.20121,-74.2109,-74.213,-74.213,-74.2109,-219.187,-219.308,-219.184,-246.855,-381.936,4584.15,3670.97,3615.02,41.3623,0.000923933,-5.92271,1.76054,38.1611,-86.773,-94.3385,-86.7791,-60.8703,478,148.395,-61.8738,66.1846,16.9378,10.0407,4.716,4.20876,-5.28338,-62.382,66.5114,17.0726,1.76054,10.0491,4.83633,4.334,1.76546,1,-61.8997,63.0003,20.3741,9.5,4.29,3.735,design_1236,-33.468199999999996,-0.0020999999999986585,27.546999999999997,-7.559399999999997,0.0,-0.12399999999999523,-7.68325,-913.1799999999998,3.1843000000000004,0.5406999999999993,-3.4362999999999992,0.47375999999999996,Left,0.028877500655060433,1.0,1.5406999999999993,0.5406999999999993,0.23740999999999984,-0.10622000000000006,0.3436299999999999,0.6298978910010444,0.6617499369821029,0.03185204598105851,0.6224999999999999,0.70146,0.07896000000000003,0.6462873210369972
LLLLYLLLFTLAILLSVLILI,103300310020021003022,000011001101100110000,LL--YL-LFT-AI-LSV-I--,1727980000.0,362.873,-365.418,-2.54444,-74.3666,-74.3655,-74.305,-74.273,-220.58,-220.308,-220.579,-248.319,-368.447,4549.95,3655.07,3597.46,45.9023,0.000429125,-5.89437,3.0849,43.3578,-70.4712,-79.6671,-70.4779,-45.8541,473,66.6396,-57.1676,65.1812,17.6668,9.43768,3.87459,3.35231,-1.69925,-57.8754,63.0317,17.7497,3.0849,9.40678,3.6906,3.13607,3.02875,1,-58.5206,60.8961,19.5178,9.0988,3.49906,2.9125,design_134,-33.813,-0.09250000000000114,28.010999999999996,-9.1892,-0.06049999999999045,0.271000000000015,-8.97927,-894.8799999999997,4.285100000000007,0.3388799999999996,-1.8510000000000026,0.43981000000000003,Left,0.30552627249294656,0.5988000000000007,0.9376800000000003,0.3388799999999996,0.1517800000000001,-0.03332000000000015,0.18510000000000026,0.6088499133753986,0.6517130865165708,0.04286317314117216,0.48541666666666666,0.5587183333333333,0.07330166666666665,0.3953631879017583
LLLLAILTSLLFVLLLLLILI,103300200230020033022,000011011001101100000,LL--AI-TS--FV-LL--I--,1728050000.0,384.187,-347.103,37.0839,-74.4633,-74.4175,-74.455,-74.3088,-217.21,-219.287,-217.205,-246.137,-384.308,4563.32,3680.74,3701.67,41.3623,0.000923933,-5.85246,37.2121,78.4462,-55.4299,-96.4561,-55.4357,-63.8619,503,17.549,-54.8281,82.9754,18.1609,9.51735,5.92588,5.67052,18.7939,-58.2423,76.255,19.8916,37.2121,9.3909,5.53078,5.1746,37.2051,0,-58.2423,76.255,19.8916,9.3909,5.53078,5.1746,design_1547,-32.59420000000001,-0.10869999999999891,26.849999999999994,-41.02040000000001,0.037499999999994316,-2.0819999999999936,-43.06456,-882.5799999999999,6.720399999999998,0.12645000000000017,-1.7306999999999988,0.4959199999999999,Left,0.028877500655060433,0.8909000000000002,1.0173500000000004,0.12645000000000017,0.18916000000000005,0.01609000000000016,0.1730699999999999,0.7624825450427921,0.8297056364007377,0.06722309135794557,0.8624333333333333,0.9450866666666666,0.08265333333333336,0.23936028267619885
LLLLFALVLLLLTLISLLILI,103300200230030023022,000011011001101100000,LL--FA-VL--LT-IS--I--,1728050000.0,376.304,-367.849,8.45448,-74.1783,-74.1804,-74.1804,-74.1783,-219.787,-222.826,-219.783,-246.832,-381.213,4594.04,3754.79,3679.61,41.3623,0.000923933,-5.74034,13.3591,49.8168,-73.8839,-89.9467,-73.8901,-60.2026,458,253.054,-62.2872,49.278,19.514,10.3045,2.49561,1.73478,1.83122,-62.9054,44.7632,21.46,13.3591,10.3462,1.97884,1.15029,13.3635,1,-66.5739,39.3028,22.6773,9.4306,1.79196,0.8815,design_1368,-29.74410000000001,-0.0021000000000128694,24.006,-16.056600000000003,0.0,-3.0430000000000064,-19.09944,-839.25,9.975200000000001,0.8739000000000008,-3.1632999999999996,0.85328,Left,0.028877500655060433,0.9306000000000001,1.8045000000000009,0.8739000000000008,0.46772999999999987,0.15139999999999992,0.31632999999999994,0.39285557098215895,0.49263590859804185,0.0997803376158829,0.14691666666666667,0.28913,0.14221333333333333,0.9454875075073804
LLLLVLLLATLYFLLSYLILI,103300220030031003012,000011001101100110000,LL--VL--AT-YF-LSY-IL-,1728010000.0,347.664,-358.8,-11.1364,-88.9552,-89.1437,-88.8788,-74.238,-226.009,-228.367,-226.009,-252.033,-360.154,4605.88,3919.98,3879.08,55.3572,8.6889e-05,-5.7149,1.42226,44.2208,-43.8365,-48.3579,-43.8441,-33.8828,484,394.796,-41.5094,76.5972,33.3437,9.95025,3.06703,2.71599,-2.92841,-42.6573,72.5934,32.1644,1.42226,10.089,2.69871,2.28761,1.35334,3,-44.2818,69.5962,28.0,9.5,2.53776,2.0817,design_644,-14.475099999999998,-14.905699999999996,23.665999999999997,-4.513800000000003,-0.26489999999999725,-2.358000000000004,-7.13716,-685.9000000000001,7.001000000000005,0.4502500000000005,5.343699999999998,0.63429,Left,0.8816686673938343,1.0,1.4502500000000005,0.4502500000000005,1.0,1.5343699999999998,0.5343699999999998,0.6958756286785447,0.7659055171668754,0.0700298884883307,0.34695000000000004,0.45266500000000004,0.105715,0.710180403775469
LLLLAVLLSTLFLLLLILILI,103300210020031003022,000011001101100110000,LL--AV-LST-FL-LLI-I--,1728060000.0,385.207,-330.955,54.2513,-74.3186,-74.3201,-74.3201,-74.3186,-218.524,-222.177,-218.52,-246.206,-384.195,4528.74,3809.38,3649.77,41.3623,0.000923933,-5.65187,53.2365,95.6136,-38.1122,-93.3495,-38.1181,-63.6706,472,211.811,-55.3109,73.4921,23.4042,9.6603,4.71807,4.32045,40.6489,-55.6891,70.4209,26.7491,53.2365,9.1577,4.36019,3.9165,53.2396,0,-55.6891,70.4209,26.7491,9.1577,4.36019,3.9165,design_1789,-29.678900000000006,-0.0014999999999929514,24.028999999999996,-55.23140000000001,0.0,-3.6569999999999823,-58.88837,-719.3599999999997,3.0711999999999904,0.5025999999999993,-3.344899999999999,0.40395000000000003,Left,0.028877500655060433,0.6577000000000002,1.1602999999999994,0.5025999999999993,0.8749099999999999,0.5404199999999999,0.33448999999999995,0.7041249714919037,0.7348456961777144,0.030720724685810774,0.65275,0.720075,0.06732499999999997,0.6082489117542428
LLLVLLLAILTSLLFLLLILI,13002200300220031032,000110011011001100000,LL-VL--AI-TS--FL-LI--,1728030000.0,383.934,-374.244,9.69004,-74.3417,-74.4051,-74.288,-74.3417,-214.697,-218.596,-214.696,-245.634,-385.077,4563.82,3663.98,3602.62,41.3623,0.000923933,-5.61728,10.8817,51.0523,-85.2054,-97.6924,-85.2112,-65.1011,475,231.516,-110.642,3.6609,24.1533,9.129,3.59055,2.14546,7.61734,-110.423,2.2077,21.4532,10.8817,9.0663,3.36148,1.8946,10.833,0,-110.423,2.2077,21.4532,9.0663,3.36148,1.8946,design_1028,-32.591300000000004,-0.06340000000000146,27.037999999999982,-12.481200000000001,-0.11710000000000775,-3.9000000000000057,-16.49898,-899.8399999999997,1.4531999999999998,0.06269999999999953,2.7001000000000026,0.25085999999999986,Left,0.028877500655060433,0.5663,0.6289999999999996,0.06269999999999953,0.3453199999999999,0.6153300000000002,0.27001000000000025,0.021799190970235548,0.03633531923066151,0.014536128260425961,0.3157666666666667,0.35757666666666665,0.04180999999999996,0.28070636833674373
LLLLYALTILLLVLFSLLILI,103300300230020023022,000011011001101100000,LL--YA-TI--LV-FS--I--,1728020000.0,359.472,-365.555,-6.08281,-74.2786,-74.2731,-74.2731,-74.2299,-225.078,-223.603,-225.074,-248.533,-368.77,4611.27,3686.06,3736.6,45.9023,0.000429125,-5.55835,3.21773,39.8195,-66.1983,-76.4529,-66.2053,-46.0075,501,19.1815,-59.4989,81.2669,17.685,10.3315,6.39587,6.11487,-4.80948,-59.1498,81.5032,18.4,3.21773,10.3251,6.3754,6.09795,3.21575,3,-60.9815,75.0618,19.8704,9.3939,5.78057,5.4065,design_932,-30.4454,-0.043199999999998795,24.92999999999998,-10.247600000000006,0.0,1.4710000000000036,-8.77608,-925.2100000000005,6.205100000000002,0.9375999999999998,-2.1854000000000013,0.7083699999999995,Left,0.30552627249294656,0.8939000000000004,1.8315000000000001,0.9375999999999998,0.18704,-0.031500000000000125,0.21854000000000012,0.7505471553921315,0.8126157828823386,0.06206862749020714,0.9010833333333333,1.019145,0.11806166666666662,0.9719282706324726
LLLLALLILLTFLLSVLLILI,13002200200330032021,000110011011001100000,LL-LA--IL-TF--SV--I-I,1728020000.0,384.798,-358.92,25.8771,-74.1433,-74.2661,-74.1374,-74.1431,-219.655,-221.947,-219.65,-246.761,-381.423,4633.53,3801.27,3718.99,41.3623,0.000923933,-5.53926,22.5065,67.2394,-65.1226,-90.7493,-65.1288,-60.5188,495,87.0218,-97.8597,38.8596,26.7639,9.42906,6.425,5.5079,16.9645,-95.9055,38.9238,24.4134,22.5065,9.4674,6.14054,5.2244,22.5027,0,-95.9055,38.9238,24.4134,9.4674,6.14054,5.2244,design_937,-30.230500000000006,-0.12299999999999045,24.813999999999993,-25.620500000000007,-0.12869999999999493,-2.296999999999997,-28.045759999999998,-832.2599999999998,-0.06419999999999959,-0.03833999999999982,2.3505000000000003,0.2835000000000001,Left,0.028877500655060433,0.9673999999999996,0.9290599999999998,0.03833999999999982,0.6413399999999999,0.87639,0.2350500000000001,0.3890644943163859,0.38842231193659005,0.0006421823797958526,0.8707333333333334,0.9179833333333334,0.047250000000000014,0.24279916185647957
LLLYLLLAILTSLLFVLLILI,13002200300230021032,000110011011001100000,LL-YL--AI-TS--FV-LI--,1728070000.0,365.818,-336.659,29.1591,-74.3417,-74.3977,-74.2805,-74.3417,-222.809,-226.179,-222.806,-253.149,-371.559,4615.94,3768.81,3688.86,45.9023,0.000429125,-5.4133,34.9571,75.0614,-39.5083,-76.3955,-39.5148,-44.0676,479,211.811,-109.45,12.4773,20.8636,9.04737,4.60193,3.28909,29.977,-107.508,10.4534,18.0,34.9571,9.1345,4.0374,2.6942,34.8997,0,-107.508,10.4534,18.0,9.1345,4.0374,2.6942,design_1855,-32.3279,-0.055999999999997385,26.97,-36.8807,-0.11719999999999686,-3.3729999999999905,-40.3704,-847.1299999999997,2.0238999999999994,-0.08712999999999838,2.8636000000000017,0.5948899999999999,Left,0.30552627249294656,0.6344999999999992,0.5473700000000008,0.08712999999999838,0.0,0.28636000000000017,0.28636000000000017,0.10427961541077667,0.12452436491963718,0.020244749508860516,0.44903333333333334,0.5481816666666667,0.09914833333333334,0.31596507462922874
LLLLVTLLALLLFLLSILILI,102300230030032003102,000011001101100110000,LL--VT--AL-LF--SI-IL-,1728020000.0,376.451,-369.732,6.71938,-62.7936,-62.5493,-62.7386,-60.4258,-217.794,-220.542,-217.793,-246.65,-375.597,4565.61,3637.83,3606.02,41.3623,0.000923933,-5.39155,5.91471,48.0817,-89.1449,-97.8978,-89.1511,-68.5208,471,302.327,-11.049,97.2786,15.956,9.23124,1.28995,1.24913,0.372844,-10.3153,94.584,18.0,5.91471,9.3619,0.81614,0.7349,5.86507,0,-10.3153,94.584,18.0,9.3619,0.81614,0.7349,design_919,-29.37700000000001,-2.1235,26.108000000000004,-8.746700000000004,0.1892999999999958,-2.7489999999999952,-11.30626,-927.7799999999997,2.694599999999994,-0.13066000000000066,-2.0440000000000005,0.5142300000000001,Left,0.028877500655060433,0.8619000000000003,0.7312399999999997,0.13066000000000066,0.0,-0.20440000000000005,0.20440000000000005,0.9458246141904301,0.972778269028404,0.02695365483797396,0.12248333333333333,0.20818833333333334,0.085705,0.2586952688669138
LLLLAVLLILLLTLLSFLILI,103300210020031003022,000011001101100110000,LL--AV-LIL-LT-LSF-I--,1728040000.0,374.527,-381.206,-6.67854,-74.1783,-74.1807,-74.1807,-74.1783,-225.068,-226.943,-225.064,-246.997,-384.931,4548.91,3802.57,3809.06,41.3623,0.000923933,-5.25411,3.7206,34.6837,-81.9594,-89.0616,-81.9654,-63.7558,497,1.33022,-62.4927,71.6366,12.9482,10.0752,5.54485,5.1194,-1.86564,-63.7828,68.2561,13.4141,3.7206,10.3016,5.28198,4.80582,3.7253,2,-63.2471,63.3749,18.87,9.5,4.54268,3.9933,design_1181,-25.305799999999998,-0.0024000000000086175,20.054000000000002,-7.096199999999996,0.0,-1.879000000000019,-8.97471,-746.3399999999997,8.261700000000005,0.5752000000000006,-5.921800000000001,1.1260999999999997,Left,0.028877500655060433,1.0,1.5752000000000006,0.5752000000000006,0.0870000000000001,-0.50518,0.59218,0.6336449551672675,0.7162854250607172,0.08264046989344975,0.66555,0.8532333333333333,0.1876833333333333,0.8506389794003811
LLLLLVLLALLFILTSLLILI,103300200220030033022,000011011001101100000,LL--LV-LA--FI-TS--I--,1728000000.0,377.058,-381.135,-4.07669,-74.2073,-74.27,-74.154,-74.2011,-218.791,-219.923,-218.791,-245.97,-384.761,4509.9,3676.68,3624.29,41.3623,0.000923933,-5.12266,3.67285,37.2856,-88.1369,-95.6902,-88.1428,-64.5898,493,95.1175,-59.8527,67.3082,16.9288,9.56835,4.56451,4.07414,-4.62053,-60.2051,65.3384,16.1001,3.67285,9.6716,4.35145,3.83153,3.62547,2,-63.0512,56.1168,20.5938,9.1177,3.53345,2.8752,design_506,-31.100400000000008,-0.0688999999999993,26.046999999999997,-7.54740000000001,-0.11599999999999966,-1.132000000000005,-8.79551,-833.2199999999998,11.191400000000002,0.4506500000000013,-3.6650000000000027,1.19894,Left,0.028877500655060433,0.6176999999999992,1.0683500000000006,0.4506500000000013,0.25938000000000017,-0.1071200000000001,0.36650000000000027,0.5610433363075114,0.6729891289126112,0.11194579260509985,0.4792,0.6790233333333333,0.1998233333333333,0.6243948250317501
LLLLYFLLAVLITLLSLLILI,103300220030031003012,000011001101100110000,LL--YF--AV-IT-LSL-IL-,1727980000.0,361.15,-361.578,-0.427609,-78.8429,-74.2505,-78.7902,-74.2109,-221.382,-223.07,-221.38,-246.166,-365.1,4580.65,3913.12,3845.86,45.9023,0.000429125,-5.10536,3.56917,45.4747,-61.3527,-72.8845,-61.3596,-44.723,466,162.201,-45.5331,72.8312,33.5817,9.73995,3.16219,2.75466,-2.08833,-45.4827,71.2784,31.808,3.56917,9.93458,2.94499,2.51416,3.52174,3,-48.8736,66.0171,28.0,9.2954,2.74334,2.2336,design_217,-28.161500000000004,-0.039600000000007185,23.096000000000004,-11.524900000000002,4.539699999999996,-1.6899999999999977,-8.67453,-667.5299999999997,6.814099999999996,0.44454999999999956,5.581699999999998,0.5210599999999999,Left,0.30552627249294656,0.7954000000000008,1.2399500000000003,0.44454999999999956,1.0,1.5581699999999998,0.5581699999999998,0.6600744611469657,0.7282348186885075,0.06816035754154182,0.3722666666666667,0.45910999999999996,0.08684333333333327,0.7220568192909992
LLLLWVLLSALTILLFLLILI,103300320020031003012,000011001101100110000,LL--WV--SA-TI-LFL-IL-,1728060000.0,378.942,-374.821,4.12103,-82.1286,-89.9413,-82.0763,-74.3841,-226.813,-227.807,-226.811,-250.062,-379.143,4605.0,3861.67,3834.04,49.2152,0.000245214,-5.01646,4.36687,53.3362,-65.8796,-66.4114,-65.8893,-54.6973,473,361.194,-45.6398,73.6764,32.6683,10.0795,3.29229,2.89743,4.10486,-41.7362,75.3331,31.2532,4.36687,10.101,2.9304,2.5604,4.3223,2,-46.2231,69.4036,26.3613,9.08,2.80295,2.344,design_1724,-11.714100000000002,-15.557199999999995,22.255000000000024,-0.5220999999999947,-7.864999999999995,-0.9959999999999809,-9.38333,-743.3299999999999,4.272800000000004,0.9994999999999994,6.307000000000002,0.5534300000000001,Left,0.5074006593259278,0.5800000000000001,1.5794999999999995,0.9994999999999994,0.83613,1.4668300000000003,0.6307000000000003,0.6939490815391571,0.7366892197384057,0.0427401381992486,0.39066666666666666,0.482905,0.09223833333333331,1.186219781300835
LLLLYALIVLLLTLFSLLILI,103300300230020023022,000011011001101100000,LL--YA-IV--LT-FS--I--,1728020000.0,359.752,-363.247,-3.49517,-76.1766,-76.2385,-76.1713,-74.1783,-224.662,-225.215,-224.658,-248.922,-369.16,4566.87,3766.96,3703.27,45.9023,0.000429125,-4.92427,5.91483,42.4071,-62.4086,-72.6307,-62.4156,-46.0593,468,231.516,-59.1498,81.5032,18.4,10.3251,6.3754,6.09795,-2.90533,-58.6527,80.5536,18.5617,5.91483,10.2908,6.17265,5.88096,5.91286,2,-60.9815,75.0618,19.8704,9.3939,5.78057,5.4065,design_932,-26.571400000000004,-2.060200000000009,23.706999999999994,-10.215100000000007,-0.0671999999999997,-0.5570000000000164,-10.8391,-799.9099999999999,6.441400000000002,0.9312000000000005,-1.4704000000000015,0.6914499999999997,Left,0.30552627249294656,0.8939000000000004,1.8251000000000008,0.9312000000000005,0.18704,0.039999999999999855,0.14704000000000017,0.7505471553921315,0.814979454164983,0.0644322987728515,0.9010833333333333,1.016325,0.11524166666666658,0.9519382146238621
LLLLAVLIYLLFTLLSLLILI,113300300210020023031,000011011001101100000,LL--AV-IY-LFT-LS--I-I,1728030000.0,361.915,-366.429,-4.51417,-77.8069,-76.7293,-77.7981,-74.1783,-228.797,-229.91,-228.794,-249.919,-368.363,4584.2,3939.67,3810.9,45.9023,0.000429125,-4.67897,1.93799,41.3881,-59.8253,-66.4023,-59.832,-44.2655,467,471.669,-91.2417,36.2128,35.1907,10.4454,5.07498,4.11818,-3.19546,-92.317,33.738,33.4852,1.93799,10.5435,4.90219,3.90826,1.93324,3,-87.4835,34.4925,27.0762,9.5,4.27901,3.2964,design_1045,-22.136799999999994,-2.551000000000002,20.009000000000015,-6.570299999999996,1.0688000000000102,-1.1159999999999854,-6.61696,-644.5299999999997,1.7203000000000017,0.9453999999999994,8.1145,0.8217799999999995,Left,0.30552627249294656,1.0,1.9453999999999994,0.9453999999999994,0.90762,1.7190699999999999,0.8114499999999999,0.3447389058492612,0.3619467928891806,0.01720788703991938,0.5494,0.6863633333333333,0.13696333333333333,1.2535100033721929
LLLLYVLTALLFILLLLLILI,103300300220030023022,000011011001101100000,LL--YV-TA--FI-LL--I--,1727980000.0,364.24,-194.59,169.65,-58.9618,-58.8912,-58.9033,-58.8847,-222.235,-222.61,-222.233,-250.107,-363.797,4663.43,3713.14,3699.49,43.7222,0.000620174,-4.62739,169.26,213.372,86.6064,-86.9236,86.5996,-54.805,487,60.9677,-64.4328,53.6334,16.8272,10.1204,3.40542,2.70992,134.669,-64.2673,52.2067,21.3262,169.26,9.4491,3.188,2.4711,169.207,0,-64.2673,52.2067,21.3262,9.4491,3.188,2.4711,design_36,-32.118599999999994,-0.006499999999995509,27.496999999999986,-173.52319999999997,0.012100000000003774,-0.37700000000000955,-173.88738999999998,-950.2900000000004,1.4267000000000039,0.6713000000000005,-4.498999999999999,0.23882000000000003,Left,0.17268001974321648,0.9490999999999996,1.6204,0.6713000000000005,0.33262,-0.11727999999999987,0.4498999999999999,0.5219312284688852,0.5362022814479313,0.014271052979046073,0.41185,0.4516533333333333,0.0398033333333333,0.8092228792474764
LLLLYLLLFVLAILLSTLILI,103300310020021003022,000011001101100110000,LL--YL-LFV-AI-LST-I--,1728050000.0,362.083,-363.701,-1.61809,-74.4049,-74.343,-74.343,-74.2508,-219.083,-220.164,-219.081,-248.158,-368.638,4515.27,3653.87,3611.79,45.9023,0.000429125,-4.44445,4.9937,44.2842,-70.2132,-78.5754,-70.22,-46.2288,462,103.966,-58.4193,70.0846,15.435,9.83439,4.72432,4.27559,-1.76906,-58.0008,66.8305,18.0,4.9937,9.5,4.22224,3.7247,4.93724,0,-58.0008,66.8305,18.0,9.5,4.22224,3.7247,design_1592,-32.3466,-0.09220000000000539,27.994,-8.355400000000003,0.0,-1.0829999999999984,-9.43815,-861.4000000000005,3.254099999999994,0.33439000000000085,-2.5649999999999995,0.5508900000000003,Left,0.30552627249294656,1.0,1.3343900000000009,0.33439000000000085,0.0,-0.25649999999999995,0.25649999999999995,0.668210771859208,0.7007610161285804,0.032550244269372475,0.6207833333333334,0.7125983333333333,0.09181499999999998,0.43254876572127254
LLLLLILALLLFVLTSLLILI,103300300220020033022,000011011001101100000,LL--LI-AL--FV-TS--I--,1728030000.0,376.244,-376.692,-0.447323,-74.3442,-74.2725,-74.2804,-74.2434,-222.585,-223.512,-222.585,-245.546,-383.504,4568.12,3650.6,3672.39,41.3623,0.000923933,-4.40489,6.86995,40.915,-79.762,-90.1235,-79.7681,-63.7138,498,231.516,-58.9132,70.1611,20.1226,10.0202,4.80874,4.36115,-2.98457,-59.4947,69.0353,18.2984,6.86995,9.90305,4.74397,4.27951,6.812,4,-61.7768,57.1172,21.5473,9.5,3.47734,2.8341,design_1034,-26.409700000000008,-0.02909999999999968,22.033999999999992,-10.355400000000003,0.007900000000006457,-0.9269999999999925,-11.274840000000001,-917.52,13.043900000000008,0.5202000000000009,-1.4247000000000014,1.5270500000000005,Left,0.028877500655060433,1.0,1.5202000000000009,0.5202000000000009,0.35473,0.21225999999999984,0.14247000000000015,0.5710501782506232,0.7015262334503,0.13047605519967675,0.47235,0.7268583333333334,0.2545083333333334,0.6104950725571675
LLLLAVLLILLYTLLSFLILI,103300210020031003022,000011001101100110000,LL--AV-LIL-YT-LSF-I--,1728060000.0,360.065,-364.483,-4.41821,-77.9499,-80.3366,-77.9414,-74.1783,-227.101,-228.705,-227.097,-249.347,-372.097,4539.05,3873.72,3878.27,45.9023,0.000429125,-4.3198,7.61938,41.4841,-59.4324,-67.376,-59.4393,-48.5718,471,17.549,-67.1817,64.3535,17.5238,10.9458,5.26499,4.73029,2.73798,-65.1143,65.3108,18.7654,7.61938,10.9037,5.0841,4.56376,7.6141,4,-64.6361,61.8539,19.7597,9.4978,4.54569,3.9735,design_1729,-18.8042,-6.158300000000011,20.641999999999996,-7.936700000000002,-2.3952000000000027,-1.608000000000004,-11.93918,-665.3300000000004,2.499599999999994,1.4480000000000004,-2.2358999999999973,0.7567900000000001,Left,0.30552627249294656,0.9977999999999998,2.4458,1.4480000000000004,0.17596999999999988,-0.047619999999999864,0.22358999999999973,0.6184306343001413,0.6434337351807913,0.025003100880649942,0.66225,0.7883816666666666,0.12613166666666664,1.470792589214999
LLLLFALTVLLLLLISLLILI,103300300220030023022,000011011001101100000,LL--FA-TV--LL-IS--I--,1727980000.0,375.87,-375.926,-0.0562457,-74.2441,-74.267,-74.2462,-74.1522,-219.859,-221.595,-219.855,-246.843,-381.735,4615.0,3753.82,3675.94,41.3623,0.000923933,-4.19734,5.80371,41.306,-81.8233,-90.0703,-81.8295,-60.7401,498,471.669,-62.6307,59.1481,19.6053,10.3303,3.8796,3.26682,-2.69529,-63.3228,58.0062,16.93,5.80371,10.1997,3.82926,3.19935,5.80876,2,-64.2673,52.2067,21.3262,9.4491,3.188,2.4711,design_36,-29.330200000000005,-0.11480000000000246,25.24799999999999,-8.240800000000007,-0.020799999999994156,-1.740000000000009,-10.00105,-861.1799999999998,6.941400000000002,0.8811999999999998,-1.7209000000000003,0.7957200000000002,Left,0.028877500655060433,0.9490999999999996,1.8302999999999994,0.8811999999999998,0.33262,0.16052999999999998,0.17209000000000005,0.5219312284688852,0.5913649476451313,0.06943371917624608,0.41185,0.54447,0.13262000000000002,0.9102403604865286
LLLLYFLLATLVLLLSILILI,103300220030021003012,000011001101100110000,LL--YF--AT-VL-LSI-IL-,1728040000.0,360.979,-364.658,-3.67953,-81.8254,-80.7463,-81.7721,-74.2781,-225.772,-224.679,-225.77,-247.772,-365.82,4546.45,3914.04,3958.53,45.9023,0.000429125,-4.14055,1.20943,42.2227,-57.061,-64.5351,-57.0682,-43.7702,483,72.839,-44.9146,77.1177,36.3208,9.9166,3.64808,3.30485,-2.95086,-45.2842,75.1089,36.3356,1.20943,9.79357,3.43233,3.05896,1.16174,4,-45.531,72.3297,25.8966,9.5,3.09415,2.6791,design_1201,-20.764899999999997,-6.46820000000001,23.09299999999999,-7.4669000000000025,1.0257999999999896,1.0910000000000082,-5.34998,-632.4099999999999,4.787999999999997,0.41660000000000075,10.424199999999999,0.62575,Left,0.30552627249294656,1.0,1.4166000000000007,0.41660000000000075,0.7896599999999999,1.83208,1.04242,0.7232183940239028,0.7711119958068091,0.04789360178290636,0.4465166666666667,0.5508083333333333,0.10429166666666667,1.1284350070907279
LLLLAILTSLLFLLVLLLILI,103300300220030023022,000011011001101100000,LL--AI-TS--FL-VL--I--,1727980000.0,385.446,-365.355,20.0909,-74.4633,-74.4176,-74.4551,-74.3088,-222.606,-224.911,-222.603,-246.504,-384.45,4572.55,3819.56,3687.92,41.3623,0.000923933,-4.12692,19.1013,61.4532,-68.285,-89.2484,-68.2907,-63.637,474,330.452,-54.1259,86.5479,26.0046,10.1584,6.30286,6.10108,1.67603,-54.5391,82.8503,24.6415,19.1013,9.65674,5.86565,5.60841,19.0953,1,-58.0954,75.5286,24.7819,9.3888,5.41067,5.0436,design_179,-25.611400000000003,-0.10879999999998802,21.59299999999999,-20.957700000000003,0.037500000000008527,-2.3079999999999927,-23.22822,-752.9900000000002,11.019300000000001,0.7696000000000005,1.2226999999999997,1.05748,Left,0.028877500655060433,0.8887999999999998,1.6584000000000003,0.7696000000000005,0.6781900000000001,0.80046,0.12226999999999988,0.7552164814807405,0.865440785182992,0.11022430370225145,0.8405999999999999,1.0168466666666667,0.17624666666666677,0.8065025713150319
LLLLALLVYLLFILTSLLILI,113300200210020023031,000011011001101100000,LL--AL-VY-LFI-TS--I-I,1728020000.0,362.457,-364.997,-2.53953,-78.0717,-78.0254,-78.0555,-74.3144,-229.137,-232.412,-229.134,-249.47,-367.876,4588.45,3947.22,3886.63,45.9023,0.000429125,-3.99453,2.89206,43.3627,-57.7882,-61.4337,-57.7948,-44.092,465,302.327,-86.1335,53.3252,30.5399,10.7289,6.61893,5.91881,-0.567513,-87.2781,48.0515,30.4383,2.89206,10.6528,6.07866,5.29944,2.87946,3,-86.2941,44.7179,28.0,9.3605,5.48103,4.6518,design_845,-17.341700000000003,-3.7109999999999985,17.057999999999993,-3.6388999999999996,0.030099999999990246,-3.27800000000002,-6.88659,-641.23,8.607300000000002,1.3683999999999994,2.5398999999999994,1.26701,Left,0.30552627249294656,0.8605,2.2288999999999994,1.3683999999999994,1.0,1.25399,0.25398999999999994,0.4470219542350028,0.5331194059112788,0.08609745167627603,0.7753,0.9864683333333333,0.2111683333333333,1.4103312789156754
LLLLYYLTALLLVLFSLLILI,103300200230030023022,000011011001101100000,LL--YY-TA--LV-FS--I--,1728070000.0,347.366,-329.968,17.3983,-87.3171,-84.9081,-87.2541,-74.2299,-227.882,-226.552,-227.88,-250.63,-355.424,4648.69,3928.1,3884.94,55.3572,8.6889e-05,-3.8469,25.5132,72.7556,-14.7689,-47.8101,-14.7769,-30.5639,490,2.26837,-62.7848,42.6433,23.8386,10.5387,1.67457,0.814219,3.85023,-64.4964,44.2049,22.4258,25.5132,10.2494,2.14213,1.3052,25.4561,1,-67.4691,38.1076,23.3974,9.1721,1.76489,0.8365,design_1875,-17.246199999999998,-10.678200000000004,24.078000000000003,-33.0332,2.3459999999999894,1.328000000000003,-29.360100000000003,-720.5899999999997,4.535700000000006,1.3666,0.4411999999999985,-0.022280999999999995,Left,0.8816686673938343,0.6721000000000004,2.0387000000000004,1.3666,0.5397400000000001,0.5838599999999999,0.044119999999999826,0.3809001756498846,0.4262700606972381,0.04536988504735351,0.13941666666666666,0.13570316666666668,0.0037134999999999807,1.3680695709471284
LLLLVALTLLLLILFSLLILI,103300200230030023022,000011011001101100000,LL--VA-TL--LI-FS--I--,1728060000.0,375.12,-378.534,-3.41336,-74.3346,-74.3365,-74.3365,-74.2724,-231.506,-231.184,-231.505,-246.447,-384.947,4532.55,3854.73,3866.62,41.3623,0.000923933,-3.79847,6.40642,37.9489,-72.693,-83.2251,-72.6989,-64.2276,502,211.811,-60.5515,52.9035,24.2996,10.5014,2.72469,2.01825,-2.49207,-60.1099,53.4199,27.1685,6.40642,10.502,2.72818,2.02947,6.41294,2,-66.1545,36.3342,26.6162,8.9139,1.32829,0.3733,design_1791,-18.997500000000002,-0.06409999999999627,15.263000000000005,-10.526200000000003,0.0,0.32099999999999795,-10.204889999999999,-677.8200000000002,16.5693,1.5875000000000004,-2.3165999999999976,1.6449500000000001,Left,0.028877500655060433,0.41389999999999993,2.0014000000000003,1.5875000000000004,0.8616199999999999,0.6299600000000002,0.23165999999999976,0.3631611377631248,0.5289012079430558,0.16574007017993103,0.06221666666666667,0.33637500000000004,0.2741583333333334,1.6359875207957304
LLLLAVLISLLLTLFLLLILI,103300200220030033022,000011011001101100000,LL--AV-IS--LT-FL--I--,1728010000.0,382.712,-331.143,51.569,-74.2708,-74.2727,-74.2727,-74.2708,-217.503,-219.735,-217.499,-246.708,-385.152,4529.41,3720.08,3637.44,41.3623,0.000923933,-3.5805,54.0055,92.9313,-39.3689,-94.725,-39.3747,-64.1733,471,95.1175,-54.1901,87.0704,20.5922,9.66045,6.38302,6.18908,44.621,-57.8805,81.6522,21.4985,54.0055,9.3192,6.20512,5.9299,54.0088,0,-57.8805,81.6522,21.4985,9.3192,6.20512,5.9299,design_750,-30.551699999999997,-0.00190000000000623,26.972999999999985,-55.3503,0.0,-2.2360000000000184,-57.586,-809.3299999999999,5.418200000000013,0.3412500000000005,-0.9063000000000017,0.25917999999999974,Left,0.028877500655060433,0.8192000000000004,1.1604500000000009,0.3412500000000005,0.34985,0.25921999999999984,0.09063000000000015,0.8164698774451944,0.8706672695045393,0.05419739205934493,0.9883166666666666,1.0315133333333333,0.04319666666666666,0.35981754920674147
LLLLWALLSVLITLLLFLILI,103300220030031003012,000011001101100110000,LL--WA--SV-IT-LLF-IL-,1728040000.0,378.216,-377.819,0.397263,-89.2615,-90.2167,-89.2568,-74.3286,-225.743,-226.353,-225.739,-250.149,-379.916,4593.12,3956.23,3931.93,49.2152,0.000245214,-3.41977,2.0972,49.6125,-62.8137,-66.766,-62.8226,-55.4379,468,431.524,-43.6348,80.6605,32.0859,10.2199,3.93439,3.6443,-2.42201,-42.3164,82.4927,31.4266,2.0972,10.2137,3.98398,3.72137,2.09699,2,-43.8697,80.599,27.5751,9.4143,3.96131,3.6703,design_1245,-11.328100000000006,-15.888100000000009,23.795999999999992,-3.943400000000004,-0.9599000000000046,-0.6140000000000043,-5.516970000000001,-636.8899999999999,0.061499999999995225,0.8056000000000001,4.510800000000003,-0.026000000000000245,Left,0.5074006593259278,0.9143000000000008,1.7199000000000009,0.8056000000000001,0.9575099999999999,1.4085900000000002,0.45108000000000037,0.8059348855074842,0.8065500602171016,0.000615174709617472,0.6117166666666667,0.6073833333333333,0.004333333333333411,0.9233004292307578
LLLLLALTLLLVILFSLLILI,103300200220030033012,000011011001101100000,LL--LA-TL--VI-FS--IL-,1728050000.0,374.243,-371.927,2.31604,-74.1709,-74.2717,-74.1653,-74.2399,-221.384,-226.812,-221.382,-245.945,-384.182,4552.12,3844.62,3754.28,41.3623,0.000923933,-3.32287,12.2562,43.6783,-76.3723,-86.4205,-76.3784,-63.9968,468,253.054,-46.7398,95.787,22.7427,10.2218,6.44221,6.37902,4.62099,-46.9925,90.8118,23.2738,12.2562,10.2558,5.80848,5.67066,12.2545,1,-41.2319,94.1574,25.1673,9.2111,5.39604,5.3084,design_1332,-22.423700000000004,-0.031799999999989836,19.13299999999998,-10.042100000000005,-0.10639999999999361,-5.430000000000007,-15.57907,-707.5,1.6296000000000106,1.0107,-2.4246000000000016,1.07062,Left,0.028877500655060433,0.7111000000000001,1.7218,1.0107,0.7167300000000001,0.4742699999999999,0.24246000000000018,0.9415574023022538,0.9578580316809975,0.01630062937874366,0.8847333333333333,1.06317,0.1784366666666667,1.0547069242824065
LLLLAVLLFLLAILTSLLILI,103300200220030033022,000011011001101100000,LL--AV-LF--AI-TS--I--,1728010000.0,366.583,2263.22,2629.8,-76.0469,-74.4012,-75.9922,-74.3017,-213.317,-221.109,-213.312,-242.69,-373.792,4469.95,3645.14,3588.02,43.6652,0.000626172,-3.3029,2637.06,2673.47,2552.58,-81.5845,2552.57,-56.8005,492,25.0484,-65.2321,48.6425,14.4393,9.47211,2.85155,2.08119,741.357,-64.3494,43.3626,18.7489,2637.06,8.7227,2.00636,1.1568,2637.01,0,-64.3494,43.3626,18.7489,8.7227,2.00636,1.1568,design_707,-24.784000000000006,-0.09950000000000614,21.58099999999999,-2634.1545,1.590999999999994,-7.796999999999997,-2640.3629,-824.81,5.279899999999998,0.749410000000001,-4.3096,0.9243899999999998,Left,0.16920667613203583,0.22269999999999968,0.9721100000000007,0.749410000000001,0.0748899999999999,-0.35607000000000005,0.43095999999999995,0.43346510408956146,0.48627910326532736,0.0528139991757659,0.1928,0.346865,0.15406499999999998,0.8796972277061804
LLLLYFLLAVLILLLSTLILI,103300220030031003012,000011001101100110000,LL--YF--AV-IL-LST-IL-,1727980000.0,361.674,-363.84,-2.1657,-82.1097,-78.7678,-82.0569,-74.2559,-220.177,-221.516,-220.176,-248.348,-364.962,4682.15,4004.48,3802.43,45.9023,0.000429125,-2.86334,1.16954,43.7366,-61.553,-67.5419,-61.56,-42.3584,465,193.783,-45.4827,71.2784,31.808,9.93458,2.94499,2.51416,2.93243,-44.5708,71.5109,31.5694,1.16954,9.70876,2.83959,2.41225,1.12198,2,-48.8736,66.0171,28.0,9.2954,2.74334,2.2336,design_217,-25.183499999999995,-4.511899999999997,26.832000000000022,-5.981899999999996,3.289100000000005,-1.3400000000000034,-4.0328800000000005,-677.6699999999996,5.261300000000006,0.6391799999999996,3.808,0.2805599999999999,Left,0.30552627249294656,0.7954000000000008,1.4345800000000004,0.6391799999999996,1.0,1.3808,0.3808,0.6600744611469657,0.7127024074837254,0.05262794633675971,0.3722666666666667,0.41902666666666666,0.04675999999999997,0.7473392206592829
LLLLIVLTFLLWLLASLLILI,103300200230020033112,000011011001101100000,LL--IV-TF--WL-AS--IL-,1727980000.0,373.37,-378.179,-4.80886,-91.1467,-89.3164,-91.0545,-74.2428,-225.246,-222.891,-225.246,-250.562,-379.135,4610.25,3980.73,3954.89,49.2152,0.000245214,-2.82725,1.03988,44.4063,-61.7862,-69.7548,-61.795,-54.3301,468,193.783,-39.9794,93.9027,34.3097,10.7554,5.17377,5.08231,-3.68288,-38.604,97.9481,32.8755,1.03988,10.6548,5.51358,5.48281,0.9568,3,-39.2467,94.2013,27.6059,9.5,5.10418,5.0172,design_192,-15.424700000000001,-15.073599999999999,27.67100000000002,-7.959800000000001,1.7381000000000029,2.355000000000018,-3.8671299999999995,-629.52,-0.2986000000000075,1.2553999999999998,6.703800000000001,0.06510999999999978,Left,0.5074006593259278,1.0,2.2554,1.2553999999999998,0.9605899999999998,1.63097,0.6703800000000002,0.9419965270136719,0.9390096787487646,0.002986848264907249,0.8361999999999999,0.8470516666666666,0.010851666666666704,1.4232235187531164
LLLLVALLLILFTLLSLLILI,103300310020031003022,000011001101100110000,LL--VA-LLI-FT-LSL-I--,1728040000.0,377.503,-379.666,-2.16238,-74.1761,-74.1777,-74.1777,-74.1761,-225.997,-222.567,-225.996,-246.018,-384.809,4507.76,3763.47,3746.66,41.3623,0.000923933,-2.81037,5.1374,39.1999,-79.4923,-90.8746,-79.4982,-64.6145,499,3.86818,-55.3802,67.9612,25.0956,9.74147,3.98179,3.50121,-2.55127,-54.2228,71.2297,26.5018,5.1374,9.9041,4.24943,3.81788,5.1433,2,-54.9139,64.8901,28.0,9.3875,3.49725,2.9706,design_1084,-26.260099999999994,-0.001599999999996271,23.450999999999993,-11.376400000000004,0.0,3.429000000000002,-7.94777,-744.2900000000004,3.0711000000000013,0.35397000000000034,-2.904399999999999,0.5306099999999998,Left,0.028877500655060433,0.8874999999999993,1.2414699999999996,0.35397000000000034,1.0,0.7095600000000001,0.2904399999999999,0.6488012595577144,0.6795209839594445,0.030719724401730097,0.49510000000000004,0.583535,0.08843499999999999,0.4673484836739266
LLLLFYLLAVLWTLLSLLILI,103300220020031003012,000011001101100110000,LL--FY--AV-WT-LSL-IL-,1727980000.0,361.75,-363.397,-1.64734,-89.1605,-90.095,-89.069,-74.2109,-224.756,-227.146,-224.753,-253.99,-367.246,4585.64,3882.19,3950.8,54.5667,9.93017e-05,-2.77337,3.93362,52.9194,-49.4807,-52.7782,-49.4905,-39.0458,494,14.6888,-43.5582,78.7929,29.9388,10.6359,3.67077,3.35267,0.682044,-44.4625,74.5618,31.7212,3.93362,10.5396,3.23522,2.85365,3.84932,4,-42.6863,83.9157,25.6658,9.3299,4.23156,3.9903,design_154,-13.732399999999998,-15.884100000000004,26.844000000000023,-3.287700000000001,-1.0259999999999962,-2.3930000000000007,-6.706989999999999,-703.4500000000003,-5.122799999999998,1.3059999999999992,4.273,-0.6376300000000001,Left,0.833498875733515,0.8299000000000003,2.1358999999999995,1.3059999999999992,0.76658,1.19388,0.4273,0.8391113076113617,0.7878687547263423,0.05124255288501933,0.66505,0.5587783333333333,0.10627166666666676,1.3791811905483207
LLLLAILVSLLLTLFLLLILI,103300300220020033022,000011011001101100000,LL--AI-VS--LT-FL--I--,1728070000.0,382.455,-325.62,56.8356,-74.3829,-74.3373,-74.3749,-74.2284,-217.893,-220.269,-217.889,-245.95,-385.059,4523.26,3779.58,3680.99,41.3623,0.000923933,-2.75276,59.446,98.1978,-33.3441,-93.2057,-33.3499,-64.8809,564,253.054,-54.4697,87.9297,22.1918,9.72955,6.54096,6.3599,54.4861,-56.5748,82.7099,24.0998,59.446,9.2364,6.15205,5.8927,59.4396,0,-56.5748,82.7099,24.0998,9.2364,6.15205,5.8927,design_1865,-28.324799999999996,-0.10890000000000555,25.680999999999983,-59.855799999999995,0.037599999999997635,-2.3799999999999955,-62.19876,-743.6800000000003,5.219799999999992,0.49315,-1.9079999999999977,0.46720000000000006,Left,0.028877500655060433,0.7363999999999997,1.2295499999999997,0.49315,0.6099799999999999,0.41918000000000005,0.1907999999999998,0.8270498821665353,0.8792627106098132,0.0522128284432779,0.9821166666666666,1.0599833333333333,0.07786666666666664,0.5370204462884304
LLLLVALLLLLFTLISLLILI,103300200220030033022,000011011001101100000,LL--VA-LL--FT-IS--I--,1727990000.0,377.14,-378.214,-1.07413,-74.1783,-74.1801,-74.1801,-74.1783,-219.564,-221.514,-219.561,-246.573,-384.969,4530.82,3725.79,3654.4,41.3623,0.000923933,-2.586,6.75009,40.2882,-84.4717,-91.8606,-84.4777,-64.2172,494,253.054,-48.7167,89.535,21.3217,9.61676,5.89473,5.73776,-1.66661,-49.7109,86.1247,21.9337,6.75009,9.85518,5.58348,5.37535,6.75522,3,-56.4165,77.6695,25.8289,9.2401,5.44786,5.1129,design_426,-27.6434,-0.0018000000000029104,25.058999999999997,-7.3829000000000065,0.0,-1.953000000000003,-9.33609,-805.0299999999997,11.865499999999997,0.37665999999999933,-4.507200000000001,0.62486,Left,0.028877500655060433,0.7401,1.1167599999999993,0.37665999999999933,0.7828900000000001,0.33216999999999997,0.4507200000000001,0.7766315633639953,0.8953202709569518,0.11868870759295647,0.85215,0.9562933333333333,0.10414333333333337,0.6082385364212496
LLLLALLIYLLFVLTSLLILI,113300200210020023031,000011011001101100000,LL--AL-IY-LFV-TS--I-I,1728020000.0,361.673,-358.873,2.79967,-75.4467,-78.0979,-75.4305,-74.3567,-226.346,-229.032,-226.343,-249.653,-367.867,4593.76,3936.57,3834.64,45.9023,0.000429125,-2.55959,9.00735,48.7019,-57.08,-63.2967,-57.0866,-43.8575,481,42.7142,-87.2781,48.0515,30.4383,10.6528,6.07866,5.29944,3.29516,-85.9403,46.8608,29.2794,9.00735,10.4277,5.71725,4.92016,8.99422,2,-86.2941,44.7179,28.0,9.3605,5.48103,4.6518,design_845,-19.4392,-3.741199999999992,20.62099999999998,-6.210100000000004,-2.6674000000000007,-2.6890000000000214,-11.56694,-657.19,3.333599999999997,1.2922999999999991,2.4383000000000017,0.64764,Left,0.30552627249294656,0.8605,2.152799999999999,1.2922999999999991,1.0,1.2438300000000002,0.2438300000000002,0.4470219542350028,0.480367424348515,0.03334547011351219,0.7753,0.8832399999999999,0.10793999999999992,1.3199451969218603
LLLLVALILLLLTLFSLLILI,103300200220030033022,000011011001101100000,LL--VA-IL--LT-FS--I--,1728070000.0,375.35,-375.924,-0.574435,-74.1783,-74.1803,-74.1803,-74.1783,-224.98,-228.72,-224.978,-246.556,-384.723,4514.6,3871.05,3789.65,41.3623,0.000923933,-2.50163,8.79306,40.7878,-76.7658,-84.3243,-76.7716,-63.9891,456,673.233,-56.4495,62.4312,28.184,10.1994,3.39564,2.83211,1.01067,-56.5312,58.7229,26.5952,8.79306,10.2424,2.90728,2.28812,8.79903,3,-60.1843,50.023,28.0,9.1155,2.28076,1.5311,design_1906,-20.335199999999993,-0.0020000000000095497,17.836000000000013,-7.552699999999987,0.0,-3.7419999999999902,-11.294690000000001,-643.5500000000002,12.408199999999994,1.0838999999999999,0.18400000000000105,1.3010100000000002,Left,0.028877500655060433,0.6155000000000008,1.6994000000000007,1.0838999999999999,1.0,1.0184000000000002,0.018400000000000194,0.5000880249990999,0.6242052742979006,0.12411724929880075,0.2551833333333333,0.4720183333333334,0.21683500000000006,1.1124748441194077
LLLLVALLLILLTLLSFLILI,103300210030021003022,000011001101100110000,LL--VA-LLI-LT-LSF-I--,1728040000.0,374.716,-373.575,1.14093,-74.1761,-74.1784,-74.1784,-74.1761,-221.755,-224.417,-221.752,-246.103,-384.745,4527.9,3829.73,3767.91,41.3623,0.000923933,-2.47738,11.164,42.5032,-77.6447,-88.6273,-77.6506,-64.4658,469,431.524,-55.5841,78.0225,22.6061,9.9171,5.37066,5.04099,2.24514,-55.5929,75.1938,25.116,11.164,10.0933,4.99011,4.61802,11.17,3,-57.8657,70.7423,28.0,9.3315,4.73007,4.2912,design_1231,-24.161500000000004,-0.002299999999991087,21.686000000000007,-10.976700000000008,0.0,-2.664999999999992,-13.64138,-698.1699999999996,7.280199999999994,0.5855999999999995,-5.393899999999999,0.74979,Left,0.028877500655060433,0.8315000000000001,1.4170999999999996,0.5855999999999995,1.0,0.46061000000000013,0.5393899999999998,0.7073398845272058,0.7801625661687919,0.07282268164158612,0.7152,0.8401649999999999,0.12496499999999999,0.8091899197879759
LLLLIVLTALLFLLYLLLILI,103300200230030023022,000011011001101100000,LL--IV-TA--FL-YL--I--,1728020000.0,362.653,-195.747,166.906,-58.9247,-58.9728,-58.8531,-58.9348,-219.123,-224.154,-219.123,-250.312,-366.704,4602.2,3834.57,3650.09,43.7222,0.000620174,-2.16919,171.022,210.629,82.3006,-85.7467,82.294,-57.4572,531,148.395,-55.83,62.6339,26.0945,9.77134,3.33009,2.7696,141.248,-57.8746,57.0154,27.5572,171.022,8.9855,2.87827,2.2335,170.957,0,-57.8746,57.0154,27.5572,8.9855,2.87827,2.2335,design_817,-28.289500000000004,-0.0379999999999967,26.158000000000015,-168.04070000000002,-0.1197000000000017,-5.031000000000006,-173.19118999999998,-767.6299999999997,5.618499999999997,0.7858400000000003,-1.4627000000000017,0.5361000000000002,Left,0.17268001974321648,0.48550000000000004,1.2713400000000004,0.7858400000000003,0.9557200000000001,0.80945,0.14627000000000012,0.570031889056492,0.6262328501294367,0.0562009610729447,0.37224999999999997,0.4616,0.08935000000000004,0.806276248580797
LLLVALLTILLSLLFLLLILI,13002300300220022031,000110011011001100000,LL-VA--TI-LS--FL--I-I,1728050000.0,384.134,-351.607,32.5268,-74.34,-74.342,-74.342,-74.34,-221.02,-222.114,-221.016,-246.678,-386.518,4547.93,3792.46,3704.65,41.3623,0.000923933,-1.81924,34.908,73.8891,-56.2464,-91.8818,-56.2521,-65.4999,491,113.638,-96.8387,40.8182,26.7351,9.28187,6.53627,5.64854,30.2305,-96.4357,39.2301,22.9902,34.908,9.34337,6.26142,5.34988,34.9113,3,-95.9479,37.5841,20.265,9.4392,5.96604,5.0298,design_1371,-26.3819,-0.001999999999995339,24.563999999999993,-35.6297,0.0,-1.0980000000000132,-36.72724,-755.4700000000003,3.234099999999998,-0.15732999999999997,6.470099999999999,0.6187399999999998,Left,0.028877500655060433,0.9391999999999996,0.7818699999999996,0.15732999999999997,0.22650000000000006,0.8735099999999999,0.6470099999999999,0.3756636884875305,0.4080138759407672,0.0323501874532367,0.8382999999999999,0.9414233333333333,0.10312333333333334,0.674578109269814
LLLLWVLLSTLILLLSFLILI,103300320030021003012,000011001101100110000,LL--WV--ST-IL-LSF-IL-,1728010000.0,385.59,-387.377,-1.78677,-102.363,-103.672,-102.37,-89.6266,-223.596,-223.556,-223.594,-252.037,-394.448,4557.89,3947.29,3831.81,57.2991,6.25897e-05,-1.73959,7.06214,55.5124,-61.418,-68.9598,-61.422,-52.7846,476,20.966,-44.5581,76.6156,21.3982,10.5507,3.52681,3.17605,1.1077,-43.0347,77.087,20.5263,7.06214,10.5503,3.36194,3.01825,7.07102,1,-43.184,79.552,24.62,9.5,3.71712,3.4104,design_715,-16.175200000000004,-14.0454,28.480999999999995,-7.537800000000004,-1.3019999999999925,0.03799999999998249,-8.801730000000001,-610.6000000000004,-2.936400000000006,1.0507000000000009,-3.2218000000000018,-0.23435000000000006,Left,1.0,1.0,2.050700000000001,1.0507000000000009,0.6620000000000001,0.3398199999999999,0.32218000000000024,0.795461911182776,0.7660895694377203,0.029372341745055652,0.5684,0.5293416666666667,0.039058333333333306,1.1000721477532136
LLLLIALLVLLLFLLSTLILI,112300320020023003102,000011001101100110000,LL--IA--VL-LF--ST-IL-,1727980000.0,377.274,-375.247,2.02755,-74.1457,-74.1563,-74.1378,-74.1477,-221.035,-221.808,-221.033,-245.995,-380.085,4605.68,3888.73,3753.34,41.3623,0.000923933,-1.38851,4.84262,43.3898,-80.0658,-85.5097,-80.0716,-59.943,480,177.29,-5.96828,98.7156,27.1886,9.85331,0.721847,0.702581,0.586243,-3.92537,98.6593,25.7769,4.84262,9.5,0.40781,0.3877,4.8385,0,-3.92537,98.6593,25.7769,9.5,0.40781,0.3877,design_175,-25.566699999999997,-0.008600000000001273,24.187000000000012,-5.4380999999999915,-0.01850000000000307,-0.7750000000000057,-6.23113,-716.9500000000003,0.05629999999999313,0.35331000000000046,1.4116999999999997,0.314881,Left,0.028877500655060433,1.0,1.3533100000000005,0.35331000000000046,0.7776900000000001,0.9188600000000001,0.14117000000000002,0.9865891913303378,0.98715235126776,0.0005631599374221752,0.06461666666666667,0.11709683333333333,0.05248016666666666,0.38407214171621007
LLLLYFLLALLTVLLSILILI,103300220030031003012,000011001101100110000,LL--YF--AL-TV-LSI-IL-,1727980000.0,361.327,-367.07,-5.74354,-81.7305,-79.1475,-81.6773,-74.3747,-223.032,-222.353,-223.031,-246.279,-365.735,4579.77,3947.73,3826.62,45.9023,0.000429125,-1.37896,-1.28774,40.1587,-62.3074,-65.6137,-62.3144,-45.0808,459,124.21,-49.8167,67.5396,32.8371,9.5033,3.09035,2.60345,-4.71354,-45.5331,72.8312,33.5817,-1.28774,9.73995,3.16219,2.75466,-1.33542,4,-48.8736,66.0171,28.0,9.2954,2.74334,2.2336,design_217,-20.53289999999999,-4.7727999999999895,23.925999999999988,-3.2992999999999952,2.5298000000000087,0.6779999999999973,-0.09121999999999986,-632.0400000000004,1.5224999999999937,0.20789999999999864,4.8370999999999995,0.36985,Left,0.30552627249294656,0.7954000000000008,1.0032999999999994,0.20789999999999864,1.0,1.4837099999999999,0.48370999999999986,0.6600744611469657,0.6753037862753021,0.015229325128336413,0.3722666666666667,0.43390833333333334,0.06164166666666665,0.5303106650948181
LLLLYLLTFLLAVLLILLILI,103300200230030023022,000011011001101100000,LL--YL-TF--AV-LI--I--,1728030000.0,363.27,1758.13,2121.4,-58.9462,-61.1284,-58.879,-58.8847,-220.895,-223.078,-220.893,-249.624,-364.265,4654.59,3734.25,3638.57,43.7222,0.000620174,-1.30441,2122.46,2165.13,2037.97,-81.3629,2037.97,-55.7556,512,66.6396,-67.2624,51.0262,18.1827,10.3895,3.4779,2.74329,2031.75,-65.776,50.242,23.3914,2122.46,9.1145,3.14907,2.4027,2122.4,0,-65.776,50.242,23.3914,9.1145,3.14907,2.4027,design_1036,-25.607299999999995,-2.243699999999997,26.545999999999992,-2119.3329,-2.2494000000000014,-2.1850000000000023,-2123.76441,-920.3400000000001,0.7842000000000056,1.2750000000000004,-5.2087,0.34059000000000017,Left,0.17268001974321648,0.6144999999999996,1.8895,1.2750000000000004,0.5391400000000001,0.018270000000000054,0.52087,0.5022786471357866,0.5101228748964707,0.007844227760684053,0.40045,0.457215,0.05676500000000001,1.3784826273965742
LLLLTVLLFLLAILLSLLILI,103300210030031003022,000011001101100110000,LL--TV-LFL-AI-LSL-I--,1728050000.0,376.536,-365.725,10.8113,-60.6149,-60.5585,-60.5585,-60.4607,-220.876,-221.223,-220.876,-246.091,-373.771,4585.99,3773.75,3710.56,41.3623,0.000923933,-1.29519,8.09739,52.1736,-84.2337,-93.285,-84.2397,-67.2197,465,302.327,-56.7406,69.8816,23.2774,9.82397,4.44511,3.99333,-2.16732,-55.5105,71.8589,24.113,8.09739,9.69087,4.52752,4.10541,8.04636,1,-61.1918,64.4549,23.7758,8.7499,4.38018,3.847,design_1502,-26.065299999999993,-0.09779999999999944,24.867999999999995,-9.045299999999997,0.0,-0.3470000000000084,-9.39258,-812.2399999999998,5.426700000000011,1.074069999999999,-0.4984000000000002,0.14632999999999985,Left,0.028877500655060433,0.24990000000000023,1.3239699999999992,1.074069999999999,0.57758,0.52774,0.049839999999999995,0.6444480232385997,0.6987304394448024,0.054282416206202666,0.6411666666666667,0.665555,0.024388333333333345,1.0768712838644918
LLLLYALTVLLLILFSLLILI,103300200230030023022,000011011001101100000,LL--YA-TV--LI-FS--I--,1728070000.0,359.35,-359.658,-0.30728,-74.2837,-74.3401,-74.2783,-74.1876,-217.11,-217.726,-217.105,-248.549,-368.946,4567.4,3708.74,3723.21,45.9023,0.000429125,-1.2611,9.2922,45.595,-68.2643,-78.1416,-68.2712,-46.2096,520,66.6396,-67.7108,35.369,14.762,10.1095,1.43143,0.461964,-0.866825,-68.432,34.2044,15.0455,9.2922,10.163,1.3824,0.395466,9.28868,3,-68.986,35.7933,21.4477,9.1053,1.68,0.7169,design_1873,-31.931999999999995,-0.1525000000000034,30.823000000000008,-9.870400000000004,-0.061800000000005184,-0.6210000000000093,-10.5533,-858.6599999999999,-0.42430000000000234,1.0042000000000009,-6.685700000000001,-0.254936,Left,0.30552627249294656,0.6052999999999997,1.6095000000000006,1.0042000000000009,0.34477000000000013,-0.3238,0.6685700000000001,0.35775060117073254,0.3535063958164119,0.004244205354320629,0.11948333333333333,0.07699399999999999,0.04248933333333334,1.2071565108245916
LLLLYILTLLLFALVSLLILI,113300200210030032031,000011011001101100000,LL--YI-TL-LFA-VS--I-I,1728040000.0,362.527,-363.156,-0.629464,-74.2987,-74.2352,-74.2352,-74.1701,-226.64,-226.423,-226.639,-248.263,-368.318,4578.04,3849.53,3845.02,45.9023,0.000429125,-1.16061,5.21815,45.2728,-62.2174,-68.8195,-62.2247,-45.8848,492,95.1175,-98.1931,17.739,36.109,10.3031,3.62373,2.38981,2.11415,-97.9642,17.0447,35.8706,5.21815,10.0849,3.49566,2.25133,5.16125,4,-93.3245,17.6102,28.0,9.4377,2.87605,1.6402,design_1076,-22.934700000000007,-0.06510000000000105,21.840000000000003,-6.594800000000006,0.0,0.21600000000000819,-6.37876,-728.5099999999998,0.1288000000000018,0.8654000000000011,8.109000000000002,0.7496100000000001,Left,0.30552627249294656,0.9376999999999995,1.8031000000000006,0.8654000000000011,1.0,1.8109000000000002,0.8109000000000002,0.17586794649680507,0.17715631239271953,0.0012883658959144673,0.2733666666666667,0.3983016666666667,0.12493500000000002,1.192512634780732
LLLLYFLLAVLTILLSLLILI,103300220020022003111,000011001101100110000,LL--YF--AV-TI--SL-ILI,1727990000.0,360.792,-363.044,-2.25136,-79.8202,-81.1627,-79.7674,-74.3324,-217.184,-217.391,-217.182,-248.46,-365.81,4583.72,3963.68,3823.19,45.9023,0.000429125,-1.12567,2.81407,43.6509,-66.0396,-68.382,-66.0466,-43.0176,462,330.452,-48.3051,59.0567,31.5312,9.6853,1.71841,1.10426,6.39725,-48.672,57.0506,30.8783,2.81407,9.81573,1.50263,0.858391,2.76593,2,-41.5493,69.1847,22.4182,9.4163,2.07233,1.6101,design_295,-25.364400000000003,-6.830299999999994,31.069000000000017,-2.335400000000007,-1.395300000000006,-0.20900000000000318,-3.93974,-620.0400000000004,-10.128000000000007,0.26900000000000013,9.113,-0.5058400000000001,Left,0.30552627249294656,0.9162999999999997,1.1852999999999998,0.26900000000000013,0.4418199999999999,1.3531199999999999,0.9113,0.6917594596865511,0.5904506879953907,0.10130877169116037,0.26835000000000003,0.18404333333333334,0.0843066666666667,0.959270436981155
LLLLAVLTSLLFILLLLLILI,103300200230030023022,000011011001101100000,LL--AV-TS--FI-LL--I--,1727980000.0,384.736,-342.377,42.3596,-74.3512,-74.3528,-74.3528,-74.3512,-219.3,-221.443,-219.295,-246.453,-384.712,4560.87,3869.17,3728.39,41.3623,0.000923933,-1.02087,42.3322,83.7218,-48.7258,-89.9373,-48.7317,-63.9082,476,113.638,-55.0465,80.8606,27.8844,9.89603,5.67315,5.38606,22.2565,-54.9604,79.6016,28.0,42.3322,9.5,5.49028,5.1843,42.3356,0,-54.9604,79.6016,28.0,9.5,5.49028,5.1843,design_64,-26.029099999999993,-0.001599999999996271,25.00999999999999,-41.2056,0.0,-2.1480000000000246,-43.35307,-691.6999999999998,1.2590000000000003,0.39602999999999966,-0.11560000000000059,0.20175999999999927,Left,0.028877500655060433,1.0,1.3960299999999997,0.39602999999999966,1.0,0.98844,0.011560000000000015,0.7959580520867927,0.8085516286625402,0.012593576575747445,0.8640500000000001,0.8976766666666666,0.03362666666666647,0.3978225048713057
LLLLAILLVLLSTLFYLLILI,113300200210030023031,000011011001101100000,LL--AI-LV-LST-FY--I-I,1727980000.0,365.825,-362.703,3.12186,-76.9413,-77.8947,-76.9228,-74.3021,-226.714,-230.032,-226.711,-249.548,-371.823,4552.12,3866.4,3930.49,45.9023,0.000429125,-0.426844,9.13478,49.0241,-59.0477,-64.3235,-59.0546,-47.9727,490,124.21,-79.7456,64.6807,23.1329,10.5177,7.19372,6.66393,4.05423,-80.5029,60.5542,23.8313,9.13478,10.4715,6.75024,6.15856,9.12006,4,-84.6662,49.9731,20.7029,9.4057,5.9463,5.1959,design_104,-16.350799999999992,-3.5926000000000045,19.51599999999999,-5.268899999999995,-0.9719000000000051,-3.320999999999998,-9.561623999999998,-685.7199999999998,14.7076,1.112,2.4299999999999997,1.4680299999999997,Left,0.30552627249294656,0.9056999999999995,2.0176999999999996,1.112,0.27029,0.5132899999999999,0.24299999999999994,0.49958888324284106,0.6467066646927727,0.14711778144993165,0.8659833333333333,1.110655,0.24467166666666662,1.1734994103484648
LLLLAVLLALLFILTSLLILI,103300300320020023022,000011011001101100000,LL--AV-LA--FI-TS--I--,1728040000.0,367.259,-367.707,-0.448213,-74.3234,-74.2115,-74.27,-74.2011,-215.07,-215.818,-215.065,-242.944,-374.646,4479.71,3688.89,3679.93,43.6652,0.000626172,-0.415303,6.98684,43.217,-78.3135,-85.032,-78.3242,-57.5009,474,124.21,-57.8678,74.2556,14.1498,9.58709,5.20468,4.81851,0.744137,-57.6323,72.9642,15.2774,6.98684,9.46138,4.99501,4.58948,6.93899,1,-60.2802,70.8965,20.6302,8.8113,5.11305,4.6765,design_1196,-27.531099999999995,-0.010400000000004184,27.125999999999976,-6.707799999999992,0.05849999999999511,-0.7530000000000143,-7.402143,-790.8200000000002,3.359099999999998,0.7757900000000006,-6.480399999999998,0.14200999999999997,Left,0.16920667613203583,0.31129999999999924,1.08709,0.7757900000000006,0.26301999999999987,-0.3850199999999999,0.6480399999999997,0.7088823225796126,0.742482865133698,0.0336005425540854,0.7794166666666666,0.8030849999999999,0.02366833333333329,1.0116793722137005
LLLLLVLLFTLAILLSLLILI,103300210020031003022,000011001101100110000,LL--LV-LFT-AI-LSL-I--,1727980000.0,376.611,-380.9,-4.2884,-74.4271,-74.3724,-74.3724,-74.273,-224.189,-224.026,-224.189,-245.954,-385.238,4506.36,3784.1,3688.43,41.3623,0.000923933,-0.384289,4.38729,37.0739,-82.2833,-87.2244,-82.2893,-65.0119,479,276.595,-55.7996,76.7697,22.6978,10.0201,5.23385,4.88539,-2.37801,-53.4405,80.0024,24.3049,4.38729,9.81655,5.3164,5.01643,4.33871,2,-57.7764,67.2616,24.5839,9.4846,4.24678,3.7557,design_92,-22.212500000000006,-0.09940000000000282,21.927999999999997,-4.935100000000006,0.0,0.1629999999999825,-4.771579,-722.2599999999998,9.508099999999999,0.535499999999999,-1.886099999999999,1.12969,Left,0.028877500655060433,0.9846000000000004,1.5200999999999993,0.535499999999999,0.65839,0.4697800000000001,0.18860999999999994,0.6725229965310148,0.7676310072060465,0.09510801067503172,0.62595,0.8142316666666667,0.18828166666666668,0.6056645125788191
LLLLAVLTILLSLLFYLLILI,113300200210030023031,000011011001101100000,LL--AV-TI-LSL-FY--I-I,1728060000.0,366.646,-363.481,3.16536,-77.4537,-76.6051,-77.4449,-74.34,-227.401,-230.819,-227.398,-249.717,-372.011,4572.01,3868.76,3839.88,45.9023,0.000429125,-0.343597,8.53535,49.0676,-58.626,-64.9303,-58.6328,-47.9539,507,231.516,-80.7532,61.6659,29.8883,10.2388,6.93787,6.36286,4.86024,-82.8184,55.7919,29.7,8.53535,10.0474,6.45468,5.79156,8.53041,1,-86.6358,47.1822,26.8369,9.5,5.86497,5.0727,design_1694,-16.976400000000005,-2.2650999999999897,18.898000000000025,-6.297499999999999,0.839800000000011,-3.4209999999999923,-8.878947,-703.25,14.483699999999999,0.7387999999999995,3.051400000000001,1.2901600000000002,Left,0.30552627249294656,1.0,1.7387999999999995,0.7387999999999995,0.88369,1.18883,0.3051400000000001,0.47167195483517327,0.6165501002284649,0.14487814539329164,0.84545,1.0604766666666667,0.2150266666666667,0.8403344595994958
LLLLWVLASLLTFLILLLILI,103300200230020033112,000011011001101100000,LL--WV-AS--TF-IL--IL-,1728040000.0,380.423,-371.621,8.80164,-90.2429,-83.7875,-90.1891,-74.3841,-219.552,-220.341,-219.548,-249.963,-379.892,4600.68,3931.83,3894.99,49.2152,0.000245214,-0.309415,8.31941,58.0168,-61.8268,-76.0729,-61.8355,-55.5449,458,253.054,-42.1721,86.8452,31.5556,10.5057,4.54991,4.35259,1.99789,-41.7365,86.6514,31.1022,8.31941,10.6571,4.45842,4.25819,8.27056,2,-40.1641,93.6686,26.9667,9.4099,5.16987,5.0749,design_1250,-20.528000000000006,-9.40339999999999,29.621999999999986,-14.237400000000001,6.401600000000002,-0.7930000000000064,-8.628824999999999,-668.8500000000004,-6.823399999999992,1.0957999999999988,4.588899999999999,-0.7223100000000002,Left,0.5074006593259278,0.9099000000000004,2.005699999999999,1.0957999999999988,0.89667,1.3555599999999999,0.4588899999999999,0.9366680137158953,0.8684146297548504,0.06825338396104486,0.8458166666666668,0.7254316666666667,0.12038500000000008,1.1960387722591317
