Sequence,RotamerValues,Interface,InterfaceSequence,Seed,Baseline,Dimer,Dimerw/Baseline,HBONDDimer,HBONDDimerOptimize,HBONDDimerPreOptimize,HBONDMonomer,IMM1Dimer,IMM1DimerOptimize,IMM1DimerPreOptimize,IMM1Monomer,Monomer,MonomerSasa,OptimizeSasa,PreBBOptimizeSasa,SequenceEntropy,SequenceProbability,Total,TotalPreOptimize,Totalw/Entropy,VDWDimer,VDWDimerOptimize,VDWDimerPreOptimize,VDWMonomer,acceptCycleNumber,acceptTemp,endAxialRotation,axialRotation,crossingAngle,xShift,endZShift,zShift,firstRepackEnergy,preOptimizeAxialRotation,preOptimizeAxialRotationPrime,preOptimizeCrossingAngle,preOptimizeEnergy,preOptimizeXShift,preOptimizeZShift,preOptimizeZShiftPrime,preRepackTotal,replicateNumber,startAxialRotation,startAxialRotationPrime,startCrossingAngle,startXShift,startZShift,startZShiftPrime,Directory,VDWDiff,HBONDDiff,IMM1Diff,VDWRepackDiff,HBONDRepackDiff,IMM1RepackDiff,RepackChange,SasaDiff,AxChange,xChange,crossChange,zChange,Region,SequenceEntropyNorm,startXShift_norm,endXShift_norm,xShift_dist,startCrossingAngle_norm,endCrossingAngle_norm,crossingAngle_dist,startAxialRotationPrime_norm,endAxialRotationPrime_norm,axialRotationPrime_dist,startZShiftPrime_norm,endZShiftPrime_norm,zShiftPrime_dist,GeometricDistance
LLLLAILLLLLSVLFTLLILI,113300300210030023021,000011011001101100000,LL--AI-LL-LSV-FT--I-I,1728040000.0,381.429,-376.045,5.38369,-74.1962,-74.2295,-74.1883,-74.3049,-233.226,-238.704,-233.225,-246.647,-384.798,4528.18,3597.03,3588.67,41.3623,0.000923933,-32.6485,8.75564,46.746,-68.623,-104.513,-68.629,-63.8459,482,253.054,-105.049,26.0278,25.0222,9.01372,5.77108,4.6615,4.83898,-102.367,23.9795,23.2995,8.75564,9.16532,5.09223,3.95192,8.75242,3,-92.2149,18.5964,22.133,9.3381,2.84275,1.6217,design_1069,-40.667100000000005,0.07540000000000191,7.942999999999984,-35.884,-0.041200000000003456,-5.479000000000013,-41.40414,-931.1500000000001,7.4314,-0.32438000000000144,2.8892000000000024,3.0398000000000005,Left,0.028877500655060433,0.8381000000000007,0.5137199999999993,0.32438000000000144,0.4132999999999999,0.7022200000000002,0.2889200000000003,0.18573274810046053,0.26006785927203324,0.07433511117157271,0.2702833333333333,0.7769166666666667,0.5066333333333334,0.6714910230206623
LLLLWVLLATLYLLLSFLILI,103300320030021003012,000011001101100110000,LL--WV--AT-YL-LSF-IL-,1728030000.0,359.437,-388.795,-29.3581,-74.2381,-74.2121,-74.172,-74.2781,-239.052,-245.872,-239.051,-252.954,-369.812,4571.91,3733.44,3573.93,54.5667,9.93017e-05,-31.8659,-18.9253,25.2086,-75.5047,-81.5939,-75.5136,-42.5801,461,124.21,-51.2635,83.5095,20.1261,9.44563,5.46331,5.21595,-22.5945,-52.7085,74.725,19.1178,-18.9253,9.64186,4.49414,4.11502,-18.9833,3,-45.0131,69.4929,23.6085,9.5,2.63351,2.1759,design_985,-39.0138,0.06599999999998829,7.081999999999994,-6.080300000000008,-0.04010000000000957,-6.821000000000026,-12.9406,-838.4699999999998,14.016599999999997,-0.054370000000000474,-3.4823999999999984,3.0400500000000004,Left,0.833498875733515,1.0,0.9456299999999995,0.054370000000000474,0.56085,0.2126100000000001,0.3482399999999999,0.6948423352232035,0.8350481536756439,0.1402058184524404,0.36265,0.869325,0.506675,0.6329331889330173
LLLLYVLTALLFLLISLLILI,103300200220030033022,000011011001101100000,LL--YV-TA--FL-IS--I--,1728060000.0,360.715,-389.858,-29.1433,-74.2656,-74.159,-74.2123,-74.1927,-238.319,-240.63,-238.318,-248.215,-367.911,4612.78,3568.85,3588.21,45.9023,0.000429125,-29.9804,-21.9001,16.759,-77.2735,-83.103,-77.2805,-45.5038,473,124.21,-54.1514,72.1767,18.1423,9.37843,4.36657,3.94922,-26.573,-54.1108,69.8036,19.4884,-21.9001,9.33423,4.0401,3.58716,-21.9468,4,-61.3697,43.2936,27.6812,8.656,1.5501,0.6995,design_1657,-37.599199999999996,0.033699999999996066,7.585000000000008,-5.822499999999991,0.05329999999999302,-2.3119999999999834,-8.080300000000001,-1043.9299999999998,28.8831,0.7224299999999992,-9.538900000000002,3.24972,Left,0.30552627249294656,0.15600000000000058,0.8784299999999998,0.7224299999999992,0.9681200000000001,0.014229999999999876,0.9538900000000002,0.432774908073893,0.721687959380464,0.288913051306571,0.11658333333333333,0.6582033333333334,0.54162,1.344854718032871
LLLLAILFVLLLTLASLLILI,113300300210030023021,000011011001101100000,LL--AI-FV-LLT-AS--I-I,1728040000.0,366.64,-398.642,-32.0019,-74.1783,-74.115,-74.115,-74.1783,-233.489,-233.07,-233.488,-240.784,-372.422,4502.84,3670.98,3590.93,43.6652,0.000626172,-29.9264,-26.1659,11.6633,-90.9741,-95.1642,-90.9849,-57.4604,494,211.811,-106.82,23.727,24.2596,9.05787,5.72607,4.58198,-30.3734,-105.049,26.0278,25.0222,-26.1659,9.01372,5.77108,4.6615,-26.2193,4,-92.2149,18.5964,22.133,9.3381,2.84275,1.6217,design_1069,-37.703799999999994,0.06329999999999814,7.713999999999999,-4.179299999999998,0.0,0.41800000000000637,-3.7605000000000004,-831.8600000000001,5.130600000000001,-0.2802300000000013,2.1266,2.96028,Left,0.16920667613203583,0.8381000000000007,0.5578699999999994,0.2802300000000013,0.4132999999999999,0.6259599999999998,0.21265999999999996,0.18573274810046053,0.23705332314377284,0.051320575043312305,0.2702833333333333,0.7636633333333332,0.49337999999999993,0.6081206741451707
LLLLFALLLLLTVLISLLILI,103300300230020023012,000011011001101100000,LL--FA-LL--TV-IS--IL-,1728020000.0,375.996,-402.551,-26.5545,-74.2129,-74.2525,-74.215,-74.3093,-237.227,-240.531,-237.225,-246.291,-380.539,4555.07,3713.56,3630.51,41.3623,0.000923933,-28.8297,-22.019,14.8077,-91.1111,-94.5845,-91.1171,-59.9382,456,471.669,-51.8228,81.443,15.3157,9.98978,5.26824,4.98988,-26.6878,-51.747,78.6516,17.5496,-22.019,9.74833,4.88001,4.55978,-22.0121,4,-53.5455,58.0912,23.9181,9.149,2.37413,1.7455,design_928,-34.646300000000004,0.05679999999999552,5.759999999999991,-3.467400000000012,-0.037499999999994316,-3.3060000000000116,-6.810700000000001,-841.5099999999998,23.351799999999997,0.8407800000000005,-8.6024,3.2443800000000005,Left,0.028877500655060433,0.6489999999999991,1.4897799999999997,0.8407800000000005,0.59181,-0.26843000000000006,0.86024,0.5807929451964359,0.8143772831484141,0.2335843379519782,0.29091666666666666,0.8316466666666668,0.5407300000000002,1.3393559802518766
LLLIALLLLLTSLLFVLLILI,13002300200230022031,000110011011001100000,LL-IA--LL-TS--FV--I-I,1728030000.0,381.794,-399.729,-17.9356,-74.126,-74.1506,-74.118,-74.2819,-232.02,-233.81,-232.018,-245.751,-384.084,4605.7,3646.95,3676.27,41.3623,0.000923933,-28.8137,-15.6415,23.4267,-93.5839,-104.937,-93.5894,-64.0515,470,394.796,-107.505,14.8811,24.8286,8.70021,4.63469,3.3579,-19.5796,-108.198,9.09622,26.3687,-15.6415,9.17214,3.95771,2.59415,-15.6455,4,-100.762,4.0354,20.1318,9.4192,2.15907,0.7196,design_970,-40.88549999999999,0.13129999999999598,11.941000000000003,-11.3476,-0.03260000000000218,-1.7920000000000016,-13.1722,-958.75,10.8457,-0.7189899999999998,4.696800000000003,2.6383,Left,0.028877500655060433,0.9192,0.20021000000000022,0.7189899999999998,0.21317999999999984,0.6828600000000001,0.4696800000000003,0.040081383112804035,0.14856919365099688,0.10848781053819284,0.11993333333333334,0.55965,0.43971666666666664,0.9709100238847137
LLLVALLLLLTALLFSLLILI,13002300200230032021,000110011011001100000,LL-VA--LL-TA--FS--I-I,1727980000.0,369.667,-398.454,-28.7867,-74.2473,-74.19,-74.19,-74.2473,-228.294,-231.044,-228.293,-242.596,-378.009,4567.23,3677.69,3612.32,44.4768,0.00054596,-27.9681,-20.3977,15.6901,-95.9124,-100.742,-95.9233,-61.1657,473,394.796,-104.054,35.4856,25.1821,8.89723,6.89869,5.93097,-24.2726,-102.602,34.8028,26.249,-20.3977,8.84381,6.58862,5.61067,-20.4454,4,-96.1052,25.5895,23.4724,9.5,4.37036,3.2542,design_105,-39.5763,0.05729999999999791,11.551999999999992,-4.818700000000007,0.0,-2.7510000000000048,-7.570399999999999,-889.5399999999995,9.896099999999997,-0.6027699999999996,1.709699999999998,2.6767700000000003,Left,0.21866221428701998,1.0,0.3972300000000004,0.6027699999999996,0.5472400000000001,0.7182099999999998,0.17096999999999973,0.2556836141464176,0.3546727270544835,0.09898911290806589,0.5423666666666667,0.988495,0.44612833333333335,0.7754945184055804
LLLFALLLLLTYLLAVLLILI,13002200300230021032,000110011011001100000,LL-FA--LL-TY--AV-LI--,1728080000.0,356.304,-376.683,-20.3799,-58.9794,-58.8672,-58.9073,-58.9393,-232.494,-236.42,-232.492,-248.016,-358.071,4600.6,3733.6,3661.14,46.8367,0.000366466,-27.5181,-18.55,26.4568,-85.2098,-90.3024,-85.222,-51.1159,487,135.765,-102.212,43.7398,24.6986,9.07069,7.73663,6.89273,-22.9443,-105.487,36.8143,24.5847,-18.55,8.97607,7.29298,6.34519,-18.6122,4,-100.537,26.7533,23.8235,9.1814,5.1923,4.0936,design_1986,-39.1865,0.07210000000000605,11.596000000000004,-5.080400000000012,0.04010000000000247,-3.9279999999999973,-8.9681,-867.0000000000005,16.986500000000003,-0.1107099999999992,0.8750999999999998,2.79913,Left,0.36246473337517604,0.6814,0.5706900000000008,0.1107099999999992,0.5823499999999999,0.6698599999999999,0.08750999999999998,0.26732492027735877,0.4372381756418824,0.16991325536452362,0.6822666666666667,1.1487883333333333,0.4665216666666666,0.5161663336735689
LLLLALLYILTALLFVLLILI,13002300200230021032,000110011011001100000,LL-LA--YI-TA--FV-LI--,1728020000.0,350.911,-369.371,-18.4595,-58.8871,-58.809,-58.809,-58.8871,-228.454,-234.339,-228.452,-245.891,-354.553,4552.09,3770.48,3707.42,46.0252,0.000420307,-27.431,-14.7485,27.5657,-82.0291,-88.8364,-82.0406,-49.7757,516,113.638,-105.338,34.281,24.9855,9.27444,6.92867,5.94289,-18.3423,-106.434,26.8553,25.8054,-14.7485,9.42246,6.09062,4.99345,-14.8172,4,-104.39,18.4767,26.9986,9.4541,4.65285,3.43,design_900,-39.0607,0.07809999999999917,11.551999999999992,-6.7958,0.0,-5.8870000000000005,-12.682500000000001,-781.6100000000001,15.804299999999998,-0.17966000000000015,-2.0131000000000014,2.51289,Left,0.3130152888054744,0.9541000000000004,0.7744400000000002,0.17966000000000015,0.89986,0.6985499999999998,0.2013100000000002,0.1845354080558879,0.3426233050186253,0.15808789696273742,0.5716666666666667,0.9904816666666667,0.41881500000000005,0.5226865399941931
LLLLYFLVALLLLLTSLLILI,103300300220030023012,000011011001101100000,LL--YF-VA--LL-TS--IL-,1728040000.0,364.372,-386.712,-22.3394,-74.1743,-74.1188,-74.1188,-74.2416,-235.829,-238.182,-235.828,-248.511,-368.083,4684.14,3595.9,3611.42,46.7138,0.000374154,-27.2688,-18.5794,24.3743,-76.7082,-83.0511,-76.7151,-45.3304,470,394.796,-54.9541,64.2166,17.4744,9.26358,3.41236,2.87561,-22.3229,-55.5914,61.6092,15.8127,-18.5794,9.1665,3.15595,2.58009,-18.6289,4,-57.3307,43.44,22.6524,8.8208,0.964,0.1156,design_1160,-37.72070000000001,0.12280000000001223,10.329000000000008,-6.3359999999999985,0.0,-2.353999999999985,-8.6894,-1088.2400000000002,20.776600000000002,0.44277999999999906,-5.178000000000001,2.76001,Left,0.35497571706264813,0.3208000000000002,0.7635799999999993,0.44277999999999906,0.46524,-0.05256000000000007,0.5178,0.4342393239680069,0.642064346274342,0.20782502230633504,0.019266666666666665,0.47926833333333335,0.4600016666666667,0.8479172964580561
LLLVALLLFLISLLLTLLILI,13002200200230031032,000110011011001100000,LL-VA--LF-IS--LT-LI--,1727980000.0,386.456,-399.235,-12.7782,-74.1553,-74.2008,-74.1573,-74.2321,-228.55,-234.202,-228.548,-246.552,-384.907,4563.4,3654.01,3626.35,41.3623,0.000923933,-27.249,-14.3335,28.5841,-96.5291,-103.753,-96.535,-64.123,478,563.509,-104.945,35.4812,24.0683,8.94098,7.03164,6.06386,-18.8132,-104.564,30.0668,26.2595,-14.3335,8.84595,6.24365,5.19465,-14.3277,3,-102.632,20.7264,21.1145,8.6084,4.6929,3.5038,design_128,-39.629999999999995,0.03130000000000166,12.349999999999994,-7.2180000000000035,-0.04349999999999454,-5.653999999999996,-12.915499999999998,-909.3899999999994,14.7548,0.3325800000000001,2.953800000000001,2.56006,Left,0.028877500655060433,0.10839999999999961,0.4409799999999997,0.3325800000000001,0.31144999999999995,0.6068300000000001,0.29538000000000014,0.2070387990189214,0.35462871455493367,0.14758991553601228,0.5839666666666666,1.0106433333333333,0.4266766666666667,0.6337937849535171
LLLLYLLVLLLFALTSLLILI,103300300220020033012,000011011001101100000,LL--YL-VL--FA-TS--IL-,1727990000.0,365.21,-378.755,-13.5449,-74.3242,-74.2607,-74.2607,-74.3824,-232.095,-234.645,-232.094,-246.381,-366.704,4647.13,3646.24,3621.47,46.7138,0.000374154,-26.9319,-11.9943,33.1689,-72.3362,-84.7298,-72.3431,-45.9399,504,124.21,-49.6288,96.0331,14.9069,9.65475,6.90879,6.84928,-21.0544,-48.7128,94.1072,16.4648,-11.9943,9.70752,6.51139,6.423,-12.0516,4,-44.784,85.9393,18.6709,9.3031,4.81941,4.6085,design_305,-38.789899999999996,0.12170000000000414,11.73599999999999,-12.38669999999999,0.0,-2.551000000000016,-14.937599999999998,-1000.8900000000003,10.093800000000002,0.35164999999999935,-3.7639999999999993,2.24078,Left,0.35497571706264813,0.8031000000000006,1.15475,0.35164999999999935,0.06708999999999996,-0.30931,0.37639999999999996,0.8593530562679801,0.9603197308035483,0.10096667453556818,0.7680833333333333,1.1415466666666667,0.37346333333333337,0.6442078959553471
LLLLIALLLVLTALLFLLILI,102300320030032003102,000011001101100110000,LL--IA--LV-TA--FL-IL-,1728060000.0,367.509,-383.209,-15.7008,-58.9642,-58.8958,-58.8958,-58.9642,-229.948,-235.109,-229.948,-243.877,-367.915,4551.01,3692.64,3663.13,41.4852,0.000904948,-26.8704,-15.2357,25.7844,-94.2967,-100.781,-94.3076,-65.0745,459,231.516,-13.3824,108.401,24.0609,9.53988,3.14151,3.26752,-19.5824,-14.3606,102.421,24.0065,-15.2357,9.61964,2.4809,2.51721,-15.294,3,-18.4894,85.0913,21.4874,8.8163,0.76073,0.5371,design_1664,-35.706500000000005,0.06839999999999691,8.768,-6.473400000000012,0.0,-5.161000000000001,-11.6347,-858.3700000000003,23.309699999999992,0.7235800000000001,2.5734999999999992,2.73042,Left,0.03636651696758832,0.3163,1.0398800000000001,0.7235800000000001,0.3487400000000001,0.60609,0.2573499999999999,0.850870647263823,1.0840338656178354,0.23316321835401244,0.08951666666666667,0.5445866666666667,0.45507,0.9226325542669742
LLLLYILAVLLLTLFSLLILI,13300200310030023021,000011011001101100000,LL--YI-AV-LLT-FS--I-I,1728070000.0,358.795,-386.698,-27.903,-74.1382,-74.1148,-74.0747,-74.1783,-234.153,-234.347,-234.152,-247.865,-368.345,4602.97,3684.33,3587.42,45.9023,0.000429125,-26.7537,-18.2955,17.9993,-78.4069,-86.6369,-78.4137,-46.3022,474,79.6152,-104.369,37.9818,23.9462,9.41221,7.28288,6.35261,-24.546,-102.893,39.8064,24.255,-18.2955,9.30876,7.30778,6.40487,-18.3525,4,-91.8072,34.9355,18.3516,9.3473,4.98737,4.0114,design_1921,-40.3347,0.06349999999999056,13.518,-8.223199999999991,-0.04009999999999536,-0.1950000000000216,-8.458199999999998,-918.6400000000003,3.0463000000000022,0.06490999999999936,5.5946,2.3412100000000002,Left,0.30552627249294656,0.8473000000000006,0.91221,0.06490999999999936,0.03516000000000012,0.5946200000000001,0.5594600000000001,0.3491701643266688,0.37964181827639054,0.030471653949721733,0.6685666666666666,1.0587683333333333,0.39020166666666667,0.6858532365337908
LLLLFALVLLLTLLISLLILI,103300300220030023012,000011011001101100000,LL--FA-VL--TL-IS--IL-,1728050000.0,375.644,-392.228,-16.5842,-63.057,-67.0449,-63.059,-74.2732,-231.052,-233.614,-231.05,-245.874,-379.52,4599.03,3690.72,3595.37,41.3623,0.000923933,-26.5825,-12.715,24.7781,-98.1193,-105.443,-98.1254,-59.3723,475,394.796,-55.8843,64.0223,16.489,9.6319,3.52566,2.98599,-22.9455,-55.8566,61.621,17.3312,-12.715,9.73202,3.19732,2.62164,-12.7087,4,-52.9378,51.7149,25.2458,9.0311,1.42218,0.6979,design_1374,-46.070699999999995,7.228300000000004,12.259999999999991,-7.317599999999999,-3.985900000000001,-2.563999999999993,-13.8675,-908.31,12.307400000000001,0.6007999999999996,-8.756799999999998,2.2880900000000004,Left,0.028877500655060433,0.5311000000000003,1.1319,0.6007999999999996,0.7245799999999999,-0.15109999999999993,0.8756799999999998,0.5170118313601063,0.6401207943055829,0.12310896294547657,0.11631666666666667,0.497665,0.38134833333333334,1.1350587960513856
LLLLLLLTALLFVLISLLILI,103300200230030023111,000011011001101100000,LL--LL-TA--FV-IS--ILI,1728040000.0,375.434,-397.581,-22.1469,-74.3093,-74.2459,-74.2486,-74.2822,-234.424,-238.942,-234.424,-245.606,-384.098,4550.33,3658.1,3579.74,41.3623,0.000923933,-26.0023,-13.4281,19.2153,-88.8482,-96.9127,-88.8544,-64.2101,499,162.201,-44.1128,110.124,20.2118,9.23935,7.98362,8.13548,-20.4878,-43.3928,106.467,17.6181,-13.4281,9.43318,7.38199,7.47899,-13.4827,4,-33.8336,99.3037,19.1525,9.5,4.98104,4.9706,design_1115,-32.702600000000004,0.03629999999999711,6.663999999999987,-8.058300000000003,0.0026999999999901547,-4.518000000000001,-12.574200000000001,-892.23,10.820299999999989,-0.26065000000000005,1.0593000000000004,3.1648799999999992,Left,0.028877500655060433,1.0,0.73935,0.26065000000000005,0.11524999999999999,0.22118000000000002,0.10593000000000002,0.9930350219462328,1.1012687603279332,0.10823373838170036,0.8284333333333334,1.3559133333333333,0.52748,0.6075436444602794
LLLLAVLLATLYLLLSFLILI,103300220020031003012,000011001101100110000,LL--AV--AT-YL-LSF-IL-,1728010000.0,353.478,-382.972,-29.4939,-74.2781,-74.1588,-74.2121,-74.2781,-234.015,-235.722,-234.014,-245.139,-364.184,4496.45,3715.46,3620.61,49.0167,0.000253574,-25.9323,-18.7326,19.5229,-74.6787,-80.2352,-74.6903,-44.7668,501,162.201,-49.076,92.6084,16.6659,9.16182,6.36353,6.25266,-22.3233,-49.2239,90.6318,17.8712,-18.7326,9.37614,6.11888,5.97836,-18.7887,4,-47.6323,76.7897,26.2623,9.3258,4.01145,3.6633,design_628,-35.4684,0.11929999999999552,9.417000000000002,-5.544900000000013,0.05330000000000723,-1.7079999999999984,-7.1997,-780.9899999999998,15.818700000000007,-0.16397999999999868,-9.5964,2.5893599999999997,Left,0.49530489253962356,0.8257999999999992,0.6618200000000005,0.16397999999999868,0.82623,-0.13340999999999995,0.9596399999999999,0.7678310640221823,0.9260630018925375,0.15823193787035528,0.61055,1.0421099999999999,0.43155999999999983,1.076605661215938
LLLLVALLLLLTSLLFILILI,102300230030032003102,000011001101100110000,LL--VA--LL-TS--FI-IL-,1728030000.0,382.826,-397.201,-14.3746,-74.1337,-74.202,-74.1354,-74.2676,-229.098,-232.881,-229.096,-246.626,-382.741,4553.15,3622.46,3556.07,41.3623,0.000923933,-25.9126,-14.466,26.9877,-93.9695,-101.571,-93.9751,-61.847,516,394.796,-8.53741,109.36,22.6341,9.03075,2.54424,2.68464,-19.8793,-8.56318,105.945,22.8965,-14.466,9.12306,2.08703,2.1762,-14.4598,3,-6.22357,98.8491,21.7061,9.0889,0.778163,0.7609,design_998,-39.724,0.06560000000000343,13.745000000000005,-7.5959,-0.066599999999994,-3.7849999999999966,-11.446600000000002,-930.6899999999996,10.510899999999992,-0.058150000000001256,0.9280000000000008,1.92374,Left,0.028877500655060433,0.5889000000000006,0.5307499999999994,0.058150000000001256,0.37060999999999994,0.46341,0.09280000000000005,0.9884877305154665,1.0936265899515463,0.10513885943607981,0.12681666666666666,0.44744,0.32062333333333337,0.35474887475691547
LLLLWVLLATLFLLLSILILI,103300320020031003012,000011001101100110000,LL--WV--AT-FL-LSI-IL-,1728050000.0,373.546,-398.662,-25.1165,-74.2381,-74.2246,-74.1846,-74.2781,-235.364,-236.71,-235.363,-249.945,-379.726,4557.14,3611.78,3523.12,49.2152,0.000245214,-25.8749,-18.8896,24.0987,-89.0601,-94.6666,-89.0679,-55.5026,491,193.783,-48.2611,90.5829,17.6604,9.41349,5.96785,5.82659,-22.7046,-48.0635,89.1952,18.0307,-18.8896,9.49136,5.75087,5.5888,-18.9362,4,-46.0948,78.3079,26.7485,9.494,3.98578,3.6604,design_1373,-39.164,0.05349999999999966,13.234999999999985,-5.598700000000008,-0.03999999999999204,-1.3470000000000084,-6.985299999999999,-945.3600000000001,12.274999999999991,-0.0805100000000003,-9.0881,2.1661900000000003,Left,0.5074006593259278,0.9939999999999998,0.9134899999999995,0.0805100000000003,0.87485,-0.03396000000000008,0.9088100000000001,0.7830173769350496,0.905802247838386,0.12278487090333645,0.6100666666666666,0.9710983333333334,0.36103166666666675,0.9888566453530362
LLLLVLLLALLTSLLFILILI,102300330030022003102,000011001101100110000,LL--VL--AL-TS--FI-IL-,1728050000.0,382.617,-399.142,-16.5253,-74.333,-74.3091,-74.2797,-74.333,-232.354,-235.381,-232.354,-246.254,-383.049,4540.96,3703.75,3549.16,41.3623,0.000923933,-25.8598,-16.0457,24.837,-92.455,-99.2184,-92.4609,-62.4623,483,135.765,-8.94999,111.485,23.9969,9.2378,2.89303,3.06531,-23.7144,-10.2471,107.304,24.7888,-16.0457,9.17759,2.5231,2.63266,-16.0932,3,-9.83843,94.7849,23.2579,9.3793,0.771727,0.6935,design_1473,-36.7561,0.02389999999999759,10.87299999999999,-6.757500000000007,-0.02939999999999543,-3.026999999999987,-9.8141,-837.21,16.700100000000006,-0.14150000000000063,0.7390000000000008,2.37181,Left,0.028877500655060433,0.8793000000000006,0.7378,0.14150000000000063,0.52579,0.5996900000000001,0.07390000000000008,0.9478341849085139,1.114882626665973,0.16704844175745914,0.11558333333333333,0.510885,0.3953016666666667,0.45787776705474564
LLLLTVLLALLFLLISLLILI,103300300230020023012,000011011001101100000,LL--TV-LA--FL-IS--IL-,1728020000.0,376.874,-392.597,-15.7228,-60.4659,-60.4108,-60.4108,-60.4659,-233.195,-238.717,-233.195,-246.913,-377.312,4547.7,3753.16,3645.58,41.3623,0.000923933,-25.5761,-15.2355,25.6395,-98.9357,-103.76,-98.9416,-69.9326,460,193.783,-51.747,78.6516,17.5496,9.74833,4.88001,4.55978,-18.7214,-52.9123,72.2026,18.4715,-15.2355,9.7359,4.1842,3.76724,-15.2851,3,-53.5455,58.0912,23.9181,9.149,2.37413,1.7455,design_928,-33.82740000000001,0.05509999999999593,8.195999999999998,-4.818400000000011,0.0,-5.52200000000002,-10.3406,-794.54,20.5604,0.5993300000000001,-6.368499999999997,2.81428,Left,0.028877500655060433,0.6489999999999991,1.2483299999999993,0.5993300000000001,0.59181,-0.04503999999999984,0.6368499999999998,0.5807929451964359,0.786455353320343,0.20566240812390713,0.29091666666666666,0.7599633333333333,0.46904666666666667,1.013447666644132
LLLLVILLLVLTALLFLLILI,102300330020032003102,000011001101100110000,LL--VI--LV-TA--FL-IL-,1728060000.0,369.472,-383.615,-14.143,-58.9642,-58.9204,-58.8958,-58.9642,-228.147,-234.412,-228.147,-246.754,-372.438,4564.2,3698.66,3671.95,42.2344,0.000797366,-25.5274,-11.1146,28.0914,-96.5036,-104.633,-96.5097,-66.7197,475,42.7142,-16.7295,103.988,20.7579,9.92133,3.04785,3.10768,-17.4515,-15.6131,100.39,18.8927,-11.1146,9.94935,2.39458,2.40042,-11.1767,4,-16.1029,88.4318,19.7018,8.5,0.853723,0.6802,design_1752,-37.91329999999999,0.0437999999999974,12.341999999999985,-8.1233,-0.02459999999999951,-6.265000000000015,-14.4128,-865.54,15.556200000000004,1.4213299999999993,1.0561000000000007,2.42748,Left,0.08201965790612242,0.0,1.4213299999999993,1.4213299999999993,0.17017999999999986,0.2757899999999999,0.10561000000000006,0.884285136978902,1.039891329137475,0.15560619215857296,0.11336666666666667,0.5179466666666667,0.40458,1.489708261519043
LLLLFVLTALLYLLISLLILI,103300200230020033012,000011011001101100000,LL--FV-TA--YL-IS--IL-,1728020000.0,360.101,-382.087,-21.986,-74.2046,-74.1035,-74.1481,-74.323,-231.276,-234.717,-231.276,-247.964,-367.771,4557.88,3663.87,3636.44,45.9023,0.000429125,-25.3969,-14.2656,23.9163,-76.6063,-84.3481,-76.6132,-45.4847,474,276.595,-51.6799,67.8648,18.9623,9.44606,3.41374,2.93172,-22.6559,-52.2433,65.1337,18.8367,-14.2656,9.37848,3.12954,2.60655,-14.3157,4,-49.0996,54.7277,23.1877,9.5,1.25318,0.5741,design_807,-38.863400000000006,0.21949999999999648,13.246999999999986,-7.734899999999996,0.04460000000000264,-3.4410000000000025,-11.1313,-894.0100000000002,13.137100000000004,-0.053940000000000765,-4.2254000000000005,2.35762,Left,0.30552627249294656,1.0,0.9460599999999992,0.053940000000000765,0.51877,0.0962299999999999,0.42254,0.5471483901428006,0.67855671010567,0.1314083199628694,0.09568333333333334,0.48862,0.39293666666666666,0.5942364392786553
LLLLYVLATLLLILFSLLILI,13300300210030022031,000011011001101100000,LL--YV-AT-LLI-FS--I-I,1728070000.0,358.941,-382.297,-23.3557,-74.2629,-74.2092,-74.2092,-74.2629,-231.073,-237.972,-231.072,-247.323,-367.163,4559.45,3778.81,3652.36,45.9023,0.000429125,-25.3047,-15.0868,22.5465,-76.9612,-80.2862,-76.9682,-45.5774,475,431.524,-99.269,46.7287,27.8923,9.68442,7.69872,6.89965,-18.3342,-100.11,39.9433,25.005,-15.0868,9.65367,6.9089,6.00805,-15.1341,4,-94.4984,32.2516,19.3383,9.5,5.02873,4.0125,design_1826,-34.7088,0.0537000000000063,9.350999999999999,-3.317999999999998,0.0,-6.900000000000006,-10.2179,-780.6399999999999,14.4771,0.18441999999999936,8.553999999999998,2.88715,Left,0.30552627249294656,1.0,1.1844199999999994,0.18441999999999936,0.13383000000000003,0.9892299999999998,0.8553999999999998,0.3223235398853275,0.4671356665292944,0.14481212664396687,0.6687500000000001,1.1499416666666666,0.4811916666666666,1.0090767406360095
LLLLAVLLAILFLLLSTLILI,103300220020031003012,000011001101100110000,LL--AV--AI-FL-LST-IL-,1728080000.0,368.088,-385.279,-17.1912,-74.1446,-74.1351,-74.0911,-74.2559,-225.024,-228.674,-225.022,-242.565,-374.184,4461.07,3616.8,3575.45,43.6652,0.000626172,-25.2959,-11.0499,26.4741,-86.1107,-96.6709,-86.1212,-57.3629,474,330.452,-51.5101,89.6795,14.434,8.47482,6.33325,6.17844,-18.6124,-52.0849,85.8718,14.3808,-11.0499,8.44505,5.90543,5.69351,-11.095,4,-51.2612,73.0095,18.4693,8.9048,4.04546,3.6406,design_1968,-39.308,0.12080000000000268,13.890999999999991,-10.549700000000001,-0.04399999999999693,-3.6520000000000152,-14.246,-844.2699999999995,16.67,-0.4299800000000005,-4.035300000000001,2.53784,Left,0.16920667613203583,0.4047999999999998,-0.025180000000000646,0.4299800000000005,0.04693000000000005,-0.3566000000000001,0.4035300000000001,0.730018325204358,0.8967656814535329,0.1667473562491748,0.6067666666666667,1.02974,0.4229733333333334,0.7446008211298192
LLLLLVLTALLYLLFSLLILI,103300300230020023012,000011011001101100000,LL--LV-TA--YL-FS--IL-,1728050000.0,363.029,-386.574,-23.5446,-74.1918,-74.203,-74.1253,-74.2451,-233.891,-239.368,-233.891,-248.744,-374.199,4580.84,3734.24,3615.95,46.7138,0.000374154,-25.2234,-12.3151,23.1692,-78.4913,-85.8516,-78.4983,-51.2104,470,55.7787,-51.592,68.9416,17.4855,9.62852,3.54591,3.08003,-20.3575,-53.6057,62.3839,18.0579,-12.3151,9.43971,2.96268,2.39844,-12.3745,4,-52.0168,48.9899,24.9796,9.3931,0.916152,0.151,design_1492,-34.641200000000005,0.0420999999999907,9.376000000000005,-7.353300000000004,-0.07770000000000721,-5.477000000000004,-12.908300000000002,-846.6000000000004,19.951699999999995,0.23541999999999952,-7.494100000000003,2.92903,Left,0.35497571706264813,0.8931000000000004,1.12852,0.23541999999999952,0.6979600000000001,-0.051450000000000176,0.7494100000000004,0.4897540901616059,0.6893277690864205,0.19957367892481453,0.025166666666666667,0.5133383333333333,0.48817166666666667,0.9461390774910929
LLLLVLLLYALTFLLSLLILI,103300230020032003102,000011001101100110000,LL--VL--YA-TF--SL-IL-,1727990000.0,363.896,-383.321,-19.4252,-75.6996,-71.0034,-75.6346,-74.2972,-230.949,-236.394,-230.95,-249.098,-369.301,4626.65,3668.18,3648.89,46.7138,0.000374154,-24.9597,-13.9634,27.2886,-76.6723,-86.8624,-76.6798,-45.9057,482,22.9165,-10.349,112.12,26.2214,9.348,3.18857,3.37038,-17.521,-13.184,104.141,26.6578,-13.9634,9.73871,2.53661,2.59872,-14.021,3,-17.7104,90.6356,26.9275,9.5,1.39237,1.2519,design_419,-40.95669999999999,3.2938000000000045,12.704000000000008,-10.182599999999994,4.631200000000007,-5.444000000000017,-10.996300000000002,-958.4699999999998,21.484400000000008,-0.15199999999999925,-0.7060999999999993,2.11848,Left,0.35497571706264813,1.0,0.8480000000000008,0.15199999999999925,0.8927499999999998,0.8221399999999999,0.07060999999999995,0.9063293975489038,1.1212344305782842,0.21490503302938035,0.20865,0.56173,0.35307999999999995,0.4460262679723682
LLLLAWLLTVLFLLLSILILI,112300220030033003102,000011001101100110000,LL--AW--TV-FL--SI-IL-,1727990000.0,373.489,-394.747,-21.2581,-71.1815,-73.7933,-71.1759,-74.1793,-230.931,-233.275,-230.927,-252.026,-379.247,4599.4,3777.22,3663.6,49.2152,0.000245214,-24.9373,-15.4991,27.9571,-92.6348,-97.1165,-92.6433,-53.0414,457,72.839,-8.87757,102.428,27.0982,9.31909,1.65941,1.69583,-22.111,-11.0036,97.9033,28.4319,-15.4991,9.30753,1.36749,1.33604,-15.5,3,-11.6325,90.4248,27.7087,8.5,0.452228,0.3086,design_359,-44.0751,0.3859999999999957,18.751000000000005,-4.473200000000006,-2.6174000000000035,-2.348000000000013,-9.4382,-822.1799999999998,12.003199999999993,0.8190899999999992,-0.6105000000000018,1.38723,Left,0.5074006593259278,0.0,0.8190899999999992,0.8190899999999992,0.97087,0.9098199999999999,0.06105000000000016,0.9042207987068328,1.024286897478884,0.1200660987720511,0.05143333333333333,0.2826383333333333,0.231205,0.8616885462273121
LLLLAVLLALLFTLLSILILI,103300310020031003022,000011001101100110000,LL--AV-LAL-FT-LSI-I--,1728030000.0,367.677,-388.818,-21.1407,-74.1783,-74.1249,-74.1249,-74.1783,-229.649,-236.091,-229.647,-242.824,-375.089,4491.37,3689.67,3633.66,43.6652,0.000626172,-24.8974,-13.6839,22.5246,-84.9905,-89.7709,-85.0011,-58.0872,492,361.194,-51.4297,88.0632,16.4759,9.27064,6.10299,5.92393,-17.7767,-52.2072,80.284,18.1744,-13.6839,9.36161,5.16942,4.87368,-13.7286,4,-56.2943,61.0997,20.7878,9.4443,3.1926,2.6091,design_1000,-31.683699999999995,0.05339999999999634,6.733000000000004,-4.769800000000004,0.0,-6.444000000000017,-11.213500000000002,-801.6999999999998,26.963499999999996,-0.17365999999999993,-4.311900000000001,3.31483,Left,0.16920667613203583,0.9443000000000001,0.7706400000000002,0.17365999999999993,0.2787800000000001,-0.15241000000000007,0.4311900000000002,0.6108864917636609,0.8805980898575195,0.2697115980938586,0.43485,0.9873216666666668,0.5524716666666667,0.7707476242686628
LLLLAVLLLLLSILFTLLILI,13300200310030023021,000011011001101100000,LL--AV-LL-LSI-FT--I-I,1728070000.0,381.632,-396.576,-14.9439,-74.2027,-74.073,-74.2047,-74.2701,-230.116,-234.682,-230.114,-246.539,-384.499,4516.27,3703.86,3627.19,41.3623,0.000923933,-24.8126,-12.0826,26.4184,-92.2576,-100.557,-92.2634,-63.6905,495,135.765,-102.893,39.8064,24.255,9.30876,7.30778,6.40487,-15.2038,-100.616,37.4974,24.4724,-12.0826,9.39066,6.65456,5.71702,-12.0765,3,-91.8072,34.9355,18.3516,9.3473,4.98737,4.0114,design_1921,-36.8665,0.19710000000000605,11.857,-8.293599999999998,0.13170000000000925,-4.567999999999984,-12.73,-812.4100000000003,4.870899999999999,-0.03854000000000113,5.903399999999998,2.3934699999999998,Left,0.028877500655060433,0.8473000000000006,0.8087599999999995,0.03854000000000113,0.03516000000000012,0.6255,0.5903399999999999,0.3491701643266688,0.39789300161245794,0.04872283728578913,0.6685666666666666,1.0674783333333333,0.39891166666666666,0.7151860456384445
LLLLALLLTVLISLLFLLILI,101300220030033003202,000011001101100110000,LLL-AL--TV-IS--FL--L-,1728000000.0,382.141,-393.304,-11.1627,-74.1266,-70.5566,-74.1213,-74.2681,-228.432,-231.995,-228.429,-246.816,-380.748,4554.59,3597.19,3537.86,41.3623,0.000923933,-24.7131,-12.5537,30.1996,-90.7453,-102.91,-90.7514,-59.6638,510,29.9257,-7.62039,107.216,20.1918,8.94111,2.11718,2.22542,-19.3086,-6.36213,105.349,19.9769,-12.5537,9.07502,1.6764,1.75663,-12.5558,3,-3.14953,98.5758,19.1098,8.9946,0.280163,0.2588,design_546,-43.246199999999995,3.711500000000001,14.820999999999998,-12.158599999999993,3.564700000000002,-3.5660000000000025,-12.159400000000002,-957.4000000000001,8.640199999999993,-0.05349000000000004,1.0820000000000007,1.9666200000000003,Left,0.028877500655060433,0.49460000000000015,0.4411100000000001,0.05349000000000004,0.11098,0.21918000000000007,0.10820000000000007,0.985753954122971,1.0721804992617903,0.08642654513881931,0.04313333333333333,0.37090333333333336,0.32777,0.359820984247212
LLLLTFLLLVLALLLSILILI,103300310020031003022,000011001101100110000,LL--TF-LLV-AL-LSI-I--,1727980000.0,376.997,-386.4,-9.40236,-60.4659,-60.439,-60.4096,-60.4659,-229.506,-233.584,-229.505,-246.243,-374.616,4609.07,3774.58,3616.32,41.3623,0.000923933,-24.7007,-11.7329,31.9599,-96.4275,-105.293,-96.4334,-67.9065,493,113.638,-51.0522,93.0073,18.4907,9.27364,6.71381,6.60892,-17.6361,-51.4598,88.3942,19.3082,-11.7329,9.53655,6.1522,5.97811,-11.7841,4,-47.8455,80.6845,24.7547,9.1098,4.56923,4.2795,design_277,-37.38650000000001,0.026899999999997704,12.658999999999992,-8.8596,-0.029400000000002535,-4.079000000000008,-12.9678,-834.4899999999998,12.3228,0.16384000000000043,-6.263999999999999,2.3294200000000007,Left,0.028877500655060433,0.6097999999999999,0.7736400000000003,0.16384000000000043,0.67547,0.04907000000000004,0.6264,0.8067901283964646,0.9300531350903657,0.12326300669390111,0.7132499999999999,1.1014866666666667,0.3882366666666668,0.76494573909766
LLLLTVLLAILYLLLSFLILI,103300310030022003012,000011001101100110000,LL--TV-LAI-YL--SF-IL-,1728020000.0,360.468,-381.688,-21.2203,-60.4659,-60.4006,-60.4006,-60.4659,-232.427,-236.202,-232.426,-249.171,-364.56,4518.11,3759.46,3565.32,45.9023,0.000429125,-24.6124,-17.0691,24.682,-88.7958,-92.5703,-88.8024,-54.9229,510,276.595,-51.9699,76.8541,16.5865,9.40346,4.6708,4.32361,-21.0418,-52.4855,73.2449,16.4123,-17.0691,9.31974,4.26089,3.85956,-17.1282,4,-48.0588,67.1612,19.6216,9.5,2.77558,2.283,design_910,-37.647400000000005,0.06530000000000058,12.968999999999994,-3.7678999999999974,0.0,-3.7760000000000105,-7.543300000000002,-758.6499999999996,9.692900000000009,-0.09653999999999918,-3.0351,2.0406100000000005,Left,0.30552627249294656,1.0,0.9034600000000008,0.09653999999999918,0.16216000000000008,-0.14134999999999992,0.30351,0.6715187113140131,0.7684752469701396,0.0969565356561265,0.3805,0.7206016666666667,0.3401016666666667,0.47592857150614737
LLLLFLLTALLLVLISLLILI,103300300230020023022,000011011001101100000,LL--FL-TA--LV-IS--I--,1728040000.0,374.749,-389.716,-14.9676,-74.256,-74.2701,-74.203,-74.3601,-230.028,-234.808,-230.028,-245.051,-381.252,4532.43,3697.72,3661.16,41.3623,0.000923933,-24.5,-8.41681,26.3947,-85.4317,-96.6734,-85.438,-61.8404,484,124.21,-59.6121,70.0916,17.2011,9.80291,4.90417,4.45555,-11.2716,-57.7926,65.5387,17.2539,-8.41681,10.0369,4.01661,3.49969,-8.46422,4,-65.1081,44.6486,23.6038,8.6862,2.29377,1.4635,design_1146,-34.833,0.09000000000000341,10.242999999999995,-11.235399999999998,-0.06709999999999638,-4.780000000000001,-16.083190000000002,-834.7100000000005,25.442999999999998,1.1167100000000012,-6.402699999999999,2.99205,Left,0.028877500655060433,0.18619999999999948,1.3029100000000007,1.1167100000000012,0.56038,-0.07988999999999997,0.64027,0.4463287573670923,0.700831036014228,0.2545022786471357,0.24391666666666667,0.7425916666666666,0.498675,1.4037218607906579
LLLLLLLAILVTLLFSLLILI,13002300200220031032,000110011011001100000,LL-LL--AI-VT--FS-LI--,1728010000.0,374.034,-391.981,-17.9472,-68.746,-70.7464,-68.6851,-74.2698,-226.648,-232.052,-226.648,-245.445,-380.43,4546.62,3715.04,3713.5,41.3623,0.000923933,-24.4162,-11.4962,23.415,-96.5867,-102.047,-96.5926,-60.7151,483,302.327,-106.815,42.3564,20.9959,9.23225,8.24039,7.37574,-17.307,-106.45,38.1058,19.961,-11.4962,9.37181,7.61176,6.68335,-11.5513,4,-109.657,20.0138,18.2417,8.9748,5.65039,4.4506,design_744,-41.3319,3.5234000000000094,13.393,-5.454399999999993,-2.0612999999999886,-5.403999999999996,-12.92,-831.5799999999999,22.3426,0.2574500000000004,2.7541999999999973,2.9251400000000007,Left,0.028877500655060433,0.4748000000000001,0.7322500000000005,0.2574500000000004,0.024170000000000157,0.2995899999999999,0.2754199999999998,0.19991077466000343,0.42340024566977025,0.22348947100976682,0.7417666666666666,1.22929,0.4875233333333334,0.655563286873716
LLLLALLYTLVALLFSLLILI,13002200200230031032,000110011011001100000,LL-LA--YT-VA--FS-LI--,1728060000.0,352.3,-376.387,-24.0866,-74.175,-74.1605,-74.1,-74.2355,-225.771,-228.612,-225.769,-244.151,-359.219,4553.82,3745.01,3661.16,49.0167,0.000253574,-24.3863,-17.1017,24.9301,-76.441,-80.8332,-76.4524,-40.8329,498,177.29,-107.732,22.4345,23.6942,9.21667,5.68842,4.52494,-20.0459,-108.018,17.964,24.6288,-17.1017,9.19239,5.12788,3.89733,-17.1677,3,-107.547,8.1114,25.8539,9.5,3.72703,2.3487,design_1763,-40.0003,0.07500000000000284,15.539000000000016,-4.380800000000008,-0.06050000000000466,-2.8429999999999893,-7.2845999999999975,-808.8099999999995,14.3231,-0.2833299999999994,-2.159700000000001,2.17624,Left,0.49530489253962356,1.0,0.7166700000000006,0.2833299999999994,0.7853899999999999,0.5694199999999998,0.2159700000000001,0.08085296224127653,0.22412465140099788,0.14327168915972135,0.39145,0.7541566666666667,0.3627066666666667,0.5282062407423108
LLLLALLYVLTSLLFILLILI,13002300200230021032,000110011011001100000,LL-LA--YV-TS--FI-LI--,1727990000.0,365.82,-385.474,-19.6543,-74.188,-74.1721,-74.1721,-74.2669,-228.843,-231.798,-228.84,-248.188,-369.806,4566.99,3738.46,3654.6,45.9023,0.000429125,-24.168,-15.6569,26.2479,-82.4435,-88.0036,-82.4501,-47.3504,478,162.201,-105.936,25.1226,25.6919,9.03386,5.78199,4.65883,-18.0073,-105.151,23.3232,26.1947,-15.6569,9.02392,5.42134,4.27118,-15.6687,4,-100.476,18.5805,20.731,9.4643,4.07979,2.8585,design_370,-40.653200000000005,0.09480000000000643,16.389999999999986,-5.5535,0.0,-2.9579999999999984,-8.511099999999999,-828.5299999999997,6.542099999999998,-0.43043999999999905,4.960899999999999,1.8003300000000002,Left,0.30552627249294656,0.9642999999999997,0.5338600000000007,0.43043999999999905,0.2731000000000002,0.76919,0.49608999999999986,0.18557370293163258,0.2510132877737277,0.06543958484209514,0.47641666666666665,0.7764716666666667,0.300055,0.7250511871511589
LLLLAFLLTVLLLLLSILILI,103300230020032003102,000011001101100110000,LL--AF--TV-LL--SI-IL-,1727990000.0,376.446,-398.595,-22.1499,-70.9423,-67.4036,-70.9443,-74.1425,-235.097,-236.731,-235.095,-246.958,-381.014,4609.08,3716.57,3608.42,41.3623,0.000923933,-24.1587,-17.5879,19.2124,-92.5557,-101.037,-92.5621,-59.9128,470,148.395,-9.59096,114.469,25.0058,9.37259,3.3919,3.60893,-22.0772,-10.349,112.12,26.2214,-17.5879,9.348,3.18857,3.37038,-17.5819,4,-17.7104,90.6356,26.9275,9.5,1.39237,1.2519,design_419,-41.12420000000001,6.738900000000001,10.227000000000004,-8.474900000000005,3.540700000000001,-1.6359999999999957,-6.570799999999998,-892.5099999999998,23.833399999999997,-0.12740999999999936,-1.9216999999999977,2.35703,Left,0.028877500655060433,1.0,0.8725900000000006,0.12740999999999936,0.8927499999999998,0.7005800000000001,0.19216999999999973,0.9063293975489038,1.1447311036334318,0.23840170608452793,0.20865,0.6014883333333333,0.3928383333333333,0.5141205564846872
LLLLYLLTALLFVLISLLILI,103300200330020023022,000011011001101100000,LL--YL-TA--FV-IS--I--,1728060000.0,360.025,-377.857,-17.832,-74.2892,-74.2285,-74.2285,-74.3473,-228.625,-233.777,-228.624,-247.65,-367.074,4572.94,3647.26,3609.63,45.9023,0.000429125,-24.117,-10.7287,28.0703,-74.9428,-83.1853,-74.9498,-45.0767,485,32.7096,-51.0583,95.4919,16.86,9.42617,7.05016,6.98254,-14.9739,-51.2483,90.2298,19.2849,-10.7287,9.3686,6.36826,6.22171,-10.7832,4,-52.6153,78.89,21.7839,8.5648,5.04245,4.7258,design_1737,-38.108599999999996,0.11880000000000734,13.873000000000019,-8.235500000000002,0.0,-5.152999999999992,-13.388300000000001,-925.6799999999994,16.6019,0.8613700000000009,-4.9239,2.2567400000000006,Left,0.30552627249294656,0.06479999999999997,0.9261700000000008,0.8613700000000009,0.3783899999999999,-0.11400000000000006,0.49238999999999994,0.7888400305686815,0.9549061933589139,0.16606616279023245,0.7876333333333333,1.1637566666666668,0.3761233333333335,1.0739892556732824
LLLLAVLFLLLLILTSLLILI,13300200210030023031,000011011001101100000,LL--AV-FL-LLI-TS--I-I,1728060000.0,377.88,-399.145,-21.2649,-73.9998,-74.1246,-74.0017,-74.2364,-228.988,-230.56,-228.986,-245.259,-382.78,4553.99,3716.31,3572.15,41.3623,0.000923933,-24.0883,-16.3707,20.0974,-96.1571,-102.184,-96.163,-63.285,489,135.765,-109.563,16.1989,24.9846,9.33902,5.1213,3.86428,-21.2614,-107.906,16.2075,24.6494,-16.3707,8.98049,4.87398,3.61709,-16.3648,4,-96.0154,16.1406,18.0,9.5,3.08129,1.8234,design_1682,-38.899,0.11180000000000234,14.698999999999984,-6.021000000000001,-0.12290000000000134,-1.5740000000000123,-7.717600000000001,-837.6799999999998,0.05829999999999913,-0.16098000000000035,6.9846,2.04088,Left,0.028877500655060433,1.0,0.8390199999999997,0.16098000000000035,0.0,0.6984600000000001,0.6984600000000001,0.16116777164714777,0.1617509372661836,0.0005831656190358192,0.3039,0.6440466666666667,0.34014666666666665,0.7933857995493642
LLLLAVLLLLLATLFSLLILI,13300200210030023031,000011011001101100000,LL--AV-LL-LAT-FS--I-I,1728060000.0,368.015,-390.368,-22.3526,-74.1783,-74.1211,-74.1211,-74.1783,-225.413,-225.997,-225.411,-242.95,-377.195,4508.5,3649.72,3622.8,44.4768,0.00054596,-23.9835,-13.1245,22.1242,-90.777,-101.061,-90.7879,-60.067,493,55.7787,-107.906,16.2075,24.6494,8.98049,4.87398,3.61709,-17.7866,-105.521,17.4927,25.8904,-13.1245,9.23491,4.68962,3.45201,-13.1727,3,-96.0154,16.1406,18.0,9.5,3.08129,1.8234,design_1682,-40.99400000000001,0.05719999999999459,16.952999999999975,-10.273100000000014,0.0,-0.5860000000000127,-10.859,-858.7800000000002,0.0669000000000004,-0.5195100000000004,6.6494,1.7936900000000002,Left,0.21866221428701998,1.0,0.48048999999999964,0.5195100000000004,0.0,0.66494,0.66494,0.16116777164714777,0.16183696169712197,0.0006691900499742054,0.3039,0.6028483333333333,0.2989483333333333,0.8952130458824318
LLLLLALLYVLTSLLFLLILI,112300220030033003102,000011001101100110000,LL--LA--YV-TS--FL-IL-,1727990000.0,371.089,-384.032,-12.9437,-74.2523,-74.234,-74.234,-74.2523,-231.765,-235.438,-231.763,-248.805,-372.735,4562.27,3844.12,3650.15,46.7138,0.000374154,-23.9755,-11.2847,33.7701,-78.0154,-87.0379,-78.0221,-49.6779,486,27.3786,-11.583,102.361,27.281,9.25972,2.05617,2.09158,-11.9098,-8.87757,102.428,27.0982,-11.2847,9.31909,1.65941,1.69583,-11.2975,4,-11.6325,90.4248,27.7087,8.5,0.452228,0.3086,design_359,-37.35999999999999,0.01830000000001064,13.367000000000019,-9.015799999999999,0.0,-3.674999999999983,-12.6908,-718.1500000000005,11.9362,0.7597199999999997,-0.4277000000000015,1.78298,Left,0.35497571706264813,0.0,0.7597199999999997,0.7597199999999997,0.97087,0.9280999999999999,0.042770000000000086,0.9042207987068328,1.0236167071448292,0.11939590843799641,0.05143333333333333,0.34859666666666667,0.29716333333333333,0.8255696099842289
LLLLVILLALLFLLTSLLILI,103300200220030033022,000011011001101100000,LL--VI-LA--FL-TS--I--,1728060000.0,376.58,-397.388,-20.8077,-74.1846,-74.1288,-74.1288,-74.2063,-232.557,-236.323,-232.558,-245.483,-383.248,4522.71,3697.15,3597.71,41.3623,0.000923933,-23.9649,-14.0904,20.5546,-90.6459,-96.761,-90.6517,-63.5586,458,276.595,-54.1108,69.8036,19.4884,9.33423,4.0401,3.58716,-18.4289,-54.6775,66.0652,21.2751,-14.0904,9.45012,3.62044,3.11142,-14.1403,3,-61.3697,43.2936,27.6812,8.656,1.5501,0.6995,design_1657,-33.2024,0.07750000000000057,9.159999999999997,-6.10929999999999,0.0,-3.765000000000015,-9.8745,-825.56,26.510000000000005,0.6782299999999992,-8.192800000000002,2.88766,Left,0.028877500655060433,0.15600000000000058,0.8342299999999998,0.6782299999999992,0.9681200000000001,0.14883999999999986,0.8192800000000002,0.432774908073893,0.6979502178618728,0.2651753097879798,0.11658333333333333,0.59786,0.48127666666666663,1.1971469525914218
LLLLLFLLYVLALLLSTLILI,103300310020031003022,000011001101100110000,LL--LF-LYV-AL-LST-I--,1728000000.0,366.412,-383.543,-17.1316,-74.2159,-74.1885,-74.1484,-74.2559,-234.564,-239.322,-234.564,-248.861,-372.282,4593.5,3803.65,3574.47,46.7138,0.000374154,-23.9373,-11.2005,29.5822,-74.7634,-82.7086,-74.7706,-49.1652,486,148.395,-50.5883,91.1193,21.3523,9.23822,6.38935,6.25614,-18.8958,-51.3147,86.7071,20.3071,-11.2005,9.18226,5.90267,5.70327,-11.2609,4,-53.2403,69.659,27.0707,8.9688,3.89001,3.4349,design_521,-33.543400000000005,0.06739999999999213,9.538999999999987,-7.938000000000002,-0.04010000000000957,-4.75800000000001,-12.7368,-789.8499999999999,21.46029999999999,0.2694200000000002,-5.718399999999999,2.8212400000000004,Left,0.35497571706264813,0.4687999999999999,0.7382200000000001,0.2694200000000002,0.9070699999999998,0.33523,0.5718399999999999,0.6965038070812111,0.9111677716471478,0.21466396456593673,0.5724833333333333,1.0426900000000001,0.4702066666666668,0.8165556007161691
LLLLYVLALLLLTLFSLLILI,13300200210030032031,000011011001101100000,LL--YV-AL-LLT-FS--I-I,1727990000.0,363.071,-385.122,-22.0504,-74.1783,-74.1221,-74.1221,-74.1783,-229.474,-232.217,-229.474,-248.629,-370.661,4599.72,3730.86,3610.79,46.7138,0.000374154,-23.9141,-14.4109,24.6634,-81.4691,-88.2364,-81.4762,-47.8541,511,276.595,-103.725,35.7617,26.0377,9.52973,6.88663,5.92306,-19.6752,-101.57,36.1844,27.5475,-14.4109,9.33261,6.62038,5.66315,-14.4607,4,-94.2488,32.0172,18.3479,9.3079,4.95964,3.9399,design_380,-40.3823,0.056199999999989814,16.411999999999978,-6.7601999999999975,0.0,-2.7430000000000234,-9.503200000000001,-868.8600000000001,3.744499999999995,0.22183000000000064,7.689800000000002,1.9831600000000003,Left,0.35497571706264813,0.8079000000000001,1.0297300000000007,0.22183000000000064,0.03478999999999992,0.8037700000000001,0.7689800000000002,0.3199788740002161,0.35743451140123794,0.03745563740102187,0.6566500000000001,0.9871766666666667,0.33052666666666664,0.8667119426031322
LLLLVALLLILFLLLSTLILI,102300320030023003102,000011001101100110000,LL--VA--LI-FL--ST-IL-,1728050000.0,378.002,-391.153,-13.1507,-74.1004,-74.1281,-74.1019,-74.2559,-232.484,-239.416,-232.483,-246.661,-383.977,4551.0,3693.81,3636.75,41.3623,0.000923933,-23.89,-7.18268,28.2116,-84.5687,-94.3224,-84.5744,-63.0599,462,431.524,-6.67917,119.573,20.0602,9.7361,3.64422,3.93781,-13.9665,-6.65118,113.519,19.3139,-7.18268,9.6796,2.82274,3.02552,-7.17627,4,-8.97767,97.003,18.6528,9.1809,0.942055,0.8971,design_1477,-31.262500000000003,0.12779999999999347,7.2450000000000045,-9.748000000000005,-0.026200000000002888,-6.932999999999993,-16.70732,-857.19,22.569999999999993,0.555200000000001,1.407399999999999,3.04071,Left,0.028877500655060433,0.6808999999999994,1.2361000000000004,0.555200000000001,0.06527999999999992,0.20601999999999981,0.1407399999999999,0.970021486102053,1.1957856031112835,0.2257641170092305,0.14951666666666666,0.6563016666666667,0.506785,0.7974053300260531
LLLLALLFTLVALLYSLLILI,13002200200320031032,000110011011001100000,LL-LA--FT-VA--YS-LI--,1728020000.0,352.083,-376.28,-24.197,-74.1077,-74.1605,-74.0327,-74.2355,-225.234,-224.891,-225.232,-244.138,-358.287,4588.79,3696.83,3647.98,49.0167,0.000253574,-23.8898,-17.9272,24.8198,-76.9384,-83.1253,-76.9497,-39.9139,461,193.783,-109.16,13.1392,24.9639,8.8928,4.6478,3.34488,-22.1654,-108.764,12.9047,26.2419,-17.9272,8.83801,4.55679,3.25036,-17.9933,3,-102.413,9.571,22.3826,9.5,3.15404,1.7976,design_853,-43.2114,0.07500000000000284,19.247000000000014,-6.175599999999989,-0.12779999999999347,0.3410000000000082,-5.962600000000002,-891.96,3.568200000000001,-0.6072000000000006,2.581299999999999,1.5472799999999998,Left,0.49530489253962356,1.0,0.39279999999999937,0.6072000000000006,0.43826,0.6963899999999998,0.25812999999999986,0.09545310868286594,0.1311452452496509,0.035692136566784965,0.29960000000000003,0.55748,0.25787999999999994,0.70929469186841
LLLLTILLALLFVLYSLLILI,103300300220030023012,000011011001101100000,LL--TI-LA--FV-YS--IL-,1728040000.0,360.123,-379.732,-19.6093,-60.5031,-60.4275,-60.4275,-60.5031,-233.377,-236.898,-233.376,-248.673,-364.954,4509.32,3735.96,3597.96,45.9023,0.000429125,-23.6985,-14.7088,26.293,-85.8526,-91.3269,-85.8593,-55.7785,495,27.3786,-55.5914,61.6092,15.8127,9.1665,3.15595,2.58009,-19.6769,-55.9419,58.453,15.1862,-14.7088,9.1789,2.78243,2.15923,-14.7781,3,-57.3307,43.44,22.6524,8.8208,0.964,0.1156,design_1160,-35.548399999999994,0.07560000000000144,11.775000000000006,-5.46759999999999,0.0,-3.5219999999999914,-8.9897,-773.3599999999997,18.169200000000004,0.345699999999999,-6.839700000000001,2.46449,Left,0.30552627249294656,0.3208000000000002,0.6664999999999992,0.345699999999999,0.46524,-0.21873000000000004,0.68397,0.4342393239680069,0.61598293915472,0.18174361518671311,0.019266666666666665,0.43001500000000004,0.4107483333333334,0.8882952132580961
LLLLWVLLALLYTLLSFLILI,103300310030021003022,000011001101100110000,LL--WV-LAL-YT-LSF-I--,1728060000.0,359.345,-378.209,-18.864,-74.1783,-74.1124,-74.1124,-74.1783,-231.145,-239.51,-231.143,-253.006,-369.227,4565.04,3800.81,3606.43,54.5667,9.93017e-05,-23.6472,-8.92402,35.7027,-72.8865,-79.2514,-72.8951,-42.0422,468,162.201,-51.6342,86.9647,19.1815,9.42299,5.98536,5.78983,-18.686,-51.9543,80.9869,20.667,-8.92402,9.08358,5.22638,4.94119,-8.98257,3,-53.8143,70.7317,24.318,9.2808,4.12092,3.6819,design_1670,-37.2092,0.06589999999999918,13.49600000000001,-6.3563000000000045,0.0,-8.36699999999999,-14.723180000000001,-764.23,16.23299999999999,0.14219000000000115,-5.136500000000002,2.10793,Left,0.833498875733515,0.7807999999999993,0.9229900000000004,0.14219000000000115,0.6318000000000001,0.11814999999999998,0.5136500000000002,0.7072338544146538,0.8696099692312617,0.16237611481660785,0.61365,0.9649716666666667,0.35132166666666664,0.6586708090786938
LLLLALLLFTLVSLLLILILI,102300330030022003102,000011001101100110000,LL--AL--FT-VS--LI-IL-,1728050000.0,384.664,-393.173,-8.509,-74.1611,-74.2158,-74.1553,-74.2216,-227.707,-230.201,-227.704,-246.74,-383.176,4529.19,3632.64,3589.77,41.3623,0.000923933,-23.6261,-9.9942,32.8533,-91.3053,-102.386,-91.3113,-62.2139,482,42.7142,-9.53557,105.677,23.624,9.26145,2.19667,2.28182,-17.7784,-8.82966,103.692,23.0808,-9.9942,9.35364,1.82287,1.87826,-9.99727,1,-9.83843,94.7849,23.2579,9.3793,0.771727,0.6935,design_1473,-40.17209999999999,0.005799999999993588,16.539000000000016,-11.074699999999993,-0.06050000000000466,-2.4969999999999857,-13.631900000000002,-896.5499999999997,10.892100000000013,-0.11785000000000068,0.3660999999999994,1.5883200000000002,Left,0.028877500655060433,0.8793000000000006,0.76145,0.11785000000000068,0.52579,0.5623999999999999,0.03660999999999992,0.9478341849085139,1.056786127260142,0.10895194235162808,0.11558333333333333,0.3803033333333334,0.26472000000000007,0.31173084342456825
LLLLTVLLALLFLLLSILILI,103300310020031003022,000011001101100110000,LL--TV-LAL-FL-LSI-I--,1728030000.0,377.651,-386.983,-9.33194,-60.4126,-60.3574,-60.3574,-60.4659,-229.613,-233.783,-229.613,-246.131,-377.072,4535.96,3696.87,3592.32,41.3623,0.000923933,-23.6155,-9.86074,32.0303,-96.9567,-106.547,-96.9624,-70.4755,488,253.054,-52.2072,80.284,18.1744,9.36161,5.16942,4.87368,-17.9686,-52.9275,75.8702,20.3751,-9.86074,9.22621,4.68161,4.31966,-9.91066,3,-56.2943,61.0997,20.7878,9.4443,3.1926,2.6091,design_1000,-36.0715,0.10849999999999937,12.348000000000013,-9.584599999999995,0.0,-4.1699999999999875,-13.754760000000001,-839.0900000000001,19.184300000000007,-0.08268999999999949,-2.613400000000002,2.26458,Left,0.028877500655060433,0.9443000000000001,0.8616100000000007,0.08268999999999949,0.2787800000000001,0.017439999999999855,0.26134000000000024,0.6108864917636609,0.8027839906533456,0.19189749888968466,0.43485,0.81228,0.37743,0.5043949709108096
LLLLAVLYTLLLILFSLLILI,13300200210030032031,000011011001101100000,LL--AV-YT-LLI-FS--I-I,1728050000.0,360.486,-384.37,-23.8842,-74.2629,-74.2542,-74.2542,-74.2629,-229.958,-233.463,-229.955,-248.406,-370.828,4525.93,3710.39,3614.76,45.9023,0.000429125,-23.5835,-13.5376,22.0181,-80.1493,-86.6939,-80.156,-48.1588,516,39.0787,-103.949,25.9609,25.1537,9.48966,5.59705,4.48646,-16.5742,-103.746,22.983,25.6775,-13.5376,9.39927,5.16467,4.00941,-13.5419,3,-96.6968,19.2645,18.0,9.4076,3.60523,2.3942,design_1517,-38.5351,0.008700000000004593,14.943000000000012,-6.537899999999993,0.0,-3.5079999999999814,-10.045900000000001,-815.5400000000004,6.696399999999997,0.08206000000000024,7.153700000000001,2.09226,Left,0.30552627249294656,0.9076000000000004,0.9896600000000007,0.08206000000000024,0.0,0.7153700000000001,0.7153700000000001,0.19241564604347636,0.25939866922205906,0.0669830231785827,0.39903333333333335,0.7477433333333333,0.34870999999999996,0.8028533303126684
LLLLAILLLVLFTLLSYLILI,103300320030022003011,000011001101100110000,LL--AI--LV-FT--SY-ILI,1727980000.0,360.236,-384.142,-23.9065,-74.2109,-74.1931,-74.1931,-74.2109,-235.89,-240.066,-235.888,-249.327,-371.651,4539.11,3786.98,3599.91,45.9023,0.000429125,-23.4466,-12.4787,21.9957,-74.0413,-80.8387,-74.0482,-48.1132,486,1.73707,-53.2504,68.5337,16.2938,9.62572,3.73961,3.26762,-16.4048,-52.6557,65.5536,17.2025,-12.4787,9.5365,3.24809,2.73139,-12.4915,4,-43.8654,60.6546,18.1944,9.5,1.26818,0.678,design_147,-32.725500000000004,0.017799999999994043,9.260999999999996,-6.790500000000009,0.0,-4.177999999999997,-10.9679,-752.1299999999997,7.879099999999994,0.1257199999999994,-1.9006000000000007,2.58962,Left,0.30552627249294656,1.0,1.1257199999999994,0.1257199999999994,0.01944000000000017,-0.1706199999999999,0.1900600000000001,0.6064342273205591,0.6852476103213312,0.07881338300077212,0.113,0.5446033333333333,0.43160333333333334,0.4943898347301153
LLLLAILLATLFLLLSVLILI,103300210030031003022,000011001101100110000,LL--AI-LAT-FL-LSV-I--,1727990000.0,368.315,-391.445,-23.1299,-74.2249,-74.1288,-74.1621,-74.2781,-229.466,-231.12,-229.464,-242.405,-374.399,4482.75,3613.51,3514.6,43.6652,0.000626172,-23.3285,-16.9914,20.5354,-87.7544,-92.4791,-87.765,-57.7165,482,103.966,-49.8786,95.2771,17.3254,8.86128,6.8442,6.77335,-21.8394,-49.7476,93.9214,17.2861,-16.9914,9.07981,6.64154,6.55036,-17.0453,4,-55.0277,71.5816,19.5968,9.4911,4.41768,3.9914,design_303,-34.7626,0.14929999999999666,11.284999999999997,-4.714100000000002,0.033299999999997,-1.656000000000006,-6.3370999999999995,-869.2399999999998,23.69550000000001,-0.6298199999999987,-2.2714000000000034,2.7819499999999997,Left,0.16920667613203583,0.9910999999999994,0.3612800000000007,0.6298199999999987,0.15968000000000018,-0.06746000000000016,0.22714000000000034,0.7157352688163438,0.9527575831536157,0.23702231433727194,0.6652333333333333,1.1288916666666666,0.4636583333333333,0.8481889173782214
LLLLFLLTALLLILVSLLILI,103300200230030023022,000011011001101100000,LL--FL-TA--LI-VS--I--,1728020000.0,376.019,-392.2,-16.1813,-74.2348,-74.2067,-74.1819,-74.3178,-231.393,-234.89,-231.393,-244.806,-381.006,4528.28,3686.49,3627.82,41.3623,0.000923933,-23.2529,-11.1474,25.181,-86.5723,-95.162,-86.5786,-61.8816,484,193.783,-60.0474,62.0861,16.1693,9.87526,3.88874,3.32003,-19.5914,-59.0269,62.113,17.0402,-11.1474,9.76033,3.7393,3.17099,-11.1947,4,-66.9381,37.3072,26.5671,8.9948,1.57719,0.6368,design_884,-33.28040000000001,0.11110000000000753,9.916000000000025,-8.583400000000012,-0.024799999999999045,-3.4969999999999857,-12.105500000000001,-841.79,24.7789,0.8804600000000011,-10.3978,2.68323,Left,0.028877500655060433,0.4947999999999997,1.3752600000000008,0.8804600000000011,0.85671,-0.18307,1.03978,0.3728939018681306,0.6207532939354777,0.24785939206734714,0.10613333333333334,0.5533383333333334,0.447205,1.4552590320149181
LLLLTLLLALLFVLLSILILI,103300210020022003012,000011001101100110000,LL--TL-LAL-FV--SI-IL-,1727980000.0,376.828,-391.171,-14.3428,-60.5031,-60.4404,-60.4404,-60.5031,-227.816,-231.82,-227.816,-246.503,-377.424,4547.91,3695.77,3647.59,41.3623,0.000923933,-23.2048,-13.6894,27.0195,-102.852,-108.369,-102.858,-70.4189,481,231.516,-49.2981,90.0802,16.6556,9.20687,6.05555,5.90675,-15.5377,-49.1209,86.6862,18.5269,-13.6894,9.35576,5.57077,5.37107,-13.7468,3,-45.8606,79.6914,19.4192,9.3601,4.13743,3.8328,design_216,-37.950100000000006,0.06270000000000664,14.682999999999993,-5.510999999999996,0.0,-4.003999999999991,-9.5154,-852.1399999999999,10.388800000000003,-0.15322999999999887,-2.7636000000000003,2.0739499999999995,Left,0.028877500655060433,0.8600999999999992,0.7068700000000003,0.15322999999999887,0.14192,-0.13444000000000003,0.27636000000000005,0.7968563071912423,0.9007738197648133,0.10391751257357096,0.6388,0.9844583333333333,0.3456583333333333,0.47972160189244734
LLLLLLLLAVLTSLLFILILI,102300330030022003102,000011001101100110000,LL--LL--AV-TS--FI-IL-,1728050000.0,382.803,-395.201,-12.3972,-74.3702,-74.3097,-74.3097,-74.3702,-228.423,-231.334,-228.423,-245.688,-383.629,4503.37,3655.1,3590.48,41.3623,0.000923933,-23.1877,-11.5168,28.965,-92.4069,-101.173,-92.4128,-63.5711,500,72.839,-10.2471,107.304,24.7888,9.17759,2.5231,2.63266,-17.5271,-9.53557,105.677,23.624,-11.5168,9.26145,2.19667,2.28182,-11.5715,2,-9.83843,94.7849,23.2579,9.3793,0.771727,0.6935,design_1473,-37.6019,0.06049999999999045,14.353999999999985,-8.760199999999998,0.0,-2.9110000000000014,-11.6709,-848.27,12.519100000000009,-0.20171000000000028,1.530899999999999,1.93916,Left,0.028877500655060433,0.8793000000000006,0.6775900000000004,0.20171000000000028,0.52579,0.6788799999999998,0.15308999999999984,0.9478341849085139,1.0730607492527877,0.12522656434427382,0.11558333333333333,0.43877666666666665,0.32319333333333333,0.42925411509801714
LLLLALLFVLTALLYSLLILI,13002200300230021032,000110011011001100000,LL-LA--FV-TA--YS-LI--,1728060000.0,351.903,-374.125,-22.222,-74.1905,-74.2049,-74.1153,-74.2121,-222.814,-226.998,-222.812,-244.005,-361.45,4560.11,3693.65,3674.29,49.0167,0.000253574,-23.1394,-12.6088,26.7947,-77.1199,-83.3861,-77.1318,-43.2329,505,135.765,-105.133,34.6519,24.3365,8.92486,6.94789,5.96767,-16.4303,-105.871,28.7295,25.3638,-12.6088,9.01457,6.2591,5.19004,-12.6747,3,-102.991,23.162,18.0337,9.0042,5.07547,3.9229,design_1775,-40.1532,0.0072000000000116415,17.007000000000005,-6.254300000000001,-0.08959999999999013,-4.185999999999979,-10.530599999999998,-866.4599999999996,11.489899999999999,-0.07934000000000019,6.302800000000001,2.04477,Left,0.49530489253962356,0.5042000000000009,0.4248600000000007,0.07934000000000019,0.003369999999999962,0.63365,0.6302800000000001,0.23140171808793697,0.3463333586738634,0.11493164058592642,0.6538166666666666,0.9946116666666667,0.34079500000000007,0.729998786322808
LLLVALLLLLTSLLFILLILI,13002300300220031022,000110011011001100000,LL-VA--LL-TS--FI-LI--,1728020000.0,383.27,-400.46,-17.1901,-74.2145,-74.2165,-74.2165,-74.2819,-227.432,-229.501,-227.43,-246.622,-385.462,4579.25,3664.64,3643.77,41.3623,0.000923933,-23.1033,-15.0039,24.1721,-98.8133,-104.847,-98.819,-64.5573,485,113.638,-104.387,32.2663,24.4303,9.04803,6.51405,5.49804,-20.3309,-104.619,30.1052,23.7915,-15.0039,9.12117,6.25704,5.20862,-14.9986,3,-106.828,17.5545,23.8579,9.5,4.89408,3.6574,design_893,-40.289699999999996,0.0653999999999968,17.12100000000001,-6.027999999999992,0.0,-2.070999999999998,-8.099400000000001,-914.6100000000001,14.7118,-0.4519699999999993,0.5723999999999982,1.8406399999999996,Left,0.028877500655060433,1.0,0.5480300000000007,0.4519699999999993,0.58579,0.6430299999999999,0.05723999999999985,0.17531078826386695,0.32247058164518727,0.14715979338132032,0.6095666666666667,0.9163399999999999,0.30677333333333323,0.5686116260968259
LLLLFALLLVLTLLLSILILI,103300210030021003022,000011001101100110000,LL--FA-LLV-TL-LSI-I--,1728030000.0,376.45,-398.508,-22.0573,-74.1583,-74.1299,-74.1604,-74.2722,-234.447,-235.78,-234.445,-246.871,-381.559,4581.76,3681.9,3643.75,41.3623,0.000923933,-23.0244,-16.9556,19.305,-89.9027,-94.6735,-89.9088,-60.4155,463,211.811,-56.6402,83.1234,16.5885,9.919,6.21769,5.96454,-20.8844,-58.4157,80.0312,16.6469,-16.9556,10.0249,6.06657,5.76704,-16.9488,4,-61.4399,60.5881,25.116,9.5,3.89538,3.3042,design_1030,-34.258,0.14229999999999166,11.091000000000008,-4.764700000000005,0.030499999999989313,-1.335000000000008,-6.0687999999999995,-899.8600000000001,22.535300000000007,0.4190000000000005,-8.5275,2.6603400000000006,Left,0.028877500655060433,1.0,1.4190000000000005,0.4190000000000005,0.7116,-0.14115000000000003,0.85275,0.6057690384069075,0.8311860568401427,0.22541701843323514,0.5507,0.99409,0.44339000000000006,1.072450971746182
LLLLLLLLAVLFTLLSILILI,103300320020032003111,000011001101100110000,LL--LL--AV-FT--SI-ILI,1728060000.0,377.112,-400.21,-23.0981,-74.2109,-74.1503,-74.1503,-74.2109,-233.945,-235.939,-233.945,-245.614,-384.864,4503.73,3639.9,3594.39,41.3623,0.000923933,-22.8857,-15.291,18.2641,-92.0541,-97.6607,-92.06,-65.0392,478,231.516,-50.5083,70.6773,16.6536,9.45379,3.61769,3.17785,-19.1657,-51.4568,67.505,15.9086,-15.291,9.55685,3.3317,2.84427,-15.3458,4,-43.0329,60.9031,19.6442,9.5,1.17685,0.5904,design_1815,-32.62150000000001,0.06059999999999377,9.675000000000011,-5.600700000000003,0.0,-1.9939999999999998,-7.5947,-863.8299999999995,9.7742,-0.046210000000000306,-2.9906000000000006,2.5874499999999996,Left,0.028877500655060433,1.0,0.9537899999999997,0.046210000000000306,0.16442000000000015,-0.13463999999999993,0.2990600000000001,0.6089199332610462,0.7066896998747645,0.09776976661371828,0.0984,0.5296416666666667,0.4312416666666667,0.5358176462502383
LLLLAILYVLLLTLFSLLILI,13300200210030032031,000011011001101100000,LL--AI-YV-LLT-FS--I-I,1728050000.0,360.239,-388.324,-28.0856,-74.1783,-74.1598,-74.1598,-74.1783,-232.214,-231.085,-232.212,-249.174,-368.939,4564.22,3702.09,3626.45,45.9023,0.000429125,-22.879,-19.3722,17.8166,-81.932,-86.5723,-81.9387,-45.5858,495,103.966,-103.761,25.0615,24.9577,9.53689,5.44742,4.32334,-22.1199,-103.949,25.9609,25.1537,-19.3722,9.48966,5.59705,4.48646,-19.3857,4,-96.6968,19.2645,18.0,9.4076,3.60523,2.3942,design_1517,-40.9865,0.01849999999998886,18.089,-4.633600000000001,0.0,1.1269999999999811,-3.506800000000002,-862.1300000000001,5.796999999999997,0.12928999999999924,6.957699999999999,1.9291399999999999,Left,0.30552627249294656,0.9076000000000004,1.0368899999999996,0.12928999999999924,0.0,0.6957699999999999,0.6957699999999999,0.19241564604347636,0.2504021142004329,0.057986468156956544,0.39903333333333335,0.7205566666666666,0.32152333333333327,0.7794558880187481
LLLLVALLLTLLFLLSILILI,102300330030022003102,000011001101100110000,LL--VA--LT-LF--SI-IL-,1728050000.0,376.738,-396.156,-19.4186,-60.1044,-63.97,-60.1061,-74.238,-236.551,-237.899,-236.551,-246.626,-383.268,4542.2,3608.58,3591.98,41.3623,0.000923933,-22.6159,-12.8953,21.9437,-99.5006,-104.014,-99.5066,-62.4037,494,302.327,-6.81946,115.134,24.7322,9.09144,3.066,3.29301,-21.4744,-8.94999,111.485,23.9969,-12.8953,9.2378,2.89303,3.06531,-12.8881,4,-9.83843,94.7849,23.2579,9.3793,0.771727,0.6935,design_1473,-41.610299999999995,10.268,8.727000000000004,-4.50739999999999,-3.863900000000001,-1.3480000000000132,-9.7206,-933.6199999999999,20.349100000000007,-0.2878600000000002,1.4742999999999995,2.5995100000000004,Left,0.028877500655060433,0.8793000000000006,0.5914400000000004,0.2878600000000002,0.52579,0.6732199999999999,0.14742999999999995,0.9478341849085139,1.1513829927699466,0.2035488078614327,0.11558333333333333,0.5488350000000001,0.43325166666666676,0.5777007082834978
LLLVALLLLLFLLLASLLILI,13002300300220021032,000110011011001100000,LL-VA--LL-FL--AS-LI--,1728000000.0,376.904,-388.035,-11.1307,-60.4659,-60.4084,-60.4084,-60.4659,-222.163,-228.243,-222.16,-243.433,-377.235,4594.77,3689.02,3626.51,44.1003,0.000581806,-22.6147,-10.7494,32.9696,-105.405,-111.198,-105.415,-73.3362,509,193.783,-107.767,22.1974,24.1949,9.02856,5.66171,4.49467,-16.5052,-108.372,14.0084,24.354,-10.7494,8.8946,4.6469,3.35702,-10.7996,3,-105.336,9.9811,18.0,8.8545,3.64788,2.2976,design_511,-37.86179999999999,0.05749999999999744,15.189999999999998,-5.782999999999987,0.0,-6.082999999999998,-11.8653,-905.7500000000005,12.216299999999999,0.17406000000000077,6.1949000000000005,2.19707,Left,0.1957198656973803,0.3544999999999998,0.5285600000000006,0.17406000000000077,0.0,0.6194900000000001,0.6194900000000001,0.09955527369773016,0.22175297784570816,0.122197704147978,0.38293333333333335,0.7491116666666667,0.3661783333333334,0.7503889620735469
LLLLAILLAVLFLLLSTLILI,103300210020031003022,000011001101100110000,LL--AI-LAV-FL-LST-I--,1728040000.0,367.575,-390.751,-23.1759,-74.1626,-74.1396,-74.0995,-74.2559,-228.751,-231.888,-228.749,-242.577,-374.685,4473.81,3693.42,3570.02,43.6652,0.000626172,-22.6024,-16.0121,20.4893,-87.8376,-91.26,-87.8483,-57.8517,483,72.839,-49.9534,94.3339,18.0354,9.22471,6.72808,6.64309,-19.3326,-51.5956,90.42,17.2088,-16.0121,9.25295,6.44604,6.30234,-16.0663,4,-55.2224,71.1403,23.3889,9.5,4.3873,3.9544,design_1243,-33.408300000000004,0.11629999999999541,10.688999999999993,-3.4117000000000104,-0.04009999999999536,-3.13900000000001,-6.590299999999999,-780.3900000000003,23.193600000000004,-0.27529000000000003,-5.3535,2.68869,Left,0.16920667613203583,1.0,0.72471,0.27529000000000003,0.53889,0.003539999999999921,0.5353500000000001,0.7113210151683077,0.9433229037046521,0.2320018885363444,0.6590666666666667,1.1071816666666667,0.44811500000000004,0.7855037467189006
LLLLVLLLTLLTALLFILILI,102300320030032003102,000011001101100110000,LL--VL--TL-TA--FI-IL-,1728070000.0,372.884,-394.559,-21.6748,-72.6171,-72.56,-72.56,-72.6777,-232.281,-233.884,-232.281,-247.394,-379.527,4552.21,3728.58,3592.51,46.0625,0.000417668,-22.5085,-14.9814,24.3877,-89.6603,-95.5914,-89.6668,-59.4551,478,231.516,-11.5733,106.466,26.8739,9.57509,2.60893,2.70592,-20.9081,-13.4283,103.138,26.9965,-14.9814,9.65802,2.43783,2.48489,-15.0321,3,-14.8026,90.5967,24.8541,9.1766,0.95095,0.8099,design_1924,-36.13629999999999,0.11769999999999925,13.51000000000002,-5.924599999999998,0.0,-1.6029999999999802,-7.527100000000001,-823.6300000000001,15.869299999999996,0.3984899999999989,2.0198,1.89602,Left,0.3152881961159488,0.6766000000000005,1.0750899999999994,0.3984899999999989,0.6854099999999999,0.8873899999999999,0.20198000000000005,0.9059402870415197,1.0646783686566985,0.15873808161517877,0.13498333333333332,0.45098666666666665,0.3160033333333333,0.5697772246524462
LLLFALLLLLTALLYSLLILI,13002200200330021132,000110011011001100000,LL-FA--LL-TA--YS-LI--,1728040000.0,359.656,-381.156,-21.4993,-74.2008,-74.2083,-74.1404,-74.2473,-225.366,-229.715,-225.362,-247.449,-367.701,4624.75,3690.51,3652.45,50.068,0.000212318,-22.3629,-13.4027,28.5686,-81.5889,-86.1406,-81.6011,-46.0048,497,66.6396,-104.328,38.1588,25.3945,8.93546,7.30064,6.37303,-17.6927,-105.386,32.0974,25.9655,-13.4027,8.96448,6.64108,5.62254,-13.4547,4,-108.349,22.3943,28.0,8.9531,5.77559,4.6115,design_1075,-40.1358,0.03900000000000148,17.73400000000001,-4.539500000000004,-0.06789999999999452,-4.353000000000009,-8.9602,-934.2399999999998,15.764499999999998,-0.017639999999998324,-2.6054999999999993,1.7615299999999996,Left,0.5593667546174141,0.45309999999999917,0.43546000000000085,0.017639999999998324,1.0,0.73945,0.26054999999999995,0.22372253720056498,0.3814123210991922,0.15768978389862723,0.7685833333333334,1.0621716666666667,0.29358833333333334,0.4233882963845837
LLLLALLLAILFVLLSTLILI,103300210030031003022,000011001101100110000,LL--AL-LAI-FV-LST-I--,1727990000.0,367.403,-386.434,-19.0309,-74.253,-74.2322,-74.1921,-74.2931,-227.077,-230.228,-227.075,-242.729,-375.205,4482.19,3640.16,3551.37,43.6652,0.000626172,-22.3266,-11.1766,24.6343,-85.1038,-93.0713,-85.1145,-58.1826,484,276.595,-49.7476,93.9214,17.2861,9.07981,6.64154,6.55036,-18.0527,-52.0701,88.6951,18.2586,-11.1766,9.11298,6.28436,6.11479,-11.2288,3,-55.0277,71.5816,19.5968,9.4911,4.41768,3.9914,design_303,-34.88869999999999,0.06089999999998952,12.501000000000005,-7.956799999999987,-0.04010000000000957,-3.15300000000002,-11.149999999999999,-842.0299999999997,22.33980000000001,-0.41128999999999927,-2.3107000000000006,2.5589600000000003,Left,0.16920667613203583,0.9910999999999994,0.5798100000000002,0.41128999999999927,0.15968000000000018,-0.07138999999999988,0.23107000000000005,0.7157352688163438,0.9391967318718517,0.22346146305550796,0.6652333333333333,1.0917266666666667,0.4264933333333334,0.6740804090378872
LLLLLVLALLLTILFSLLILI,103300200220030033022,000011011001101100000,LL--LV-AL--TI-FS--I--,1728060000.0,374.144,-393.303,-19.1588,-74.08,-70.6563,-74.0262,-74.267,-233.734,-237.283,-233.734,-245.59,-384.289,4530.33,3679.16,3614.65,41.3623,0.000923933,-22.2459,-8.96613,22.2035,-85.4894,-98.5954,-85.4953,-64.4324,465,276.595,-52.3242,79.2434,19.1455,9.59007,5.04648,4.73513,-16.4687,-53.8911,74.3124,19.6874,-8.96613,9.74846,4.61584,4.23052,-9.01392,4,-59.6597,51.275,27.3954,9.319,2.37108,1.6402,design_1778,-34.163,3.6106999999999942,8.307000000000016,-13.100099999999998,3.3699000000000012,-3.548999999999978,-13.27977,-851.1700000000001,27.968399999999995,0.2710699999999999,-8.2499,3.0949299999999997,Left,0.028877500655060433,0.8190000000000008,1.0900700000000008,0.2710699999999999,0.9395399999999998,0.11454999999999985,0.82499,0.5126115816891997,0.7923750345098007,0.279763452820601,0.2733666666666667,0.7891883333333333,0.5158216666666666,1.048058694127806
LLLYALLFLLVSLLLTLLILI,13002300300220031022,000110011011001100000,LL-YA--FL-VS--LT-LI--,1727980000.0,371.85,-387.77,-15.9203,-74.1427,-74.135,-74.135,-74.2723,-229.306,-231.95,-229.301,-254.005,-373.421,4693.79,3784.21,3723.11,46.7138,0.000374154,-22.2166,-14.3436,30.7935,-84.3222,-89.5531,-84.329,-45.1445,500,135.765,-104.317,29.3868,23.9367,8.88316,6.11482,5.05562,-18.6766,-105.837,24.5118,24.4061,-14.3436,8.94843,5.68469,4.55237,-14.3491,1,-106.798,17.1388,22.3838,8.9938,4.83342,3.5905,design_160,-44.4086,0.1372999999999962,22.055000000000007,-5.224100000000007,0.0,-2.649000000000001,-7.872999999999999,-909.5799999999999,12.248000000000001,-0.11064000000000007,1.5528999999999975,1.4651200000000002,Left,0.35497571706264813,0.49380000000000024,0.38316000000000017,0.11064000000000007,0.4383800000000001,0.5936699999999998,0.1552899999999997,0.17115260734048468,0.29366740154203796,0.12251479420155328,0.5984166666666667,0.8426033333333334,0.24418666666666666,0.33315641473041857
LLLLLFLLATLYLLLSVLILI,103300220020031003012,000011001101100110000,LL--LF--AT-YL-LSV-IL-,1727990000.0,365.916,-386.175,-20.2586,-74.2781,-74.2122,-74.2122,-74.2781,-231.752,-234.457,-231.752,-248.401,-371.035,4627.14,3736.7,3636.45,46.7138,0.000374154,-22.1958,-15.0811,26.4552,-80.1444,-84.5616,-80.1515,-48.3556,479,51.0312,-51.394,76.904,17.7796,9.50643,4.59115,4.24471,-18.3379,-50.345,75.2988,16.5961,-15.0811,9.75934,4.21708,3.84656,-15.1404,3,-46.4571,68.4556,22.5254,9.4077,2.71007,2.2369,design_442,-36.205999999999996,0.06589999999999918,13.944000000000017,-4.4101,0.0,-2.704999999999984,-7.114699999999999,-890.4400000000005,8.448399999999992,0.09872999999999976,-4.745800000000003,2.0078100000000005,Left,0.35497571706264813,0.9077000000000002,1.00643,0.09872999999999976,0.4525400000000001,-0.02204000000000015,0.4745800000000003,0.6844663884543211,0.7689743887263982,0.08450800027207717,0.37281666666666663,0.7074516666666667,0.33463500000000007,0.5950596395614356
LLLLAVLILLLYTLFSLLILI,113300300310030022021,000011011001101100000,LL--AV-IL-LYT-FS--I-I,1727990000.0,360.919,-375.338,-14.4189,-74.1382,-74.1694,-74.1293,-74.1783,-236.995,-240.988,-236.994,-249.957,-368.53,4590.48,3821.85,3731.89,45.9023,0.000429125,-22.1779,-6.80477,31.4834,-64.2043,-75.55,-64.2112,-44.3943,474,113.638,-98.4291,38.8647,28.9214,9.64926,6.5111,5.59407,-9.13907,-95.5421,37.7022,29.8486,-6.80477,9.81475,5.92111,4.98665,-6.80806,3,-93.0244,25.5563,26.3126,9.4354,3.90376,2.7871,design_438,-31.155699999999996,0.008899999999997021,8.968999999999994,-11.338799999999992,-0.04009999999999536,-3.9939999999999998,-15.37313,-768.6299999999997,13.308399999999999,0.21386000000000038,2.6087999999999987,2.80697,Left,0.30552627249294656,0.9353999999999996,1.14926,0.21386000000000038,0.83126,1.0921399999999999,0.2608799999999999,0.2553515198316322,0.38847332642470467,0.1331218065930725,0.4645166666666667,0.9323450000000001,0.4678283333333334,0.5919284068703309
LLLVALLLFLYLLLTSLLILI,13002200200230031032,000110011011001100000,LL-VA--LF-YL--TS-LI--,1728060000.0,368.216,-388.8,-20.584,-74.1138,-74.0406,-74.103,-74.2416,-235.404,-237.134,-235.402,-249.527,-375.226,4593.56,3782.45,3678.39,46.7138,0.000374154,-22.1222,-13.5691,26.1298,-79.2823,-86.1735,-79.2892,-51.4571,518,19.1815,-106.35,26.7817,24.1265,9.09532,6.06799,4.96971,-18.1997,-107.732,22.4345,23.6942,-13.5691,9.21667,5.68842,4.52494,-13.5746,4,-107.547,8.1114,25.8539,9.5,3.72703,2.3487,design_1763,-34.71640000000001,0.20100000000000762,12.393,-6.88430000000001,0.06239999999999668,-1.7319999999999993,-8.553099999999999,-811.1100000000006,18.6703,-0.4046800000000008,-1.7273999999999994,2.62101,Left,0.35497571706264813,1.0,0.5953199999999992,0.4046800000000008,0.7853899999999999,0.61265,0.1727399999999999,0.08085296224127653,0.2676090009562716,0.18675603871499508,0.39145,0.828285,0.43683500000000003,0.6475396862135304
LLLLLFLVALLLILTSLLILI,103300200220030033022,000011011001101100000,LL--LF-VA--LI-TS--I--,1728050000.0,376.126,-388.111,-11.9851,-74.1592,-74.1061,-74.1061,-74.2364,-232.769,-235.432,-232.769,-242.297,-379.921,4552.77,3690.61,3671.87,41.3623,0.000923933,-22.0911,-8.14189,29.3772,-81.1822,-92.4744,-81.1882,-63.3875,467,673.233,-56.2859,62.7542,16.4785,9.83589,3.4147,2.85601,-15.9642,-57.5224,57.2687,19.428,-8.14189,9.71228,2.85963,2.21866,-8.18931,4,-61.8139,38.3354,27.3116,9.2372,0.947369,0.0224,design_1514,-29.0869,0.1303000000000054,6.865000000000009,-11.286200000000008,0.0,-2.6629999999999825,-13.94921,-862.1600000000003,24.418799999999997,0.5986899999999995,-10.833099999999998,2.8336099999999997,Left,0.028877500655060433,0.7371999999999996,1.3358899999999991,0.5986899999999995,0.9311599999999999,-0.15214999999999995,1.0833099999999998,0.38317882278567117,0.6274361918784935,0.24425736909282236,0.0037333333333333333,0.47600166666666666,0.47226833333333335,1.347104046919016
LLLLALLYTLVLLLFSLLILI,113002200200230031032,000110011011001100000,LL-LA--YT-VL--FS-LI--,1728040000.0,362.973,-383.351,-20.3785,-74.2355,-74.2172,-74.2172,-74.2355,-233.706,-239.781,-233.704,-248.22,-369.205,4623.46,3917.58,3702.29,46.7138,0.000374154,-22.0456,-14.133,26.3353,-75.4101,-77.252,-75.4168,-46.7493,488,253.054,-103.883,28.3463,28.8855,9.80614,5.90914,4.83434,-16.1378,-103.096,24.3346,27.3557,-14.133,9.48442,5.2495,4.11452,-14.1464,3,-99.2693,14.1594,28.0,9.4208,3.30191,2.0143,design_1135,-30.502699999999997,0.01829999999999643,8.438999999999993,-1.8352000000000004,0.0,-6.076999999999998,-7.912600000000001,-705.8800000000001,14.1869,0.38533999999999935,0.8855000000000004,2.82004,Left,0.35497571706264813,0.9207999999999998,1.3061399999999992,0.38533999999999935,1.0,1.0885500000000001,0.08855000000000013,0.14135014344073718,0.28325944568257383,0.14190930224183665,0.33571666666666666,0.8057233333333333,0.4700066666666667,0.6303749161204589
LLLLAVLLATLFLLLSILILI,103300220020031003012,000011001101100110000,LL--AV--AT-FL-LSI-IL-,1728070000.0,367.363,-383.146,-15.7834,-74.2781,-74.1713,-74.2246,-74.2781,-222.451,-230.899,-222.448,-242.833,-374.294,4472.42,3675.54,3564.42,43.6652,0.000626172,-22.0272,-8.80616,27.8818,-86.4171,-91.2514,-86.4276,-57.1832,486,148.395,-50.0826,85.2605,16.3308,9.32943,5.52257,5.30147,-11.7814,-49.5055,78.6004,17.0576,-8.80616,9.33121,4.53688,4.21589,-8.85209,3,-46.4232,73.5428,21.0786,9.1869,3.39176,2.9949,design_1884,-34.068200000000004,0.10679999999999268,11.933999999999997,-4.823800000000006,0.05329999999999302,-8.450999999999993,-13.22104,-796.8800000000001,11.717699999999994,0.1425300000000007,-4.747800000000002,2.3065700000000002,Left,0.16920667613203583,0.6868999999999996,0.8294300000000003,0.1425300000000007,0.30786000000000013,-0.16692,0.47478000000000015,0.7353528402066186,0.8525631279283316,0.11721028772171294,0.49915,0.8835783333333334,0.38442833333333337,0.6381647470028813
LLLLVLLLFALTFLLSLLILI,102300320030032003102,000011001101100110000,LL--VL--FA-TF--SL-IL-,1728040000.0,360.631,-375.925,-15.2939,-74.2187,-72.6251,-74.1567,-74.2519,-227.943,-232.3,-227.943,-247.249,-365.888,4624.24,3624.17,3638.95,46.7138,0.000374154,-21.9328,-9.98285,31.4199,-73.7636,-82.8951,-73.7707,-44.3869,474,211.811,-7.03592,112.311,22.9126,9.36729,2.71735,2.90201,-15.4015,-7.06649,107.796,22.6434,-9.98285,9.61132,2.11246,2.22941,-10.0378,4,-11.4105,94.4842,18.1282,9.2875,0.966937,0.8842,design_1142,-38.5082,1.626800000000003,14.948999999999984,-9.124399999999994,1.5315999999999974,-4.356999999999999,-11.949950000000001,-1000.0699999999997,17.826800000000006,0.07979000000000092,4.7844000000000015,2.0178100000000003,Left,0.35497571706264813,0.7874999999999996,0.8672900000000006,0.07979000000000092,0.012819999999999965,0.49126000000000014,0.4784400000000002,0.9448263306779126,1.123144973172381,0.1783186424944685,0.14736666666666667,0.48366833333333337,0.3363016666666667,0.6165773487275122
LLLLWVLLAILFLLLSTLILI,103300220020031003012,000011001101100110000,LL--WV--AI-FL-LST-IL-,1728040000.0,374.267,-394.407,-20.1403,-74.2159,-74.2024,-74.1624,-74.2559,-229.076,-232.915,-229.075,-249.959,-379.574,4554.03,3686.6,3522.58,49.2152,0.000245214,-21.8756,-14.7859,29.0749,-91.1156,-94.3331,-91.1234,-55.3601,479,135.765,-50.4086,75.8101,18.0836,9.44607,4.29566,3.93281,-17.0855,-50.3298,72.9067,17.7465,-14.7859,9.35318,3.89187,3.48547,-14.833,3,-49.3712,65.8721,24.7505,9.5,2.79842,2.2865,design_1098,-38.973,0.05349999999999966,17.04400000000001,-3.209699999999998,-0.03999999999999204,-3.8400000000000034,-7.089699999999999,-867.4299999999998,9.938000000000002,-0.05392999999999937,-6.666899999999998,1.6463099999999997,Left,0.5074006593259278,1.0,0.9460700000000006,0.05392999999999937,0.6750499999999999,0.008360000000000057,0.6666899999999999,0.6586240492299813,0.7580322811678517,0.0994082319378704,0.3810833333333334,0.6554683333333333,0.27438499999999993,0.729762376258199
LLLLVALLFLLLYLLSTLILI,102300320030032003102,000011001101100110000,LL--VA--FL-LY--ST-IL-,1728080000.0,365.357,-378.293,-12.9354,-66.2399,-67.1647,-66.2288,-74.1962,-231.037,-232.72,-231.035,-249.555,-369.636,4612.88,3620.3,3551.1,46.7138,0.000374154,-21.8677,-8.65109,33.7784,-81.016,-91.6196,-81.023,-45.885,459,177.29,-7.7614,109.567,17.3562,8.76834,2.45582,2.59933,-16.498,-8.92262,106.416,18.1815,-8.65109,8.59334,2.2046,2.30085,-8.6564,3,-12.5847,91.0213,18.8903,8.9604,0.675581,0.5409,design_1976,-45.73460000000001,7.031500000000008,16.835000000000008,-10.59660000000001,-0.9358999999999895,-1.6850000000000023,-13.21661,-992.5799999999999,18.545699999999997,-0.19205999999999968,-1.5340999999999987,2.05843,Left,0.35497571706264813,0.4603999999999999,0.26834000000000024,0.19205999999999968,0.08902999999999998,-0.06437999999999988,0.15340999999999988,0.9101874932480825,1.0956971779985516,0.18550968475046914,0.09015000000000001,0.43322166666666667,0.34307166666666666,0.4610137560915756
LLLLALLFILLLVLTSLLILI,113300200210020023031,000011011001101100000,LL--AL-FI-LLV-TS--I-I,1728030000.0,377.409,-394.289,-16.88,-74.092,-74.2127,-74.0865,-74.2787,-232.513,-238.029,-232.511,-245.341,-382.658,4568.43,3719.7,3719.94,41.3623,0.000923933,-21.8401,-11.6303,24.4823,-87.6844,-92.2564,-87.6905,-63.0384,464,103.966,-108.009,14.5271,32.3158,9.36652,4.66249,3.38039,-16.3132,-105.909,12.0405,31.7189,-11.6303,9.13419,4.01175,2.69236,-11.6312,4,-95.2993,8.2247,24.1394,9.5,1.90523,0.5286,design_1014,-29.217999999999996,0.0660000000000025,7.312000000000012,-4.565899999999999,-0.1261999999999972,-5.518000000000001,-10.2098,-848.7300000000005,6.3024000000000004,-0.1334800000000005,8.176400000000005,2.85179,Left,0.028877500655060433,1.0,0.8665199999999995,0.1334800000000005,0.6139399999999998,1.4315800000000003,0.8176400000000005,0.08198628410468574,0.14502818800539355,0.06304190390070781,0.0881,0.5633983333333333,0.4752983333333333,0.957201581338472
LLLLVLLLATLYLLLSFLILI,103300320030022003011,000011001101100110000,LL--VL--AT-YL--SF-ILI,1728000000.0,362.853,-385.171,-22.3183,-74.1848,-74.1588,-74.1187,-74.2781,-231.34,-236.416,-231.34,-248.998,-374.204,4548.65,3796.57,3607.25,46.7138,0.000374154,-21.7039,-10.9076,24.3955,-79.6462,-85.3335,-79.653,-50.9285,476,9.41515,-48.4828,83.5741,18.9019,9.35579,5.05492,4.80853,-16.7245,-48.8843,79.1226,18.4109,-10.9076,9.53155,4.5142,4.20104,-10.9667,4,-43.97,72.3633,18.127,9.3706,2.86455,2.45,design_596,-34.405,0.11929999999999552,12.581999999999994,-5.680499999999995,-0.04009999999999536,-5.075999999999993,-10.7963,-752.0799999999995,11.210800000000006,-0.01480999999999888,0.7749000000000024,2.35853,Left,0.35497571706264813,0.8705999999999996,0.8557900000000007,0.01480999999999888,0.012699999999999888,0.09019000000000013,0.07749000000000024,0.7235544894750109,0.8356943371917624,0.11213984771675156,0.4083333333333334,0.8014216666666667,0.3930883333333333,0.4163145679035433
LLLFALLLLLTSLLYVLLILI,13002200200330021032,000110011011001100000,LL-FA--LL-TS--YV-LI--,1727990000.0,368.536,-389.231,-20.6954,-74.215,-74.1576,-74.2039,-74.2819,-229.892,-230.334,-229.888,-249.865,-371.62,4622.63,3631.2,3648.58,46.7138,0.000374154,-21.6644,-17.6035,26.0183,-85.1246,-88.7931,-85.1318,-47.4734,502,95.1175,-106.332,27.5684,22.7829,8.90589,6.17148,5.085,-20.5403,-105.875,27.5097,23.347,-17.6035,8.94599,6.09503,5.00767,-17.611,4,-106.353,17.4906,18.1972,9.5,4.81424,3.5766,design_464,-41.3197,0.12429999999999097,19.531000000000006,-3.661299999999997,0.04630000000000223,-0.44599999999999795,-4.0609,-991.4300000000003,10.0778,-0.5941100000000006,4.585700000000003,1.5084,Left,0.35497571706264813,1.0,0.4058899999999994,0.5941100000000006,0.01971999999999987,0.47829000000000016,0.4585700000000003,0.1746716067363131,0.27547823581897257,0.10080662908265947,0.5961,0.8475,0.25140000000000007,0.7978828695159521
LLLLVALLLFLLLLLSTLILI,102300320030032003102,000011001101100110000,LL--VA--LF-LL--ST-IL-,1727980000.0,381.264,-394.514,-13.2509,-66.3056,-66.3428,-66.3052,-74.2559,-230.019,-234.169,-230.018,-246.755,-385.652,4611.26,3692.34,3598.24,44.5741,0.000537052,-21.4204,-8.86698,31.3233,-98.1899,-106.561,-98.1962,-64.6412,498,16.0553,-9.22508,111.17,24.7148,8.93325,2.89168,3.05923,-15.2545,-9.2042,107.169,25.1276,-8.86698,8.92632,2.3484,2.45593,-8.86221,4,-12.3023,94.103,20.5013,8.6524,1.04926,0.9608,design_133,-41.91980000000001,7.9131,12.585999999999984,-8.364800000000002,-0.037599999999997635,-4.1510000000000105,-12.553420000000001,-918.9200000000001,17.067000000000007,0.28084999999999916,4.2135,2.09843,Left,0.22459127276715818,0.1524000000000001,0.43324999999999925,0.28084999999999916,0.2501300000000001,0.6714800000000001,0.42135,0.9410132477623645,1.1117317318118345,0.17071848404947,0.16013333333333332,0.5098716666666666,0.34973833333333326,0.6386503328104718
LLLLFVLLATLYLLLSILILI,103300220020031003012,000011001101100110000,LL--FV--AT-YL-LSI-IL-,1728070000.0,361.516,-382.21,-20.6941,-74.2781,-74.1681,-74.2214,-74.2781,-228.375,-229.227,-228.375,-245.271,-366.14,4554.02,3666.76,3601.6,45.9023,0.000429125,-21.3924,-16.0196,25.2081,-79.5566,-84.1373,-79.5633,-46.5904,527,135.765,-49.9446,82.9627,19.0368,9.255,5.19166,4.93611,-18.7857,-50.357,80.8178,18.3993,-16.0196,9.39272,4.96396,4.67623,-16.0702,3,-48.3435,71.8712,22.4246,9.5,3.45413,3.0322,design_1959,-37.546899999999994,0.10999999999999943,16.043999999999983,-4.573999999999998,0.05330000000000723,-0.8520000000000039,-5.372799999999998,-887.2600000000002,11.091499999999996,-0.24499999999999922,-3.387800000000002,1.9039100000000002,Left,0.30552627249294656,1.0,0.7550000000000008,0.24499999999999922,0.4424600000000002,0.10367999999999995,0.33878000000000025,0.71863209151399,0.8295786003224915,0.11094650880850154,0.5053666666666666,0.822685,0.31731833333333337,0.5364670920813682
LLLVALLLLLITLLFSLLILI,13002200300330021022,000110011011001100000,LL-VA--LL-IT--FS-LI--,1727980000.0,376.463,-395.06,-18.5968,-68.6906,-74.1003,-68.6925,-74.2722,-228.989,-230.264,-228.987,-246.646,-382.725,4587.48,3726.07,3656.79,41.3623,0.000923933,-21.3792,-12.3413,22.7655,-97.3806,-99.7394,-97.3864,-61.8067,478,276.595,-105.598,42.1465,29.9489,8.99822,8.02949,7.16169,-17.6839,-104.195,42.1379,29.0784,-12.3413,9.12082,7.81792,6.94999,-12.3355,3,-98.3063,37.0157,26.1242,9.047,6.24306,5.2983,design_93,-37.932700000000004,0.17189999999999372,16.381999999999977,-2.3530000000000086,-5.407800000000009,-1.2770000000000152,-9.0379,-861.4099999999994,5.130800000000001,-0.04878000000000071,3.8247,1.8633899999999999,Left,0.028877500655060433,0.5470000000000006,0.4982199999999999,0.04878000000000071,0.8124199999999998,1.1948899999999998,0.38247,0.3699780737729516,0.42130064938442524,0.05132257561147363,0.88305,1.193615,0.3105650000000001,0.49774231816512804
LLLLTILLLVLALLLSFLILI,103300210020031003022,000011001101100110000,LL--TI-LLV-AL-LSF-I--,1728040000.0,374.811,-388.928,-14.1168,-60.4659,-60.4297,-60.4003,-60.4659,-229.767,-233.277,-229.767,-246.576,-378.53,4542.97,3733.5,3628.21,41.3623,0.000923933,-21.2955,-10.3378,27.2455,-98.6945,-106.118,-98.7004,-71.4882,496,177.29,-51.5956,90.42,17.2088,9.25295,6.44604,6.30234,-16.2614,-52.1668,86.6778,18.2441,-10.3378,9.48649,6.02652,5.82668,-10.3979,3,-55.2224,71.1403,23.3889,9.5,4.3873,3.9544,design_1243,-34.62979999999999,0.0362000000000009,13.299000000000007,-7.417599999999993,-0.02939999999999543,-3.509999999999991,-10.9577,-809.4700000000003,19.279700000000005,-0.24704999999999977,-6.1800999999999995,2.34794,Left,0.028877500655060433,1.0,0.7529500000000002,0.24704999999999977,0.53889,-0.07912,0.61801,0.7113210151683077,0.9041727850709602,0.19285176990265251,0.6590666666666667,1.05039,0.39132333333333325,0.7957988558459334
LLLLFALLLVLTYLLLILILI,103300210020021003032,000011001101100110000,LL--FA-LLV-TY-LLI-I--,1728040000.0,364.734,-379.695,-14.9605,-58.908,-58.8749,-58.8944,-58.9193,-234.926,-236.239,-234.924,-251.814,-364.841,4647.35,3748.46,3708.11,43.7222,0.000620174,-21.2174,-14.8454,28.7618,-85.8606,-90.9437,-85.8674,-54.1073,506,55.7787,-59.5314,82.0595,28.3579,9.94934,6.50774,6.23863,-16.8929,-61.2964,78.5587,29.2205,-14.8454,10.0601,6.29989,5.97827,-14.854,4,-61.55,67.5867,27.3561,9.3793,4.8567,4.3705,design_1244,-36.836400000000005,0.044400000000003104,15.574999999999989,-5.076300000000003,0.01950000000000074,-1.3149999999999977,-6.372000000000002,-898.8900000000003,14.472800000000007,0.5700399999999988,1.0017999999999994,1.8681299999999998,Left,0.17268001974321648,0.8793000000000006,1.4493399999999994,0.5700399999999988,0.9356100000000002,1.03579,0.10017999999999982,0.6757749200773019,0.8205440345057996,0.1447691144284977,0.7284166666666666,1.0397716666666665,0.31135499999999994,0.6729648330465791
LLLVALLFLLYLLLTSLLILI,13002200300230021032,000110011011001100000,LL-VA--FL-YL--TS-LI--,1728060000.0,368.691,-388.992,-20.3003,-74.005,-74.0193,-73.9941,-74.2416,-232.466,-233.351,-232.465,-249.544,-373.108,4647.05,3792.09,3593.1,46.7138,0.000374154,-21.1615,-15.8776,26.4135,-82.5204,-86.8997,-82.527,-49.3224,502,8.61381,-104.093,36.4026,24.4956,8.92874,7.02837,6.07441,-19.4101,-105.133,34.6519,24.3365,-15.8776,8.92486,6.94789,5.96767,-15.8836,4,-102.991,23.162,18.0337,9.0042,5.07547,3.9229,design_1775,-37.577299999999994,0.22230000000000416,16.193000000000012,-4.372699999999995,-0.025199999999998113,-0.8859999999999957,-5.283900000000001,-854.96,13.2406,-0.07546000000000141,6.4619,2.1515100000000005,Left,0.35497571706264813,0.5042000000000009,0.42873999999999945,0.07546000000000141,0.003369999999999962,0.6495599999999999,0.6461899999999999,0.23140171808793697,0.36384533207430914,0.13244361398637217,0.6538166666666666,1.0124016666666666,0.35858500000000004,0.7545728863474829
LLLLTVLLFLLALLISLLILI,103300200320020033022,000011011001101100000,LL--TV-LF--AL-IS--I--,1728050000.0,377.03,-384.201,-7.17031,-60.4659,-60.4095,-60.4095,-60.4687,-227.337,-232.195,-227.336,-246.789,-374.286,4585.98,3704.77,3629.38,41.3623,0.000923933,-21.1282,-9.86388,34.192,-96.398,-102.81,-96.404,-67.0279,458,211.811,-58.4458,67.5493,19.6948,9.57146,4.38603,3.89927,-18.0073,-59.5537,62.2354,18.7465,-9.86388,9.49085,3.83485,3.26838,-9.91477,3,-58.7573,54.046,18.0,8.9107,2.60981,1.9205,design_1441,-35.7821,0.05919999999999703,14.593999999999994,-6.406000000000006,0.0,-4.8589999999999804,-11.26432,-881.2099999999996,13.503300000000003,0.6607599999999998,1.6948000000000008,1.97877,Left,0.028877500655060433,0.4107000000000003,1.07146,0.6607599999999998,0.0,0.16948000000000008,0.16948000000000008,0.5403294535648124,0.675400813831128,0.1350713602663156,0.32008333333333333,0.6498783333333333,0.329795,0.7696338495604209
LLLLTILLAVLFLLLSLLILI,103300210030021003022,000011001101100110000,LL--TI-LAV-FL-LSL-I--,1728030000.0,376.627,-392.755,-16.1282,-60.4126,-60.4012,-60.3479,-60.4659,-232.415,-235.703,-232.415,-246.552,-377.447,4546.3,3753.62,3601.62,41.3623,0.000923933,-21.1279,-15.2495,25.234,-99.9275,-102.47,-99.9333,-70.4282,491,42.7142,-55.1509,84.0728,20.3404,9.6655,6.12246,5.88355,-21.1158,-54.4018,82.6783,20.1172,-15.2495,9.2453,5.82184,5.56201,-15.3088,4,-50.3551,72.8909,27.796,9.2642,3.89354,3.4869,design_1029,-32.041799999999995,0.06469999999999487,10.84899999999999,-2.536699999999996,-0.053300000000000125,-3.288000000000011,-5.878400000000001,-792.6800000000003,11.181899999999999,0.4012999999999991,-7.4556000000000004,2.3966499999999997,Left,0.028877500655060433,0.7642000000000007,1.1654999999999998,0.4012999999999991,0.9795999999999999,0.2340399999999999,0.74556,0.7288319882846729,0.8406827539021082,0.11185076561743534,0.5811499999999999,0.9805916666666666,0.3994416666666667,0.9428497454200484
LLLLLLLLAILFVLLSTLILI,103300210030031003022,000011001101100110000,LL--LL-LAI-FV-LST-I--,1728020000.0,377.179,-390.164,-12.9847,-74.253,-74.2322,-74.1921,-74.2931,-225.797,-232.671,-225.796,-245.279,-384.801,4496.11,3641.02,3513.16,41.3623,0.000923933,-21.1243,-5.30766,28.3776,-90.114,-99.0218,-90.1198,-65.2286,464,394.796,-53.2434,76.9871,18.4976,9.30442,4.87977,4.53457,-12.9891,-53.1202,71.6009,18.0245,-5.30766,9.17436,4.13414,3.70816,-5.36281,4,-52.4978,61.3022,27.6773,9.5,2.65047,2.07,design_818,-33.7932,0.06089999999998952,12.608000000000004,-8.902000000000001,-0.04010000000000957,-6.875,-15.816640000000001,-855.0899999999997,15.684899999999999,-0.19557999999999964,-9.1797,2.4645700000000006,Left,0.028877500655060433,1.0,0.8044200000000004,0.19557999999999964,0.9677299999999999,0.049759999999999846,0.9179700000000001,0.6129120670270357,0.7698056247974424,0.1568935577704067,0.345,0.7557616666666668,0.4107616666666668,1.0364657218512505
LLLLLLLLATLFVLLSILILI,103300310030021003022,000011001101100110000,LL--LL-LAT-FV-LSI-I--,1728060000.0,376.868,-397.313,-20.4453,-74.2752,-74.2544,-74.2143,-74.3153,-231.793,-234.057,-231.793,-245.587,-385.136,4497.49,3648.32,3569.19,41.3623,0.000923933,-21.1019,-12.122,20.917,-91.2453,-97.9265,-91.2512,-65.2336,518,330.452,-51.2062,90.602,19.0786,9.23592,6.41221,6.27124,-16.0158,-51.6342,86.9647,19.1815,-12.122,9.42299,5.98536,5.78983,-12.177,4,-53.8143,70.7317,24.318,9.2808,4.12092,3.6819,design_1670,-32.69290000000001,0.06089999999998952,11.530000000000001,-6.675300000000007,-0.04010000000000957,-2.2639999999999816,-8.9799,-849.1699999999996,19.8703,-0.04487999999999914,-5.2394,2.5893399999999995,Left,0.028877500655060433,0.7807999999999993,0.7359200000000001,0.04487999999999914,0.6318000000000001,0.10786000000000015,0.52394,0.7072338544146538,0.9059933020977958,0.19875944768314202,0.61365,1.0452066666666666,0.4315566666666666,0.7087127856810204
LLLVLLLTLLIALLFSLLILI,13002200200330021032,000110011011001100000,LL-VL--TL-IA--FS-LI--,1727980000.0,376.142,-395.714,-19.5715,-74.1172,-70.5311,-74.0624,-74.2451,-229.174,-230.322,-229.174,-245.626,-382.284,4556.16,3720.52,3664.49,41.3623,0.000923933,-21.0579,-13.3808,21.7908,-92.4224,-102.489,-92.4284,-62.413,484,302.327,-106.813,15.322,26.0238,9.28246,4.59043,3.32026,-17.2682,-109.202,11.4853,25.4422,-13.3808,9.49877,4.43085,3.10313,-13.4296,4,-101.349,6.4495,21.0043,9.3889,2.57296,1.1697,design_163,-40.07600000000001,3.7139999999999986,15.304000000000002,-10.060600000000008,3.5313000000000017,-1.1479999999999961,-7.677099999999999,-835.6399999999999,8.872499999999999,-0.1064399999999992,5.019500000000001,2.1505600000000005,Left,0.028877500655060433,0.8888999999999996,0.7824600000000004,0.1064399999999992,0.3004300000000001,0.8023800000000001,0.50195,0.06422924110447366,0.15297944616271023,0.08875020505823657,0.19494999999999998,0.5533766666666667,0.3584266666666668,0.6321625980518436
LLLLYLLAVLTALLFSLLILI,13002300200230021032,000110011011001100000,LL-LY--AV-TA--FS-LI--,1728030000.0,351.854,-374.193,-22.3388,-74.3124,-74.1921,-74.1921,-74.3124,-223.074,-223.645,-223.073,-243.055,-358.541,4561.53,3699.3,3642.16,49.0167,0.000253574,-21.0406,-15.5426,26.678,-76.8066,-81.7448,-76.8188,-41.1736,483,394.796,-109.005,11.3565,25.2143,8.94919,4.38388,3.05423,-20.0533,-108.807,11.0151,25.6664,-15.5426,8.97187,4.30813,2.97336,-15.6516,2,-109.05,1.7496,25.2912,9.1253,3.09366,1.6199,design_1008,-40.5712,0.1203000000000003,19.409999999999997,-4.926000000000002,0.0,-0.5720000000000027,-5.498000000000001,-862.2299999999996,9.6069,-0.17610999999999954,-0.07689999999999841,1.43433,Left,0.49530489253962356,0.6252999999999993,0.44918999999999976,0.17610999999999954,0.72912,0.7214300000000001,0.007689999999999864,0.017216889596645447,0.11331318094338794,0.0960962913467425,0.2699833333333333,0.5090383333333334,0.23905500000000007,0.31217888851682124
LLLLAVLLLLLLTLFSLLILI,13300300210020032031,000011011001101100000,LL--AV-LL-LLT-FS--I-I,1727980000.0,378.373,-401.205,-22.8313,-74.1783,-74.1778,-74.1778,-74.1783,-227.286,-229.285,-227.284,-247.013,-387.737,4570.95,3684.11,3616.83,44.5741,0.000537052,-21.0155,-13.471,21.7428,-99.74,-105.29,-99.7461,-66.5459,538,12.2949,-101.905,41.4799,25.1797,9.19841,7.38548,6.50768,-16.9416,-101.659,39.6222,26.2343,-13.471,9.16874,7.09779,6.19212,-13.4675,3,-93.3402,39.0225,24.3747,9.4761,5.76906,4.8544,design_72,-38.7441,0.0004999999999881766,17.72800000000001,-5.543900000000008,0.0,-2.0010000000000048,-7.544499999999999,-886.8399999999997,2.4574,-0.27768999999999977,0.8049999999999997,1.6532799999999996,Left,0.22459127276715818,0.9761000000000006,0.6984100000000009,0.27768999999999977,0.6374700000000001,0.71797,0.0804999999999999,0.390051774704016,0.4146327557026196,0.02458098099860362,0.8090666666666667,1.0846133333333332,0.2755466666666665,0.40015269115422
LLLLAILVALLFLLTSLLILI,103300200230030023012,000011011001101100000,LL--AI-VA--FL-TS--IL-,1727980000.0,366.917,-377.824,-10.9071,-74.1902,-74.1269,-74.1269,-74.3196,-221.023,-225.182,-221.021,-242.449,-371.099,4516.74,3540.79,3559.32,43.6652,0.000626172,-20.9572,-6.66918,32.7581,-82.6107,-92.7473,-82.621,-54.331,460,193.783,-50.4263,96.8068,14.2459,8.81005,7.13287,7.08497,-15.9379,-49.8313,93.4323,15.8818,-6.66918,8.77313,6.58806,6.48954,-6.72487,4,-46.4127,87.6713,19.2251,9.3187,5.29753,5.1126,design_259,-38.41629999999999,0.19269999999998788,17.267000000000024,-10.1263,0.0,-4.161000000000001,-14.28802,-975.9499999999998,9.135499999999993,-0.5086499999999994,-4.9792000000000005,1.9723700000000006,Left,0.16920667613203583,0.8186999999999998,0.3100500000000004,0.5086499999999994,0.12251000000000012,-0.3754099999999999,0.49792000000000003,0.8766779765453389,0.9680589287357609,0.09138095219042208,0.8521,1.1808283333333334,0.3287283333333334,0.7893427294017085
LLLLTLLFLLVALLYSLLILI,13002300200230021032,000110011011001100000,LL-LT--FL-VA--YS-LI--,1728050000.0,362.362,-374.996,-12.634,-60.4659,-60.3892,-60.3892,-60.4659,-226.24,-228.906,-226.239,-247.776,-360.45,4619.2,3687.93,3656.8,46.7138,0.000374154,-20.9501,-14.4748,34.0798,-88.2901,-92.1056,-88.2967,-52.2083,514,148.395,-108.726,6.29991,24.748,9.02658,3.65932,2.25382,-16.3379,-110.475,0.718934,24.2915,-14.4748,9.08738,3.16831,1.67909,-14.5458,3,-105.587,2.4533,19.0015,9.4143,2.6692,1.206,design_1585,-39.897299999999994,0.07669999999999533,18.870000000000005,-3.808899999999994,0.0,-2.6670000000000016,-6.475299999999999,-931.27,3.8466099999999996,-0.3877200000000016,5.746500000000001,1.0478200000000002,Left,0.35497571706264813,0.9143000000000008,0.5265799999999992,0.3877200000000016,0.10015,0.6748000000000001,0.5746500000000001,0.024255888672382958,0.06273291614818607,0.038477027475803116,0.20099999999999998,0.3756366666666667,0.1746366666666667,0.7159105166763647
LLLLLLLAVLTALLFSLLILI,13002200200330021032,000110011011001100000,LL-LL--AV-TA--FS-LI--,1728040000.0,367.444,-387.286,-19.8421,-74.2659,-74.1921,-74.1456,-74.3124,-221.739,-225.967,-221.739,-241.577,-376.061,4526.13,3693.48,3681.72,44.4768,0.00054596,-20.8228,-11.1157,24.6346,-91.2809,-96.7246,-91.2919,-60.1717,502,72.839,-103.681,46.2229,21.1146,9.04547,8.29222,7.48556,-15.8675,-102.789,43.7064,22.4249,-11.1157,9.07376,7.81864,6.97424,-11.225,3,-105.145,27.6192,18.0,9.5,6.00031,4.9146,design_1291,-36.552899999999994,0.1203000000000003,15.609999999999985,-5.432699999999997,-0.04649999999999466,-4.228000000000009,-9.7071,-832.6500000000001,18.603700000000003,-0.4545300000000001,3.1145999999999994,2.5709600000000004,Left,0.21866221428701998,1.0,0.5454699999999999,0.4545300000000001,0.0,0.31145999999999996,0.31145999999999996,0.2759863801319575,0.46207622964922046,0.18608984951726298,0.8191,1.2475933333333333,0.4284933333333333,0.7223855074020163
LLLFALLYTLLLLLASLLILI,13002300200230021032,000110011011001100000,LL-FA--YT-LL--AS-LI--,1728030000.0,361.995,-382.196,-20.2013,-74.2355,-74.1763,-74.1763,-74.2355,-226.876,-228.406,-226.873,-245.597,-367.939,4653.79,3714.87,3707.96,50.068,0.000212318,-20.7894,-14.206,29.8666,-81.0844,-86.1466,-81.096,-48.1065,488,55.7787,-109.234,15.2183,24.1545,8.93672,4.9395,3.66777,-18.2979,-110.324,12.0872,23.8725,-14.206,8.90118,4.68039,3.3617,-14.2567,4,-109.05,1.7496,25.2912,9.1253,3.09366,1.6199,design_1008,-38.04010000000001,0.05920000000000414,17.191000000000003,-5.050600000000003,0.0,-1.5330000000000155,-6.583400000000001,-938.9200000000001,13.468699999999998,-0.18857999999999997,-1.1367000000000012,2.04787,Left,0.5593667546174141,0.6252999999999993,0.43671999999999933,0.18857999999999997,0.72912,0.6154499999999998,0.11367000000000016,0.017216889596645447,0.15194215157104618,0.13472526197440074,0.2699833333333333,0.611295,0.34131166666666674,0.42793438202234785
LLLLFLLAVLTALLYSLLILI,13002300300220031022,000110011011001100000,LL-LF--AV-TA--YS-LI--,1727980000.0,351.366,-377.6,-26.2348,-74.3124,-74.189,-74.189,-74.3124,-225.618,-225.081,-225.617,-245.318,-360.416,4619.27,3646.98,3668.48,49.0167,0.000253574,-20.7688,-17.0726,22.7819,-77.6704,-81.9145,-77.6825,-40.7854,499,211.811,-105.637,31.6434,23.4534,8.8753,6.61734,5.59199,-17.8091,-105.07,32.737,25.2081,-17.0726,8.92986,6.68007,5.67112,-17.1843,3,-106.798,17.1388,22.3838,8.9938,4.83342,3.5905,design_160,-41.1291,0.12340000000000373,20.237000000000023,-4.231999999999999,0.0,0.5360000000000014,-3.6961999999999975,-972.2900000000004,14.5046,-0.11850000000000094,1.0695999999999977,2.00149,Left,0.49530489253962356,0.49380000000000024,0.3752999999999993,0.11850000000000094,0.4383800000000001,0.5453399999999998,0.10695999999999972,0.17115260734048468,0.31623981210663826,0.14508720476615358,0.5984166666666667,0.9319983333333334,0.33358166666666667,0.397252711662195
LLLLALLYVLTLLLFSLLILI,113002200200230031032,000110011011001100000,LL-LA--YV-TL--FS-LI--,1728040000.0,362.54,-388.576,-26.0365,-74.1951,-67.0758,-74.1766,-74.1951,-239.622,-241.356,-239.621,-248.223,-372.442,4609.73,3921.18,3754.59,46.7138,0.000374154,-20.7344,-16.1216,20.6773,-74.7593,-84.7447,-74.7661,-50.024,476,394.796,-103.464,30.1864,29.9862,9.86478,6.09483,5.04763,-16.4602,-103.883,28.3463,28.8855,-16.1216,9.80614,5.90914,4.83434,-16.1345,4,-99.2693,14.1594,28.0,9.4208,3.30191,2.0143,design_1135,-34.720699999999994,7.1192999999999955,6.867000000000019,-9.9786,7.1007999999999925,-1.7349999999999852,-4.6128,-688.5499999999997,16.027,0.4439799999999998,1.9862000000000002,3.03333,Left,0.35497571706264813,0.9207999999999998,1.3647799999999997,0.4439799999999998,1.0,1.19862,0.19862000000000002,0.14135014344073718,0.3016656730511465,0.16031552961040932,0.33571666666666666,0.8412716666666666,0.505555,0.7196214781809016
LLLLFLLLLILATLLSVLILI,103300210030021003022,000011001101100110000,LL--FL-LLI-AT-LSV-I--,1728050000.0,378.135,-393.393,-15.2578,-74.1761,-74.1219,-74.1219,-74.1761,-230.419,-232.049,-230.418,-245.328,-381.389,4557.99,3696.24,3661.69,41.3623,0.000923933,-20.7123,-11.9552,26.1045,-88.7982,-95.9302,-88.8042,-61.8848,478,253.054,-53.05,91.2568,20.5956,9.03117,6.77718,6.64603,-15.4873,-53.7867,87.5673,22.03,-11.9552,9.59629,6.3896,6.20311,-12.0039,4,-55.3439,71.3721,27.9551,9.0365,4.43682,4.0074,design_1461,-34.0454,0.054200000000008686,13.278999999999996,-7.126000000000005,0.0,-1.6310000000000002,-8.7571,-861.75,19.884699999999995,-0.005330000000000723,-7.359500000000001,2.63863,Left,0.028877500655060433,0.5365000000000002,0.5311699999999995,0.005330000000000723,0.9955100000000001,0.2595600000000001,0.73595,0.7136396736673215,0.9125431622580813,0.1989034885907598,0.6678999999999999,1.1076716666666666,0.43977166666666667,0.8801207462481226
LLLLALLYVLITLLFSLLILI,13002300200230032021,000110011011001100000,LL-LA--YV-IT--FS--I-I,1728070000.0,358.639,-374.99,-16.3514,-64.2839,-67.1449,-64.2678,-74.3048,-224.771,-230.858,-224.768,-248.045,-366.87,4574.32,3733.54,3701.2,45.9023,0.000429125,-20.6432,-8.10787,29.5508,-85.9354,-89.5096,-85.942,-44.52,535,177.29,-103.037,30.8322,24.0401,9.26642,6.11794,5.08042,-14.1342,-103.662,24.5604,24.1796,-8.10787,9.36381,5.36489,4.2333,-8.12048,4,-99.1745,22.4175,18.2946,9.5,4.40254,3.2388,design_1920,-44.9896,7.159899999999993,17.186999999999983,-3.567600000000013,-2.877100000000013,-6.090000000000003,-12.53533,-840.7799999999997,8.4147,-0.2335799999999999,5.7455,1.8416200000000003,Left,0.30552627249294656,1.0,0.7664200000000001,0.2335799999999999,0.02945999999999991,0.6040099999999999,0.57455,0.22395460310728246,0.30812550764417096,0.0841709045368885,0.5398,0.8467366666666667,0.30693666666666675,0.6971098747077124
LLLLAALLFTLVSLLLLLILI,101300220030033003202,000011001101100110000,LLL-AA--FT-VS--LL--L-,1728000000.0,377.596,-386.791,-9.19565,-74.2216,-74.2135,-74.2135,-74.2216,-221.111,-225.761,-221.106,-243.129,-375.119,4541.81,3613.28,3533.19,44.4768,0.00054596,-20.5898,-11.6697,35.2811,-91.4584,-95.7336,-91.4691,-57.768,512,135.765,-6.36213,105.349,19.9769,9.07502,1.6764,1.75663,-16.8766,-7.73835,99.7084,20.0485,-11.6697,8.97624,1.12138,1.11701,-11.6725,2,-3.14953,98.5758,19.1098,8.9946,0.280163,0.2588,design_546,-37.965599999999995,0.008099999999998886,17.367999999999995,-4.264499999999998,0.0,-4.655000000000001,-8.9201,-928.5300000000002,6.773200000000003,0.08042000000000016,0.8671000000000006,1.49783,Left,0.21866221428701998,0.49460000000000015,0.5750200000000003,0.08042000000000016,0.11098,0.19769000000000006,0.08671000000000006,0.985753954122971,1.053505195475515,0.06775124135254407,0.04313333333333333,0.29277166666666665,0.24963833333333332,0.28442139278587175
LLLLAVLFLLLTILLSLLILI,13300300210030022031,000011011001101100000,LL--AV-FL-LTI-LS--I-I,1727980000.0,376.957,-391.307,-14.3504,-63.3127,-67.1455,-63.3147,-74.267,-223.083,-224.587,-223.081,-245.976,-381.65,4541.89,3573.99,3601.25,41.3623,0.000923933,-20.5875,-9.66304,27.0119,-104.911,-110.504,-104.917,-61.4071,473,615.932,-103.094,33.4879,25.5863,8.83921,6.48493,5.48725,-18.5308,-102.865,32.4192,26.1568,-9.66304,8.91744,6.30634,5.29263,-9.65766,3,-92.8616,34.8804,21.9262,9.3321,5.13809,4.1613,design_53,-49.096900000000005,7.1214999999999975,21.38900000000001,-5.587000000000003,-3.8307999999999964,-1.5060000000000002,-10.924459999999998,-967.9000000000005,-1.3924999999999983,-0.49289000000000094,3.6601,1.3259500000000006,Left,0.028877500655060433,0.8321000000000005,0.33920999999999957,0.49289000000000094,0.39262000000000014,0.7586300000000001,0.36601,0.34861900779821475,0.3346900519747609,0.013928955823453826,0.69355,0.9145416666666667,0.2209916666666667,0.6526371156672319
LLLLTVLLAILFLLLSLLILI,103300310020022003012,000011001101100110000,LL--TV-LAI-FL--SL-IL-,1728080000.0,377.128,-393.264,-16.1362,-60.4126,-60.3575,-60.3575,-60.4659,-229.297,-230.512,-229.296,-246.913,-377.396,4544.0,3676.36,3607.61,41.3623,0.000923933,-20.5842,-15.818,25.2261,-103.555,-107.111,-103.56,-70.0168,495,25.0484,-50.1489,84.8249,16.7984,9.3217,5.4737,5.24608,-18.721,-50.6643,82.7537,16.9236,-15.818,9.3048,5.27139,5.01269,-15.8678,3,-44.7045,79.0022,18.5476,9.3325,3.87097,3.556,design_1975,-37.0942,0.10839999999999606,16.40100000000001,-3.551000000000002,0.0,-1.2160000000000082,-4.7661999999999995,-867.6399999999999,5.8226999999999975,-0.010799999999999699,-1.7491999999999983,1.69008,Left,0.028877500655060433,0.8324999999999996,0.8216999999999999,0.010799999999999699,0.05475999999999992,-0.1201599999999999,0.17491999999999983,0.7899623493072032,0.8482058904728943,0.05824354116569108,0.5926666666666667,0.8743466666666667,0.28168000000000004,0.3368227707378459
LLLLAVLLSILFTLLLYLILI,103300210020031003022,000011001101100110000,LL--AV-LSI-FT-LLY-I--,1728040000.0,367.791,-378.267,-10.4751,-74.2686,-74.2602,-74.2602,-74.2686,-228.244,-234.327,-228.241,-249.362,-371.815,4542.4,3784.39,3630.01,45.9023,0.000429125,-20.4788,-6.44684,35.4272,-75.754,-83.707,-75.7605,-48.1841,489,29.9257,-52.1668,86.6778,18.2441,9.48649,6.02652,5.82668,-14.391,-53.6807,79.8581,19.4047,-6.44684,9.4641,5.33295,5.03083,-6.45161,2,-55.2224,71.1403,23.3889,9.5,4.3873,3.9544,design_1243,-35.52289999999999,0.008400000000008845,15.034999999999997,-7.9465,0.0,-6.085999999999984,-14.03196,-758.0099999999998,15.537500000000009,-0.013510000000000133,-5.1448,1.8722799999999995,Left,0.30552627249294656,1.0,0.9864899999999999,0.013510000000000133,0.53889,0.024409999999999953,0.51448,0.7113210151683077,0.8667401542037939,0.1554191390354862,0.6590666666666667,0.9711133333333333,0.3120466666666666,0.6216111497200718
LLLVALLLLLTFLLASLLILI,13002300300220021032,000110011011001100000,LL-VA--LL-TF--AS-LI--,1728000000.0,371.996,-394.254,-22.2582,-74.2473,-74.191,-74.191,-74.2473,-227.184,-227.637,-227.183,-242.583,-378.525,4549.71,3610.04,3642.91,44.4768,0.00054596,-20.4439,-15.6824,22.2185,-92.8224,-97.1408,-92.8334,-61.6944,475,135.765,-107.204,22.0506,24.2556,8.74938,5.5575,4.38826,-20.0864,-107.767,22.1974,24.1949,-15.6824,9.02856,5.66171,4.49467,-15.7294,4,-105.336,9.9811,18.0,8.8545,3.64788,2.2976,design_511,-35.4464,0.05629999999999313,14.945999999999998,-4.307400000000001,0.0,-0.45400000000000773,-4.7615,-939.6700000000001,12.0695,-0.10511999999999944,6.255600000000001,2.0906599999999997,Left,0.21866221428701998,0.3544999999999998,0.24938000000000038,0.10511999999999944,0.0,0.6255600000000001,0.6255600000000001,0.09955527369773016,0.22028456081527154,0.12072928711754137,0.38293333333333335,0.7313766666666667,0.3484433333333333,0.7337328160252574
LLLLYVLLAILFLLLSTLILI,103300220020031003012,000011001101100110000,LL--YV--AI-FL-LST-IL-,1728050000.0,362.705,-379.47,-16.7646,-74.1245,-74.1491,-74.071,-74.2559,-232.133,-233.101,-232.132,-248.491,-369.019,4566.81,3656.92,3582.2,45.9023,0.000429125,-20.426,-10.4034,29.1377,-73.2127,-82.1947,-73.2195,-46.2724,479,162.201,-51.0987,84.2479,19.7408,9.21392,5.53827,5.30199,-17.6725,-52.5344,81.4429,21.8503,-10.4034,9.24729,5.37494,5.09658,-10.4506,3,-49.3417,71.9243,24.9228,9.2384,3.61104,3.1899,design_1425,-35.9223,0.10679999999999268,15.390000000000015,-8.975200000000001,-0.07810000000000628,-0.9689999999999941,-10.022599999999999,-909.8900000000003,12.323599999999999,-0.0244800000000005,-5.181999999999999,2.11209,Left,0.30552627249294656,0.7384000000000004,0.7139199999999999,0.0244800000000005,0.6922799999999999,0.17408,0.5181999999999999,0.7191632423608305,0.8424342513273769,0.12327100896654641,0.5316500000000001,0.883665,0.35201499999999997,0.6389372522217109
LLLVALLLILTALLFSLLILI,13002200300230021032,000110011011001100000,LL-VA--LI-TA--FS-LI--,1728010000.0,366.485,-388.197,-21.7128,-74.1704,-74.1156,-74.1156,-74.2473,-228.52,-231.192,-228.518,-242.587,-375.286,4527.84,3661.76,3662.44,43.6652,0.000626172,-20.3968,-12.8654,21.9524,-85.5068,-90.3753,-85.5177,-58.4523,567,1.58923,-108.491,21.2057,23.9926,9.26529,5.63649,4.45458,-18.2668,-110.29,16.4895,22.4935,-12.8654,9.30383,5.26964,4.01698,-12.911,4,-109.799,1.3257,24.9589,9.1277,3.14881,1.6687,design_653,-31.922999999999995,0.13169999999999504,11.394999999999982,-4.857599999999991,0.0,-2.6740000000000066,-7.5314,-866.0799999999999,19.88,0.13758999999999943,-0.9663000000000004,2.7858799999999997,Left,0.16920667613203583,0.6277000000000008,0.7652900000000002,0.13758999999999943,0.69589,0.5992599999999999,0.0966300000000001,0.012976685378647537,0.2118331606176154,0.19885647523896785,0.2781166666666667,0.74243,0.46431333333333336,0.5323524530380012
LLLLLLLTALLFILVSLLILI,103300200230030023111,000011011001101100000,LL--LL-TA--FI-VS--ILI,1728040000.0,376.75,-394.601,-17.8509,-74.1726,-74.1739,-74.1119,-74.2399,-231.615,-233.863,-231.615,-245.611,-383.893,4544.97,3670.36,3630.28,41.3623,0.000923933,-20.3875,-10.6532,23.5114,-88.8135,-96.2437,-88.8196,-64.0423,473,211.811,-43.3928,106.467,17.6181,9.43318,7.38199,7.47899,-14.8429,-45.2703,100.101,16.937,-10.6532,9.85934,6.80414,6.80565,-10.7078,3,-33.8336,99.3037,19.1525,9.5,4.98104,4.9706,design_1115,-32.20140000000001,0.0660000000000025,11.74799999999999,-7.42410000000001,-0.06199999999999761,-2.2479999999999905,-9.7343,-874.6100000000001,7.1632999999999925,-0.06681999999999988,-1.5344000000000015,2.5083899999999995,Left,0.028877500655060433,1.0,0.9331800000000001,0.06681999999999988,0.11524999999999999,-0.03819000000000017,0.15344000000000016,0.9930350219462328,1.0646883714975053,0.07165334955127245,0.8284333333333334,1.2464983333333333,0.4180649999999999,0.45598387331891116
LLLLAVLTALLFLLISLLILI,103300300320020023022,000011011001101100000,LL--AV-TA--FL-IS--I--,1728040000.0,366.632,-383.819,-17.1866,-74.3107,-74.2574,-74.2574,-74.3107,-225.949,-232.003,-225.947,-242.809,-373.953,4527.98,3698.91,3633.95,43.6652,0.000626172,-20.2567,-9.82024,26.4786,-83.5586,-87.9495,-83.5696,-56.8334,468,211.811,-52.6016,75.0727,15.5534,9.74233,4.52505,4.15114,-14.8164,-55.3061,66.316,15.1014,-9.82024,9.73496,3.74858,3.24332,-9.86523,4,-60.3018,49.8222,18.0,9.4027,2.27127,1.5186,design_1140,-31.116100000000003,0.05329999999999302,10.806000000000012,-4.379900000000006,0.0,-6.055999999999983,-10.436459999999999,-829.0699999999997,25.250499999999995,0.33963000000000143,-2.4466,2.6325399999999997,Left,0.16920667613203583,0.9026999999999994,1.2423300000000008,0.33963000000000143,0.0,-0.24466000000000002,0.24466000000000002,0.49807945456509656,0.7506561863569253,0.25257673179182877,0.2531,0.6918566666666667,0.4387566666666667,0.6568938045735299
LLLLAVLFLLLSILYTLLILI,13300300210030032021,000011011001101100000,LL--AV-FL-LSI-YT--I-I,1728050000.0,366.893,-385.267,-18.3747,-74.1903,-74.1816,-74.1816,-74.2701,-232.508,-231.756,-232.506,-248.075,-369.971,4542.15,3669.43,3640.8,45.9023,0.000429125,-20.2199,-15.2929,27.5276,-78.5691,-84.2533,-78.5759,-47.6257,457,177.29,-107.93,7.57384,30.6243,8.80692,3.71195,2.32556,-18.5273,-107.09,8.87454,30.4531,-15.2929,8.91748,3.76157,2.39469,-15.2968,4,-98.2342,7.0085,21.4834,9.5,2.18127,0.7864,design_1437,-36.627599999999994,0.08849999999999625,16.31899999999999,-5.677399999999992,0.0,0.75,-4.927,-872.7199999999998,0.56534,-0.6930800000000001,9.140900000000002,1.5391599999999999,Left,0.30552627249294656,1.0,0.30691999999999986,0.6930800000000001,0.34834,1.2624300000000002,0.9140900000000002,0.06982082911546879,0.07547583513717895,0.0056550060217101655,0.13106666666666666,0.3875933333333333,0.2565266666666666,1.1754821667316853
LLLLYLLATLVALLFSLLILI,13002200200330021032,000110011011001100000,LL-LY--AT-VA--FS-LI--,1727990000.0,352.025,-370.712,-18.6865,-74.1077,-74.1155,-73.9877,-74.2355,-218.821,-220.289,-218.82,-243.853,-357.636,4581.54,3703.95,3602.7,49.0167,0.000253574,-20.1645,-12.9658,30.3302,-77.7831,-83.3965,-77.7948,-39.5476,561,95.1175,-105.875,27.5097,23.347,8.94599,6.09503,5.00767,-16.699,-106.891,23.3027,23.7685,-12.9658,8.93861,5.67958,4.52912,-13.0754,3,-106.353,17.4906,18.1972,9.5,4.81424,3.5766,design_464,-43.8489,0.12000000000000455,23.56400000000002,-5.601700000000008,-0.12779999999999347,-1.468999999999994,-7.1987000000000005,-877.5900000000001,10.019099999999998,-0.5540099999999999,5.149800000000003,1.43107,Left,0.49530489253962356,1.0,0.4459900000000001,0.5540099999999999,0.01971999999999987,0.5347000000000002,0.5149800000000003,0.1746716067363131,0.27489106906361405,0.10021946232730095,0.5961,0.8346116666666666,0.23851166666666668,0.7994143082690505
LLLLALLTALLFVLISLLILI,103300300320020023022,000011011001101100000,LL--AL-TA--FV-IS--I--,1728060000.0,365.968,-385.193,-19.2252,-74.3478,-74.2871,-74.2871,-74.3478,-222.79,-226.237,-222.787,-242.547,-374.074,4500.44,3619.58,3588.23,43.6652,0.000626172,-20.09,-11.0667,24.44,-88.0557,-93.6395,-88.0667,-57.1795,462,231.516,-54.6068,72.9407,16.7101,9.06829,4.53801,4.13212,-15.0524,-56.7187,66.5953,16.3478,-11.0667,9.11288,3.99818,3.49711,-11.1193,3,-60.1835,52.4358,18.0168,9.2733,2.60636,1.8929,design_1667,-36.46,0.0607000000000113,16.310000000000002,-5.572800000000001,0.0,-3.4499999999999886,-9.023299999999999,-880.8599999999997,20.504900000000006,-0.20501000000000147,-1.3066999999999993,2.2392199999999995,Left,0.16920667613203583,0.7733000000000008,0.5682899999999993,0.20501000000000147,0.0016799999999999927,-0.12898999999999994,0.13066999999999993,0.5242228792977206,0.729330129756851,0.20510725045913036,0.31548333333333334,0.6886866666666666,0.3732033333333332,0.4903605420524943
LLLLALLLTLVALLFSLLILI,13002200200330021032,000110011011001100000,LL-LA--LT-VA--FS-LI--,1728040000.0,367.341,-383.577,-16.2357,-74.1077,-67.1112,-74.0433,-74.2355,-223.751,-225.673,-223.748,-242.642,-373.541,4531.89,3723.41,3647.66,44.4768,0.00054596,-20.0556,-9.97962,28.241,-85.718,-100.812,-85.7288,-56.6636,491,148.395,-102.789,43.7064,22.4249,9.07376,7.81864,6.97424,-15.0534,-104.664,38.0652,21.6626,-9.97962,9.29511,7.33834,6.40932,-10.0358,2,-105.145,27.6192,18.0,9.5,6.00031,4.9146,design_1291,-44.148399999999995,7.124300000000005,16.968999999999994,-15.08319999999999,6.9321000000000055,-1.9250000000000114,-10.075979999999998,-808.4800000000005,16.087200000000003,-0.42623999999999995,4.424900000000001,2.05964,Left,0.21866221428701998,1.0,0.57376,0.42623999999999995,0.0,0.4424900000000001,0.4424900000000001,0.2759863801319575,0.4369040807589356,0.16091770062697813,0.8191,1.1623733333333333,0.3432733333333332,0.7219480767014006
LLLLVILTALLYLLFSLLILI,103300200320030023012,000011011001101100000,LL--VI-TA--YL-FS--IL-,1728050000.0,359.516,-377.174,-17.6584,-74.2243,-74.1996,-74.1578,-74.2776,-230.496,-237.279,-230.496,-248.906,-371.464,4554.46,3716.88,3634.11,45.9023,0.000429125,-20.0025,-5.65092,28.2439,-72.4538,-79.9882,-72.4606,-48.2801,475,87.0218,-50.3043,78.5573,21.3162,9.37184,4.65089,4.32925,-12.6994,-51.7996,70.749,21.6059,-5.65092,9.38708,3.82105,3.38229,-5.71039,4,-54.6384,56.4836,23.9587,9.0815,2.32105,1.6683,design_1466,-31.70810000000001,0.07800000000000296,11.62700000000001,-7.527600000000007,-0.04180000000000916,-6.782999999999987,-14.351580000000002,-837.5799999999999,22.073699999999995,0.2903400000000005,-2.642500000000002,2.66095,Left,0.30552627249294656,0.5815000000000001,0.8718400000000006,0.2903400000000005,0.59587,0.33161999999999986,0.26425000000000015,0.5647123783154416,0.7855120854322627,0.22079970711682106,0.27804999999999996,0.7215416666666666,0.4434916666666667,0.6321097587964072
LLLLALLTVLLLILFSLLILI,113300300310030022021,000011011001101100000,LL--AL-TV-LLI-FS--I-I,1727990000.0,374.61,-396.289,-21.6797,-74.3055,-70.65,-74.3002,-74.3055,-237.563,-238.255,-237.562,-246.602,-385.05,4547.96,3819.17,3746.49,41.3623,0.000923933,-19.965,-11.2391,19.6826,-84.421,-96.1099,-84.427,-64.1419,471,32.7096,-100.685,37.521,29.5639,9.42697,6.66815,5.73096,-16.4648,-98.4291,38.8647,28.9214,-11.2391,9.64926,6.5111,5.59407,-11.2395,4,-93.0244,25.5563,26.3126,9.4354,3.90376,2.7871,design_438,-31.96799999999999,3.6554999999999893,8.347000000000008,-11.68289999999999,3.650199999999998,-0.6929999999999836,-8.7259,-728.79,11.9647,-0.008429999999998827,3.2513000000000005,2.9438599999999995,Left,0.028877500655060433,0.9353999999999996,0.9269700000000007,0.008429999999998827,0.83126,1.15639,0.32513000000000003,0.2553515198316322,0.3750325092326221,0.11968098940098992,0.4645166666666667,0.9551599999999999,0.4906433333333332,0.6006954316194224
LLLLIVLTALLYLLFSLLILI,103300200220030033022,000011011001101100000,LL--IV-TA--YL-FS--I--,1728060000.0,359.503,-374.446,-14.9423,-74.2371,-74.2171,-74.1706,-74.2428,-228.934,-234.675,-228.935,-248.558,-370.812,4545.59,3724.9,3675.61,45.9023,0.000429125,-19.9248,-3.57368,30.9599,-71.2742,-81.8448,-71.281,-48.0112,492,302.327,-54.6775,66.0652,21.2751,9.45012,3.62044,3.11142,-9.84204,-56.1926,58.644,23.7768,-3.57368,9.59548,2.84584,2.2255,-3.63315,2,-61.3697,43.2936,27.6812,8.656,1.5501,0.6995,design_1657,-33.833600000000004,0.0257000000000005,13.882999999999981,-10.5638,-0.04650000000000887,-5.740000000000009,-16.35112,-820.69,22.771600000000007,0.7941199999999995,-6.406100000000002,2.41192,Left,0.30552627249294656,0.15600000000000058,0.9501200000000001,0.7941199999999995,0.9681200000000001,0.32750999999999986,0.6406100000000002,0.432774908073893,0.6605555977897724,0.22778068971587934,0.11658333333333333,0.51857,0.40198666666666666,1.1200379767156197
LLLLFALLTVLLILLSLLILI,103300210030021003022,000011001101100110000,LL--FA-LTV-LI-LSL-I--,1728030000.0,375.883,-388.002,-12.1184,-68.6286,-70.7315,-68.6308,-74.2956,-230.922,-234.585,-230.92,-246.12,-380.913,4603.29,3710.45,3646.96,41.3623,0.000923933,-19.8836,-7.09531,29.2439,-88.4515,-95.4803,-88.4576,-60.4975,485,394.796,-58.4157,80.0312,16.6469,10.0249,6.06657,5.76704,-15.8526,-59.1005,76.2002,17.9988,-7.09531,10.0262,5.6521,5.2951,-7.08881,3,-61.4399,60.5881,25.116,9.5,3.89538,3.3042,design_1030,-34.9828,3.5640999999999963,11.534999999999997,-7.0227,-2.1007000000000033,-3.6650000000000205,-12.788290000000002,-892.8400000000001,19.4431,0.5249000000000006,-8.469100000000001,2.46284,Left,0.028877500655060433,1.0,1.5249000000000006,0.5249000000000006,0.7116,-0.13531000000000012,0.8469100000000002,0.6057690384069075,0.8002552724973893,0.1944862340904817,0.5507,0.9611733333333333,0.41047333333333336,1.0950295935400451
LLLLAILLLVLFTLLSLLILI,103300220030022003011,000011001101100110000,LL--AI--LV-FT--SL-ILI,1728050000.0,377.362,-398.906,-21.5434,-74.2109,-74.203,-74.203,-74.2109,-233.444,-234.951,-233.442,-246.665,-385.022,4522.83,3685.2,3592.0,41.3623,0.000923933,-19.8808,-13.8805,19.8188,-91.2513,-95.7487,-91.2573,-64.1454,481,14.6888,-48.6062,94.467,16.0546,9.6283,6.54398,6.46099,-18.8094,-48.8998,93.1606,15.9227,-13.8805,9.62351,6.41165,6.30906,-13.8843,4,-41.0172,86.6948,19.8286,9.5,4.35638,4.1568,design_1570,-31.603300000000004,0.007899999999992247,11.713999999999999,-4.491399999999999,0.0,-1.5089999999999861,-6.000300000000001,-837.6300000000001,7.772199999999998,0.12829999999999941,-3.774000000000001,2.30419,Left,0.028877500655060433,1.0,1.1282999999999994,0.12829999999999941,0.18286000000000016,-0.19453999999999994,0.37740000000000007,0.8669102024975093,0.9446542818160357,0.07774407931852645,0.6928,1.0768316666666666,0.38403166666666666,0.5589419584105876
LLLLLALLLILFVLLSTLILI,103300220030022003011,000011001101100110000,LL--LA--LI-FV--ST-ILI,1728050000.0,377.886,-397.406,-19.5198,-74.2931,-74.2872,-74.2872,-74.2931,-230.654,-230.589,-230.653,-245.77,-384.434,4505.67,3666.65,3597.71,41.3623,0.000923933,-19.8554,-12.9711,21.8424,-92.459,-99.4131,-92.4652,-64.3704,466,302.327,-53.6436,68.809,17.7315,9.68235,3.83575,3.36788,-17.0457,-53.3009,68.491,19.5675,-12.9711,9.87551,3.74142,3.26878,-12.9721,4,-43.9712,67.1241,22.5853,9.4653,2.15744,1.6643,design_1572,-35.042699999999996,0.005899999999996908,15.181000000000012,-6.947900000000004,0.0,0.06399999999999295,-6.8843,-839.02,1.684899999999999,0.2170500000000004,-4.8538,1.70358,Left,0.028877500655060433,0.9652999999999992,1.1823499999999996,0.2170500000000004,0.45853,-0.02684999999999995,0.4853799999999999,0.6711476059200813,0.6880013923954402,0.016853786475358956,0.2773833333333333,0.5613133333333333,0.28393,0.6029964692421981
LLLLYLLAVLTFLLASLLILI,13002300200230021032,000110011011001100000,LL-LY--AV-TF--AS-LI--,1728030000.0,353.033,-370.928,-17.8945,-74.3124,-74.1931,-74.1931,-74.3124,-223.44,-223.925,-223.439,-243.406,-359.373,4576.0,3687.24,3661.35,49.0167,0.000253574,-19.7386,-11.4464,31.1222,-73.1754,-80.9937,-73.1876,-41.6555,477,211.811,-110.324,12.0872,23.8725,8.90118,4.68039,3.3617,-15.4509,-109.005,11.3565,25.2143,-11.4464,8.94919,4.38388,3.05423,-11.5543,3,-109.05,1.7496,25.2912,9.1253,3.09366,1.6199,design_1008,-39.3382,0.11929999999999552,19.480999999999995,-7.806100000000001,0.0,-0.4860000000000184,-8.292200000000001,-888.7600000000002,10.337599999999998,-0.2241199999999992,-1.4187000000000012,1.7418,Left,0.49530489253962356,0.6252999999999993,0.4011800000000001,0.2241199999999992,0.72912,0.5872499999999998,0.14187000000000016,0.017216889596645447,0.12062225672090875,0.10340536712426329,0.2699833333333333,0.5602833333333334,0.29030000000000006,0.40660008761694016
LLLLAVLLSTLYLLLLFLILI,103300220020031003012,000011001101100110000,LL--AV--ST-YL-LLF-IL-,1728060000.0,370.871,-381.429,-10.5583,-74.3186,-74.3076,-74.3076,-74.3186,-227.761,-231.745,-227.757,-249.043,-373.969,4561.15,3775.2,3626.16,46.7138,0.000374154,-19.7363,-7.45248,36.1555,-79.3501,-87.6532,-79.3569,-50.6074,491,162.201,-52.0563,78.7281,20.121,9.32123,4.93674,4.61766,-10.6698,-51.0591,76.1187,21.9766,-7.45248,9.49215,4.43488,4.07666,-7.45998,2,-46.621,75.1143,26.7288,9.4357,3.63359,3.2603,design_1745,-37.0458,0.01100000000000989,17.298000000000002,-8.296300000000002,0.0,-3.9879999999999995,-12.283819999999999,-785.9499999999998,3.6137999999999977,-0.11447000000000074,-6.607800000000001,1.35736,Left,0.35497571706264813,0.9357000000000006,0.8212299999999999,0.11447000000000074,0.87288,0.21209999999999987,0.6607800000000001,0.7510723045344878,0.7872205706420623,0.03614826610757449,0.5433833333333333,0.76961,0.2262266666666667,0.7086739667531858
LLLYFLLAVLLLLLTSLLILI,13002200300330021022,000110011011001100000,LL-YF--AV-LL--TS-LI--,1727980000.0,363.786,-380.647,-16.8606,-74.0814,-74.0718,-74.0253,-74.2416,-230.568,-234.191,-230.566,-254.074,-371.914,4744.37,3870.14,3787.01,46.7138,0.000374154,-19.714,-8.68072,29.8531,-75.9975,-83.3661,-76.0042,-43.5988,477,431.524,-101.088,48.8209,24.2296,9.55364,8.25406,7.48638,-13.0768,-100.971,44.6197,24.8637,-8.68072,9.47799,7.66931,6.83861,-8.73224,4,-98.4947,37.986,25.3972,9.3113,6.40231,5.4721,design_209,-39.767300000000006,0.16980000000000928,19.88300000000001,-7.361900000000006,-0.04649999999999466,-3.625,-11.033279999999998,-874.23,10.834900000000005,0.24234000000000044,-1.1676000000000002,2.0142799999999994,Left,0.35497571706264813,0.8112999999999992,1.0536399999999997,0.24234000000000044,0.7397200000000002,0.6229600000000002,0.11675999999999997,0.379683830207779,0.4880636100652586,0.1083797798574796,0.9120166666666667,1.24773,0.3357133333333333,0.4436340745025496
LLLLLVLTALLFLLISLLILI,103300200220030033022,000011011001101100000,LL--LV-TA--FL-IS--I--,1728060000.0,376.122,-393.726,-17.6042,-74.2148,-74.2162,-74.1615,-74.2451,-230.811,-233.748,-230.811,-245.852,-384.099,4554.97,3731.13,3638.77,41.3623,0.000923933,-19.7055,-9.58066,23.7581,-88.701,-95.8403,-88.7072,-64.0013,482,124.21,-53.8911,74.3124,19.6874,9.74846,4.61584,4.23052,-14.609,-53.9644,70.8157,20.3614,-9.58066,9.8071,4.15478,3.71702,-9.62774,3,-59.6597,51.275,27.3954,9.319,2.37108,1.6402,design_1778,-31.839,0.028899999999993042,12.104000000000013,-7.133099999999999,-0.05469999999999686,-2.9369999999999834,-10.12484,-823.8400000000001,23.037399999999998,0.42945999999999884,-7.707999999999998,2.59032,Left,0.028877500655060433,0.8190000000000008,1.2484599999999997,0.42945999999999884,0.9395399999999998,0.16874000000000003,0.7707999999999998,0.5126115816891997,0.7430510264915235,0.2304394448023238,0.2733666666666667,0.7050866666666668,0.43172000000000005,1.0089861385176717
LLLFLLLTILVALLYSLLILI,13002200200330021032,000110011011001100000,LL-FL--TI-VA--YS-LI--,1728040000.0,358.263,-380.996,-22.733,-74.0619,-74.0815,-73.9969,-74.2451,-231.803,-233.507,-231.802,-248.93,-366.597,4621.68,3690.79,3726.03,45.9023,0.000429125,-19.702,-14.3397,23.1692,-75.1316,-78.711,-75.1383,-43.4225,514,2.96218,-107.317,15.9132,25.6165,9.43404,4.74583,3.48453,-18.0531,-106.957,15.1498,24.9937,-14.3397,9.4578,4.58872,3.31597,-14.3991,4,-103.246,6.3832,19.2164,9.4947,2.84865,1.4444,design_1178,-35.2885,0.1635999999999882,15.423000000000002,-3.5726999999999975,-0.08460000000000889,-1.7050000000000125,-5.362300000000001,-930.8900000000003,9.53,-0.06066000000000038,6.400099999999998,2.04013,Left,0.30552627249294656,0.9946999999999999,0.9340399999999995,0.06066000000000038,0.12164000000000001,0.7616499999999998,0.6400099999999999,0.06356605275898355,0.15889312564768396,0.0953270728887004,0.24073333333333333,0.580755,0.34002166666666667,0.7334810292899914
LLLLLFLLATLLVLLSILILI,103300210030031003022,000011001101100110000,LL--LF-LAT-LV-LSI-I--,1728060000.0,375.975,-393.203,-17.2278,-74.2366,-74.2621,-74.1834,-74.3153,-234.948,-235.556,-234.947,-244.821,-381.263,4572.69,3839.43,3682.47,41.3623,0.000923933,-19.6434,-11.8928,24.1345,-84.0185,-91.0876,-84.0246,-62.1267,470,361.194,-54.3572,90.8341,20.8207,9.80461,6.91617,6.77868,-16.8846,-52.0355,91.323,21.3208,-11.8928,9.76171,6.63394,6.50379,-11.9401,4,-52.1246,75.2947,26.2635,9.1613,4.48348,4.1129,design_1665,-28.960899999999995,0.0531999999999897,9.264999999999986,-7.062999999999988,-0.07869999999999777,-0.6090000000000089,-7.7506,-733.2599999999998,15.5394,0.6433099999999996,-5.442800000000002,2.66578,Left,0.028877500655060433,0.6613000000000007,1.3046100000000003,0.6433099999999996,0.82635,0.2820699999999999,0.5442800000000001,0.7528768170160326,0.9083149614490515,0.15543814443301895,0.6854833333333333,1.12978,0.4442966666666667,0.9652196740928414
LLLLYLLATLVLLLFSLLILI,13003200300220022031,000110011011001100000,LL-LY--AT-VL--FS--I-I,1728040000.0,361.776,-379.206,-17.4296,-74.175,-74.1721,-74.1116,-74.2355,-227.963,-229.118,-227.962,-248.391,-367.249,4621.86,3767.8,3702.63,46.7138,0.000374154,-19.5163,-11.8993,29.2841,-77.0676,-83.4754,-77.0746,-44.6224,471,361.194,-98.9918,50.493,24.5039,9.5923,8.16532,7.42272,-13.7722,-98.459,49.1967,25.8493,-11.8993,9.41455,7.91041,7.14836,-11.9566,3,-95.0256,42.7757,23.0618,9.4963,6.52856,5.6702,design_1110,-38.852999999999994,0.06340000000000146,19.272999999999996,-6.40079999999999,-0.06050000000000466,-1.156000000000006,-7.617000000000001,-854.0599999999995,7.717300000000002,0.09600000000000009,1.4421,1.7525199999999996,Left,0.35497571706264813,0.9962999999999997,1.0922999999999998,0.09600000000000009,0.5061800000000002,0.6503900000000001,0.14420999999999995,0.42759443682005693,0.5047893601782907,0.07719492335823375,0.9450333333333334,1.23712,0.2920866666666666,0.34826168485311154
LLLLALLFVLLILLTSLLILI,023002200200330031021,000110011011001100000,L--LA--FV-LI--TS-LI-I,1728070000.0,376.723,-390.14,-13.4166,-74.1629,-74.2339,-74.1576,-74.2393,-227.18,-234.024,-227.177,-245.355,-381.967,4576.21,3754.47,3781.37,41.3623,0.000923933,-19.4445,-8.17101,27.9457,-88.7973,-93.1534,-88.8033,-62.3729,492,87.0218,-114.05,21.1224,18.6455,9.90537,6.45907,5.27591,-12.6973,-115.222,15.1305,19.8684,-8.17101,9.74744,5.8259,4.55285,-8.17295,4,-115.762,1.8789,19.6398,9.2964,4.11802,2.6462,design_1900,-30.780500000000004,0.00539999999999452,11.330999999999989,-4.350100000000012,-0.07630000000000337,-6.847000000000008,-11.27349,-821.7400000000002,19.243499999999997,0.6089699999999993,-0.9943000000000026,2.6297099999999998,Left,0.028877500655060433,0.7964000000000002,1.4053699999999996,0.6089699999999993,0.1639800000000001,0.06454999999999984,0.09943000000000025,0.018510256912963284,0.21099992397840986,0.19248966706544657,0.44103333333333333,0.8793183333333333,0.438285,0.7809460922188969
LLLLALLVILLLTLFSLLILI,103300200230020033022,000011011001101100000,LL--AL-VI--LT-FS--I--,1728040000.0,374.883,-394.709,-19.8258,-74.1783,-74.1728,-74.1728,-74.1783,-236.182,-238.71,-236.18,-246.11,-384.561,4523.78,3736.56,3700.29,41.3623,0.000923933,-19.4235,-10.1461,21.5365,-84.3485,-91.1016,-84.3544,-64.2728,466,193.783,-62.8989,73.9004,13.6317,10.1246,5.91139,5.5199,-16.8936,-62.1308,72.2975,14.1218,-10.1461,10.1015,5.57979,5.16425,-10.1474,4,-67.0014,49.6286,18.3874,9.5,3.25007,2.4945,design_1144,-26.8288,0.00549999999999784,7.400000000000006,-6.7472000000000065,0.0,-2.530000000000001,-9.2774,-787.2199999999998,24.271800000000006,0.6245999999999992,-4.755699999999999,3.0254,Left,0.028877500655060433,1.0,1.6245999999999992,0.6245999999999992,0.038739999999999955,-0.43682999999999994,0.4755699999999999,0.4961429045849021,0.7389298560791265,0.2427869514942244,0.41575,0.9199833333333333,0.5042333333333333,0.9640999653357021
LLLLALLFILVLLLTSLLILI,13003200300220022031,000110011011001100000,LL-LA--FI-VL--TS--I-I,1728040000.0,377.212,-393.555,-16.3435,-74.1811,-74.1776,-74.1758,-74.2416,-228.442,-231.786,-228.44,-246.412,-382.013,4569.84,3859.85,3708.68,41.3623,0.000923933,-19.402,-11.5408,25.0187,-90.9318,-95.4515,-90.9376,-61.3594,490,66.6396,-102.504,50.8396,26.1784,9.70621,8.7389,8.00149,-13.954,-98.9918,50.493,24.5039,-11.5408,9.5923,8.16532,7.42272,-11.5424,4,-95.0256,42.7757,23.0618,9.4963,6.52856,5.6702,design_1110,-34.092099999999995,0.06400000000000716,14.626000000000005,-4.5138999999999925,-0.0018000000000029104,-3.3460000000000036,-7.8612,-709.9900000000002,8.063899999999997,0.2099100000000007,3.1165999999999983,2.33129,Left,0.028877500655060433,0.9962999999999997,1.2062100000000004,0.2099100000000007,0.5061800000000002,0.81784,0.3116599999999998,0.42759443682005693,0.5082563448019237,0.08066190798186679,0.9450333333333334,1.3335816666666667,0.3885483333333333,0.5465073782076381
LLLLAVLLLLLSTLFILLILI,13300300210030022031,000011011001101100000,LL--AV-LL-LST-FI--I-I,1727980000.0,381.421,-386.227,-4.80575,-74.109,-74.1995,-74.1111,-74.2649,-225.258,-225.694,-225.256,-246.961,-384.701,4537.65,3615.85,3630.23,41.3623,0.000923933,-19.3961,-1.53133,36.5565,-86.8595,-104.204,-86.8654,-63.4746,484,515.548,-102.865,32.4192,26.1568,8.91744,6.30634,5.29263,-8.54435,-99.1182,35.2214,25.1911,-1.53133,9.35059,6.12262,5.15095,-1.52592,2,-92.8616,34.8804,21.9262,9.3321,5.13809,4.1613,design_53,-40.72939999999999,0.0653999999999968,21.267000000000024,-17.3386,-0.08840000000000714,-0.4379999999999882,-17.86477,-921.7999999999997,-2.461200000000005,-0.41466000000000136,4.230599999999999,1.1313300000000002,Left,0.028877500655060433,0.8321000000000005,0.41743999999999915,0.41466000000000136,0.39262000000000014,0.8156800000000001,0.42305999999999994,0.34861900779821475,0.3240000160045453,0.024618991793669442,0.69355,0.882105,0.18855500000000003,0.6221589523441239
LLLLYVLLATLFLLLSILILI,103300320020031003012,000011001101100110000,LL--YV--AT-FL-LSI-IL-,1728050000.0,361.974,-379.102,-17.1278,-74.2177,-74.1713,-74.1641,-74.2781,-228.687,-232.925,-228.686,-247.948,-367.999,4592.12,3688.25,3576.98,45.9023,0.000429125,-19.3825,-11.0551,28.7745,-76.1971,-80.2859,-76.2039,-45.7731,496,72.839,-51.8037,80.0266,20.9119,9.40976,5.07416,4.77456,-14.043,-51.2675,75.8287,19.9124,-11.0551,9.45587,4.42699,4.06442,-11.1026,4,-51.2293,66.1027,23.4186,9.2593,3.10826,2.5998,design_1457,-34.5128,0.10679999999999268,15.022999999999996,-4.081999999999994,-0.007199999999997431,-4.239000000000004,-8.3274,-903.8699999999999,13.923900000000003,0.1504600000000007,-2.506700000000002,2.17476,Left,0.30552627249294656,0.7592999999999996,0.9097600000000003,0.1504600000000007,0.5418600000000001,0.29118999999999995,0.25067000000000017,0.6609307043200269,0.800209259429678,0.13927855510965115,0.4333,0.79576,0.36246,0.48605496398394327
LLLLLVLALLLTVLFILLILI,103300200220020033032,000011011001101100000,LL--LV-AL--TV-FI--I--,1728030000.0,368.213,-376.762,-8.54864,-58.8709,-58.784,-58.8046,-58.9642,-232.995,-234.838,-232.995,-246.434,-373.936,4571.27,3729.47,3726.43,42.2344,0.000797366,-19.3782,-2.76531,33.6858,-84.8959,-99.6925,-84.9018,-68.5383,502,60.9677,-52.7945,100.515,24.1581,9.8619,7.98866,7.99639,-13.5513,-54.7127,95.4044,24.0907,-2.76531,10.1412,7.5865,7.51757,-2.8257,4,-55.688,80.176,27.7609,9.5,5.67696,5.3796,design_1012,-31.15419999999999,0.18019999999999925,11.596000000000004,-14.790700000000001,0.020600000000001728,-1.8429999999999893,-16.61289,-841.8000000000006,20.339,0.36190000000000033,-3.6027999999999984,2.61679,Left,0.08201965790612242,1.0,1.3619000000000003,0.36190000000000033,0.9760899999999999,0.6158100000000001,0.3602799999999998,0.8017036838462124,1.0051514630154965,0.20344777916928414,0.8966,1.3327316666666666,0.4361316666666667,0.7016944619407783
LLLLFALLAVLLTLLSILILI,103300310020031003022,000011001101100110000,LL--FA-LAV-LT-LSI-I--,1728050000.0,366.308,-380.522,-14.2138,-74.2109,-74.158,-74.158,-74.2109,-226.631,-230.112,-226.629,-240.892,-371.048,4455.33,3673.6,3614.56,43.6652,0.000626172,-19.2779,-9.42968,29.4514,-79.6803,-86.0561,-79.6911,-55.9451,475,124.21,-55.0135,79.2674,20.151,9.76064,5.45312,5.14213,-16.1076,-55.2892,75.7641,19.4999,-9.42968,9.71398,5.02154,4.658,-9.47357,4,-53.445,64.8077,25.9322,9.1809,3.26578,2.7379,design_1372,-30.111000000000004,0.05289999999999395,10.780000000000001,-6.364999999999995,0.0,-3.483000000000004,-9.84822,-781.73,14.459699999999998,0.579740000000001,-5.781200000000002,2.40423,Left,0.16920667613203583,0.6808999999999994,1.2606400000000004,0.579740000000001,0.7932200000000001,0.21509999999999999,0.5781200000000002,0.647977025475235,0.7926151026891637,0.14463807721392874,0.45631666666666665,0.8570216666666667,0.40070500000000003,0.9229332979176468
LLLLLLLLAVLFILLSTLILI,103300320030022003011,000011001101100110000,LL--LL--AV-FI--ST-ILI,1727980000.0,377.181,-393.721,-16.5399,-74.221,-74.1902,-74.1605,-74.2508,-228.249,-232.348,-228.249,-245.763,-384.544,4501.5,3689.37,3584.49,41.3623,0.000923933,-19.2526,-9.12287,24.8224,-91.2507,-97.2575,-91.2565,-64.5297,470,211.811,-52.6557,65.5536,17.2025,9.5365,3.24809,2.73139,-13.0754,-52.3164,61.5735,17.2577,-9.12287,9.53538,2.65989,2.08349,-9.17771,3,-43.8654,60.6546,18.1944,9.5,1.26818,0.678,design_147,-32.72779999999999,0.06059999999999377,13.414999999999992,-6.000999999999991,-0.02970000000000539,-4.099000000000018,-10.12973,-812.1300000000001,4.899000000000001,0.0365000000000002,-0.9919000000000011,2.0533900000000003,Left,0.028877500655060433,1.0,1.0365000000000002,0.0365000000000002,0.01944000000000017,-0.07974999999999995,0.09919000000000011,0.6064342273205591,0.655438144433019,0.04900391711245988,0.113,0.4552316666666667,0.3422316666666667,0.36151736287737185
LLLLLALLLFLTVLLSILILI,103300210030032003012,000011001101100110000,LL--LA-LLF-TV--SI-IL-,1728040000.0,377.27,-394.982,-17.7118,-74.2129,-70.6933,-74.2076,-74.3093,-229.439,-231.77,-229.437,-245.934,-383.455,4558.33,3725.13,3590.95,41.3623,0.000923933,-19.1789,-11.5264,23.6504,-91.3303,-100.171,-91.3364,-63.2119,472,211.811,-49.2911,87.1389,17.7701,9.68343,5.65741,5.46449,-16.2427,-48.7757,85.6477,17.3774,-11.5264,9.70781,5.37879,5.16351,-11.527,4,-42.4871,80.8476,18.0255,9.5,3.78749,3.5002,design_1306,-36.95910000000001,3.6159999999999997,14.163999999999987,-8.834600000000009,3.5143000000000058,-2.3329999999999984,-7.652499999999998,-833.1999999999998,6.291300000000007,0.18342999999999954,-0.2554000000000016,1.9642899999999996,Left,0.028877500655060433,1.0,1.1834299999999995,0.18342999999999954,0.0025500000000000965,-0.022990000000000066,0.025540000000000163,0.8084215917320519,0.8713524640998044,0.06293087236775252,0.5833666666666667,0.9107483333333333,0.32738166666666657,0.38136322170132053
LLLLFALLAVLTILLSLLILI,103300220020031003012,000011001101100110000,LL--FA--AV-TI-LSL-IL-,1728010000.0,365.671,-378.08,-12.4091,-68.6607,-70.6214,-68.608,-74.3324,-224.175,-229.729,-224.173,-241.585,-371.935,4457.97,3657.01,3640.66,43.6652,0.000626172,-18.9857,-6.10077,31.2562,-85.2445,-90.5702,-85.2553,-56.0179,492,276.595,-49.2239,90.6318,17.8712,9.37614,6.11888,5.97836,-10.9073,-51.7803,83.0682,19.9465,-6.10077,9.32466,5.48125,5.22727,-6.14468,3,-47.6323,76.7897,26.2623,9.3258,4.01145,3.6633,design_628,-34.5523,3.7110000000000127,11.855999999999995,-5.314899999999994,-2.01339999999999,-5.556000000000012,-12.88493,-800.96,13.842100000000002,0.05034000000000027,-8.391099999999998,2.3150600000000003,Left,0.16920667613203583,0.8257999999999992,0.8761399999999995,0.05034000000000027,0.82623,-0.012879999999999826,0.8391099999999998,0.7678310640221823,0.906291386753838,0.13846032273165576,0.61055,0.9963933333333334,0.3858433333333333,0.9352465164590199
LLLLLALILLLTVLFSLLILI,103300300320020023022,000011011001101100000,LL--LA-IL--TV-FS--I--,1728060000.0,374.503,-391.544,-17.0414,-74.1722,-67.0746,-74.1668,-74.3093,-234.999,-235.043,-234.998,-246.039,-383.92,4541.43,3718.97,3711.29,41.3623,0.000923933,-18.9755,-7.62386,24.3208,-82.3729,-100.778,-82.3791,-63.5714,467,135.765,-54.487,72.7072,19.0946,9.75052,4.48852,4.07913,-13.1495,-55.1663,70.6702,22.0214,-7.62386,9.95175,4.31541,3.87547,-7.62414,4,-63.9618,46.3315,24.4136,8.6824,2.34903,1.544,design_1714,-37.20660000000001,7.2346999999999895,10.995999999999981,-18.398900000000012,7.092199999999991,-0.045000000000015916,-11.35164,-822.4600000000005,26.375700000000002,1.0681200000000004,-5.318999999999999,2.53513,Left,0.028877500655060433,0.18239999999999945,1.2505199999999999,1.0681200000000004,0.6413599999999999,0.10945999999999997,0.5318999999999999,0.4631625381608377,0.7269944664284657,0.26383192826762797,0.25733333333333336,0.679855,0.42252166666666663,1.2930312407580078
LLLLLFLLAVLYLLLSTLILI,103300210030032003012,000011001101100110000,LL--LF-LAV-YL--ST-IL-,1728040000.0,365.375,-385.544,-20.1694,-74.2159,-74.1897,-74.1496,-74.2559,-231.434,-232.031,-231.434,-248.857,-371.525,4608.77,3783.64,3636.95,46.7138,0.000374154,-18.9748,-13.9589,26.5443,-79.8938,-84.2798,-79.9008,-48.4129,511,394.796,-48.7757,85.6477,17.3774,9.70781,5.37879,5.16351,-18.8198,-49.7835,84.1608,17.6157,-13.9589,9.5973,5.32924,5.09166,-14.0185,3,-42.4871,80.8476,18.0255,9.5,3.78749,3.5002,design_1306,-35.866899999999994,0.06619999999999493,16.825999999999993,-4.378999999999991,-0.04009999999999536,-0.5970000000000084,-5.0158999999999985,-825.1300000000006,4.8001000000000005,0.20781000000000027,-0.6480999999999995,1.6633099999999996,Left,0.35497571706264813,1.0,1.2078100000000003,0.20781000000000027,0.0025500000000000965,-0.06225999999999985,0.06480999999999995,0.8084215917320519,0.8564362278887204,0.048014636156668566,0.5833666666666667,0.8605849999999999,0.27721833333333323,0.35572565527575944
LLLLTLLLAILFVLLSLLILI,103300310030022003012,000011001101100110000,LL--TL-LAI-FV--SL-IL-,1728020000.0,376.758,-384.977,-8.21942,-60.5031,-60.4405,-60.4405,-60.5031,-222.793,-228.328,-222.793,-246.455,-377.906,4530.43,3679.29,3641.3,41.3623,0.000923933,-18.955,-7.01403,33.1429,-101.681,-108.092,-101.687,-70.9479,478,431.524,-52.4855,73.2449,16.4123,9.31974,4.26089,3.85956,-11.3845,-52.102,68.0658,17.0095,-7.01403,9.35384,3.50418,3.02517,-7.07137,3,-48.0588,67.1612,19.6216,9.5,2.77558,2.283,design_910,-37.144099999999995,0.06260000000000332,18.12700000000001,-6.405000000000001,0.0,-5.534999999999997,-11.940969999999998,-851.1400000000003,6.083700000000007,-0.18026000000000053,-3.2093000000000025,1.5765600000000002,Left,0.028877500655060433,1.0,0.8197399999999995,0.18026000000000053,0.16216000000000008,-0.15877000000000016,0.32093000000000027,0.6715187113140131,0.7323729939302762,0.06085428261626313,0.3805,0.64326,0.26276000000000005,0.4563286028869332
LLLLLVLTALLFLLYILLILI,103300200220030023032,000011011001101100000,LL--LV-TA--FL-YI--I--,1728060000.0,361.767,-375.028,-13.2601,-58.9371,-58.868,-58.868,-58.9371,-235.63,-236.879,-235.63,-250.748,-368.152,4603.03,3854.15,3669.86,43.7222,0.000620174,-18.9401,-6.81361,30.4621,-80.4609,-91.3449,-80.4677,-58.4664,459,361.194,-53.2652,98.535,23.1548,9.90174,7.792,7.77003,-17.1758,-53.6862,96.874,23.2318,-6.81361,9.93443,7.63092,7.58403,-6.87588,4,-57.8226,78.3254,26.0525,9.5,5.74732,5.4222,design_1660,-32.878499999999995,0.06909999999999883,13.869,-10.877200000000002,0.0,-1.2489999999999952,-12.12649,-748.8799999999997,20.209599999999995,0.4017400000000002,-2.897699999999997,2.34783,Left,0.17268001974321648,1.0,1.4017400000000002,0.4017400000000002,0.8052499999999998,0.5154800000000002,0.28976999999999964,0.7831924266491683,0.9853458382180539,0.20215341156888555,0.9037000000000001,1.295005,0.3913049999999999,0.6628327732799119
LLLLYLLAVLFLLLTSLLILI,13002300200320021032,000110011011001100000,LL-LY--AV-FL--TS-LI--,1728000000.0,364.179,-378.127,-13.948,-74.0673,-74.0646,-74.004,-74.2416,-226.087,-230.174,-226.086,-247.634,-370.014,4639.38,3790.85,3708.94,46.7138,0.000374154,-18.894,-8.05562,32.7658,-77.972,-84.669,-77.9791,-48.1383,475,361.194,-107.452,27.7442,25.7923,9.45946,6.3632,5.27937,-12.7092,-106.975,23.4617,24.7115,-8.05562,9.35977,5.71362,4.56554,-8.11282,4,-100.847,22.1278,18.4789,9.3388,4.61428,3.4462,design_520,-36.530699999999996,0.1770000000000067,17.45999999999998,-6.689899999999994,-0.06059999999999377,-4.087999999999994,-10.838379999999999,-848.5300000000002,5.616399999999999,0.1206599999999991,7.3134000000000015,1.83317,Left,0.35497571706264813,0.8388000000000009,0.95946,0.1206599999999991,0.047889999999999947,0.7792300000000001,0.7313400000000001,0.22105678012555566,0.2772367352328061,0.05617995510725046,0.5743666666666667,0.879895,0.3055283333333333,0.8036919689939032
LLLLVLLLFTLALLLSILILI,103300320020021003012,000011001101100110000,LL--VL--FT-AL-LSI-IL-,1728040000.0,377.41,-389.23,-11.8202,-74.2177,-74.2233,-74.1628,-74.2809,-226.605,-232.209,-226.605,-245.931,-381.096,4569.27,3692.71,3645.4,41.3623,0.000923933,-18.8181,-8.08536,29.5421,-88.4075,-93.4825,-88.4134,-60.8841,494,231.516,-49.8347,79.3079,19.7171,9.48624,4.68177,4.37139,-11.0917,-48.3602,75.7477,19.7788,-8.08536,9.82654,3.97996,3.61618,-8.13415,4,-45.1259,69.6521,21.6169,9.4813,2.67192,2.2167,design_1168,-32.598400000000005,0.05760000000000787,13.722000000000008,-5.069100000000006,-0.06049999999999045,-5.604000000000013,-10.732740000000002,-876.5600000000004,9.6558,0.004940000000001277,-1.8998000000000026,2.15469,Left,0.028877500655060433,0.9812999999999992,0.9862400000000004,0.004940000000001277,0.3616900000000001,0.17170999999999986,0.18998000000000026,0.6964347874796443,0.7930202177418387,0.09658543026219446,0.36945,0.728565,0.359115,0.41762319447551444
LLLLAVLLLILTLLLSFLILI,103300220030022003011,000011001101100110000,LL--AV--LI-TL--SF-ILI,1728050000.0,374.801,-396.572,-21.7714,-74.1785,-70.6418,-74.1809,-74.2722,-232.949,-234.717,-232.947,-247.008,-385.063,4530.75,3793.57,3652.16,41.3623,0.000923933,-18.7644,-11.5152,19.5908,-89.4444,-98.4682,-89.4503,-63.7827,458,673.233,-48.8998,93.1606,15.9227,9.62351,6.41165,6.30906,-15.6293,-48.036,92.492,17.658,-11.5152,9.67169,6.19183,6.07921,-11.5089,3,-41.0172,86.6948,19.8286,9.5,4.35638,4.1568,design_1570,-34.6855,3.6303999999999945,12.290999999999997,-9.017899999999997,3.5390999999999906,-1.7700000000000102,-7.249199999999998,-737.1799999999998,6.4658000000000015,0.12350999999999956,-3.905900000000001,2.15226,Left,0.028877500655060433,1.0,1.1235099999999996,0.12350999999999956,0.18286000000000016,-0.20772999999999991,0.3905900000000001,0.8669102024975093,0.9315865705860464,0.06467636808853716,0.6928,1.05151,0.35871,0.5483349021256297
LLLLALLLAVLFTLLSILILI,103300310020022003012,000011001101100110000,LL--AL-LAV-FT--SI-IL-,1728080000.0,367.334,-387.45,-20.1159,-74.2109,-74.1503,-74.1503,-74.2109,-225.527,-226.496,-225.525,-242.554,-374.891,4477.28,3630.18,3599.43,43.6652,0.000626172,-18.7475,-12.5064,23.5494,-87.7122,-92.9922,-87.7228,-58.1266,497,253.054,-49.0525,87.9631,15.5651,9.06271,5.73289,5.55234,-15.3926,-50.1489,84.8249,16.7984,-12.5064,9.3217,5.4737,5.24608,-12.5588,4,-44.7045,79.0022,18.5476,9.3325,3.87097,3.556,design_1975,-34.86559999999999,0.06059999999999377,16.057999999999993,-5.26939999999999,0.0,-0.9710000000000036,-6.241099999999999,-847.0999999999999,8.960899999999995,-0.2697900000000004,-2.9825,1.99634,Left,0.16920667613203583,0.8324999999999996,0.5627099999999992,0.2697900000000004,0.05475999999999992,-0.24349000000000007,0.29825,0.7899623493072032,0.8795968054927599,0.08963445618555665,0.5926666666666667,0.92539,0.33272333333333337,0.5296025480302424
LLLAALLLLLTSLLFVLLILI,13002300300220031022,000110011011001100000,LL-AA--LL-TS--FV-LI--,1727980000.0,376.201,-380.55,-4.34872,-74.126,-74.1506,-74.118,-74.2819,-216.861,-221.927,-216.849,-243.545,-378.063,4567.18,3678.53,3604.11,44.4768,0.00054596,-18.7185,-2.47738,40.128,-89.5631,-100.703,-89.5735,-60.236,481,17.549,-105.837,24.5118,24.4061,8.94843,5.68469,4.55237,-6.23851,-106.798,17.1388,22.3838,-2.47738,8.9938,4.83342,3.5905,-2.48713,0,-106.798,17.1388,22.3838,8.9938,4.83342,3.5905,design_160,-40.467000000000006,0.13129999999999598,21.617999999999995,-11.129500000000007,-0.03260000000000218,-5.078000000000003,-16.24112,-888.6500000000001,7.373000000000001,-0.04537000000000013,2.0222999999999978,0.9618699999999998,Left,0.21866221428701998,0.49380000000000024,0.4484300000000001,0.04537000000000013,0.4383800000000001,0.6406099999999999,0.2022299999999998,0.17115260734048468,0.24490355260894095,0.07375094526845627,0.5984166666666667,0.7587283333333333,0.16031166666666663,0.27220294303595466
LLLLAILLLLLTVLFSLLILI,103300300230020023111,000011011001101100000,LL--AI-LL--TV-FS--ILI,1727990000.0,374.444,-394.383,-19.9391,-74.2129,-70.6514,-74.205,-74.3093,-232.925,-234.443,-232.923,-246.597,-384.759,4532.61,3733.43,3660.25,41.3623,0.000923933,-18.6116,-9.62043,21.4232,-87.2456,-98.2756,-87.2515,-63.8521,461,135.765,-51.624,66.8036,15.3711,9.56221,3.26208,2.76414,-14.549,-50.0791,67.1775,16.5051,-9.62043,9.58945,3.08084,2.5885,-9.62438,4,-43.3965,59.9495,18.0,9.3753,1.10266,0.5019,design_317,-34.4235,3.657899999999998,12.153999999999996,-11.024100000000004,3.553600000000003,-1.5200000000000102,-8.991169999999999,-799.1799999999998,6.8541000000000025,0.18691000000000102,-2.6289,2.26224,Left,0.028877500655060433,0.8752999999999993,1.0622100000000003,0.18691000000000102,0.0,-0.26288999999999996,0.26288999999999996,0.599381224267692,0.6679416954415054,0.06856047117381336,0.08365,0.46069,0.37704,0.5009053802940987
LLLLAILVALLLLLFSLLILI,103300200320020033022,000011011001101100000,LL--AI-VA--LL-FS--I--,1727980000.0,369.648,-382.58,-12.9329,-60.3986,-60.3338,-60.3338,-60.4659,-225.04,-226.304,-225.038,-242.751,-373.29,4510.64,3615.92,3624.12,40.8884,0.00100093,-18.609,-9.23328,27.9555,-97.142,-105.262,-97.1521,-70.0733,480,16.0553,-50.4392,95.9612,18.139,8.84464,7.02065,6.96007,-15.4584,-51.2921,93.6693,17.5651,-9.23328,9.13936,6.83917,6.74421,-9.29028,4,-54.0792,78.5495,19.5461,8.8671,5.21606,4.8943,design_211,-35.1887,0.13210000000000122,16.447000000000003,-8.109899999999996,0.0,-1.2659999999999911,-9.375720000000001,-894.7200000000003,17.41170000000001,-0.02246000000000059,-1.4070999999999998,2.0657699999999997,Left,0.0,0.36710000000000065,0.34464000000000006,0.02246000000000059,0.15460999999999991,0.013899999999999935,0.14070999999999997,0.7854340632739697,0.9596005265495401,0.1741664632755704,0.8157166666666668,1.1600116666666667,0.3442949999999999,0.41131102544779974
LLLLALLLATLFVLLSILILI,103300210030031003022,000011001101100110000,LL--AL-LAT-FV-LSI-I--,1727990000.0,367.091,-380.516,-13.4255,-74.3153,-74.2544,-74.2544,-74.3153,-220.556,-227.32,-220.553,-242.003,-374.498,4466.43,3608.79,3544.94,43.6652,0.000626172,-18.6009,-5.96534,30.2398,-85.6448,-91.5243,-85.6555,-58.1796,467,231.516,-52.0701,88.6951,18.2586,9.11298,6.28436,6.11479,-10.632,-53.7925,81.4957,17.2349,-5.96534,9.21394,5.5708,5.29323,-6.01858,2,-55.0277,71.5816,19.5968,9.4911,4.41768,3.9914,design_303,-33.344699999999996,0.06089999999998952,14.682999999999993,-5.868799999999993,0.0,-6.766999999999996,-12.635559999999998,-857.6400000000003,17.113500000000002,-0.3781199999999991,-1.3382000000000005,2.12339,Left,0.16920667613203583,0.9910999999999994,0.6129800000000003,0.3781199999999991,0.15968000000000018,0.025860000000000126,0.13382000000000005,0.7157352688163438,0.8869188849633295,0.17118361614698574,0.6652333333333333,1.0191316666666668,0.3538983333333334,0.5616318968624103
LLLLVALLLSLTALLFLLILI,101300230020033003102,000011001101100110000,LLL-VA--LS-TA--FL-IL-,1728060000.0,376.182,-382.656,-6.47397,-74.3087,-74.2525,-74.2525,-74.3087,-214.999,-218.908,-214.997,-242.586,-375.88,4516.45,3565.55,3492.27,44.4768,0.00054596,-18.5797,-6.72836,38.0028,-93.3486,-101.299,-93.3594,-58.9858,471,361.194,-8.75513,100.323,20.738,8.66004,1.35691,1.36176,-12.7376,-8.26529,97.4621,20.5725,-6.72836,8.638,0.897178,0.85911,-6.77591,1,-7.37323,96.1061,21.1567,8.5838,0.580309,0.5219,design_1699,-42.31320000000001,0.056200000000004025,23.678000000000026,-7.939600000000013,0.0,-3.910999999999973,-11.851339999999999,-950.8999999999996,4.216899999999995,0.07624000000000031,-0.4187000000000012,0.83986,Left,0.21866221428701998,0.0838000000000001,0.1600400000000004,0.07624000000000031,0.31567000000000006,0.27379999999999993,0.04187000000000013,0.9610499381824438,1.003230917580593,0.04218097939814913,0.08698333333333334,0.22696000000000002,0.1399766666666667,0.17011271773179762
LLLLALLLYVLATLLSFLILI,103300220020031003012,000011001101100110000,LL--AL--YV-AT-LSF-IL-,1728080000.0,352.067,-365.435,-13.368,-74.2109,-74.1365,-74.1365,-74.2109,-224.066,-227.336,-224.064,-245.554,-363.851,4541.32,3652.8,3653.54,49.0167,0.000253574,-18.5791,-1.51873,35.6487,-67.1579,-80.9577,-67.1697,-44.0861,470,211.811,-52.0849,85.8718,14.3808,8.44505,5.90543,5.69351,-9.78261,-52.2604,82.1739,16.1984,-1.51873,8.77714,5.43254,5.16515,-1.58398,3,-51.2612,73.0095,18.4693,8.9048,4.04546,3.6406,design_1968,-36.8716,0.07439999999999714,18.21799999999999,-13.787999999999997,0.0,-3.27200000000002,-17.06037,-888.5199999999995,12.86229999999999,-0.45974999999999966,-4.0885,2.05291,Left,0.49530489253962356,0.4047999999999998,-0.05494999999999983,0.45974999999999966,0.04693000000000005,-0.3619199999999999,0.40884999999999994,0.730018325204358,0.8586778645135218,0.12865953930916374,0.6067666666666667,0.9489183333333333,0.34215166666666663,0.7156461591163776
LLLLLLLTVLIALLFSLLILI,13002300200230021032,000110011011001100000,LL-LL--TV-IA--FS-LI--,1727980000.0,373.969,-389.452,-15.4826,-74.0889,-70.5151,-74.0267,-74.2451,-224.876,-226.439,-224.876,-244.943,-380.57,4550.37,3735.19,3627.88,41.3623,0.000923933,-18.5321,-8.82565,25.8797,-90.4867,-102.148,-90.4928,-61.3819,480,431.524,-108.971,11.6135,24.7985,9.09502,4.41342,3.08763,-14.8212,-108.897,9.16853,23.9214,-8.82565,8.99123,4.07233,2.70986,-8.8818,4,-100.98,9.1147,19.2008,9.049,2.87748,1.5142,design_55,-40.766099999999994,3.7299999999999898,18.50400000000002,-11.655199999999994,3.5116000000000014,-1.5629999999999882,-9.70645,-815.1799999999998,2.498800000000001,0.046020000000000394,5.5977,1.5734299999999999,Left,0.028877500655060433,0.5489999999999995,0.5950199999999999,0.046020000000000394,0.1200800000000001,0.6798500000000001,0.55977,0.09088881242272806,0.11588391103073274,0.02499509860800468,0.2523666666666667,0.514605,0.2622383333333333,0.6203660143204722
LLLLLVLAILLLTLFSLLILI,103300200230020033022,000011011001101100000,LL--LV-AI--LT-FS--I--,1728040000.0,374.71,-387.224,-12.5141,-74.1783,-74.1246,-74.1246,-74.1783,-230.999,-235.916,-230.998,-245.047,-383.703,4514.5,3725.04,3762.88,41.3623,0.000923933,-18.4983,-3.4735,28.8482,-82.0473,-92.1607,-82.0532,-64.4776,505,135.765,-59.0016,93.6538,18.328,10.2338,7.99351,7.89831,-13.1878,-60.123,89.4882,18.7382,-3.4735,10.3463,7.59935,7.44167,-3.52135,4,-62.1119,70.2834,23.2337,9.5,5.30505,4.8593,design_1167,-27.68310000000001,0.05369999999999209,9.131,-10.107500000000002,0.0,-4.918000000000006,-15.0248,-789.46,23.370400000000004,0.7338000000000005,-4.9056999999999995,3.03901,Left,0.028877500655060433,1.0,1.7338000000000005,0.7338000000000005,0.5233699999999999,0.03279999999999994,0.49056999999999995,0.7027495808809702,0.9365199716719549,0.23377039079098472,0.8098833333333334,1.3163850000000001,0.5065016666666667,1.044180970352688
LLLLAVLLSILYTLLLFLILI,103300320020021003012,000011001101100110000,LL--AV--SI-YT-LLF-IL-,1728020000.0,367.282,-377.278,-9.99675,-74.2686,-74.2599,-74.2599,-74.2686,-229.02,-233.346,-229.017,-249.567,-371.726,4544.39,3790.87,3655.31,45.9023,0.000429125,-18.4883,-5.54729,35.9055,-73.9901,-82.6078,-73.9966,-47.8905,471,276.595,-53.6839,74.1408,18.348,9.49887,4.56159,4.1737,-8.26855,-51.5156,71.8496,19.4528,-5.54729,9.49944,3.92704,3.50478,-5.55247,3,-49.8442,67.1445,24.8196,9.1494,3.04113,2.5483,design_887,-34.717299999999994,0.008700000000004593,16.221000000000004,-8.611199999999997,0.0,-4.329000000000008,-12.941009999999999,-753.5200000000004,6.996300000000005,0.34947000000000017,-6.471600000000002,1.6254000000000004,Left,0.30552627249294656,0.6494,0.9988700000000001,0.34947000000000017,0.6819600000000001,0.0347999999999999,0.6471600000000002,0.6713516638725398,0.7413345390090785,0.06998287513653878,0.42471666666666663,0.6956166666666667,0.27090000000000003,0.7869115320748431
LLLFTLLLLLVALLYSLLILI,13002300200230021032,000110011011001100000,LL-FT--LL-VA--YS-LI--,1728050000.0,361.994,-371.989,-9.99458,-60.4659,-60.3967,-60.3967,-60.4659,-226.597,-228.058,-226.595,-249.974,-361.574,4645.26,3729.6,3704.36,46.7138,0.000374154,-18.4464,-10.3498,36.7192,-84.926,-91.566,-84.9328,-51.1343,473,330.452,-110.475,0.718934,24.2915,9.08738,3.16831,1.67909,-13.8499,-110.283,-1.84681,24.7916,-10.3498,9.25597,2.79307,1.26537,-10.4147,2,-105.587,2.4533,19.0015,9.4143,2.6692,1.206,design_1585,-40.4317,0.06919999999999504,21.915999999999997,-6.633200000000002,0.0,-1.4629999999999939,-8.0966,-915.6600000000003,-1.734366,-0.3269200000000012,5.289999999999999,0.47309,Left,0.35497571706264813,0.9143000000000008,0.5873799999999996,0.3269200000000012,0.10015,0.6291499999999999,0.5289999999999999,0.024255888672382958,0.006907301673675324,0.017348586998707633,0.20099999999999998,0.2798483333333333,0.07884833333333333,0.6270850975268802
LLLLAYLLTVLLFLLSLLILI,102300220030033003102,000011001101100110000,LL--AY--TV-LF--SL-IL-,1728030000.0,364.312,-378.89,-14.578,-70.9393,-70.5646,-70.9316,-74.0574,-229.28,-231.904,-229.276,-248.755,-369.257,4633.06,3730.82,3626.85,46.7138,0.000374154,-18.4353,-9.62884,32.1358,-78.6706,-85.223,-78.6782,-46.4441,480,72.839,-12.2874,104.71,27.3328,9.62234,2.47898,2.54964,-16.2338,-11.8915,103.178,27.2698,-9.62884,9.45741,2.21277,2.26045,-9.63295,4,-10.1001,99.8752,28.0,9.5,1.49817,1.4963,design_1031,-38.7789,3.4928000000000026,16.851,-6.544799999999995,0.36700000000000443,-2.627999999999986,-8.806460000000001,-902.2400000000002,4.834799999999987,0.12233999999999945,-0.6672000000000011,1.0533400000000002,Left,0.35497571706264813,1.0,1.1223399999999994,0.12233999999999945,1.0,0.9332799999999999,0.06672000000000011,0.9987516454673128,1.0471133801999768,0.04836173473266403,0.24938333333333332,0.42494000000000004,0.17555666666666672,0.22929813474484168
LLLLFVLIALLLLLTSLLILI,103300200220030033022,000011011001101100000,LL--FV-IA--LL-TS--I--,1728050000.0,376.218,-388.102,-11.8842,-74.1743,-74.1287,-74.1287,-74.2416,-225.301,-227.991,-225.3,-245.334,-381.054,4543.34,3630.54,3626.82,41.3623,0.000923933,-18.4105,-7.00785,29.478,-88.6268,-97.3442,-88.6328,-61.4784,486,302.327,-50.4002,94.3285,20.6868,9.13861,6.79438,6.7093,-15.7443,-51.1108,90.476,20.5168,-7.00785,9.17617,6.38088,6.23802,-7.04803,4,-50.5624,79.8363,23.0141,8.6374,4.86226,4.5598,design_1387,-35.8658,0.11290000000001044,17.34299999999999,-8.711399999999998,0.0,-2.6910000000000025,-11.402649999999998,-912.8000000000002,14.492200000000011,0.5012100000000004,-2.3272999999999975,2.1494999999999997,Left,0.028877500655060433,0.13739999999999952,0.6386099999999999,0.5012100000000004,0.5014099999999999,0.26868000000000014,0.23272999999999977,0.798305718824146,0.9432688883642956,0.14496316954014954,0.7599666666666667,1.1182166666666666,0.35824999999999996,0.674338268247566
LLLYLLLAVLTSLLFILLILI,13002200200330021032,000110011011001100000,LL-YL--AV-TS--FI-LI--,1728040000.0,365.488,-381.539,-16.0506,-74.3842,-74.3232,-74.3232,-74.3842,-230.512,-231.857,-230.51,-252.953,-371.603,4606.41,3802.32,3716.54,45.9023,0.000429125,-18.4039,-9.87925,29.8517,-76.6425,-83.8268,-76.6489,-44.2656,541,1.45397,-103.32,45.2301,22.6894,9.07524,8.10411,7.28256,-14.9813,-103.598,42.0167,21.631,-9.87925,9.15762,7.71196,6.84221,-9.93543,3,-101.372,34.7685,21.0366,9.3801,6.39957,5.4211,design_1233,-39.56120000000001,0.06100000000000705,21.096000000000004,-7.177900000000008,0.0,-1.3470000000000084,-8.52465,-804.0899999999997,10.461599999999997,-0.3048599999999997,1.6527999999999992,1.8614600000000001,Left,0.30552627249294656,0.8801000000000005,0.5752400000000009,0.3048599999999997,0.30366,0.4689399999999999,0.16527999999999993,0.3474996899119351,0.4521454092962402,0.10464571938430511,0.9035166666666666,1.21376,0.3102433333333333,0.4769263574842937
LLLLLFLLAVLLILLSTLILI,103300210030031003022,000011001101100110000,LL--LF-LAV-LI-LST-I--,1728060000.0,376.481,-385.617,-9.13531,-74.2107,-74.1979,-74.1578,-74.2508,-229.745,-235.053,-229.744,-243.078,-380.907,4540.07,3829.64,3710.66,41.3623,0.000923933,-18.3776,-4.66287,32.227,-81.661,-90.0335,-81.6671,-63.5773,463,330.452,-52.0355,91.323,21.3208,9.76171,6.63394,6.50379,-12.1691,-52.8105,85.797,22.5306,-4.66287,9.75711,6.00417,5.79112,-4.70994,3,-52.1246,75.2947,26.2635,9.1613,4.48348,4.1129,design_1665,-26.456200000000003,0.05289999999999395,8.025000000000006,-8.366399999999999,-0.04010000000000957,-5.3089999999999975,-13.714730000000001,-710.4299999999998,16.028299999999987,0.6004100000000001,-4.942700000000002,2.3908900000000006,Left,0.028877500655060433,0.6613000000000007,1.2617100000000008,0.6004100000000001,0.82635,0.3320799999999998,0.4942700000000002,0.7528768170160326,0.9132053503194907,0.1603285333034581,0.6854833333333333,1.083965,0.39848166666666673,0.8884187516372462
LLLLALLYLLTALLFSLLILI,13002200200230031032,000110011011001100000,LL-LA--YL-TA--FS-LI--,1727980000.0,360.025,-377.202,-17.1768,-74.1951,-74.0846,-74.1272,-74.1951,-220.075,-222.346,-220.072,-245.556,-367.722,4596.21,3674.51,3657.54,50.068,0.000212318,-18.3765,-9.41982,32.8912,-82.9317,-89.6678,-82.9434,-47.9716,498,60.9677,-103.249,28.4949,25.9895,8.69455,5.83417,4.7616,-12.8993,-102.193,27.4825,26.218,-9.41982,8.63246,5.5391,4.45134,-9.4797,1,-99.9057,26.8756,28.0,8.5,5.11407,4.0172,design_271,-41.6962,0.11050000000000182,23.210000000000008,-6.724400000000003,0.0426000000000073,-2.274000000000001,-8.95668,-921.6999999999998,1.6193000000000026,0.19454999999999956,-2.0105000000000004,0.7443999999999997,Left,0.5593667546174141,0.0,0.19454999999999956,0.19454999999999956,1.0,0.7989499999999999,0.20105000000000006,0.2685482677080291,0.2847458678264627,0.01619760011843363,0.6695333333333333,0.7936,0.12406666666666666,0.3064730086441126
LLLLLLLLTILVALLSFLILI,102300320030032003102,000011001101100110000,LL--LL--TI-VA--SF-IL-,1728060000.0,374.261,-395.649,-21.3879,-74.1509,-70.9053,-74.0903,-74.2984,-236.531,-238.712,-236.531,-245.769,-383.937,4524.82,3752.76,3644.99,41.3623,0.000923933,-18.3664,-11.6577,19.9744,-84.9671,-92.6854,-84.9729,-63.8694,486,330.452,-11.9717,111.944,23.3783,9.2831,3.40812,3.58727,-17.4438,-13.3824,108.401,24.0609,-11.6577,9.53988,3.14151,3.26752,-11.7125,4,-18.4894,85.0913,21.4874,8.8163,0.76073,0.5371,design_1664,-28.816000000000003,3.393100000000004,7.057000000000016,-7.712500000000006,3.1850000000000023,-2.180999999999983,-6.7086999999999986,-772.0599999999995,26.8527,0.4667999999999992,1.8908999999999985,3.05017,Left,0.028877500655060433,0.3163,0.7830999999999992,0.4667999999999992,0.3487400000000001,0.5378299999999999,0.1890899999999998,0.850870647263823,1.1194739305962893,0.2686032833324663,0.08951666666666667,0.5978783333333334,0.5083616666666667,0.7643536982661179
LLLLVALLLILTALLFLLILI,102300320030032003102,000011001101100110000,LL--VA--LI-TA--FL-IL-,1728040000.0,367.613,-381.897,-14.2838,-58.9642,-58.9054,-58.9054,-58.9642,-229.86,-230.64,-229.859,-244.569,-368.423,4543.93,3672.05,3659.1,41.4852,0.000904948,-18.3219,-13.4249,27.2014,-93.0726,-97.1997,-93.0833,-64.8899,501,302.327,-10.5612,105.247,20.4975,9.70262,2.29251,2.37121,-18.95,-13.9493,101.383,19.9434,-13.4249,9.51522,2.27908,2.29982,-13.474,4,-16.9063,85.2844,23.8698,9.4389,0.549334,0.3286,design_1220,-32.30980000000001,0.058799999999997965,13.929000000000002,-4.116400000000013,0.0,-0.7809999999999775,-4.897,-871.8800000000001,19.962599999999995,0.2637199999999993,-3.3723000000000027,2.04261,Left,0.03636651696758832,0.9389000000000003,1.2026199999999996,0.2637199999999993,0.5869800000000002,0.24974999999999986,0.3372300000000003,0.8528021958236139,1.0524849057132226,0.19968270988960868,0.054766666666666665,0.3952016666666667,0.340435,0.5822726896857326
LLLLVLLLTILTALLFLLILI,102300320020033003102,000011001101100110000,LL--VL--TI-TA--FL-IL-,1727980000.0,372.83,-386.132,-13.3027,-72.5408,-68.9245,-72.4838,-72.6777,-224.886,-229.029,-224.886,-247.411,-380.16,4530.04,3673.59,3595.58,46.0625,0.000417668,-18.3013,-5.9211,32.7598,-88.7059,-100.509,-88.7122,-60.0719,479,95.1175,-10.634,99.365,25.9703,9.41142,1.50937,1.49984,-10.6671,-11.3357,94.2526,26.1934,-5.9211,9.3445,0.924448,0.838237,-5.9718,4,-13.2915,87.7058,22.0356,9.5,0.334013,0.1496,design_244,-40.4371,3.7532000000000068,18.382000000000005,-11.796800000000005,3.5593000000000075,-4.143000000000001,-12.380200000000002,-856.4499999999998,11.659199999999998,-0.08858000000000033,3.934700000000003,1.35024,Left,0.3152881961159488,1.0,0.9114199999999997,0.08858000000000033,0.40355999999999986,0.7970300000000001,0.39347000000000026,0.8770230745531731,0.9936481960876888,0.11662512153451576,0.024933333333333335,0.24997333333333335,0.22504000000000002,0.47635016308692585
LLLLTLLLAVLFLLLSILILI,103300310020031003022,000011001101100110000,LL--TL-LAV-FL-LSI-I--,1727980000.0,377.068,-384.643,-7.57539,-60.4126,-60.4035,-60.3502,-60.4659,-226.061,-229.864,-226.061,-246.51,-377.421,4549.3,3731.24,3626.81,41.3623,0.000923933,-18.1669,-7.16456,33.7869,-98.1691,-105.321,-98.1749,-70.4456,497,162.201,-51.4598,88.3942,19.3082,9.53655,6.1522,5.97811,-11.4421,-49.4245,86.9099,20.0825,-7.16456,9.48475,5.64652,5.45016,-7.22174,3,-47.8455,80.6845,24.7547,9.1098,4.56923,4.2795,design_277,-34.8754,0.06239999999999668,16.645999999999987,-7.146100000000004,-0.053300000000000125,-3.8029999999999973,-11.002339999999998,-818.0600000000004,7.709699999999998,0.4267500000000002,-5.4465,1.6986100000000004,Left,0.028877500655060433,0.6097999999999999,1.03655,0.4267500000000002,0.67547,0.13081999999999994,0.5446500000000001,0.8067901283964646,0.8839090301645667,0.0771189017681021,0.7132499999999999,0.9963516666666666,0.2831016666666667,0.7515670719765223
LLLLVALLTILLFLLSLLILI,111300320030022003102,000011001101100110000,LLL-VA--TI-LF--SL-IL-,1728050000.0,376.564,-391.829,-15.2652,-74.1905,-74.1924,-74.1924,-74.2606,-232.828,-235.584,-232.827,-246.651,-382.995,4564.42,3748.5,3667.02,41.3623,0.000923933,-18.1649,-8.84158,26.0971,-84.8106,-91.3832,-84.8166,-62.0829,462,515.548,-2.88855,112.296,23.2468,9.47112,2.09324,2.27768,-13.5446,-2.55264,109.26,25.044,-8.84158,9.50517,1.63303,1.77193,-8.83474,4,-2.75517,97.6835,25.7929,9.2779,0.100548,0.0658,design_1512,-29.3003,0.06819999999999027,11.067000000000007,-6.566600000000008,0.0,-2.757000000000005,-9.323319999999999,-815.9200000000001,14.612500000000011,0.19322000000000017,-2.546099999999999,2.2118800000000003,Left,0.028877500655060433,0.7779000000000007,0.9711200000000009,0.19322000000000017,0.7792899999999999,0.52468,0.2546099999999999,0.9768284192710729,1.122994930560279,0.1461665112892062,0.010966666666666666,0.37961333333333336,0.3686466666666667,0.5093380354606379
LLLFALLLILVTLLYSLLILI,023002200200230031031,000110011011001100000,L--FA--LI-VT--YS-LI-I,1728010000.0,358.36,-376.835,-18.4751,-74.1779,-74.0424,-74.1695,-74.2698,-229.51,-231.297,-229.505,-249.993,-365.426,4641.86,3724.41,3696.81,45.9023,0.000429125,-18.1495,-11.4031,27.4272,-73.1476,-78.2361,-73.1548,-41.164,460,302.327,-113.764,12.0137,25.3509,9.63717,5.18652,3.86673,-16.2691,-114.034,9.49835,24.6425,-11.4031,9.59875,4.88731,3.52978,-11.4087,3,-114.889,1.9127,23.032,9.5,3.99161,2.5203,design_729,-37.07209999999999,0.22740000000000293,18.695999999999998,-5.081299999999999,0.12709999999999866,-1.7920000000000016,-6.7463999999999995,-917.4499999999998,10.100999999999999,0.13716999999999935,2.3188999999999993,1.3464299999999998,Left,0.30552627249294656,1.0,1.1371699999999993,0.13716999999999935,0.5032,0.7350899999999999,0.23188999999999993,0.018848352932232755,0.11988704792160974,0.10103869498937698,0.42005000000000003,0.644455,0.22440499999999997,0.36490410097744325
LLLLLLLLFVLTALLYILILI,102300320030032003102,000011001101100110000,LL--LL--FV-TA--YI-IL-,1728020000.0,363.46,-376.483,-13.0222,-58.962,-58.9156,-58.8854,-58.9288,-230.827,-229.078,-230.827,-250.538,-365.861,4573.75,3679.36,3620.16,43.7222,0.000620174,-18.0944,-10.5514,30.7,-86.6937,-95.9621,-86.7004,-56.3951,485,276.595,-11.5785,99.8715,25.5223,9.14384,1.71943,1.7175,-12.9332,-11.575,99.941,27.7202,-10.5514,9.23268,1.72829,1.7274,-10.6213,2,-13.802,90.1233,26.0641,9.3441,0.73695,0.5888,design_825,-39.56700000000001,0.013200000000004763,21.460000000000008,-9.261700000000005,-0.03020000000000067,1.7489999999999952,-7.543000000000001,-894.3899999999999,9.748199999999997,-0.20025999999999833,-0.5417999999999985,1.1287,Left,0.17268001974321648,0.8440999999999992,0.6438400000000009,0.20025999999999833,0.80641,0.7522300000000002,0.054179999999999784,0.9012049422035858,0.9987146349563276,0.0975096927527418,0.09813333333333334,0.28625,0.18811666666666665,0.2965393067681099
LLLLAVLLYTLALLLSFLILI,103300210030021003022,000011001101100110000,LL--AV-LYT-AL-LSF-I--,1728030000.0,352.597,-368.995,-16.398,-74.2781,-74.2109,-74.2109,-74.2781,-227.007,-232.753,-227.005,-245.181,-363.562,4516.53,3762.72,3604.68,49.0167,0.000253574,-18.057,-5.37505,32.6187,-67.7099,-74.6555,-67.7218,-44.1036,483,394.796,-54.4018,82.6783,20.1172,9.2453,5.82184,5.56201,-13.43,-53.3266,79.1823,20.1577,-5.37505,9.17455,5.1886,4.87633,-5.43284,3,-50.3551,72.8909,27.796,9.2642,3.89354,3.4869,design_1029,-30.551900000000003,0.0671999999999997,12.428000000000026,-6.933700000000002,0.0,-5.7479999999999905,-12.681949999999999,-753.81,9.787399999999991,-0.01890000000000036,-7.678799999999999,2.07511,Left,0.49530489253962356,0.7642000000000007,0.7453000000000003,0.01890000000000036,0.9795999999999999,0.21172000000000005,0.7678799999999999,0.7288319882846729,0.8267337923970407,0.09790180411236782,0.5811499999999999,0.9270016666666666,0.34585166666666667,0.8480536793060729
LLLFALLLILVTLLLSLLILI,13002300200220031032,000110011011001100000,LL-FA--LI-VT--LS-LI--,1728010000.0,376.241,-391.304,-15.0632,-68.7776,-70.6962,-68.7799,-74.2698,-228.43,-230.624,-228.427,-245.391,-382.374,4634.86,3633.57,3671.4,41.3623,0.000923933,-18.0442,-8.93451,26.2991,-94.096,-99.0986,-94.102,-62.7139,469,211.811,-106.45,38.1058,19.961,9.37181,7.61176,6.68335,-15.0353,-107.513,34.8383,20.2078,-8.93451,9.25307,7.33017,6.35275,-8.9294,3,-109.657,20.0138,18.2417,8.9748,5.65039,4.4506,design_744,-36.3847,3.573599999999999,14.766999999999996,-4.996600000000001,-1.9163000000000068,-2.1970000000000027,-9.10969,-1001.2899999999995,18.092000000000002,0.39700999999999986,1.719299999999997,2.2327500000000002,Left,0.028877500655060433,0.4748000000000001,0.87181,0.39700999999999986,0.024170000000000157,0.19609999999999986,0.1719299999999997,0.19991077466000343,0.3808821705364324,0.180971395876429,0.7417666666666666,1.1138916666666667,0.37212500000000015,0.5986689625748634
LLLLTLLVALLLFLISLLILI,103300300230020023012,000011011001101100000,LL--TL-VA--LF-IS--IL-,1728050000.0,376.206,-384.066,-7.85907,-60.3886,-60.3264,-60.3264,-60.4258,-225.178,-226.626,-225.177,-245.96,-375.762,4580.25,3653.58,3640.69,41.3623,0.000923933,-17.9696,-8.24653,33.5032,-98.499,-106.779,-98.505,-69.3758,466,302.327,-54.9232,66.9052,17.7015,9.14163,3.77068,3.27426,-14.8606,-56.0651,63.4455,18.515,-8.24653,9.21055,3.4749,2.92658,-8.30346,4,-53.2087,58.44,24.6184,9.4023,2.3707,1.7473,design_1609,-37.4032,0.09940000000000282,19.334000000000003,-8.274000000000001,0.0,-1.4490000000000123,-9.72307,-926.6700000000001,8.465199999999996,-0.26067000000000107,-6.916900000000002,1.5269599999999999,Left,0.028877500655060433,0.9023000000000003,0.6416299999999993,0.26067000000000107,0.6618400000000001,-0.029850000000000064,0.6916900000000001,0.5842819360698439,0.6689579840674751,0.08467604799763118,0.2912166666666667,0.54571,0.25449333333333335,0.7863337680753696
LLLLALLLTVLFLLLSILILI,102300320030032003102,000011001101100110000,LL--AL--TV-FL--SI-IL-,1728020000.0,377.17,-384.637,-7.46674,-70.9059,-67.4649,-70.9003,-74.2355,-227.099,-233.236,-227.096,-246.477,-383.571,4535.15,3694.15,3587.38,41.3623,0.000923933,-17.9083,-1.06371,33.8955,-86.6321,-100.778,-86.6383,-62.8583,501,302.327,-10.1048,106.417,25.7468,9.36585,2.382,2.47826,-10.5269,-11.5785,99.8715,25.5223,-1.06371,9.14384,1.71943,1.7175,-1.06646,3,-13.802,90.1233,26.0641,9.3441,0.73695,0.5888,design_825,-37.919700000000006,6.770600000000002,13.241000000000014,-14.139700000000005,3.4354000000000013,-6.139999999999986,-16.84459,-840.9999999999995,16.2937,0.021750000000000824,-0.31729999999999947,1.8894600000000001,Left,0.028877500655060433,0.8440999999999992,0.86585,0.021750000000000824,0.80641,0.77468,0.031729999999999925,0.9012049422035858,1.0641882294571658,0.16298328725358002,0.09813333333333334,0.4130433333333334,0.31491,0.35666751383323797
LLLLALLFLLTALLYSLLILI,13002200200230031032,000110011011001100000,LL-LA--FL-TA--YS-LI--,1727980000.0,359.991,-380.225,-20.2341,-74.2121,-74.2006,-74.1442,-74.2121,-220.75,-222.943,-220.747,-245.604,-367.532,4620.6,3676.8,3658.92,50.068,0.000212318,-17.8571,-12.6347,29.8338,-85.2632,-88.245,-85.275,-47.7155,487,19.1815,-104.934,27.0702,25.1126,8.76955,5.8946,4.80065,-16.1692,-103.249,28.4949,25.9895,-12.6347,8.69455,5.83417,4.7616,-12.6939,2,-99.9057,26.8756,28.0,8.5,5.11407,4.0172,design_271,-40.529500000000006,0.011500000000012278,22.661,-2.969999999999999,-0.05639999999999645,-2.195999999999998,-5.222399999999999,-943.8000000000002,0.19460000000000122,0.2695500000000006,-2.8873999999999995,0.7834500000000002,Left,0.5593667546174141,0.0,0.2695500000000006,0.2695500000000006,1.0,0.71126,0.28874,0.2685482677080291,0.27049482052903023,0.0019465528210011462,0.6695333333333333,0.8001083333333333,0.130575,0.4160307798623622
LLLVALLLLLFLLLTSLLILI,13002300200230021032,000110011011001100000,LL-VA--LL-FL--TS-LI--,1728050000.0,383.079,-393.496,-10.4169,-74.005,-74.1135,-74.0046,-74.2416,-222.618,-229.132,-222.615,-246.636,-388.539,4603.69,3721.08,3614.84,44.5741,0.000537052,-17.8215,-4.95969,34.1573,-96.8733,-103.114,-96.8791,-67.6615,510,79.6152,-104.043,33.3953,24.7145,9.12004,6.61475,5.61568,-9.97655,-104.608,27.1733,24.2225,-4.95969,8.8002,5.85965,4.76725,-4.95745,4,-100.49,25.8517,22.5277,8.7605,5.06352,3.9513,design_1342,-35.4525,0.12810000000000343,17.50399999999999,-6.23490000000001,-0.10890000000000555,-6.516999999999996,-12.86181,-882.6099999999997,7.543599999999998,0.3595399999999991,2.1868000000000016,1.6643800000000004,Left,0.22459127276715818,0.2605000000000004,0.6200399999999995,0.3595399999999991,0.45276999999999995,0.6714500000000001,0.21868000000000015,0.2583063590059577,0.3337637889160522,0.07545742991009446,0.65855,0.9359466666666667,0.27739666666666674,0.5096397633686113
LLLLAALLFVLLLLLSTLILI,102300320030032003102,000011001101100110000,LL--AA--FV-LL--ST-IL-,1727980000.0,370.914,-382.971,-12.0576,-66.3056,-66.3354,-66.2979,-74.2559,-225.823,-226.601,-225.819,-243.135,-375.097,4572.85,3677.04,3575.04,44.4768,0.00054596,-17.7484,-7.87287,32.4192,-90.8425,-99.9089,-90.8534,-57.7064,508,51.0312,-9.2042,107.169,25.1276,8.92632,2.3484,2.45593,-17.4032,-10.1822,105.528,24.1132,-7.87287,8.89703,2.27364,2.35656,-7.87396,3,-12.3023,94.103,20.5013,8.6524,1.04926,0.9608,design_133,-42.2025,7.92049999999999,16.533999999999992,-9.05550000000001,-0.037500000000008527,-0.7820000000000107,-9.875530000000001,-895.8100000000004,13.066000000000003,0.2739200000000004,4.6263000000000005,1.49513,Left,0.21866221428701998,0.1524000000000001,0.4263200000000005,0.2739200000000004,0.2501300000000001,0.7127600000000001,0.46263,0.9410132477623645,1.0717103657438711,0.13069711798150663,0.16013333333333332,0.40932166666666664,0.24918833333333332,0.6068238998408982
LLLALLLTVLILLLFSLLILI,13002200200230032031,000110011011001100000,LL-AL--TV-IL--FS--I-I,1728010000.0,376.132,-391.834,-15.7024,-74.1797,-74.0514,-74.1742,-74.2451,-229.27,-232.124,-229.265,-246.511,-382.956,4562.9,3702.94,3698.33,41.3623,0.000923933,-17.6739,-8.87344,25.6599,-88.3847,-94.4543,-88.3903,-62.1999,479,193.783,-108.064,14.4264,21.7946,9.76494,4.65709,3.37349,-10.8626,-107.156,12.4081,22.2111,-8.87344,9.89087,4.24852,2.93464,-8.87792,4,-99.446,8.2093,18.0,9.2776,2.52516,1.1483,design_639,-32.254400000000004,0.19369999999999266,14.387,-6.064000000000007,0.12279999999999802,-2.859000000000009,-8.80046,-859.9599999999996,6.2170999999999985,0.48733999999999966,3.794599999999999,2.2251899999999996,Left,0.028877500655060433,0.7775999999999996,1.2649399999999993,0.48733999999999966,0.0,0.3794599999999999,0.3794599999999999,0.08183224035626119,0.14402090193614986,0.06218866157988867,0.19138333333333335,0.5622483333333333,0.370865,0.7231171724237349
LLLLTFLLWVLAILLSLLILI,103300220030031003012,000011001101100110000,LL--TF--WV-AI-LSL-IL-,1728040000.0,373.71,-378.45,-4.74,-60.4781,-60.3868,-60.3868,-60.4607,-229.009,-231.004,-229.008,-249.238,-370.595,4609.57,3734.64,3683.51,49.2152,0.000245214,-17.6064,-7.77088,44.4752,-88.9629,-96.8104,-88.9715,-60.8966,502,211.811,-51.1717,71.3427,18.0074,9.29899,3.80702,3.37716,-9.80151,-52.0493,67.8007,18.6299,-7.77088,9.50838,3.46049,2.9775,-7.85488,2,-48.3805,67.6435,22.6891,9.5,2.88895,2.4036,design_1276,-35.9138,0.07390000000000185,18.23400000000001,-7.838899999999995,0.0,-1.995999999999981,-9.83552,-874.9299999999998,3.6991999999999905,-0.20101000000000013,-4.681699999999999,0.97356,Left,0.5074006593259278,1.0,0.7989899999999999,0.20101000000000013,0.46891,0.0007400000000000517,0.4681699999999999,0.6763430814351276,0.7133455901476018,0.037002508712474236,0.4006,0.56286,0.16226000000000002,0.5359903564906898
LLLLLLLTALLYVLFSLLILI,103300300230020023012,000011011001101100000,LL--LL-TA--YV-FS--IL-,1728040000.0,362.341,-377.97,-15.6284,-74.1776,-74.1193,-74.1037,-74.2822,-233.327,-235.496,-233.327,-247.919,-373.733,4568.2,3772.47,3720.8,46.7138,0.000374154,-17.5949,-4.16963,31.0854,-70.4647,-81.7129,-70.4717,-51.532,487,51.0312,-54.6385,60.6241,23.307,9.5093,2.88002,2.28938,-14.4358,-55.0538,58.1147,24.1001,-4.16963,9.392,2.60354,1.97526,-4.23655,4,-51.5989,50.3024,25.4159,9.1691,1.03066,0.2852,design_1088,-30.18090000000001,0.1629000000000076,12.423000000000002,-11.241200000000006,-0.015599999999992065,-2.169000000000011,-13.42527,-795.73,10.3217,0.3401999999999994,-2.108900000000002,2.00418,Left,0.35497571706264813,0.6691000000000003,1.0092999999999996,0.3401999999999994,0.7415900000000001,0.5306999999999998,0.21089000000000024,0.5028828187205167,0.606129140675952,0.10324632195543537,0.04753333333333334,0.3815633333333333,0.33403,0.5314569371052795
LLLLALLLVLITLLFSLLILI,13002200300230021032,000110011011001100000,LL-LA--LV-IT--FS-LI--,1727990000.0,373.779,-389.284,-15.5054,-68.8357,-70.6695,-68.8302,-74.3048,-229.031,-231.516,-229.028,-246.731,-381.264,4559.37,3746.11,3710.18,41.3623,0.000923933,-17.5735,-8.01853,25.8569,-91.4182,-96.6523,-91.4242,-60.2282,456,563.509,-108.51,24.8673,22.5316,9.67248,6.13363,5.00664,-12.6695,-109.998,18.9399,21.6051,-8.01853,9.71408,5.55658,4.34068,-8.02054,4,-107.414,11.7649,19.1585,9.5,4.20043,2.8769,design_395,-36.424099999999996,3.635300000000001,15.215000000000003,-5.228099999999998,-1.8392999999999944,-2.4879999999999995,-9.554969999999999,-813.2599999999998,13.1024,0.1724800000000002,3.373100000000001,2.12974,Left,0.028877500655060433,1.0,1.1724800000000002,0.1724800000000002,0.11585000000000001,0.4531600000000001,0.3373100000000001,0.11739834112888062,0.24845956251575446,0.13106122138687384,0.4794833333333333,0.83444,0.35495666666666664,0.5354424950099967
LLLLVALLLTLFLLLSILILI,102300320030032003102,000011001101100110000,LL--VA--LT-FL--SI-IL-,1728070000.0,377.498,-397.243,-19.745,-74.1482,-74.1503,-74.1497,-74.2781,-234.163,-235.322,-234.162,-246.605,-383.81,4530.26,3800.16,3615.22,41.3623,0.000923933,-17.5488,-13.4392,21.6173,-88.9314,-91.886,-88.9371,-62.9268,477,302.327,-9.799,109.304,27.8237,9.75404,2.72589,2.86545,-18.6141,-11.5733,106.466,26.8739,-13.4392,9.57509,2.60893,2.70592,-13.4328,4,-14.8026,90.5967,24.8541,9.1766,0.95095,0.8099,design_1924,-28.959199999999996,0.12779999999999347,11.282999999999987,-2.9488999999999947,-0.0006000000000057071,-1.1599999999999966,-4.1096,-730.1000000000004,18.707300000000004,0.5774399999999993,2.9696,2.05555,Left,0.028877500655060433,0.6766000000000005,1.2540399999999998,0.5774399999999993,0.6854099999999999,0.9823699999999999,0.29696,0.9059402870415197,1.093066430866366,0.18712614382484627,0.13498333333333332,0.477575,0.34259166666666674,0.7576327863630248
LLLLLALLLVLITLLSFLILI,103300220030032003011,000011001101100110000,LL--LA--LV-IT--SF-ILI,1727980000.0,374.582,-392.178,-17.5966,-74.2109,-74.2062,-74.2062,-74.2109,-229.695,-232.762,-229.694,-246.048,-384.037,4544.44,3793.44,3650.02,41.3623,0.000923933,-17.5206,-8.14172,23.7657,-88.2721,-94.5894,-88.2783,-63.7776,484,148.395,-48.7001,83.0167,17.8522,10.0775,5.01226,4.75751,-14.0029,-48.5939,80.4801,17.2831,-8.14172,10.0873,4.6539,4.3611,-8.14154,4,-41.3973,77.4947,19.281,9.3778,3.17138,2.8338,design_225,-30.811799999999998,0.004699999999999704,13.286000000000001,-6.311099999999996,0.0,-3.068000000000012,-9.378880000000002,-750.9999999999995,5.522000000000006,0.6997,-1.428799999999999,1.9237099999999998,Left,0.028877500655060433,0.8778000000000006,1.5775000000000006,0.6997,0.12809999999999988,-0.014780000000000015,0.1428799999999999,0.7748830667909685,0.8301187537260581,0.05523568693508962,0.4723,0.7929183333333333,0.3206183333333333,0.78475593733379
LLLLALLLTVLLSLLFILILI,102300320030032003102,000011001101100110000,LL--AL--TV-LS--FI-IL-,1728050000.0,382.954,-387.716,-4.76209,-74.1719,-70.6857,-74.1664,-74.2681,-224.121,-228.54,-224.117,-246.716,-383.822,4533.14,3686.03,3608.33,41.3623,0.000923933,-17.5029,-3.88979,36.6002,-89.4228,-102.099,-89.4287,-62.8382,521,211.811,-11.2717,98.8201,25.1229,9.34009,1.53147,1.51377,-11.05,-11.502,94.2166,24.0986,-3.88979,9.29745,0.944539,0.857788,-3.89341,1,-11.3257,90.2296,21.4503,9.259,0.379856,0.2333,design_1394,-39.2608,3.582400000000007,18.176000000000016,-12.670299999999997,3.480699999999999,-4.423000000000002,-13.61311,-847.1100000000001,8.590499999999992,0.08108999999999966,3.6726000000000028,1.28047,Left,0.028877500655060433,0.7590000000000003,0.84009,0.08108999999999966,0.34502999999999984,0.7122900000000001,0.36726000000000025,0.9022682441813475,0.9881976481320695,0.0859294039507219,0.03888333333333333,0.252295,0.21341166666666667,0.4408898928675627
LLLLAILFLLLLVLTSLLILI,113300200210030023031,000011011001101100000,LL--AI-FL-LLV-TS--I-I,1728000000.0,377.647,-391.23,-13.5835,-74.092,-74.1122,-74.084,-74.2787,-227.727,-226.792,-227.726,-246.14,-381.342,4605.09,3761.53,3665.25,41.3623,0.000923933,-17.4922,-9.88481,27.7788,-89.4109,-97.9293,-89.4169,-60.9235,463,394.796,-105.842,12.3837,28.008,9.08387,4.0481,2.73386,-15.3825,-104.55,14.3934,29.4889,-9.88481,9.11341,4.12565,2.84155,-9.88856,4,-95.1629,11.8831,21.224,9.5,2.37865,1.0569,design_567,-37.0058,0.1664999999999992,19.347999999999985,-8.5124,-0.028199999999998226,0.9339999999999975,-7.6073900000000005,-843.56,0.5005999999999986,-0.4161300000000008,6.783999999999999,1.67696,Left,0.028877500655060433,1.0,0.5838699999999992,0.4161300000000008,0.3224,1.0008,0.6783999999999999,0.1185806769122431,0.12358809902012172,0.00500742210787862,0.17615,0.45564333333333334,0.27949333333333337,0.8435237605153425
LLLLFLLATLVSLLLILLILI,13003200200230022031,000110011011001100000,LL-LF--AT-VS--LI--I-I,1727980000.0,382.913,-392.938,-10.0247,-74.1578,-74.1651,-74.1046,-74.2184,-222.531,-223.838,-222.53,-242.658,-379.49,4562.72,3691.08,3623.43,41.3623,0.000923933,-17.4542,-13.3998,31.3376,-96.249,-98.9414,-96.2551,-62.614,496,42.7142,-106.06,24.8686,24.9565,9.33567,5.76632,4.63935,-15.3352,-107.306,21.7876,24.999,-13.3998,9.06045,5.53726,4.36408,-13.4481,3,-99.7246,22.3907,20.8379,9.5,4.48144,3.3173,design_91,-36.327400000000004,0.05330000000000723,18.819999999999993,-2.686300000000003,-0.06049999999999045,-1.3079999999999927,-4.054399999999999,-871.6400000000003,2.4779000000000018,-0.16432999999999964,4.118599999999997,1.3220500000000004,Left,0.028877500655060433,1.0,0.8356700000000004,0.16432999999999964,0.2837900000000001,0.6956499999999999,0.4118599999999998,0.2236865269736605,0.2484725662088033,0.024786039235142804,0.5528833333333333,0.773225,0.22034166666666677,0.49577999789262395
LLLVALLLILTLLLFSLLILI,13002200200230031032,000110011011001100000,LL-VA--LI-TL--FS-LI--,1728070000.0,376.701,-392.933,-16.232,-74.2473,-70.6847,-74.2491,-74.2473,-229.403,-232.315,-229.401,-246.64,-385.576,4588.15,3693.18,3678.12,41.3623,0.000923933,-17.4419,-7.36231,25.1302,-89.2826,-100.018,-89.2884,-64.6885,454,615.932,-109.154,24.2714,20.5253,9.79329,6.14973,5.0138,-8.3841,-108.677,20.5132,20.6526,-7.36231,9.53104,5.57089,4.37859,-7.35718,3,-111.619,5.7512,18.5361,9.3412,4.01923,2.6055,design_1870,-35.329499999999996,3.562599999999989,14.324999999999989,-10.729600000000005,3.564399999999992,-2.9139999999999873,-10.07959,-894.9699999999998,18.5202,0.4520900000000001,1.9892000000000003,2.4082999999999997,Left,0.028877500655060433,0.8412000000000006,1.2932900000000007,0.4520900000000001,0.053610000000000116,0.25253000000000014,0.19892000000000004,0.05724425736909282,0.24249886967898884,0.18525461230989604,0.43425,0.8356333333333333,0.4013833333333333,0.6628592506406378
LLLLVILLWLLATLLSFLILI,103300310020031003022,000011001101100110000,LL--VI-LWL-AT-LSF-I--,1728040000.0,371.787,-380.82,-9.0333,-74.1783,-74.0865,-74.0865,-74.1783,-228.749,-234.796,-228.749,-251.018,-381.008,4571.74,3814.14,3660.08,49.2152,0.000245214,-17.416,0.271364,40.1819,-77.8926,-89.5415,-77.9009,-55.8117,499,55.7787,-50.3089,78.601,17.8279,9.25743,4.65747,4.33649,-9.62774,-52.894,70.308,21.5,0.271364,9.23182,3.92569,3.48031,0.188062,3,-54.5803,60.349,25.2446,9.5,2.83416,2.2394,design_1258,-33.7298,0.09179999999999211,16.22200000000001,-11.640600000000006,0.0,-6.046999999999997,-17.687364,-757.5999999999999,18.252000000000002,-0.24257000000000062,-7.416699999999999,2.0970900000000006,Left,0.5074006593259278,1.0,0.7574299999999994,0.24257000000000062,0.7244599999999999,-0.017210000000000038,0.7416699999999999,0.6033773591700043,0.7859492095755194,0.18257185040551505,0.3732333333333333,0.7227483333333334,0.34951500000000013,0.8743041859590368
LLLLFALILLLTVLYSLLILI,103300300320020023022,000011011001101100000,LL--FA-IL--TV-YS--I--,1728040000.0,358.979,-372.73,-13.7506,-74.2541,-67.0715,-74.2456,-74.3093,-226.75,-229.399,-226.747,-245.766,-366.163,4592.35,3716.91,3677.33,45.9023,0.000429125,-17.3307,-6.56236,32.1517,-71.7255,-87.0228,-71.7324,-46.0881,489,14.6888,-55.9318,64.2415,15.4253,9.78296,3.56237,3.02599,-10.1647,-59.679,57.243,15.0908,-6.56236,10.3141,3.17965,2.53829,-6.56689,2,-60.3018,49.8222,18.0,9.4027,2.27127,1.5186,design_1140,-40.93470000000001,7.237799999999993,16.36699999999999,-15.290400000000005,7.174099999999996,-2.651999999999987,-10.76834,-875.4400000000005,14.4193,0.3802599999999998,-2.5747,1.5073900000000002,Left,0.30552627249294656,0.9026999999999994,1.2829599999999992,0.3802599999999998,0.0,-0.25747,0.25747,0.49807945456509656,0.642313417010431,0.14423396244533443,0.2531,0.5043316666666667,0.25123166666666674,0.5429634009385836
LLLAFLLTILVTLLLSLLILI,13002200200330021032,000110011011001100000,LL-AF--TI-VT--LS-LI--,1728040000.0,372.617,-390.038,-17.4209,-79.0568,-77.3346,-79.0608,-87.9976,-227.758,-230.0,-227.752,-246.662,-384.565,4529.73,3716.28,3688.74,48.2425,0.000289003,-17.3212,-5.47683,30.8217,-83.2231,-94.5513,-83.2292,-49.9057,494,148.395,-106.957,15.1498,24.9937,9.4578,4.58872,3.31597,-8.98058,-109.996,7.96682,23.2135,-5.47683,9.67691,4.07496,2.69446,-5.47273,3,-103.246,6.3832,19.2164,9.4947,2.84865,1.4444,design_1178,-44.645599999999995,10.663000000000011,16.662000000000006,-11.322099999999992,1.7262000000000057,-2.2479999999999905,-11.844370000000001,-813.4499999999994,8.7666,-0.03689999999999927,5.7773,1.8715700000000002,Left,0.44812835528039635,0.9946999999999999,0.9578000000000007,0.03689999999999927,0.12164000000000001,0.69937,0.5777300000000001,0.06356605275898355,0.15125695697578115,0.0876909042167976,0.24073333333333333,0.5526616666666667,0.31192833333333336,0.6634173216901039
LLLVALLWFLLLLLTSLLILI,113002300200230021032,000110011011001100000,LL-VA--WF-LL--TS-LI--,1728070000.0,381.27,-390.728,-9.45823,-74.1048,-74.0999,-74.0687,-74.2416,-230.919,-232.872,-230.916,-251.565,-382.483,4677.43,3747.69,3739.48,50.0267,0.000213803,-17.3211,-8.21386,40.5685,-85.704,-92.8322,-85.712,-56.677,472,177.29,-95.9005,43.0695,29.7932,9.18676,6.69946,5.8455,-12.84,-97.0589,38.8172,29.3726,-8.21386,9.19183,6.29916,5.38142,-8.24505,3,-94.4368,34.8765,27.3029,8.9923,5.37385,4.397,design_1869,-36.1552,0.14170000000000016,18.692999999999984,-7.120199999999997,-0.03119999999999834,-1.9560000000000173,-9.107240000000001,-929.7400000000002,8.192999999999998,0.1944599999999994,2.4902999999999977,1.4485000000000001,Left,0.556850103895629,0.4923000000000002,0.6867599999999996,0.1944599999999994,0.9302900000000001,1.17932,0.24902999999999986,0.34857999671906825,0.43053327144909154,0.08195327473002328,0.7328333333333333,0.9742500000000001,0.24141666666666672,0.4059913529663149
LLLIALLLLLTALLFVLLILI,13002200200330032021,000110011011001100000,LL-IA--LL-TA--FV--I-I,1728030000.0,366.945,-381.596,-14.6508,-58.9393,-58.8694,-58.8694,-58.9393,-222.892,-223.986,-222.89,-243.686,-369.301,4600.58,3718.41,3652.12,41.4852,0.000904948,-17.3036,-12.2331,26.8344,-99.7646,-103.75,-99.775,-66.6761,513,5.52122,-100.668,44.1747,25.1976,8.94413,7.56373,6.72635,-15.4892,-101.089,41.8815,25.2799,-12.2331,8.91386,7.31736,6.44558,-12.2947,3,-100.968,33.911,27.8002,9.4555,6.22324,5.2319,design_1024,-37.073899999999995,0.06990000000000407,19.700000000000017,-3.9749999999999943,0.0,-1.0960000000000036,-5.070499999999999,-882.1700000000001,10.2637,-0.5113700000000012,-2.602599999999999,1.4944499999999996,Left,0.03636651696758832,0.9555000000000007,0.44412999999999947,0.5113700000000012,0.98002,0.7197600000000002,0.2602599999999998,0.3389222539201134,0.44158841110875496,0.10266615718864158,0.8719833333333334,1.1210583333333333,0.24907499999999982,0.6338874032167574
LLLLLFLALLLTVLISLLILI,103300200220030033012,000011011001101100000,LL--LF-AL--TV-IS--IL-,1727980000.0,375.79,-386.182,-10.3921,-74.2129,-70.6451,-74.1593,-74.3093,-224.203,-227.494,-224.203,-245.016,-380.155,4579.26,3673.69,3612.62,41.3623,0.000923933,-17.3012,-5.97952,30.9701,-87.7662,-99.3166,-87.7724,-60.8292,489,302.327,-55.7105,59.5655,17.8541,9.70699,2.89792,2.2914,-14.0155,-56.0339,56.2319,17.771,-5.97952,9.63147,2.49639,1.83987,-6.02767,3,-57.353,47.189,23.3829,9.4811,1.47347,0.6813,design_237,-38.487399999999994,3.664199999999994,17.52199999999999,-11.54419999999999,3.5142000000000024,-3.290999999999997,-11.32168,-905.5700000000002,12.3765,0.2258899999999997,-5.5288,1.6100999999999999,Left,0.028877500655060433,0.9810999999999996,1.2069899999999993,0.2258899999999997,0.5382899999999999,-0.014590000000000103,0.55288,0.4717399741526594,0.595540133397885,0.12380015924522564,0.11355,0.38189999999999996,0.26835,0.6663638558844133
LLLLALLFLLVTLLYSLLILI,13002300200320021032,000110011011001100000,LL-LA--FL-VT--YS-LI--,1728000000.0,362.007,-383.129,-21.1219,-74.9492,-71.1264,-74.9308,-74.2722,-225.555,-226.646,-225.552,-247.843,-367.685,4634.48,3743.95,3676.25,46.7138,0.000374154,-17.245,-15.4296,25.5919,-82.6247,-87.1574,-82.6317,-45.5695,463,25.0484,-106.665,31.7667,29.4049,9.0141,6.78832,5.76482,-16.3511,-108.378,29.7924,28.4847,-15.4296,8.95188,6.77863,5.72552,-15.4437,4,-106.585,25.1761,26.3438,9.4042,5.88646,4.7641,design_538,-41.5879,3.145799999999994,21.197000000000003,-4.5257000000000005,3.804400000000001,-1.093999999999994,-1.8154000000000003,-890.5299999999997,6.5905999999999985,-0.39010000000000034,3.0610999999999997,1.0007200000000003,Left,0.35497571706264813,0.9041999999999994,0.5140999999999991,0.39010000000000034,0.8343800000000001,1.1404900000000002,0.3061100000000001,0.25154843975689095,0.3174731623781154,0.06592472262122445,0.7940166666666667,0.9608033333333333,0.16678666666666664,0.5272999178176149
LLLLAVLTILLALLFSLLILI,113300200210020023031,000011011001101100000,LL--AV-TI-LAL-FS--I-I,1728030000.0,364.748,-386.015,-21.267,-74.3107,-74.2559,-74.2559,-74.3107,-232.149,-230.509,-232.148,-242.811,-374.797,4489.09,3803.89,3799.89,43.6652,0.000626172,-17.2318,-11.1734,22.3983,-79.5552,-87.2633,-79.566,-57.6748,453,515.548,-105.909,12.0405,31.7189,9.13419,4.01175,2.69236,-14.2182,-103.277,15.8069,32.6463,-11.1734,9.38344,4.12549,2.8626,-11.2185,3,-95.2993,8.2247,24.1394,9.5,1.90523,0.5286,design_1014,-29.588500000000003,0.05480000000000018,12.302000000000021,-7.6972999999999985,0.0,1.63900000000001,-6.058399999999999,-685.2000000000003,3.8157999999999994,-0.36580999999999975,7.579500000000003,2.16376,Left,0.16920667613203583,1.0,0.6341900000000003,0.36580999999999975,0.6139399999999998,1.37189,0.7579500000000002,0.08198628410468574,0.1201551240552317,0.03816883995054596,0.0881,0.44872666666666666,0.36062666666666665,0.9164134501709813
LLLLIVLLFLLALLTSLLILI,103300300230020023012,000011011001101100000,LL--IV-LF--AL-TS--IL-,1728050000.0,377.055,-392.151,-15.0963,-74.3069,-74.2497,-74.2497,-74.3097,-229.432,-230.862,-229.432,-245.232,-380.762,4544.2,3699.52,3615.34,41.3623,0.000923933,-17.1691,-11.3381,26.266,-88.4127,-92.82,-88.4188,-61.2204,477,177.29,-53.3086,60.7365,19.6674,9.78069,2.69573,2.10678,-16.026,-54.308,58.6717,21.689,-11.3381,9.62714,2.56687,1.94695,-11.3889,2,-52.0168,48.9899,24.9796,9.3931,0.916152,0.151,design_1492,-31.599599999999995,0.060000000000002274,14.370000000000005,-4.401199999999989,0.0,-1.4300000000000068,-5.8309999999999995,-844.6799999999998,11.7466,0.38758999999999943,-5.312200000000001,1.95578,Left,0.028877500655060433,0.8931000000000004,1.2806899999999999,0.38758999999999943,0.6979600000000001,0.16674000000000005,0.53122,0.4897540901616059,0.6072534599826351,0.11749936982102921,0.025166666666666667,0.35113,0.3259633333333333,0.7432892391835875
LLLLLLLVALLYTLFSLLILI,103300200220030033012,000011011001101100000,LL--LL-VA--YT-FS--IL-,1727980000.0,362.645,-379.409,-16.7645,-74.1783,-74.1045,-74.1045,-74.1783,-230.391,-233.677,-230.391,-247.865,-370.288,4581.4,3722.88,3652.89,46.7138,0.000374154,-17.1102,-9.05368,29.9493,-74.8397,-79.6166,-74.8464,-48.2453,460,193.783,-54.1491,63.6196,18.3121,9.60156,3.21101,2.6653,-14.1207,-55.7105,59.5655,17.8541,-9.05368,9.70699,2.89792,2.2914,-9.1209,4,-57.353,47.189,23.3829,9.4811,1.47347,0.6813,design_237,-31.371300000000005,0.07379999999999143,14.188000000000017,-4.770200000000003,0.0,-3.2860000000000014,-8.056519999999999,-858.5199999999995,16.4306,0.12045999999999957,-5.070799999999998,1.9839999999999998,Left,0.35497571706264813,0.9810999999999996,1.1015599999999992,0.12045999999999957,0.5382899999999999,0.031210000000000092,0.5070799999999999,0.4717399741526594,0.6360926503126888,0.1643526761600294,0.11355,0.44421666666666665,0.33066666666666666,0.6387432853701147
LLLAALLYVLLLLLFSLLILI,13002200300330021022,000110011011001100000,LL-AA--YV-LL--FS-LI--,1727980000.0,359.598,-376.583,-16.9847,-60.4194,-60.4456,-60.3991,-60.4659,-227.099,-228.788,-227.091,-247.396,-364.203,4602.55,3751.95,3652.86,46.2399,0.000405334,-17.1042,-12.3625,29.2552,-89.0647,-92.0729,-89.0755,-56.3413,486,6.59628,-100.971,44.6197,24.8637,9.47799,7.66931,6.83861,-16.6317,-101.658,42.6033,26.1759,-12.3625,9.32539,7.50016,6.63921,-12.38,3,-98.4947,37.986,25.3972,9.3113,6.40231,5.4721,design_209,-35.73160000000001,0.020299999999998875,18.607999999999976,-2.997399999999999,-0.04650000000000176,-1.6970000000000027,-4.741699999999998,-850.6000000000004,6.633700000000005,0.1666900000000009,-0.5335000000000001,1.36651,Left,0.32609821640758774,0.8112999999999992,0.9779900000000001,0.1666900000000009,0.7397200000000002,0.6863700000000001,0.05335000000000001,0.379683830207779,0.4460396752677761,0.06635584505999709,0.9120166666666667,1.1397683333333333,0.22775166666666657,0.29479772462329323
LLLLFLLAILVSLLLTLLILI,13002300300230021022,000110011011001100000,LL-LF--AI-VS--LT-LI--,1728070000.0,382.569,-391.159,-8.5903,-74.2847,-74.2313,-74.2313,-74.2671,-222.989,-224.726,-222.988,-245.111,-381.065,4516.15,3617.0,3623.52,41.3623,0.000923933,-17.0685,-10.0454,32.772,-93.8854,-99.1768,-93.8915,-61.6871,490,79.6152,-106.525,19.4135,25.5879,9.02114,5.09955,3.89075,-14.027,-108.453,15.7359,24.8357,-10.0454,9.02434,4.89234,3.62837,-10.0935,2,-103.616,12.3743,18.4457,8.943,3.71299,2.3986,design_1824,-37.4897,0.035799999999994725,20.38499999999999,-5.2853000000000065,0.0,-1.7379999999999995,-7.0230999999999995,-899.1499999999996,7.039199999999999,0.07814000000000121,7.1422000000000025,1.49215,Left,0.028877500655060433,0.4429999999999996,0.5211400000000008,0.07814000000000121,0.04456999999999987,0.7587900000000001,0.7142200000000002,0.1234940723165379,0.19390606932368792,0.07041199700715002,0.39976666666666666,0.6484583333333334,0.2486916666666667,0.7635584210733191
LLLLALLYTLVILLFSLLILI,023002200200230031031,000110011011001100000,L--LA--YT-VI--FS-LI-I,1728040000.0,359.284,-374.536,-15.2527,-74.175,-74.1592,-74.1592,-74.2355,-229.52,-232.629,-229.517,-247.859,-365.326,4586.82,3816.45,3720.63,45.9023,0.000429125,-17.0261,-9.19819,30.6496,-70.8416,-75.5641,-70.8484,-43.231,472,124.21,-116.803,9.58895,24.498,9.92442,5.31495,3.95879,-12.2422,-116.421,6.42704,25.894,-9.19819,9.68759,4.83083,3.42723,-9.21034,2,-115.621,1.0966,26.2444,9.5,3.99125,2.5077,design_1289,-32.333099999999995,0.07630000000000337,15.230000000000018,-4.715699999999998,0.0,-3.1119999999999948,-7.827909999999999,-770.3699999999999,8.49235,0.4244199999999996,-1.7463999999999977,1.4510900000000002,Left,0.30552627249294656,1.0,1.4244199999999996,0.4244199999999996,0.8244399999999998,0.6498000000000002,0.17463999999999968,0.010685034549812147,0.09563265967534781,0.08494762512553566,0.41795,0.6597983333333334,0.2418483333333334,0.5256787815297277
LLLLFALLLVLTILLSLLILI,103300310020021003022,000011001101100110000,LL--FA-LLV-TI-LSL-I--,1728000000.0,376.176,-392.326,-16.1499,-74.1876,-74.1899,-74.1899,-74.267,-230.81,-231.482,-230.808,-247.037,-381.857,4557.77,3717.21,3759.5,41.3623,0.000923933,-17.0213,-10.4761,25.2124,-87.3289,-93.2063,-87.335,-60.553,477,735.863,-58.0401,80.7642,18.565,10.1779,6.10919,5.82066,-13.629,-58.5414,77.4329,18.7352,-10.4761,10.3229,5.73465,5.39615,-10.4695,3,-59.0192,64.1068,18.558,9.2849,4.0073,3.4689,design_525,-32.6533,0.0771000000000015,15.555000000000007,-5.871300000000005,0.0,-0.6740000000000066,-6.5451999999999995,-840.5600000000004,16.657399999999996,0.8929999999999989,0.0070000000000014495,2.35176,Left,0.028877500655060433,0.7849000000000004,1.6778999999999993,0.8929999999999989,0.05579999999999998,0.056500000000000127,0.000700000000000145,0.6409660343537565,0.8075873548087658,0.16662132045500921,0.57815,0.97011,0.39196,0.989365855500466
LLLLVILLALLYTLFSLLILI,103300200230020033012,000011011001101100000,LL--VI-LA--YT-FS--IL-,1728020000.0,360.199,-377.239,-17.0402,-74.1783,-74.1119,-74.1119,-74.1783,-227.795,-233.706,-227.795,-248.786,-371.99,4498.01,3754.84,3676.95,45.9023,0.000429125,-17.0127,-5.18963,28.8621,-75.2661,-81.1844,-75.2727,-49.026,497,148.395,-52.2433,65.1337,18.8367,9.37848,3.12954,2.60655,-10.2318,-53.1937,59.5117,20.573,-5.18963,9.5477,2.51313,1.9058,-5.24928,3,-49.0996,54.7277,23.1877,9.5,1.25318,0.5741,design_807,-32.15839999999999,0.06639999999998736,15.080000000000013,-5.911699999999996,0.0,-5.911000000000001,-11.823069999999998,-743.1700000000001,10.406000000000006,-0.1215200000000003,-4.350999999999999,2.03245,Left,0.30552627249294656,1.0,0.8784799999999997,0.1215200000000003,0.51877,0.08367000000000005,0.43509999999999993,0.5471483901428006,0.6512379515782483,0.10408956143544768,0.09568333333333334,0.434425,0.33874166666666666,0.5741599724257473
LLLLALLLFVLTYLLSLLILI,102300330030022003102,000011001101100110000,LL--AL--FV-TY--SL-IL-,1728050000.0,364.543,-371.702,-7.15866,-71.1097,-71.0841,-71.0915,-74.1771,-222.42,-229.93,-222.414,-249.676,-373.04,4600.58,3642.83,3615.81,46.7138,0.000374154,-17.0091,1.35384,39.5551,-78.1723,-89.0344,-78.1798,-49.1864,471,66.6396,-8.82966,103.692,23.0808,9.35364,1.82287,1.87826,-4.50568,-9.83843,94.7849,23.2579,1.35384,9.3793,0.771727,0.6935,1.338,0,-9.83843,94.7849,23.2579,9.3793,0.771727,0.6935,design_1473,-39.848000000000006,3.0929999999999893,19.74599999999998,-10.854600000000005,0.007399999999989859,-7.5160000000000196,-18.362940000000002,-957.75,8.9071,-0.025660000000000238,-0.17709999999999937,1.18476,Left,0.35497571706264813,0.8793000000000006,0.8536400000000004,0.025660000000000238,0.52579,0.50808,0.017710000000000004,0.9478341849085139,1.0369304882586654,0.0890963033501515,0.11558333333333333,0.31304333333333334,0.19746000000000002,0.2188622456493176
LLLILLLFALVLLLTSLLILI,13002300200230021032,000110011011001100000,LL-IL--FA-VL--TS-LI--,1728040000.0,377.143,-388.576,-11.4328,-74.169,-74.1299,-74.1062,-74.2426,-227.31,-228.802,-227.311,-244.901,-380.458,4619.15,3745.25,3770.16,41.3623,0.000923933,-16.9329,-8.06065,29.9295,-87.0961,-94.4598,-87.102,-61.3143,483,330.452,-101.389,50.673,22.9726,9.84412,8.54926,7.80935,-12.7461,-103.418,46.1351,23.8346,-8.06065,10.01,8.24101,7.43304,-8.11731,4,-104.818,32.6551,25.5597,9.5,6.63107,5.6209,design_1087,-33.1455,0.11269999999998959,16.099000000000018,-7.3577999999999975,-0.02370000000000516,-1.4909999999999854,-8.87225,-873.8999999999996,18.017900000000004,0.3441200000000002,-2.5870999999999995,2.1884500000000005,Left,0.028877500655060433,1.0,1.3441200000000002,0.3441200000000002,0.7559699999999999,0.49726,0.25870999999999994,0.32635968615086686,0.5065898715235128,0.1802301853726459,0.9368166666666666,1.3015583333333334,0.36474166666666674,0.5923418283577788
LLLLFLLAVLLLILTSLLILI,113300300210020023031,000011011001101100000,LL--FL-AV-LLI-TS--I-I,1728040000.0,375.522,-387.021,-11.4985,-74.1227,-74.0924,-74.0692,-74.2364,-229.466,-226.78,-229.465,-242.794,-378.874,4613.72,3787.84,3744.06,41.3623,0.000923933,-16.9304,-8.09885,29.8638,-83.4322,-94.9321,-83.4383,-61.8435,477,177.29,-104.419,32.2705,27.3827,9.72293,6.51929,5.50335,-12.716,-101.79,35.2942,27.4368,-8.09885,9.98579,6.53324,5.56265,-8.14694,4,-91.8986,34.1614,24.0282,9.5,4.89658,3.909,design_1327,-33.08860000000001,0.14400000000000546,16.01400000000001,-11.493800000000007,-0.023200000000002774,2.6850000000000023,-8.831549999999998,-825.8800000000001,-1.890900000000002,0.22292999999999985,3.3545000000000016,1.5943500000000004,Left,0.028877500655060433,1.0,1.2229299999999999,0.22292999999999985,0.6028199999999998,0.9382699999999999,0.33545000000000014,0.3414269652581334,0.32251259357657575,0.01891437168155763,0.6515,0.9172250000000001,0.2657250000000001,0.4828995925460159
LLLIALLLLLVSLLFTLLILI,13002200200230032031,000110011011001100000,LL-IA--LL-VS--FT--I-I,1728050000.0,381.814,-388.34,-6.52604,-74.2049,-74.1973,-74.1973,-74.2723,-224.323,-224.988,-224.321,-245.776,-380.991,4603.35,3715.78,3692.26,41.3623,0.000923933,-16.8822,-7.34478,34.8362,-89.812,-98.6875,-89.8176,-60.9427,480,276.595,-103.37,34.214,24.786,9.13711,6.62442,5.63763,-10.2672,-102.543,33.1909,24.8019,-7.34478,9.37342,6.36225,5.36011,-7.34933,4,-96.7396,32.8671,18.0,8.9733,5.44799,4.441,design_1639,-37.7448,0.07500000000000284,20.78800000000001,-8.869900000000001,0.0,-0.6670000000000016,-9.537420000000001,-887.5700000000002,1.346899999999998,0.1638099999999998,6.786000000000001,1.1966299999999999,Left,0.028877500655060433,0.47330000000000005,0.6371099999999998,0.1638099999999998,0.0,0.6786000000000001,0.6786000000000001,0.3284802884019062,0.34195311468457046,0.013472826282664274,0.7401666666666666,0.9396049999999999,0.19943833333333327,0.7261465705701713
LLLLVALLTILLSLLFLLILI,112300320020023003102,000011001101100110000,LL--VA--TI-LS--FL-IL-,1727980000.0,382.745,-387.211,-4.46659,-74.291,-70.6681,-74.2927,-74.291,-226.892,-231.054,-226.89,-246.656,-383.762,4509.28,3775.09,3709.66,41.3623,0.000923933,-16.8609,-3.45477,36.8957,-86.0285,-98.9007,-86.0341,-62.8148,511,95.1175,-8.44482,103.746,24.7604,9.39469,1.77237,1.82855,-6.44319,-8.97508,98.1652,27.7392,-3.45477,9.63487,1.09856,1.07103,-3.44905,2,-3.92537,98.6593,25.7769,9.5,0.40781,0.3877,design_175,-36.0859,3.6229000000000013,15.602000000000004,-12.866600000000005,3.624600000000001,-4.164000000000016,-13.406130000000001,-734.1899999999996,5.086699999999993,-0.10530999999999935,-1.0165000000000006,1.44085,Left,0.028877500655060433,1.0,0.8946900000000007,0.10530999999999935,0.7776900000000001,0.6760400000000001,0.10165000000000002,0.9865891913303378,1.0374706416622321,0.050881450331894285,0.06461666666666667,0.3047583333333333,0.24014166666666664,0.28579688706723405
LLLLTVLLYILALLLSFLILI,103300210020031003022,000011001101100110000,LL--TV-LYI-AL-LSF-I--,1728060000.0,360.019,-368.679,-8.66035,-60.4659,-60.3993,-60.3993,-60.4659,-227.457,-228.893,-227.457,-249.756,-361.681,4575.56,3749.93,3625.81,45.9023,0.000429125,-16.8556,-6.93806,37.2419,-80.7561,-89.2448,-80.763,-51.4591,472,302.327,-52.6328,83.9092,20.3736,9.15869,5.72265,5.48129,-13.7751,-52.7829,82.3378,20.9977,-6.93806,9.27791,5.53303,5.2681,-6.9982,3,-49.1273,80.1927,23.6338,9.234,4.69511,4.398,design_1689,-37.7857,0.0666000000000011,20.863,-8.481799999999993,0.0,-1.436000000000007,-9.917539999999999,-825.6300000000006,3.7164999999999964,-0.07530999999999999,-3.260200000000001,1.0832900000000008,Left,0.30552627249294656,0.734,0.65869,0.07530999999999999,0.5633800000000001,0.23735999999999996,0.32602000000000014,0.8018707312876857,0.8390462891461175,0.03717555785843174,0.733,0.9135483333333334,0.18054833333333342,0.38202141205897105
LLLLTILLALLFVLLSLLILI,103300200230030023022,000011011001101100000,LL--TI-LA--FV-LS--I--,1728050000.0,376.742,-385.64,-8.89812,-60.5031,-60.4381,-60.4381,-60.5031,-224.919,-228.212,-224.919,-245.932,-377.301,4518.0,3697.31,3623.24,41.3623,0.000923933,-16.8345,-8.28,32.4642,-100.218,-105.485,-100.224,-70.866,484,177.29,-50.6101,92.7893,17.8336,9.36205,6.61806,6.5099,-12.967,-51.3996,89.3336,18.6223,-8.28,9.40621,6.26998,6.10999,-8.33954,3,-55.5888,76.3839,20.9813,8.5824,5.15014,4.7959,design_1521,-34.619,0.06500000000000483,17.72,-5.260999999999996,0.0,-3.292999999999978,-8.554499999999999,-820.69,16.4054,0.7796500000000002,-3.1477000000000004,1.7140000000000004,Left,0.028877500655060433,0.0823999999999998,0.86205,0.7796500000000002,0.2981300000000001,-0.016639999999999943,0.31477000000000005,0.7637719112227872,0.9278725157944856,0.1641006045716984,0.7993166666666666,1.0849833333333334,0.28566666666666685,0.9030330715235416
LLLLAVLTLLLFLLISLLILI,103300200230020033022,000011011001101100000,LL--AV-TL--FL-IS--I--,1728040000.0,376.573,-388.778,-12.2054,-74.2737,-70.5845,-74.2754,-74.3107,-231.37,-237.043,-231.367,-246.441,-384.097,4559.79,3700.58,3717.14,41.3623,0.000923933,-16.8112,-4.68599,29.1568,-83.1348,-93.2809,-83.1407,-63.3455,449,394.796,-62.1308,72.2975,14.1218,10.1015,5.57979,5.16425,-10.2917,-62.798,66.1381,13.1031,-4.68599,10.2636,4.84835,4.34042,-4.68092,3,-67.0014,49.6286,18.3874,9.5,3.25007,2.4945,design_1144,-29.9354,3.7261999999999915,9.397999999999996,-10.140200000000007,3.690899999999999,-5.676000000000016,-12.12521,-859.21,22.6689,0.6014999999999997,-4.265599999999999,2.66975,Left,0.028877500655060433,1.0,1.6014999999999997,0.6014999999999997,0.038739999999999955,-0.38781999999999994,0.4265599999999999,0.4961429045849021,0.7228963025499242,0.22675339796502209,0.41575,0.8607083333333333,0.4449583333333333,0.8905957026010517
LLLLTYLLAVLFLLLSILILI,103300310020021003022,000011001101100110000,LL--TY-LAV-FL-LSI-I--,1728010000.0,361.736,-372.718,-10.982,-60.4659,-60.4035,-60.4035,-60.4659,-224.636,-225.747,-224.634,-246.87,-360.791,4587.94,3648.6,3587.38,45.9023,0.000429125,-16.811,-11.8699,34.9203,-87.6159,-91.4515,-87.6227,-53.4552,494,162.201,-55.1274,67.2113,15.304,9.57483,3.84264,3.35081,-13.2814,-55.2944,64.3772,16.3936,-11.8699,9.58239,3.48508,2.95074,-11.9272,2,-57.4607,60.5733,18.0,9.255,3.2965,2.7051,design_687,-37.9963,0.06239999999999668,21.12299999999999,-3.828800000000001,0.0,-1.113000000000028,-4.9411000000000005,-939.3399999999997,6.637999999999991,0.3198299999999996,-2.6959999999999997,0.6457100000000002,Left,0.30552627249294656,0.7550000000000008,1.0748300000000004,0.3198299999999996,0.0,-0.26959999999999995,0.26959999999999995,0.6056209963629672,0.6720198536384332,0.06639885727546602,0.45085,0.5584683333333333,0.10761833333333337,0.43699645629791084
LLLLLFLILLLAVLTSLLILI,103300200220030033022,000011011001101100000,LL--LF-IL--AV-TS--I--,1728050000.0,376.981,-384.759,-7.77872,-74.3441,-74.2894,-74.2894,-74.3441,-230.034,-232.808,-230.033,-243.566,-381.021,4561.97,3705.35,3653.26,41.3623,0.000923933,-16.7738,-3.6896,33.5836,-80.3816,-90.6976,-80.3877,-63.1105,472,135.765,-57.5224,57.2687,19.428,9.71228,2.85963,2.21866,-13.0772,-57.5028,54.6507,20.267,-3.6896,9.67919,2.50327,1.82303,-3.7385,3,-61.8139,38.3354,27.3116,9.2372,0.947369,0.0224,design_1514,-27.587099999999992,0.05469999999999686,10.75800000000001,-10.309899999999999,0.0,-2.7750000000000057,-13.084200000000001,-856.6200000000003,18.933300000000003,0.47508000000000017,-7.883599999999998,2.1962599999999997,Left,0.028877500655060433,0.7371999999999996,1.2122799999999998,0.47508000000000017,0.9311599999999999,0.1428000000000001,0.7883599999999997,0.38317882278567117,0.5725656086328518,0.1893867858471806,0.0037333333333333333,0.36977666666666664,0.36604333333333333,1.008497680974678
LLLLFLLVLLLATLISLLILI,103300200220030033022,000011011001101100000,LL--FL-VL--AT-IS--I--,1728050000.0,376.083,-384.825,-8.74264,-74.1783,-74.1237,-74.1237,-74.1783,-219.741,-228.924,-219.741,-245.543,-380.284,4579.01,3609.48,3628.87,41.3623,0.000923933,-16.7101,-4.49207,32.6196,-90.9057,-93.9466,-90.9115,-60.5629,491,103.966,-59.6319,62.1944,16.451,9.63765,3.84103,3.27395,-7.67548,-60.9752,56.0412,14.4546,-4.49207,9.83343,3.21184,2.55246,-4.54162,4,-64.3982,44.8831,19.5039,9.0192,2.21895,1.3922,design_1638,-33.383700000000005,0.05459999999999354,16.619,-3.0351,0.0,-9.182999999999993,-12.21803,-969.5300000000002,17.311300000000003,0.618450000000001,-3.052900000000001,1.88175,Left,0.028877500655060433,0.5191999999999997,1.1376500000000007,0.618450000000001,0.15039000000000016,-0.15489999999999995,0.3052900000000001,0.44867442353628434,0.621836601594853,0.17316217805856865,0.23203333333333334,0.5456583333333334,0.31362500000000004,0.7771924904005371
LLLLLALVLLLTILFSLLILI,103300200230030023022,000011011001101100000,LL--LA-VL--TI-FS--I--,1728020000.0,374.271,-389.885,-15.6143,-74.1299,-67.1489,-74.1245,-74.267,-230.991,-233.14,-230.99,-245.948,-384.235,4538.79,3717.44,3677.74,41.3623,0.000923933,-16.6763,-5.65015,25.748,-84.7645,-100.623,-84.7706,-64.0197,468,302.327,-52.8111,74.9325,19.4956,9.7891,4.53755,4.16154,-12.2423,-53.6983,70.7018,21.1056,-5.65015,9.9429,4.09949,3.66001,-5.65082,4,-56.3184,56.1309,28.0,8.9505,2.52544,1.8674,design_933,-36.603300000000004,7.118099999999998,12.808000000000021,-15.852400000000003,6.9756,-2.1499999999999773,-11.026150000000001,-821.3499999999999,18.801600000000008,0.8385999999999996,-8.5044,2.2941399999999996,Left,0.028877500655060433,0.4504999999999999,1.2890999999999995,0.8385999999999996,1.0,0.14955999999999997,0.8504400000000001,0.5611843763628871,0.7492537880758136,0.18806941171292646,0.3112333333333333,0.6935899999999999,0.3823566666666666,1.2680949797891679
LLLLVLLTALLFLLISLLILI,103300200320030023022,000011011001101100000,LL--VL-TA--FL-IS--I--,1728050000.0,375.64,-388.721,-13.0809,-74.2508,-74.2128,-74.1975,-74.2776,-223.926,-228.252,-223.926,-246.083,-383.337,4574.05,3692.27,3599.29,41.3623,0.000923933,-16.5712,-5.33594,28.2813,-90.5435,-97.4436,-90.5496,-62.9773,483,124.21,-51.8193,72.5505,19.069,9.48098,4.06721,3.65547,-10.2733,-52.0961,68.8835,18.8036,-5.33594,9.40791,3.61369,3.14695,-5.38322,3,-59.7148,52.0039,24.4172,8.5,2.47774,1.7578,design_1602,-34.466300000000004,0.0648000000000053,17.83099999999999,-6.8940000000000055,-0.015299999999996317,-4.326000000000022,-11.23526,-881.7800000000002,20.546599999999998,0.9809800000000006,-5.348200000000002,1.8976700000000002,Left,0.028877500655060433,0.0,0.9809800000000006,0.9809800000000006,0.6417200000000001,0.10689999999999991,0.5348200000000002,0.5199026523532684,0.7254270212740418,0.20552436892077341,0.29296666666666665,0.609245,0.3162783333333334,1.1792482534040043
LLLYALLFVLLLLLTSLLILI,13003200200230021032,000110011011001100000,LL-YA--FV-LL--TS-LI--,1727980000.0,365.255,-384.242,-18.9868,-74.1138,-74.12,-74.1059,-74.2416,-231.917,-234.107,-231.913,-254.037,-373.641,4698.35,3892.16,3750.45,46.7138,0.000374154,-16.5421,-10.5956,27.727,-78.2109,-81.957,-78.2178,-45.3627,490,177.29,-107.135,21.7742,24.5752,9.44166,5.50979,4.3364,-13.6665,-107.816,18.9699,24.3529,-10.5956,9.17647,5.23341,4.01796,-10.6008,4,-103.753,15.0204,24.3871,9.5,4.09069,2.816,design_260,-36.5943,0.12160000000000082,19.930000000000007,-3.7391999999999967,-0.014099999999999113,-2.1939999999999884,-5.946500000000002,-806.1900000000005,6.7538,-0.05833999999999939,0.1880999999999986,1.5204000000000004,Left,0.35497571706264813,1.0,0.9416600000000006,0.05833999999999939,0.63871,0.6575199999999999,0.018809999999999882,0.14996258937538262,0.21751977561627503,0.06755718624089241,0.4693333333333333,0.7227333333333333,0.2534,0.2693193366856278
LLLYLLLAVLITLLFSLLILI,13002300200220031032,000110011011001100000,LL-YL--AV-IT--FS-LI--,1728010000.0,358.368,-375.097,-16.7293,-68.8357,-70.6718,-68.7745,-74.3048,-232.033,-231.451,-232.031,-253.184,-368.239,4650.74,3782.37,3789.37,45.9023,0.000429125,-16.542,-6.8019,29.173,-74.229,-82.658,-74.2356,-40.7506,490,29.9257,-107.513,34.8383,20.2078,9.25307,7.33017,6.35275,-12.9094,-109.395,30.3184,20.6912,-6.8019,9.42982,7.00231,5.95709,-6.85807,2,-109.657,20.0138,18.2417,8.9748,5.65039,4.4506,design_744,-41.9074,3.6329999999999956,21.733000000000004,-8.422399999999996,-1.8973000000000013,0.5800000000000125,-9.740100000000002,-868.3699999999999,14.824499999999997,0.27826999999999913,1.9660999999999973,1.9021500000000007,Left,0.30552627249294656,0.4748000000000001,0.7530699999999992,0.27826999999999913,0.024170000000000157,0.2207799999999999,0.19660999999999973,0.19991077466000343,0.3481978882002489,0.14828711354024546,0.7417666666666666,1.0587916666666668,0.3170250000000002,0.4884502059238968
LLLAALLYTLLSLLFVLLILI,13002200200230031032,000110011011001100000,LL-AA--YT-LS--FV-LI--,1728050000.0,361.981,-339.061,22.9203,-74.1578,-74.1392,-74.1392,-74.2184,-220.08,-223.689,-220.068,-246.508,-365.162,4548.25,3725.64,3645.03,49.0167,0.000253574,-16.5104,26.1212,71.937,-44.8225,-83.8447,-44.8336,-44.4358,511,3.86818,-104.349,26.2696,25.1886,8.98789,5.69873,4.59277,23.1862,-100.201,26.6361,23.0077,26.1212,9.08276,5.12606,4.0256,26.1015,1,-97.4029,29.1551,22.9274,9.0804,5.04637,3.9837,design_1577,-39.4089,0.07920000000000016,22.819000000000017,-39.011100000000006,0.0,-3.620999999999981,-42.631600000000006,-822.6100000000001,-2.8855000000000004,-0.09250999999999898,2.2612000000000023,0.60907,Left,0.49530489253962356,0.5803999999999991,0.48789000000000016,0.09250999999999898,0.49273999999999984,0.71886,0.2261200000000002,0.2913497433271049,0.2624865461791149,0.028863197147990016,0.6639499999999999,0.7654616666666666,0.10151166666666667,0.2661316537337265
LLLLTILLYVLALLLLFLILI,103300310020021003022,000011001101100110000,LL--TI-LYV-AL-LLF-I--,1728070000.0,362.178,-331.95,30.2283,-45.1579,-45.0766,-45.0766,-45.1579,-223.069,-226.832,-223.068,-250.595,-355.255,4622.78,3829.09,3609.65,43.7222,0.000620174,-16.4929,23.38,73.9506,-63.7235,-99.8391,-63.7303,-59.5021,494,211.811,-54.9339,76.9626,20.4821,9.46901,5.13004,4.78448,12.6945,-55.8588,71.6099,23.2315,23.38,9.1998,4.54615,4.1203,23.3049,0,-55.8588,71.6099,23.2315,9.1998,4.54615,4.1203,design_1905,-40.337,0.08129999999999882,23.763000000000005,-36.1088,0.0,-3.7639999999999816,-39.8729,-793.6899999999996,5.352699999999999,0.26921000000000106,-2.7494000000000014,0.66418,Left,0.17268001974321648,0.6997999999999998,0.9690100000000008,0.26921000000000106,0.52315,0.2482099999999999,0.2749400000000001,0.7160183492111759,0.7695605551976761,0.05354220598650017,0.6867166666666668,0.7974133333333334,0.11069666666666667,0.4039635472824405
LLLLVLLLATLFLLLSILILI,103300320020031003012,000011001101100110000,LL--VL--AT-FL-LSI-IL-,1728050000.0,376.737,-392.083,-15.3456,-74.191,-74.2246,-74.1375,-74.2781,-229.13,-230.163,-229.13,-246.101,-384.353,4537.86,3722.62,3613.28,41.3623,0.000923933,-16.4823,-7.68229,26.0166,-88.7617,-96.4474,-88.7675,-63.974,534,330.452,-48.0635,89.1952,18.0307,9.49136,5.75087,5.5888,-13.5559,-48.0901,87.8236,18.8818,-7.68229,9.68862,5.5697,5.38706,-7.72992,3,-46.0948,78.3079,26.7485,9.494,3.98578,3.6604,design_1373,-32.473400000000005,0.05349999999999966,15.937999999999988,-7.6799000000000035,-0.0870999999999924,-1.0330000000000155,-8.800009999999999,-815.2399999999998,10.887299999999996,-0.0026399999999995316,-8.7178,1.9284,Left,0.028877500655060433,0.9939999999999998,0.9913600000000002,0.0026399999999995316,0.87485,0.0030699999999999504,0.8717800000000001,0.7830173769350496,0.8919213056508049,0.10890392871575527,0.6100666666666666,0.9314666666666667,0.3214,0.9355027331278762
LLLLYLLVALLLTLFSLLILI,103300200220030033022,000011011001101100000,LL--YL-VA--LT-FS--I--,1728010000.0,362.35,-379.258,-16.909,-74.1783,-74.1153,-74.1153,-74.1783,-231.045,-234.618,-231.044,-247.836,-371.668,4592.32,3715.09,3657.28,46.7138,0.000374154,-16.4796,-7.53306,29.8048,-74.0352,-79.415,-74.0419,-49.6539,465,16.0553,-62.2521,60.82,19.4434,9.92433,4.04852,3.46082,-13.786,-61.5224,58.5442,18.7191,-7.53306,9.78805,3.63182,3.00999,-7.5901,3,-64.3494,43.3626,18.7489,8.7227,2.00636,1.1568,design_707,-29.761100000000006,0.06299999999998818,13.218000000000018,-5.373100000000008,0.0,-3.573999999999984,-8.946540000000002,-877.2299999999996,17.4574,1.2016299999999998,0.6945000000000014,2.30402,Left,0.35497571706264813,0.22269999999999968,1.4243299999999994,1.2016299999999998,0.0748899999999999,0.14434000000000005,0.06945000000000015,0.43346510408956146,0.608088697190002,0.17462359310044057,0.1928,0.5768033333333333,0.38400333333333336,1.2754175467972906
LLLLIVLTWLLALLFSLLILI,103300200220030033022,000011011001101100000,LL--IV-TW--AL-FS--I--,1728050000.0,372.139,-383.417,-11.2786,-74.2327,-74.2023,-74.1403,-74.2428,-229.44,-232.262,-229.44,-250.217,-380.162,4554.68,3687.99,3620.91,49.2152,0.000245214,-16.4794,-3.17125,37.9366,-79.745,-90.1772,-79.7535,-55.7021,489,13.4386,-56.1501,59.6428,21.7,9.28766,2.9743,2.36894,-12.1303,-55.5401,57.7866,22.3309,-3.17125,9.38991,2.63221,1.99901,-3.25496,2,-57.514,47.2573,24.5844,9.0841,1.50684,0.7157,design_1415,-34.4751,0.04050000000000864,17.955000000000013,-10.423699999999997,-0.06199999999999761,-2.8220000000000027,-13.308149999999998,-866.6900000000005,12.3855,0.2035600000000013,-2.8843999999999994,1.6532399999999998,Left,0.5074006593259278,0.5840999999999994,0.7876600000000007,0.2035600000000013,0.6584399999999999,0.36999999999999994,0.28844,0.4724231681797631,0.5963133529922499,0.12389018481248676,0.11928333333333334,0.3948233333333333,0.27553999999999995,0.464656191923526
LLLLAILLTLLLVLFSLLILI,13300200210030032031,000011011001101100000,LL--AI-LT-LLV-FS--I-I,1728070000.0,374.433,-392.345,-17.9121,-69.0319,-67.1736,-69.024,-74.2703,-228.98,-229.245,-228.978,-246.662,-385.235,4530.08,3685.28,3627.76,41.3623,0.000923933,-16.4393,-7.10631,23.4502,-94.3338,-105.256,-94.3398,-64.3029,481,124.21,-106.527,20.4319,24.4705,9.35398,5.23737,4.04384,-12.7609,-106.125,19.6677,26.0366,-7.10631,9.53912,5.07386,3.86887,-7.11032,4,-96.7487,19.0573,23.0524,9.5,3.58504,2.3709,design_1871,-40.953100000000006,7.096700000000013,17.417,-10.916200000000003,1.8504000000000076,-0.2669999999999959,-9.332989999999999,-844.7999999999997,1.3745999999999974,-0.14602000000000004,1.4181000000000026,1.6729400000000005,Left,0.028877500655060433,1.0,0.85398,0.14602000000000004,0.5052399999999999,0.6470500000000001,0.1418100000000002,0.19034305742830965,0.20409296240132196,0.013749904973012317,0.39514999999999995,0.6739733333333334,0.2788233333333335,0.3454901266286464
LLLLILLLLTLVALLSFLILI,102300320030032003102,000011001101100110000,LL--IL--LT-VA--SF-IL-,1728000000.0,374.014,-387.422,-13.4076,-74.3009,-74.2779,-74.2379,-74.341,-226.215,-230.959,-226.216,-245.492,-383.39,4532.41,3809.31,3663.81,41.3623,0.000923933,-16.4252,-3.97543,27.9547,-86.9057,-94.5775,-86.9115,-63.5564,490,231.516,-14.7041,103.754,24.9016,9.74252,2.71235,2.76865,-10.4069,-14.9846,99.9845,24.2556,-3.97543,9.95839,2.2456,2.24536,-4.03245,4,-14.9392,90.1475,23.3548,9.1433,0.910788,0.763,design_576,-31.021100000000004,0.0630999999999915,14.532999999999987,-7.665999999999997,-0.04000000000000625,-4.742999999999995,-12.449770000000001,-723.0999999999999,13.606500000000011,0.5992200000000008,1.5467999999999975,2.00565,Left,0.028877500655060433,0.6433,1.2425200000000007,0.5992200000000008,0.5354800000000001,0.6901599999999999,0.15467999999999982,0.90144701095111,1.0375506643886865,0.13610365343757647,0.12716666666666668,0.4614416666666667,0.334275,0.716417818667331
LLLLAVLTALLLLLFSLLILI,103300200320030023022,000011011001101100000,LL--AV-TA--LL-FS--I--,1728040000.0,368.538,-384.076,-15.5382,-74.231,-74.1878,-74.1754,-74.3107,-221.358,-223.507,-221.355,-242.69,-377.517,4511.67,3609.77,3634.28,44.4768,0.00054596,-16.4084,-6.51181,28.9386,-88.4871,-96.2307,-88.4982,-60.5163,483,211.811,-51.3137,99.0708,16.244,8.81505,7.57161,7.55767,-11.4484,-54.0814,93.4726,14.5527,-6.51181,9.18153,7.231,7.13309,-6.55935,3,-59.42,79.0173,19.5166,9.3284,6.08034,5.7656,design_1180,-35.7144,0.12290000000000134,19.182999999999993,-7.732500000000002,-0.012399999999999523,-2.1520000000000152,-9.89659,-901.9000000000001,20.0535,-0.5133500000000009,-3.2726000000000006,1.7920699999999998,Left,0.21866221428701998,0.8284000000000002,0.3150499999999994,0.5133500000000009,0.15166000000000004,-0.17560000000000003,0.3272600000000001,0.7901133922033858,0.9907053603223316,0.20059196811894575,0.9609333333333333,1.2596116666666666,0.29867833333333327,0.7071585498151111
LLLLAWLLTILFLLLSVLILI,112300230030032003102,000011001101100110000,LL--AW--TI-FL--SV-IL-,1727980000.0,374.639,-389.422,-14.7832,-69.6508,-72.7994,-69.6455,-74.1885,-226.561,-223.875,-226.556,-250.675,-378.645,4581.43,3749.33,3640.74,49.2152,0.000245214,-16.3489,-10.7757,34.432,-93.2107,-98.3193,-93.2193,-53.7814,482,177.29,-11.7118,92.2563,29.366,9.15963,0.711366,0.59521,-15.7157,-11.4791,95.0379,27.2071,-10.7757,9.22258,1.05197,0.977539,-10.7774,1,-11.364,92.2567,28.0,9.3241,0.65925,0.5431,design_218,-44.5379,1.3890999999999991,26.80000000000001,-5.099999999999994,-3.1539000000000073,2.6810000000000116,-5.5732,-832.1000000000004,-0.00039999999999906777,-0.16446999999999967,1.3659999999999997,0.05210999999999999,Left,0.5074006593259278,0.8240999999999996,0.6596299999999999,0.16446999999999967,1.0,1.1366,0.13660000000000005,0.9225450027807897,0.922541001644467,4.0011363227066e-06,0.09051666666666668,0.09920166666666667,0.008684999999999998,0.2139751624394967
LLLLALLLTVLLFLLSILILI,102300320030023003102,000011001101100110000,LL--AL--TV-LF--SI-IL-,1728050000.0,376.093,-386.586,-10.4924,-65.4895,-68.9875,-65.4841,-74.1954,-227.82,-231.704,-227.816,-246.781,-383.18,4563.52,3608.86,3566.43,41.3623,0.000923933,-16.3396,-3.40316,30.8699,-93.2769,-98.828,-93.2831,-62.2039,489,135.765,-6.30489,112.831,20.0123,9.37711,2.67785,2.87031,-10.1097,-6.27593,109.376,19.45,-3.40316,9.17436,2.20709,2.34772,-3.40549,2,-8.97767,97.003,18.6528,9.1809,0.942055,0.8971,design_1477,-36.624100000000006,5.207900000000009,15.076999999999998,-5.544899999999998,-3.503399999999999,-3.8880000000000052,-12.936440000000001,-954.6600000000003,15.828000000000003,0.19621000000000066,1.3595000000000006,1.97321,Left,0.028877500655060433,0.6808999999999994,0.8771100000000001,0.19621000000000066,0.06527999999999992,0.20122999999999996,0.13595000000000004,0.970021486102053,1.1283464503919114,0.15832496428985843,0.14951666666666666,0.478385,0.3288683333333333,0.4361214757230257
LLLLVLLLLALTFLLSILILI,102300230020033003102,000011001101100110000,LL--VL--LA-TF--SI-IL-,1728060000.0,376.112,-386.387,-10.2751,-74.1083,-72.6293,-74.056,-74.232,-225.33,-230.616,-225.33,-246.271,-383.842,4524.23,3668.48,3622.96,41.3623,0.000923933,-16.2542,-2.49861,31.0872,-86.9486,-96.8516,-86.9549,-63.339,483,471.669,-8.56272,103.813,23.6556,9.4672,1.79914,1.85633,-9.47197,-7.91799,99.68,23.8838,-2.49861,9.82392,1.1445,1.1397,-2.54458,3,-6.4439,94.5421,18.8212,9.5,0.229768,0.1479,design_1786,-33.512600000000006,1.6026999999999987,15.654999999999973,-9.89670000000001,1.4266999999999967,-5.286000000000001,-13.755590000000002,-855.7499999999995,9.270899999999997,-0.03279999999999994,4.834399999999999,1.7084300000000001,Left,0.028877500655060433,1.0,0.9672000000000001,0.03279999999999994,0.08212000000000011,0.56556,0.48343999999999987,0.9454054951606257,1.038140831996287,0.09273533683566137,0.024650000000000002,0.3093883333333333,0.2847383333333333,0.5696190259879561
LLLLTVLIALLLLLFSLLILI,103300300220030023022,000011011001101100000,LL--TV-IA--LL-FS--I--,1728040000.0,375.2,-384.34,-9.13954,-60.3986,-60.3437,-60.3437,-60.4659,-225.817,-227.621,-225.816,-246.979,-377.908,4552.01,3648.42,3619.31,41.3623,0.000923933,-16.2498,-6.38266,32.2227,-98.1243,-106.193,-98.1302,-70.4624,470,563.509,-51.5408,91.7068,18.6376,9.09269,6.61154,6.48714,-12.5618,-52.2459,88.174,18.4301,-6.38266,9.3018,6.24039,6.063,-6.43216,4,-50.56,83.638,26.2979,9.1551,5.37513,5.1297,design_1190,-35.730599999999995,0.12219999999999942,19.358000000000004,-8.062799999999996,0.0,-1.8050000000000068,-9.867140000000001,-903.5900000000001,8.068799999999996,-0.062409999999999854,-7.660299999999999,1.3574400000000004,Left,0.028877500655060433,0.6550999999999991,0.5926899999999993,0.062409999999999854,0.8297899999999998,0.0637599999999999,0.7660299999999999,0.8363335187193164,0.9170444406211364,0.08071092190182005,0.85495,1.08119,0.2262400000000001,0.8052302524832519
LLLLAILLALLFTLVSLLILI,103300300220020033022,000011011001101100000,LL--AI-LA--FT-VS--I--,1728040000.0,368.006,-379.757,-11.7512,-74.1783,-74.1152,-74.1152,-74.1783,-226.465,-226.271,-226.463,-242.569,-374.529,4472.39,3658.45,3621.9,43.6652,0.000626172,-16.2469,-5.17398,31.914,-79.1139,-90.3893,-79.1246,-57.7813,470,193.783,-56.1207,64.1643,18.1804,9.2607,3.58029,3.04275,-13.5133,-56.9641,62.7128,19.8341,-5.17398,9.22994,3.51084,2.95153,-5.22864,4,-65.2907,41.306,24.0147,8.7976,1.86991,0.9895,design_1082,-32.608000000000004,0.0630999999999915,16.298000000000002,-11.264700000000005,0.0,0.19200000000000728,-11.07292,-813.9400000000005,22.8583,0.46310000000000073,-5.8343000000000025,2.05325,Left,0.16920667613203583,0.2975999999999992,0.7606999999999999,0.46310000000000073,0.6014700000000002,0.01803999999999988,0.5834300000000003,0.41289326168631896,0.6415411977001468,0.22864793601382788,0.16491666666666668,0.5071249999999999,0.3422083333333332,0.8510220895759183
LLLLVLLLAILTFLLSLLILI,102300320030032003102,000011001101100110000,LL--VL--AI-TF--SL-IL-,1728040000.0,376.254,-381.832,-5.57811,-71.145,-71.0919,-71.0919,-74.2975,-223.365,-231.743,-223.364,-246.251,-383.215,4534.95,3677.66,3652.22,41.3623,0.000923933,-16.2217,1.42961,35.7842,-87.3224,-96.601,-87.3287,-62.6659,507,162.201,-14.1229,100.973,22.5875,9.41831,2.24985,2.26445,-4.05913,-15.7246,91.608,21.7218,1.42961,9.39648,1.22577,1.09989,1.3827,2,-16.9063,85.2844,23.8698,9.4389,0.549334,0.3286,design_1220,-33.9351,3.205600000000004,14.50800000000001,-9.272300000000001,0.0,-8.37899999999999,-17.65131,-857.29,15.688599999999994,-0.02059000000000033,-1.2823000000000029,1.93585,Left,0.028877500655060433,0.9389000000000003,0.91831,0.02059000000000033,0.5869800000000002,0.4587499999999999,0.1282300000000003,0.8528021958236139,1.0097327641050058,0.15693056828139185,0.054766666666666665,0.37740833333333335,0.32264166666666666,0.38156484289117243
LLLLVALLILLTSLLFLLILI,111300320030022003102,000011001101100110000,LLL-VA--IL-TS--FL-IL-,1728050000.0,382.528,-384.351,-1.82358,-74.1768,-74.2259,-74.1786,-74.2653,-226.553,-230.399,-226.551,-246.656,-382.354,4556.82,3693.18,3661.75,41.3623,0.000923933,-16.2057,-2.00296,39.5387,-83.6219,-93.935,-83.6275,-61.4333,464,29.9257,-3.35855,107.2,24.1504,9.22475,1.47572,1.58371,-5.165,-2.02124,104.059,24.8047,-2.00296,9.52692,0.851092,0.911971,-1.99712,1,-2.75517,97.6835,25.7929,9.2779,0.100548,0.0658,design_1512,-32.5017,0.039400000000000546,16.257000000000005,-10.307500000000005,-0.04729999999999279,-3.848000000000013,-14.20274,-863.6399999999999,9.516500000000008,-0.053150000000000475,-1.6424999999999983,1.5179099999999999,Left,0.028877500655060433,0.7779000000000007,0.7247500000000002,0.053150000000000475,0.7792899999999999,0.6150400000000001,0.16424999999999979,0.9768284192710729,1.0720204538088818,0.09519203453780889,0.010966666666666666,0.26395166666666664,0.25298499999999996,0.32072717169651743
LLLLVALLLTLLALLFILILI,102300330030022003102,000011001101100110000,LL--VA--LT-LA--FI-IL-,1728050000.0,368.595,-380.354,-11.7591,-58.9097,-58.9112,-58.8507,-58.9702,-227.253,-225.858,-227.252,-244.586,-368.864,4516.33,3723.36,3653.64,41.4852,0.000904948,-16.1725,-11.4403,29.726,-94.1911,-100.267,-94.2016,-65.3077,472,124.21,-12.3774,103.732,23.0194,9.43393,2.36045,2.41644,-16.5628,-11.9931,104.884,22.7454,-11.4403,9.59353,2.45832,2.53159,-11.4901,4,-8.98253,98.9788,18.8869,9.4948,1.20952,1.1942,design_1509,-34.9593,0.0589999999999975,18.72800000000001,-6.065399999999997,-0.060499999999997556,1.3940000000000055,-4.732199999999999,-792.9699999999998,4.7531999999999925,-0.060869999999999536,4.1325,1.2222400000000002,Left,0.03636651696758832,0.9947999999999997,0.9339300000000001,0.060869999999999536,0.08869000000000007,0.50194,0.41325,0.989785098968107,1.037330601890937,0.047545502922829996,0.1990333333333333,0.40274000000000004,0.20370666666666673,0.4671591808930113
LLLLILLLAVLLFLLSTLILI,102300320030032003102,000011001101100110000,LL--IL--AV-LF--ST-IL-,1728020000.0,376.094,-391.013,-14.9184,-71.0308,-71.0081,-70.968,-74.2158,-231.227,-233.142,-231.227,-245.576,-382.144,4558.9,3739.33,3614.41,41.3623,0.000923933,-16.1544,-8.81269,26.4439,-88.7551,-94.1476,-88.7613,-62.3515,459,103.966,-9.70997,108.392,27.2002,9.3108,2.58945,2.71533,-14.3659,-10.1048,106.417,25.7468,-8.81269,9.36585,2.382,2.47826,-8.86912,4,-13.802,90.1233,26.0641,9.3441,0.73695,0.5888,design_825,-31.796099999999996,3.2077000000000027,12.433999999999997,-5.386299999999991,-0.04009999999999536,-1.914999999999992,-7.341709999999999,-819.5699999999997,18.268699999999995,-0.033299999999998775,1.136099999999999,2.12653,Left,0.028877500655060433,0.8440999999999992,0.8108000000000004,0.033299999999998775,0.80641,0.9200199999999998,0.11360999999999988,0.9012049422035858,1.0839438400505743,0.1827388978469885,0.09813333333333334,0.452555,0.35442166666666663,0.4159619510112791
LLLLTLLVALLFLLISLLILI,103300200320030023012,000011011001101100000,LL--TL-VA--FL-IS--IL-,1728040000.0,376.221,-379.378,-3.15735,-60.3365,-60.3237,-60.274,-60.4659,-222.328,-224.431,-222.327,-246.514,-373.708,4594.54,3635.74,3598.52,41.3623,0.000923933,-16.1382,-5.61214,38.2049,-96.7138,-105.092,-96.7195,-66.7282,473,431.524,-57.2329,57.1988,19.9231,9.01795,2.80677,2.16475,-12.3505,-58.501,53.0077,19.0851,-5.61214,9.16522,2.43118,1.72629,-5.66969,3,-53.7888,53.3825,21.4486,9.5,1.77496,1.0757,design_1295,-38.3638,0.14219999999999544,22.083,-8.372500000000002,-0.04970000000000141,-2.1040000000000134,-10.526060000000001,-958.8000000000002,3.8162999999999982,-0.4820499999999992,-1.5254999999999974,1.08905,Left,0.028877500655060433,1.0,0.5179500000000008,0.4820499999999992,0.3448599999999999,0.19231000000000015,0.15254999999999974,0.5336925686895079,0.5718664100604572,0.03817384137094937,0.17928333333333335,0.3607916666666667,0.18150833333333333,0.5385593952708077
LLLLYLLLAVLFTLLSILILI,103300310020031003022,000011001101100110000,LL--YL-LAV-FT-LSI-I--,1728050000.0,361.922,-377.036,-15.1139,-74.2109,-74.1503,-74.1503,-74.2109,-227.004,-227.708,-227.003,-247.835,-369.288,4540.87,3616.54,3602.67,45.9023,0.000429125,-16.1357,-7.69361,30.7883,-75.8214,-83.5657,-75.8282,-47.2417,516,162.201,-54.6044,79.0297,17.4528,9.28185,5.35966,5.04511,-8.38485,-53.999,78.032,17.7482,-7.69361,9.37659,5.13417,4.80465,-7.74843,3,-59.1731,64.3269,21.7183,9.3027,4.0601,3.525,design_1533,-36.324000000000005,0.06059999999999377,20.12700000000001,-7.737500000000011,0.0,-0.7050000000000125,-8.44209,-924.3299999999999,14.70280000000001,-0.02084999999999937,-4.265499999999999,1.5201100000000003,Left,0.30552627249294656,0.8026999999999997,0.7818500000000004,0.02084999999999937,0.37182999999999994,-0.05472000000000001,0.42654999999999993,0.6431676596153307,0.79023742742939,0.14706976781405923,0.5875,0.8408516666666667,0.25335166666666664,0.5178766345450034
LLLLIVLLATLYLLLSFLILI,103300220020031003012,000011001101100110000,LL--IV--AT-YL-LSF-IL-,1728040000.0,359.622,-378.623,-19.0012,-74.2249,-74.1588,-74.1588,-74.2781,-225.255,-229.03,-225.255,-248.615,-371.112,4507.87,3772.0,3612.17,45.9023,0.000429125,-16.1351,-7.45238,26.9011,-79.1434,-84.0586,-79.1501,-48.2185,469,103.966,-50.2647,75.108,19.202,9.50322,4.1793,3.80592,-11.5321,-50.793,72.0243,20.1609,-7.45238,9.54367,3.84224,3.4226,-7.51149,4,-49.3706,64.9567,18.0,9.0781,2.67475,2.1491,design_1301,-35.8401,0.11929999999999552,19.585000000000008,-4.908500000000004,0.0,-3.7750000000000057,-8.682720000000002,-735.8699999999999,10.151300000000006,0.4251200000000015,1.2020000000000017,1.6568200000000002,Left,0.30552627249294656,0.5780999999999992,1.0032200000000007,0.4251200000000015,0.0,0.12020000000000017,0.12020000000000017,0.6494674487554465,0.7510092866374051,0.10154183788195859,0.3581833333333333,0.63432,0.2761366666666667,0.5307892782623111
LLLLLLLLAVLYTLLSFLILI,103300320020031003012,000011001101100110000,LL--LL--AV-YT-LSF-IL-,1728040000.0,362.813,-380.774,-17.9612,-74.2109,-74.1378,-74.1378,-74.2109,-231.474,-234.473,-231.474,-248.241,-374.649,4540.54,3801.21,3680.19,46.7138,0.000374154,-16.124,-6.05877,28.7525,-75.0897,-82.1622,-75.0965,-52.1974,485,135.765,-50.3117,82.9437,17.5712,9.68995,5.24416,4.98832,-10.191,-49.8841,80.3892,19.9619,-6.05877,9.61598,4.83516,4.541,-6.12514,4,-46.5934,73.5053,25.2315,9.2915,3.41222,3.0148,design_1242,-29.964799999999997,0.07309999999999661,13.768,-7.0656999999999925,0.0,-2.9990000000000236,-10.06523,-739.3299999999999,9.438400000000001,0.3984500000000004,-7.660299999999999,1.9735199999999997,Left,0.35497571706264813,0.7914999999999992,1.1899499999999996,0.3984500000000004,0.7231500000000001,-0.0428799999999999,0.76603,0.7349777336763641,0.8293885463471626,0.09441081267079854,0.5024666666666667,0.8313866666666666,0.3289199999999999,0.9287982188555063
LLLLLVLFALLLILTSLLILI,103300200220030033022,000011011001101100000,LL--LV-FA--LI-TS--I--,1728010000.0,377.631,-389.302,-11.6707,-74.1916,-74.1833,-74.1384,-74.2364,-229.825,-230.77,-229.825,-244.607,-383.3,4520.46,3697.45,3668.75,41.3623,0.000923933,-16.1066,-5.95518,29.6916,-85.2847,-94.4527,-85.2911,-64.4564,471,276.595,-62.0825,62.1642,19.5624,9.72106,4.20455,3.63701,-13.7202,-62.2521,60.82,19.4434,-5.95518,9.92433,4.04852,3.46082,-6.00194,4,-64.3494,43.3626,18.7489,8.7227,2.00636,1.1568,design_707,-29.99629999999999,0.05310000000000059,13.836999999999989,-9.161599999999993,-0.044899999999998386,-0.9450000000000216,-10.15142,-823.0100000000002,18.8016,0.9983599999999999,0.8135000000000012,2.48021,Left,0.028877500655060433,0.22269999999999968,1.2210599999999996,0.9983599999999999,0.0748899999999999,0.15624000000000002,0.08135000000000012,0.43346510408956146,0.621534515802488,0.18806941171292652,0.1928,0.6061683333333333,0.41336833333333334,1.0998108904374533
LLLTALLLLLVALLFSLLILI,13002300200220031032,000110011011001100000,LL-TA--LL-VA--FS-LI--,1728050000.0,369.132,-382.619,-13.4867,-60.4659,-60.3998,-60.3998,-60.4659,-221.003,-221.338,-220.999,-246.229,-370.869,4581.58,3673.98,3612.16,44.4768,0.00054596,-16.0893,-11.69,30.9901,-101.15,-105.221,-101.16,-64.1741,491,253.054,-108.531,12.8915,24.3799,8.94058,4.51999,3.21337,-15.0426,-108.579,12.9472,24.1573,-11.69,8.88861,4.53475,3.22896,-11.7502,4,-107.287,12.0239,26.9742,9.3157,4.21634,2.8967,design_1614,-41.04690000000001,0.06609999999999872,24.89100000000002,-4.061000000000007,0.0,-0.33899999999999864,-4.399300000000002,-907.5999999999999,0.8676000000000013,-0.375119999999999,-2.5943000000000005,0.3166699999999998,Left,0.21866221428701998,0.8156999999999996,0.44058000000000064,0.375119999999999,0.89742,0.63799,0.25943000000000005,0.11998907689783898,0.12866754158180926,0.00867846468397028,0.48278333333333334,0.5355616666666666,0.05277833333333326,0.45921651485842124
LLLIALLLLLVTLLFSLLILI,13002200300230031022,000110011011001100000,LL-IA--LL-VT--FS-LI--,1728050000.0,375.008,-388.608,-13.5998,-68.7371,-70.6075,-68.7295,-74.2722,-224.572,-226.452,-224.57,-245.455,-381.008,4586.81,3702.69,3670.17,41.3623,0.000923933,-16.0815,-7.59529,27.7625,-95.2987,-100.03,-95.3043,-61.2812,495,103.966,-102.676,46.3773,24.3416,9.16858,8.1624,7.35806,-13.6615,-101.775,45.3847,25.7795,-7.59529,9.21757,7.89316,7.07393,-7.59951,2,-98.0574,41.5379,26.4131,9.1745,6.81623,5.9393,design_1528,-38.7488,3.6646999999999963,19.003000000000014,-4.725700000000003,-1.8780000000000001,-1.882000000000005,-8.486209999999998,-884.1200000000003,4.839399999999998,-0.005919999999999703,-2.0715000000000003,1.4187599999999998,Left,0.028877500655060433,0.6745000000000001,0.6685800000000004,0.005919999999999703,0.84131,0.63416,0.20715000000000006,0.4152129204694134,0.46362066826978865,0.04840774780037527,0.9898833333333333,1.2263433333333333,0.23646,0.31812389182063133
LLLYLLLAVLISLLFTLLILI,13002200200230031032,000110011011001100000,LL-YL--AV-IS--FT-LI--,1728050000.0,365.331,-378.856,-13.5245,-74.3095,-67.166,-74.2485,-74.3095,-229.126,-230.486,-229.124,-253.19,-368.541,4639.45,3783.56,3711.75,45.9023,0.000429125,-16.0811,-10.2581,32.3778,-75.4205,-86.9704,-75.427,-41.042,524,46.6879,-104.177,37.4267,22.1292,8.9493,7.17918,6.24058,-13.4707,-105.452,34.1297,22.3634,-10.2581,9.11473,6.92534,5.93728,-10.3144,2,-102.692,29.1749,18.8264,9.48,5.84238,4.78,design_1559,-45.928399999999996,7.143500000000003,22.704000000000008,-11.543399999999991,7.08250000000001,-1.3619999999999948,-5.822999999999999,-855.8899999999999,8.251799999999996,-0.5307000000000013,3.3028000000000013,1.4605799999999993,Left,0.30552627249294656,0.9800000000000004,0.44929999999999914,0.5307000000000013,0.08263999999999996,0.41292000000000006,0.33028000000000013,0.2915477995750793,0.37408924134454186,0.08254144176946254,0.7966666666666667,1.0400966666666667,0.24342999999999992,0.6758687911935148
LLLLAFLLLILTVLLSLLILI,103300320030021003012,000011001101100110000,LL--AF--LI-TV-LSL-IL-,1727980000.0,375.923,-392.602,-16.6798,-74.2129,-70.6613,-74.2149,-74.3093,-230.929,-229.169,-230.927,-244.429,-381.655,4591.14,3743.79,3656.61,41.3623,0.000923933,-16.071,-10.9525,24.6825,-87.4603,-97.8959,-87.4662,-62.9165,473,79.6152,-52.8572,72.3613,15.2902,9.65588,4.19736,3.78278,-14.8285,-51.2173,75.3642,16.7209,-10.9525,9.68436,4.35676,3.98723,-10.9471,4,-48.4345,65.2982,19.9952,9.3565,2.58043,2.0599,design_246,-34.9794,3.647999999999996,15.259999999999991,-10.429699999999997,3.553600000000003,1.7579999999999814,-5.118500000000001,-847.3500000000004,7.063100000000006,0.2993799999999993,-4.705,1.72288,Left,0.028877500655060433,0.8565000000000005,1.1558799999999998,0.2993799999999993,0.19952000000000006,-0.27097999999999994,0.47050000000000003,0.6528834188909649,0.7235344837933974,0.07065106490243245,0.34331666666666666,0.6304633333333333,0.2871466666666666,0.6312237444437789
LLLLVILLATLYLLLSFLILI,103300320030022003011,000011001101100110000,LL--VI--AT-YL--SF-ILI,1728000000.0,359.606,-379.496,-19.8901,-74.2279,-74.1588,-74.1618,-74.2781,-230.193,-231.559,-230.193,-249.061,-371.702,4513.68,3832.3,3637.62,45.9023,0.000429125,-16.0649,-7.73472,26.0121,-75.0751,-82.049,-75.0817,-48.3628,479,66.6396,-48.8843,79.1226,18.4109,9.53155,4.5142,4.20104,-11.5222,-48.6545,77.2912,17.7342,-7.73472,9.79497,4.2325,3.89187,-7.79396,3,-43.97,72.3633,18.127,9.3706,2.86455,2.45,design_596,-33.68620000000001,0.11929999999999552,17.50200000000001,-6.967300000000009,0.0030000000000001137,-1.3659999999999854,-8.330180000000002,-681.3800000000001,6.75930000000001,0.1609499999999997,0.2839000000000027,1.7510399999999997,Left,0.30552627249294656,0.8705999999999996,1.0315499999999993,0.1609499999999997,0.012699999999999888,0.04109000000000016,0.028390000000000273,0.7235544894750109,0.7911666913403407,0.06761220186532979,0.4083333333333334,0.7001733333333333,0.29183999999999993,0.34125194510958906
LLLLALLTILVALLFSLLILI,13002200300320022031,000110011011001100000,LL-LA--TI-VA--FS--I-I,1728050000.0,364.327,-377.034,-12.7074,-68.6059,-70.5987,-68.544,-74.3107,-222.626,-226.748,-222.624,-242.539,-371.605,4508.33,3734.86,3653.59,43.6652,0.000626172,-16.0204,-5.37518,30.9578,-85.8019,-90.2789,-85.8125,-54.7556,486,211.811,-99.7092,42.4987,26.5288,9.13502,7.1937,6.33118,-11.7707,-101.227,35.6977,26.4223,-5.37518,9.09769,6.50321,5.53867,-5.42872,3,-95.4379,32.7408,25.4063,9.4526,5.23569,4.2268,design_1529,-35.52329999999999,3.7120000000000033,15.790999999999997,-4.466399999999993,-2.054699999999997,-4.123999999999995,-10.645219999999998,-773.4699999999998,9.7579,-0.31757999999999953,1.1224999999999987,2.10438,Left,0.16920667613203583,0.9526000000000003,0.6350200000000008,0.31757999999999953,0.7406300000000001,0.8528800000000001,0.11224999999999996,0.3272169296080087,0.42482364991657634,0.09760672030856765,0.7044666666666667,1.0551966666666666,0.3507299999999999,0.49597955970926316
LLLLTILLAVLLLLLSFLILI,103300210030021003022,000011001101100110000,LL--TI-LAV-LL-LSF-I--,1728050000.0,374.547,-381.635,-7.08789,-60.4126,-60.3486,-60.3486,-60.4659,-225.54,-232.862,-225.54,-246.562,-377.924,4527.54,3819.04,3689.06,41.3623,0.000923933,-16.0194,-3.65296,34.2744,-95.682,-100.732,-95.688,-70.8956,484,253.054,-53.7867,87.5673,22.03,9.59629,6.3896,6.20311,-8.63895,-55.5231,79.8957,22.5945,-3.65296,9.60042,5.61439,5.31283,-3.71146,3,-55.3439,71.3721,27.9551,9.0365,4.43682,4.0074,design_1461,-29.836399999999998,0.11730000000000018,13.700000000000017,-5.043999999999997,0.0,-7.322000000000003,-12.36644,-708.5,16.1952,0.5597899999999996,-5.9251000000000005,2.19571,Left,0.028877500655060433,0.5365000000000002,1.0962899999999998,0.5597899999999996,0.9955100000000001,0.40300000000000014,0.59251,0.7136396736673215,0.8756376811014328,0.1619980074341113,0.6678999999999999,1.0338516666666666,0.3659516666666667,0.9080731914051494
LLLVALLFLLTALLYSLLILI,13002300300230021022,000110011011001100000,LL-VA--FL-TA--YS-LI--,1728050000.0,354.178,-372.591,-18.4133,-74.3249,-74.257,-74.257,-74.267,-222.569,-223.316,-222.565,-245.474,-360.9,4660.54,3645.89,3670.74,49.0167,0.000253574,-16.0133,-11.6311,30.6035,-75.6973,-79.3399,-75.7091,-41.1594,499,79.6152,-103.655,38.9701,22.7969,8.83598,7.30918,6.39373,-15.5429,-102.686,38.4649,23.961,-11.6311,8.65179,7.09562,6.17259,-11.6908,3,-105.509,30.472,24.2259,8.7657,6.44012,5.3972,design_1527,-38.1805,0.009999999999990905,22.157999999999987,-3.6307999999999936,0.0,-0.7510000000000048,-4.382200000000001,-1014.6500000000001,8.4981,0.07027999999999857,-1.4289999999999985,0.9965299999999999,Left,0.49530489253962356,0.2657000000000007,0.3359799999999993,0.07027999999999857,0.62259,0.47969000000000006,0.14289999999999992,0.3045224843855655,0.38952762584574024,0.08500514146017474,0.8995333333333333,1.0656216666666667,0.1660883333333334,0.2452975681577552
LLLLLWLLTLLVALLSFLILI,112300230030032003102,000011001101100110000,LL--LW--TL-VA--SF-IL-,1727980000.0,374.483,-387.925,-13.4425,-72.0524,-73.7297,-71.9894,-74.2513,-222.394,-223.226,-222.393,-249.84,-381.111,4607.25,3783.07,3637.84,50.0267,0.000213803,-15.9821,-6.75853,36.5842,-93.4793,-100.138,-93.4877,-57.02,472,5.0513,-10.317,96.2641,28.6356,9.29758,1.04321,0.987172,-9.5583,-11.3935,94.2056,29.491,-6.75853,9.21678,0.926773,0.839856,-6.81392,4,-11.364,92.2567,28.0,9.3241,0.65925,0.5431,design_218,-43.118,0.5216000000000065,26.614000000000004,-6.650300000000001,-1.7402999999999906,-0.8329999999999984,-9.22357,-824.1799999999998,4.007400000000004,-0.026519999999999655,0.6356000000000002,0.444072,Left,0.556850103895629,0.8240999999999996,0.79758,0.026519999999999655,1.0,1.06356,0.06356000000000006,0.9225450027807897,0.9626303870299164,0.040085384249126776,0.09051666666666668,0.16452866666666668,0.07401200000000001,0.10875568111321877
LLLLLALLFVLTYLLSLLILI,102300230030032003102,000011001101100110000,LL--LA--FV-TY--SL-IL-,1728030000.0,364.947,-376.714,-11.7676,-71.0765,-71.0292,-71.0583,-74.1771,-226.387,-230.633,-226.386,-249.004,-373.089,4564.9,3707.92,3617.44,46.7138,0.000374154,-15.9801,-3.61271,34.9461,-79.2508,-87.4072,-79.2582,-49.9083,475,5.52122,-8.56318,105.945,22.8965,9.12306,2.08703,2.1762,-9.87986,-9.19004,102.94,19.9026,-3.61271,9.27201,1.77538,1.81948,-3.6251,2,-6.22357,98.8491,21.7061,9.0889,0.778163,0.7609,design_998,-37.498900000000006,3.147899999999993,18.37099999999998,-8.149000000000001,0.02909999999999968,-4.247000000000014,-12.36739,-856.9799999999996,7.095899999999986,0.03415999999999997,1.1904000000000003,1.4153000000000002,Left,0.35497571706264813,0.5889000000000006,0.6230600000000006,0.03415999999999997,0.37060999999999994,0.48965,0.11904000000000003,0.9884877305154665,1.0594668885963614,0.07097915808089494,0.12681666666666666,0.3627,0.23588333333333336,0.27571074521374234
LLLAALLFLLTSLLYVLLILI,13002300200220031032,000110011011001100000,LL-AA--FL-TS--YV-LI--,1728080000.0,360.645,-368.72,-8.07428,-78.1419,-74.1483,-78.1233,-74.2467,-221.024,-221.686,-221.012,-246.377,-364.053,4590.81,3700.23,3669.65,49.0167,0.000253574,-15.9582,-4.64752,40.9425,-69.5538,-84.1761,-69.5649,-43.4289,491,7.88067,-102.664,29.7088,26.0632,8.78137,5.91034,4.85597,-8.05903,-101.431,28.4645,25.9416,-4.64752,8.603,5.55733,4.4843,-4.66712,0,-101.431,28.4645,25.9416,8.603,5.55733,4.4843,design_1997,-40.74720000000001,0.09839999999999804,24.691000000000003,-14.61120000000001,3.9749999999999943,-0.6740000000000066,-11.31068,-890.5800000000004,1.244299999999999,0.17837000000000103,0.12159999999999727,0.37166999999999994,Left,0.49530489253962356,0.10299999999999976,0.2813700000000008,0.17837000000000103,0.7941600000000001,0.8063199999999998,0.012159999999999727,0.28444178146593635,0.29688831628182405,0.0124465348158877,0.7473833333333334,0.8093283333333333,0.06194499999999992,0.18962020397078855
LLLYFLLALLVLLLTSLLILI,13002200200330031022,000110011011001100000,LL-YF--AL-VL--TS-LI--,1728070000.0,364.143,-381.594,-17.4509,-74.0583,-74.0489,-74.0024,-74.2416,-231.908,-233.604,-231.906,-254.022,-371.706,4709.23,3868.07,3733.6,46.7138,0.000374154,-15.9577,-9.83653,29.2628,-75.6274,-80.0109,-75.6341,-43.4432,469,135.765,-99.0374,42.0473,27.0248,9.47494,7.032,6.16271,-14.5599,-98.7945,40.8498,26.3292,-9.83653,9.43111,6.8339,5.94664,-9.88764,3,-96.1822,31.8631,26.4173,8.9796,5.22885,4.2068,design_1887,-36.56770000000001,0.1927000000000021,20.417999999999978,-4.376800000000003,-0.04650000000000887,-1.6980000000000075,-6.121170000000001,-841.1599999999994,10.1842,0.49534000000000056,0.6074999999999982,1.9559099999999994,Left,0.35497571706264813,0.4795999999999996,0.9749400000000001,0.49534000000000056,0.8417300000000001,0.90248,0.06074999999999986,0.31843743623188986,0.42030836757639173,0.10187093134450187,0.7011333333333334,1.0271183333333334,0.32598499999999997,0.604728190989966
LLLLALLFVLILLLTSLLILI,13002200200330031022,000110011011001100000,LL-LA--FV-IL--TS-LI--,1728070000.0,377.327,-392.031,-14.704,-74.0583,-74.1755,-74.0527,-74.2416,-228.68,-230.555,-228.678,-245.012,-382.16,4578.4,3838.43,3695.29,41.3623,0.000923933,-15.9471,-9.86983,26.6583,-89.2936,-93.377,-89.2994,-62.907,494,394.796,-100.989,41.337,27.6895,9.57104,7.22877,6.34882,-14.7319,-99.0374,42.0473,27.0248,-9.86983,9.47494,7.032,6.16271,-9.87138,4,-96.1822,31.8631,26.4173,8.9796,5.22885,4.2068,design_1887,-30.47,0.06610000000000582,14.456999999999994,-4.07759999999999,-0.12279999999999802,-1.8770000000000095,-6.07727,-739.9699999999998,9.473900000000004,0.5914400000000004,1.272199999999998,2.1420199999999996,Left,0.028877500655060433,0.4795999999999996,1.07104,0.5914400000000004,0.8417300000000001,0.9689499999999999,0.12721999999999978,0.31843743623188986,0.41320334975132944,0.09476591351943958,0.7011333333333334,1.0581366666666667,0.35700333333333334,0.7088146163675558
LLLAALLYVLTSLLFLLLILI,13002300200230021032,000110011011001100000,LL-AA--YV-TS--FL-LI--,1728050000.0,361.253,-341.969,19.2839,-73.5476,-74.1696,-73.5291,-74.2669,-220.538,-223.368,-220.526,-246.537,-364.373,4568.35,3744.13,3608.18,49.0167,0.000253574,-15.8833,22.4234,68.3006,-47.8836,-82.7192,-47.8947,-43.5692,529,148.395,-107.211,9.88997,25.6344,8.7295,3.91682,2.56516,18.4339,-104.147,9.626,23.7979,22.4234,8.7977,3.42151,2.0659,22.4038,0,-104.147,9.626,23.7979,8.7977,3.42151,2.0659,design_1433,-39.15,0.09730000000000416,23.16900000000001,-34.8245,-0.640500000000003,-2.8419999999999845,-38.3067,-824.2200000000003,0.2639700000000005,-0.06820000000000093,1.836500000000001,0.49926000000000004,Left,0.49530489253962356,0.29770000000000074,0.22949999999999982,0.06820000000000093,0.5797899999999998,0.7634399999999999,0.1836500000000001,0.09600326492723935,0.09864371481500747,0.002640449887768126,0.34431666666666666,0.42752666666666667,0.08321,0.21286013853140748
LLLLWALLALLFVLTSLLILI,103300300220020033022,000011011001101100000,LL--WA-LA--FV-TS--I--,1727980000.0,366.496,-378.905,-12.4096,-74.1709,-74.1864,-74.1077,-74.2434,-222.119,-222.994,-222.115,-246.709,-371.361,4529.5,3632.4,3634.98,52.3297,0.000144899,-15.883,-7.48934,39.92,-82.6148,-90.0637,-82.6278,-50.4094,497,124.21,-49.4181,91.7693,17.4993,9.12302,6.30158,6.17811,-13.9182,-48.8786,90.587,18.6847,-7.48934,9.01601,6.06104,5.91985,-7.54391,4,-48.7379,87.2948,20.6635,9.2761,5.59548,5.4049,design_3,-39.6543,0.05699999999998795,23.715000000000003,-7.435900000000004,-0.07870000000001198,-0.8789999999999907,-8.393659999999999,-897.0999999999999,4.474500000000006,-0.15307999999999922,-3.1641999999999975,0.7732100000000006,Left,0.6971853729578873,0.7760999999999996,0.6230200000000004,0.15307999999999922,0.2663499999999999,-0.05006999999999984,0.31641999999999976,0.8729119069815827,0.9176696181715608,0.04475771118997807,0.9008166666666666,1.029685,0.12886833333333336,0.37704827654701756
LLLLYLLAVLTSLLFILLILI,13002200200330032021,000110011011001100000,LL-LY--AV-TS--FI--I-I,1728020000.0,365.07,-377.902,-12.832,-74.3842,-74.3232,-74.3232,-74.3842,-226.029,-226.768,-226.028,-248.357,-367.991,4567.15,3806.14,3690.26,45.9023,0.000429125,-15.8755,-9.85547,33.0703,-77.4882,-82.7759,-77.495,-45.2501,499,103.966,-101.31,42.9896,26.6989,9.28057,7.50013,6.64498,-13.2727,-100.108,42.5717,26.5159,-9.85547,9.36402,7.26345,6.40203,-9.91063,4,-95.9055,38.9238,24.4134,9.4674,6.14054,5.2244,design_937,-37.52579999999999,0.06100000000000705,21.589,-5.280899999999988,0.0,-0.7400000000000091,-6.02003,-761.0099999999998,4.065800000000003,-0.18682999999999872,2.285499999999999,1.4205800000000002,Left,0.30552627249294656,0.9673999999999996,0.7805700000000009,0.18682999999999872,0.6413399999999999,0.8698899999999998,0.22854999999999992,0.3890644943163859,0.4297340444686292,0.04066955015224327,0.8707333333333334,1.1074966666666668,0.23676333333333344,0.3805935360994672
LLLLALLFVLITLLLSLLILI,13002300300230022021,000110011011001100000,LL-LA--FV-IT--LS--I-I,1728000000.0,376.866,-387.904,-11.0383,-63.3665,-67.1555,-63.3611,-74.3048,-221.282,-226.111,-221.279,-245.329,-383.234,4559.3,3706.5,3655.93,41.3623,0.000923933,-15.8629,-4.66699,30.324,-103.255,-105.83,-103.261,-63.6006,517,2.4794,-100.578,44.3703,25.2326,9.14318,7.57669,6.74225,-11.4297,-102.091,38.5408,25.4439,-4.66699,9.06083,7.0167,6.09481,-4.66972,4,-98.5934,35.9106,21.886,9.3632,6.13694,5.1756,design_516,-42.2294,7.149299999999997,19.218000000000018,-2.5690000000000026,-3.794400000000003,-4.831999999999994,-11.19591,-852.8000000000002,8.459699999999998,-0.22002000000000166,3.3466000000000022,1.56665,Left,0.028877500655060433,0.8632000000000009,0.6431799999999992,0.22002000000000166,0.38859999999999995,0.7232600000000001,0.3346600000000002,0.3589239343973689,0.4435449667705629,0.08462103237319396,0.8626,1.1237083333333333,0.2611083333333333,0.4855351654164887
LLLYFLLATLVALLLSLLILI,13002200200330021032,000110011011001100000,LL-YF--AT-VA--LS-LI--,1728040000.0,354.098,-368.785,-14.6874,-74.1077,-74.123,-73.9952,-74.2355,-224.06,-225.952,-224.057,-245.691,-359.746,4618.47,3747.33,3700.76,49.0167,0.000253574,-15.8602,-8.93572,34.3293,-70.6178,-75.5306,-70.6292,-39.8186,507,87.0218,-103.598,42.0167,21.631,9.15762,7.71196,6.84221,-13.3127,-103.675,38.6123,23.5307,-8.93572,9.2233,7.26392,6.3431,-9.03948,2,-101.372,34.7685,21.0366,9.3801,6.39957,5.4211,design_1233,-35.712,0.11249999999999716,19.739000000000004,-4.9014000000000095,-0.12780000000000769,-1.8950000000000102,-6.924480000000001,-871.1400000000003,7.248199999999997,-0.2224800000000009,0.5944000000000003,1.4211099999999997,Left,0.49530489253962356,0.8801000000000005,0.6576199999999996,0.2224800000000009,0.30366,0.36310000000000003,0.05944000000000005,0.3474996899119351,0.420002280647704,0.07250259073576892,0.9035166666666666,1.1403683333333332,0.23685166666666657,0.33820970072748735
LLLLAILLLVLTLLLSFLILI,102300330020032003102,000011001101100110000,LL--AI--LV-TL--SF-IL-,1728030000.0,374.452,-386.886,-12.4335,-74.1428,-70.583,-74.1356,-74.2722,-224.129,-229.762,-224.126,-246.462,-383.857,4547.98,3757.32,3674.16,41.3623,0.000923933,-15.8016,-3.02418,28.9288,-88.6134,-99.3133,-88.6196,-63.1228,470,162.201,-14.7201,106.052,17.9755,9.99572,3.02505,3.11583,-7.46993,-14.2535,101.395,18.1569,-3.02418,9.87175,2.32636,2.34728,-3.02879,2,-15.2279,93.3614,21.5317,9.5,1.38798,1.2884,design_1048,-36.1905,3.6891999999999996,16.69999999999999,-10.693699999999993,3.552599999999998,-5.635999999999996,-12.777420000000001,-790.6599999999994,12.690600000000003,0.4957200000000004,-3.5562000000000005,1.8274299999999999,Left,0.028877500655060433,1.0,1.4957200000000004,0.4957200000000004,0.3531700000000001,-0.0024499999999999743,0.35562000000000005,0.9335951410200497,1.0605371925626879,0.12694205154263816,0.21473333333333333,0.519305,0.3045716666666667,0.6936008127056695
LLLLAVLLLTLALLLSFLILI,103300310020031003022,000011001101100110000,LL--AV-LLT-AL-LSF-I--,1728080000.0,367.651,-379.937,-12.2862,-74.2177,-74.2508,-74.1609,-74.2781,-217.575,-222.097,-217.571,-242.064,-376.293,4502.55,3722.93,3614.92,44.4768,0.00054596,-15.7882,-3.59412,32.1906,-88.1442,-95.7338,-88.1549,-59.9511,461,330.452,-53.681,78.7318,13.4844,8.9826,5.18093,4.86191,-9.92373,-53.7436,73.1124,13.7846,-3.59412,9.12637,4.43171,4.02839,-3.64411,4,-59.3818,62.8942,18.458,8.6148,3.89799,3.3414,design_1994,-35.782700000000006,0.02729999999999677,19.966999999999985,-7.578900000000004,-0.08990000000000009,-4.5260000000000105,-12.19408,-779.6200000000003,15.837600000000009,0.367799999999999,-4.973599999999998,1.5205099999999998,Left,0.21866221428701998,0.11480000000000068,0.4825999999999997,0.367799999999999,0.04579999999999984,-0.4515599999999999,0.49735999999999975,0.628836589591444,0.7872575811530476,0.1584209915616036,0.5569000000000001,0.8103183333333334,0.2534183333333333,0.6869948120887123
LLLLTVLLFILALLLSLLILI,103300210020031003022,000011001101100110000,LL--TV-LFI-AL-LSL-I--,1728040000.0,377.283,-381.63,-4.34668,-60.4659,-60.4094,-60.4094,-60.4687,-221.465,-226.478,-221.465,-246.46,-374.294,4579.38,3654.68,3592.69,41.3623,0.000923933,-15.7819,-7.28541,37.0156,-99.6991,-103.188,-99.7051,-67.3652,473,135.765,-54.6494,80.9765,18.8226,9.37553,5.62924,5.34389,-11.4413,-53.5534,78.0232,17.8295,-7.28541,9.26085,5.06614,4.73649,-7.3365,4,-51.4071,76.6816,21.371,9.0684,4.56308,4.2133,design_1219,-35.8228,0.05930000000000035,19.982,-3.4829000000000008,0.0,-5.013000000000005,-8.496490000000001,-924.7000000000003,4.294899999999998,0.307129999999999,-2.5483999999999973,1.1305899999999998,Left,0.028877500655060433,0.5684000000000005,0.8755299999999995,0.307129999999999,0.33709999999999984,0.08226000000000014,0.25483999999999973,0.7667497569309684,0.8097109579120471,0.042961200981078695,0.7022166666666667,0.8906483333333334,0.18843166666666666,0.44342352248444566
LLLLTVLLLLLAILFSLLILI,103300200230020033022,000011011001101100000,LL--TV-LL--AI-FS--I--,1727980000.0,374.95,-383.166,-8.21603,-60.4607,-60.4042,-60.4042,-60.4607,-228.801,-230.244,-228.801,-246.895,-378.781,4520.58,3667.36,3672.02,41.3623,0.000923933,-15.7808,-4.33401,33.1462,-93.9043,-103.914,-93.9103,-71.4258,476,302.327,-52.6888,91.6179,18.8048,9.20097,6.77174,6.646,-12.1902,-53.092,89.3504,20.0098,-4.33401,9.52054,6.5261,6.36636,-4.38495,4,-48.0194,85.3519,26.398,9.4886,5.22542,5.0057,design_279,-32.488200000000006,0.05649999999999977,16.65100000000001,-10.003699999999995,0.0,-1.443000000000012,-11.44679,-853.2199999999998,6.266000000000005,-0.28763000000000005,-7.5931999999999995,1.6402999999999999,Left,0.028877500655060433,0.9885999999999999,0.7009699999999999,0.28763000000000005,0.8398,0.08048000000000002,0.75932,0.8534773875780721,0.9161551880734129,0.06267780049534077,0.8342833333333334,1.1076666666666666,0.2733833333333332,0.8590487954239725
LLLLIVLLALLFLLTSLLILI,103300200230020033112,000011011001101100000,LL--IV-LA--FL-TS--IL-,1728070000.0,376.684,-387.233,-10.5486,-74.2063,-74.1543,-74.1504,-74.2063,-231.659,-233.248,-231.659,-245.799,-383.74,4525.89,3760.78,3779.56,41.3623,0.000923933,-15.7738,-3.44278,30.8136,-81.3678,-92.1122,-81.3737,-63.7354,451,276.595,-43.6248,102.368,17.1548,10.0563,6.8634,6.89892,-7.88508,-42.4663,101.313,18.5104,-3.44278,10.4424,6.54718,6.56687,-3.49253,4,-40.0539,90.1641,22.3965,9.5,4.68024,4.5327,design_1866,-28.376800000000003,0.0519999999999925,12.551000000000016,-10.738500000000002,-0.003900000000001569,-1.5889999999999986,-12.331019999999999,-765.1100000000001,12.20389999999999,0.5563000000000002,-5.241699999999998,2.36622,Left,0.028877500655060433,1.0,1.5563000000000002,0.5563000000000002,0.43965,-0.08451999999999985,0.5241699999999998,0.9016130581085029,1.0236867270304766,0.12207366892197369,0.7554500000000001,1.14982,0.39437,0.8687079811099192
LLLLALLYVLTSLLFLLLILI,13002200200230032031,000110011011001100000,LL-LA--YV-TS--FL--I-I,1728050000.0,369.687,-353.167,16.5207,-74.2669,-74.2484,-74.2484,-74.2669,-222.034,-225.716,-222.03,-248.137,-372.106,4600.32,3834.67,3655.34,46.7138,0.000374154,-15.7563,18.955,63.2345,-56.8662,-87.8981,-56.8729,-49.7026,504,12.2949,-102.543,33.1909,24.8019,9.37342,6.36225,5.36011,17.9757,-100.132,33.3218,21.7349,18.955,9.2515,6.01818,5.01801,18.9394,3,-96.7396,32.8671,18.0,8.9733,5.44799,4.441,design_1639,-38.1955,0.01850000000000307,22.420999999999992,-31.025199999999998,0.0,-3.686000000000007,-34.711299999999994,-765.6499999999996,0.32379999999999853,0.40011999999999937,6.8019,0.9191099999999999,Left,0.35497571706264813,0.47330000000000005,0.8734199999999994,0.40011999999999937,0.0,0.68019,0.68019,0.3284802884019062,0.3317192082551445,0.00323891985323832,0.7401666666666666,0.8933516666666667,0.15318500000000002,0.8038846840976728
LLLLYLLTVLIALLFSLLILI,13002300200230021032,000110011011001100000,LL-LY--TV-IA--FS-LI--,1728020000.0,358.416,-377.017,-18.6014,-74.0638,-70.5148,-74.0017,-74.1073,-226.047,-227.808,-226.046,-248.355,-365.099,4576.03,3789.91,3655.88,45.9023,0.000429125,-15.6611,-11.8629,27.3009,-76.9067,-82.4367,-76.9138,-42.6368,504,32.7096,-106.434,26.8553,25.8054,9.42246,6.09062,4.99345,-14.75,-106.798,25.4577,25.3584,-11.8629,9.10684,5.95643,4.83829,-11.9186,3,-104.39,18.4767,26.9986,9.4541,4.65285,3.43,design_900,-39.7999,3.592500000000001,20.546999999999997,-5.522900000000007,3.4869000000000057,-1.7620000000000005,-3.7981999999999996,-786.1199999999999,8.378599999999999,-0.03164000000000122,-1.193200000000001,1.56345,Left,0.30552627249294656,0.9541000000000004,0.9224599999999992,0.03164000000000122,0.89986,0.7805399999999999,0.11932000000000009,0.1845354080558879,0.2683452100396513,0.0838098019837634,0.5716666666666667,0.8322416666666667,0.260575,0.3002694881827951
LLLLFALLLVLTLLLIYLILI,103300210020021003032,000011001101100110000,LL--FA-LLV-TL-LIY-I--,1728040000.0,361.918,-369.287,-7.36883,-58.7223,-58.8953,-58.7095,-58.9652,-232.089,-234.904,-232.087,-251.005,-363.823,4630.79,3926.48,3741.77,43.7222,0.000620174,-15.6109,-5.45528,36.3534,-78.4755,-85.6344,-78.4822,-53.8527,506,135.765,-61.2964,78.5587,29.2205,10.0601,6.29989,5.97827,-8.71112,-60.0548,77.786,30.3514,-5.45528,9.66827,6.00932,5.67611,-5.46342,3,-61.55,67.5867,27.3561,9.3793,4.8567,4.3705,design_1244,-31.7817,0.06990000000000407,16.101,-7.1521999999999935,-0.1858000000000004,-2.8170000000000073,-10.15562,-704.31,10.972000000000008,0.6807999999999996,1.8643999999999998,1.6077700000000004,Left,0.17268001974321648,0.8793000000000006,1.5601000000000003,0.6807999999999996,0.9356100000000002,1.1220500000000002,0.18644000000000005,0.6757749200773019,0.7855260894093923,0.10975116933209039,0.7284166666666666,0.9963783333333334,0.26796166666666676,0.762953004825683
LLLLLLLVALLTILFSLLILI,103300300230020023012,000011011001101100000,LL--LL-VA--TI-FS--IL-,1728050000.0,373.738,-391.969,-18.2314,-74.3324,-70.5988,-74.2719,-74.3324,-232.148,-232.3,-232.148,-244.903,-384.126,4513.6,3691.61,3699.86,41.3623,0.000923933,-15.5889,-7.7889,23.1309,-85.4888,-96.8156,-85.4945,-64.8903,487,471.669,-53.6057,62.3839,18.0579,9.43971,2.96268,2.39844,-12.0146,-53.3086,60.7365,19.6674,-7.7889,9.78069,2.69573,2.10678,-7.84377,3,-52.0168,48.9899,24.9796,9.3931,0.916152,0.151,design_1492,-31.925300000000007,3.73360000000001,12.60299999999998,-11.321100000000001,3.673100000000005,-0.15200000000001523,-7.800000000000001,-821.9900000000002,13.393999999999998,0.046609999999999374,-6.921700000000001,2.24744,Left,0.028877500655060433,0.8931000000000004,0.9397099999999998,0.046609999999999374,0.6979600000000001,0.005790000000000006,0.6921700000000002,0.4897540901616059,0.6237321399277395,0.13397804976613353,0.025166666666666667,0.39974,0.3745733333333333,0.7997043834215123
LLLLLLLTILVALLFSLLILI,13002200300230021032,000110011011001100000,LL-LL--TI-VA--FS-LI--,1728050000.0,374.368,-390.701,-16.3332,-74.0563,-70.524,-73.9944,-74.2451,-226.147,-226.525,-226.146,-245.557,-381.47,4543.2,3749.71,3637.59,41.3623,0.000923933,-15.5589,-9.17545,25.029,-90.4985,-99.9798,-90.5043,-61.6677,503,211.811,-108.228,15.4678,25.8991,9.18714,4.82229,3.55431,-15.0674,-108.62,14.695,25.4734,-9.17545,9.18237,4.77676,3.49718,-9.23164,4,-112.036,2.0982,25.9917,9.5,3.58863,2.1201,design_1487,-38.312099999999994,3.7210999999999927,19.031999999999982,-9.475499999999997,3.470399999999998,-0.3790000000000191,-6.38345,-793.4899999999998,13.3696,-0.3128600000000006,-0.0926000000000009,1.4342100000000002,Left,0.028877500655060433,1.0,0.6871399999999994,0.3128600000000006,0.7991700000000002,0.7899100000000001,0.009260000000000046,0.020703879901892135,0.15443786035234008,0.13373398045044796,0.35335,0.592385,0.23903500000000005,0.41592022787082766
LLLLLYLATLLFILVSLLILI,103300200320020033022,000011011001101100000,LL--LY-AT--FI-VS--I--,1728030000.0,362.254,-374.388,-12.1341,-74.178,-74.1167,-74.1167,-74.178,-227.219,-229.578,-227.218,-246.579,-367.39,4608.33,3803.45,3761.19,45.9023,0.000429125,-15.5556,-6.94265,33.7682,-72.9913,-79.2512,-72.9981,-46.6332,506,148.395,-65.7461,79.7244,25.498,10.079,7.12471,6.82057,-11.4581,-66.1444,76.7974,26.9354,-6.94265,9.98389,6.78931,6.44127,-6.99795,3,-63.0338,71.0042,23.361,9.4488,5.54064,5.1057,design_1047,-32.617999999999995,0.0613000000000028,17.001000000000005,-6.253100000000003,0.0,-2.3600000000000136,-8.61295,-804.8800000000001,8.720200000000006,0.6302000000000003,2.1370000000000005,1.7148700000000003,Left,0.30552627249294656,0.9488000000000003,1.5790000000000006,0.6302000000000003,0.5361,0.7498000000000001,0.2137000000000001,0.7099596285345038,0.7971864009378664,0.08722677240336263,0.85095,1.1367616666666667,0.2858116666666667,0.729463192098605
LLLLALLTVLLALLFSLLILI,13002300200230022031,000110011011001100000,LL-LA--TV-LA--FS--I-I,1728030000.0,367.773,-365.424,2.34875,-74.3107,-70.596,-74.2462,-74.3107,-225.17,-226.959,-225.168,-242.362,-376.997,4521.27,3811.82,3702.61,44.4768,0.00054596,-15.5503,11.6292,46.8255,-65.9434,-94.9927,-65.9543,-60.3244,448,87.0218,-108.198,9.09622,26.3687,9.17214,3.95771,2.59415,13.7368,-104.984,9.33516,24.4332,11.6292,9.08463,3.50784,2.14787,11.5732,3,-100.762,4.0354,20.1318,9.4192,2.15907,0.7196,design_970,-34.6683,3.7146999999999935,15.402999999999992,-29.038399999999996,3.650199999999998,-1.7909999999999968,-27.1795,-709.4500000000003,5.0608200000000005,-0.2470599999999994,6.236900000000002,1.87455,Left,0.21866221428701998,0.9192,0.6721400000000006,0.2470599999999994,0.21317999999999984,0.83687,0.6236900000000002,0.040081383112804035,0.0907039599246186,0.05062257681181457,0.11993333333333334,0.43235833333333334,0.312425,0.7417545993170975
LLLLTLLLFLLAVLISLLILI,103300200320020033022,000011011001101100000,LL--TL-LF--AV-IS--I--,1728050000.0,376.536,-380.652,-4.11644,-60.5031,-60.4393,-60.4393,-60.5031,-223.043,-225.98,-223.042,-246.611,-374.782,4587.14,3697.44,3589.1,41.3623,0.000923933,-15.5113,-5.81222,37.2458,-97.1064,-103.874,-97.1124,-67.6677,476,177.29,-59.5537,62.2354,18.7465,9.49085,3.83485,3.26838,-12.9784,-59.606,60.0592,18.0859,-5.81222,9.25651,3.5489,2.94979,-5.87068,2,-58.7573,54.046,18.0,8.9107,2.60981,1.9205,design_1441,-36.2063,0.06380000000000052,20.631,-6.761600000000001,0.0,-2.937999999999988,-9.69908,-889.7000000000003,8.1894,0.5801499999999997,0.746500000000001,1.34788,Left,0.028877500655060433,0.4107000000000003,0.99085,0.5801499999999997,0.0,0.0746500000000001,0.0746500000000001,0.5403294535648124,0.6222467180679313,0.08191726450311887,0.32008333333333333,0.54473,0.22464666666666672,0.6319202545164366
LLLLAVLLFLLATLISLLILI,103300200330020023012,000011011001101100000,LL--AV-LF--AT-IS--IL-,1728050000.0,366.351,-370.482,-4.1306,-74.1382,-74.1237,-74.0835,-74.1783,-218.605,-225.623,-218.602,-242.846,-373.638,4481.61,3653.93,3598.62,43.6652,0.000626172,-15.4399,3.2036,39.5346,-77.7383,-89.3311,-77.7491,-56.6138,467,231.516,-57.6817,59.9416,16.2273,9.2387,3.24437,2.6435,-4.90236,-56.6076,55.0496,15.6644,3.2036,8.99083,2.42284,1.74859,3.15642,3,-53.4351,52.3336,20.8463,9.2092,1.5803,0.8653,design_1552,-32.71730000000001,0.05459999999999354,17.223000000000013,-11.582000000000008,-0.04019999999999868,-7.020999999999987,-18.6435,-827.6799999999998,7.608000000000004,0.029500000000000526,-4.619,1.7782,Left,0.16920667613203583,0.7091999999999992,0.7386999999999997,0.029500000000000526,0.28462999999999994,-0.17727000000000004,0.4619,0.5232005889672667,0.5993022018253185,0.07610161285805173,0.14421666666666666,0.4405833333333333,0.29636666666666667,0.5548391808359499
LLLLAVLIALLFLLTSLLILI,103300300230020023022,000011011001101100000,LL--AV-IA--FL-TS--I--,1728030000.0,366.785,-375.513,-8.72761,-74.1902,-74.1368,-74.1368,-74.3196,-216.697,-217.395,-216.693,-242.318,-370.341,4521.9,3551.25,3642.24,43.6652,0.000626172,-15.4111,-5.12518,34.9376,-84.6252,-94.2201,-84.6358,-53.7037,467,193.783,-51.2853,91.478,14.7445,8.61208,6.54233,6.4145,-12.647,-50.971,90.3533,15.01,-5.12518,8.74191,6.34334,6.19863,-5.17185,4,-51.9716,85.8177,23.505,8.7121,5.88113,5.6684,design_1001,-40.516400000000004,0.1828000000000003,24.923000000000002,-9.584299999999999,0.0,-0.7019999999999982,-10.285919999999999,-970.6499999999996,5.660299999999992,-0.10001999999999889,-8.760499999999999,0.7461000000000002,Left,0.16920667613203583,0.2120999999999995,0.11208000000000062,0.10001999999999889,0.5504999999999999,-0.32554999999999995,0.8760499999999998,0.8581367108258746,0.914755790644543,0.05661907981866843,0.9447333333333333,1.0690833333333334,0.12435000000000007,0.8922646723923974
LLLLTLLLALLFVLISLLILI,103300300230020023012,000011011001101100000,LL--TL-LA--FV-IS--IL-,1728050000.0,376.223,-381.413,-5.18958,-60.4637,-60.4406,-60.4012,-60.5031,-225.045,-224.582,-225.044,-246.643,-377.577,4542.73,3661.54,3617.44,41.3623,0.000923933,-15.4087,-3.77864,36.1727,-95.9047,-107.963,-95.9105,-70.4313,465,193.783,-56.0651,63.4455,18.515,9.21055,3.4749,2.92658,-10.914,-55.6121,62.0471,20.2608,-3.77864,9.10092,3.21817,2.64887,-3.83597,3,-53.2087,58.44,24.6184,9.4023,2.3707,1.7473,design_1609,-37.5317,0.0625,22.061000000000007,-12.052499999999995,-0.039400000000000546,0.4620000000000175,-11.63006,-881.1899999999996,5.005500000000005,-0.19175000000000075,-6.103400000000001,1.1792799999999999,Left,0.028877500655060433,0.9023000000000003,0.7105499999999996,0.19175000000000075,0.6618400000000001,0.05150000000000006,0.61034,0.5842819360698439,0.6343511557282269,0.05006921965838296,0.2912166666666667,0.4877633333333333,0.19654666666666665,0.6711337400510999
LLLLALLYLLTSLLFVLLILI,13002200300230021032,000110011011001100000,LL-LA--YL-TS--FV-LI--,1727980000.0,369.448,-384.753,-15.3047,-74.1249,-74.0814,-74.1063,-74.2297,-226.454,-228.362,-226.451,-248.178,-372.055,4613.17,3846.4,3675.47,46.7138,0.000374154,-15.3867,-12.683,31.4091,-84.1742,-84.9978,-84.181,-49.6473,491,55.7787,-104.23,31.5766,28.2487,9.26267,6.39739,5.37104,-15.73,-102.649,31.8911,27.5374,-12.683,8.94394,6.20268,5.18104,-12.6977,2,-98.8928,28.9119,26.0313,9.3909,5.23702,4.1707,design_243,-35.3505,0.14829999999999188,19.816000000000003,-0.8168000000000006,0.024900000000002365,-1.9110000000000014,-2.7036999999999995,-766.77,2.6647,-0.1282300000000003,2.217399999999998,1.2003399999999997,Left,0.35497571706264813,0.8909000000000002,0.76267,0.1282300000000003,0.8031300000000001,1.02487,0.22173999999999983,0.2889170524428938,0.31557162234074476,0.026654569897850977,0.6951166666666667,0.8951733333333333,0.20005666666666655,0.3261053456694894
LLLLALLTVLILLLFSLLILI,113002200200230031032,000110011011001100000,LL-LA--TV-IL--FS-LI--,1728040000.0,374.179,-387.226,-13.0477,-74.3107,-70.6551,-74.3052,-74.3107,-231.652,-232.44,-231.65,-246.602,-381.336,4587.49,3817.25,3767.7,41.3623,0.000923933,-15.3834,-5.88933,28.3146,-81.2633,-93.6242,-81.2692,-60.4225,486,276.595,-103.096,24.3346,27.3557,9.48442,5.2495,4.11452,-9.22382,-102.96,21.4007,30.4695,-5.88933,9.57899,4.83317,3.65418,-5.89078,2,-99.2693,14.1594,28.0,9.4208,3.30191,2.0143,design_1135,-33.2017,3.6555999999999926,14.162000000000006,-12.355000000000004,3.650099999999995,-0.789999999999992,-9.49407,-770.2399999999998,10.175199999999998,0.06362000000000023,-0.6443000000000012,2.1002199999999998,Left,0.028877500655060433,0.9207999999999998,0.9844200000000001,0.06362000000000023,1.0,0.9355699999999999,0.0644300000000001,0.14135014344073718,0.24313104921797787,0.1017809057772407,0.33571666666666666,0.6857533333333333,0.35003666666666666,0.37561116875293615
LLLVALLILLTALLFSLLILI,113002200200230031032,000110011011001100000,LL-VA--IL-TA--FS-LI--,1728050000.0,366.432,-380.778,-14.3465,-74.1964,-74.2841,-74.1417,-74.3389,-224.5,-226.371,-224.497,-242.538,-374.347,4546.2,3593.38,3694.95,43.6652,0.000626172,-15.3799,-6.38473,29.3188,-82.0819,-89.0714,-82.0926,-57.4702,499,72.839,-104.967,13.1163,30.047,8.83484,4.01579,2.71253,-12.8036,-105.528,9.8224,31.7213,-6.38473,8.9046,3.6552,2.30254,-6.43128,4,-103.723,3.9347,27.5002,9.1841,2.58958,1.1486,design_1450,-31.6012,0.05480000000000018,16.167,-6.978799999999993,-0.14239999999999498,-1.8739999999999952,-8.995169999999998,-952.8199999999997,9.181600000000001,-0.349260000000001,2.546800000000001,1.56393,Left,0.16920667613203583,0.6841000000000008,0.3348399999999998,0.349260000000001,0.95002,1.2047,0.25468000000000013,0.03907409704356037,0.13091618019517545,0.09184208315161507,0.19143333333333334,0.45208833333333337,0.260655,0.5130501410804104
LLLLFLLATLVILLLSLLILI,023002200200330031021,000110011011001100000,L--LF--AT-VI--LS-LI-I,1728070000.0,375.23,-386.2,-10.9699,-74.1682,-74.1822,-74.1149,-74.2355,-223.534,-227.313,-223.533,-246.503,-380.687,4624.24,3687.79,3721.22,41.3623,0.000923933,-15.3753,-5.46476,30.3924,-88.4974,-94.5666,-88.5036,-59.9487,480,17.549,-115.222,15.1305,19.8684,9.74744,5.8259,4.55285,-9.73284,-114.514,12.7804,18.7377,-5.46476,9.79337,5.40248,4.09419,-5.51298,3,-115.762,1.8789,19.6398,9.2964,4.11802,2.6462,design_1900,-34.61789999999999,0.05330000000000723,19.189999999999998,-6.062999999999988,-0.06729999999998881,-3.780000000000001,-9.91054,-936.4499999999998,13.2516,0.451039999999999,0.22860000000000014,1.9066500000000004,Left,0.028877500655060433,0.7964000000000002,1.2474399999999992,0.451039999999999,0.1639800000000001,0.18684000000000012,0.02286000000000002,0.018510256912963284,0.1510639021482101,0.13255364523524682,0.44103333333333333,0.7588083333333334,0.3177750000000001,0.5679005904999138
LLLYWLLTILLALLFSLLILI,13002300200220031032,000110011011001100000,LL-YW--TI-LA--FS-LI--,1728020000.0,363.339,-386.401,-23.0619,-74.4028,-69.347,-74.348,-74.1981,-234.289,-233.956,-234.286,-258.639,-373.112,4690.31,3854.21,3845.23,54.8064,9.53611e-05,-15.3243,-13.2398,31.7445,-77.7088,-85.1339,-77.7179,-40.2754,486,27.3786,-107.062,14.2733,27.2037,9.37522,4.48614,3.20024,-18.0294,-104.691,17.5453,27.6623,-13.2398,9.53293,4.57233,3.33551,-13.2883,4,-106.919,8.4349,26.3181,9.2773,3.67658,2.3031,design_872,-44.8585,4.851100000000002,24.68300000000002,-7.415999999999997,5.001000000000005,0.3300000000000125,-2.0844999999999985,-836.1000000000004,5.8384,0.09792000000000023,0.8856000000000002,0.8971399999999998,Left,0.8481051996563215,0.7773000000000003,0.8752200000000006,0.09792000000000023,0.8318100000000002,0.9203700000000001,0.08855999999999997,0.08408888124227282,0.14248946700863047,0.05840058576635765,0.38385,0.5333733333333334,0.14952333333333334,0.20784382509221883
LLLLAVLLTLLLILFSLLILI,13300300210030022031,000011011001101100000,LL--AV-LT-LLI-FS--I-I,1728070000.0,374.89,-386.206,-11.3157,-74.2629,-67.1885,-74.2648,-74.2629,-226.711,-231.206,-226.709,-247.022,-385.363,4531.95,3722.4,3675.39,41.3623,0.000923933,-15.3193,-0.848672,30.0465,-85.2316,-102.287,-85.2375,-64.0776,470,148.395,-100.11,39.9433,25.005,9.65367,6.9089,6.00805,-4.35925,-99.446,35.7747,25.8972,-0.848672,9.96708,6.24648,5.2831,-0.843165,3,-94.4984,32.2516,19.3383,9.5,5.02873,4.0125,design_1826,-38.2094,7.074399999999997,15.816000000000003,-17.04950000000001,7.076299999999989,-4.496999999999986,-14.470628,-809.5499999999997,7.691699999999997,0.15366999999999997,5.666699999999999,1.9955499999999997,Left,0.028877500655060433,1.0,1.15367,0.15366999999999997,0.13383000000000003,0.7004999999999999,0.5666699999999999,0.3223235398853275,0.39926239051890744,0.07693885063357991,0.6687500000000001,1.0013416666666666,0.3325916666666665,0.6791657833496378
LLLLFALLLLLTVLLSILILI,103300210030021003022,000011001101100110000,LL--FA-LLL-TV-LSI-I--,1728030000.0,376.494,-390.215,-13.7203,-74.2129,-70.7006,-74.2148,-74.3093,-224.371,-225.24,-224.368,-246.068,-380.654,4568.66,3705.77,3618.87,41.3623,0.000923933,-15.2873,-9.56603,27.642,-91.6308,-100.0,-91.6368,-60.2769,484,79.6152,-50.7483,87.3549,15.3472,9.80368,5.90515,5.71547,-14.499,-51.1039,86.2721,16.9125,-9.56603,9.65393,5.81232,5.60641,-9.56064,3,-53.2431,76.0702,21.7744,9.5,4.75595,4.397,design_1002,-39.7231,3.608699999999999,20.828000000000003,-8.363200000000006,3.5142000000000024,-0.8720000000000141,-5.7212700000000005,-862.8899999999999,11.2847,0.30367999999999995,-6.427199999999999,1.3184699999999996,Left,0.028877500655060433,1.0,1.30368,0.30367999999999995,0.37744,-0.2652799999999999,0.64272,0.7606340200616976,0.8735130777140708,0.11287905765237327,0.7328333333333333,0.9525783333333333,0.21974499999999997,0.7525557039060217
LLLLLALLFTLVALLLILILI,102300320020033003102,000011001101100110000,LL--LA--FT-VA--LI-IL-,1728000000.0,369.747,-371.519,-1.77207,-58.9097,-58.9038,-58.8434,-58.9702,-220.374,-224.228,-220.372,-244.018,-368.612,4511.24,3641.94,3605.09,41.4852,0.000904948,-15.2545,-2.84896,39.7131,-92.2354,-100.735,-92.2458,-65.6235,496,148.395,-9.64213,103.115,20.7308,9.10133,1.86691,1.91364,-8.14558,-10.8672,97.8769,19.2763,-2.84896,9.34788,1.34345,1.31161,-2.90682,3,-15.4674,86.8993,20.4362,8.9034,0.551511,0.355,design_610,-35.11149999999999,0.06640000000000157,19.789999999999992,-8.489199999999997,-0.060399999999994236,-3.8559999999999945,-12.40554,-869.2999999999997,16.2157,0.19793000000000127,0.2945999999999991,1.55864,Left,0.03636651696758832,0.40339999999999954,0.6013300000000008,0.19793000000000127,0.24361999999999995,0.2730799999999999,0.02945999999999993,0.8689557834424976,1.031158849113148,0.16220306567065046,0.059166666666666666,0.31894,0.25977333333333336,0.36583629634587783
LLLYALLLLLTSLLFVLLILI,13002200300230031022,000110011011001100000,LL-YA--LL-TS--FV-LI--,1728040000.0,369.341,-362.863,6.47814,-74.126,-74.1506,-74.118,-74.2819,-223.747,-228.543,-223.74,-254.099,-373.648,4701.59,3822.4,3716.64,46.7138,0.000374154,-15.1768,10.7933,53.1919,-64.99,-86.1312,-64.9968,-45.2672,480,11.2484,-100.247,40.6508,25.552,8.99418,7.02485,6.13461,5.9923,-98.844,36.4587,23.6923,10.7933,8.9895,6.24852,5.2954,10.7857,0,-98.844,36.4587,23.6923,8.9895,6.24852,5.2954,design_1139,-40.864000000000004,0.13129999999999598,25.555999999999983,-21.134400000000014,-0.03260000000000218,-4.802999999999997,-25.970100000000002,-879.19,4.192099999999996,0.004680000000000462,1.8597000000000001,0.8392100000000005,Left,0.35497571706264813,0.4894999999999996,0.49418000000000006,0.004680000000000462,0.5692299999999999,0.7552,0.18597000000000008,0.36440649144357,0.40633940038971067,0.04193290894614066,0.8825666666666666,1.022435,0.13986833333333337,0.23649157029824514
LLLLLVLTLLLAILFSLLILI,103300300230020023022,000011011001101100000,LL--LV-TL--AI-FS--I--,1728050000.0,374.527,-386.797,-12.2698,-74.295,-74.2096,-74.2402,-74.2399,-226.599,-230.372,-226.599,-245.769,-384.868,4513.57,3691.38,3646.76,41.3623,0.000923933,-15.169,-1.87955,29.0925,-85.9024,-95.4562,-85.9084,-64.86,468,162.201,-55.7086,63.5333,16.1153,9.57799,3.43328,2.88628,-10.9946,-59.1642,56.1246,15.5256,-1.87955,9.60539,2.95145,2.29332,-1.92825,4,-65.3002,37.0158,22.7316,9.0047,1.29216,0.3474,design_1490,-30.596199999999996,0.030300000000011096,15.396999999999991,-9.547799999999995,0.030600000000006844,-3.7730000000000246,-13.28945,-822.1899999999996,26.5175,0.5732900000000001,-6.616299999999999,2.5388800000000002,Left,0.028877500655060433,0.5046999999999997,1.0779899999999998,0.5732900000000001,0.47316,-0.18846999999999986,0.6616299999999999,0.36997907405703223,0.635229405151063,0.26525033109403073,0.0579,0.4810466666666667,0.42314666666666667,1.0078821958228075
LLLLAVLTLLLLILFSLLILI,13300300210020033021,000011011001101100000,LL--AV-TL-LLI-FS--I-I,1727980000.0,375.22,-389.591,-14.3711,-68.6472,-70.6573,-68.6492,-74.3055,-228.145,-229.669,-228.143,-246.875,-385.271,4542.62,3685.2,3650.54,41.3623,0.000923933,-15.1626,-4.32618,26.9911,-92.7996,-100.107,-92.8055,-64.0907,512,361.194,-97.7407,49.5932,26.9865,9.33287,7.85619,7.10009,-10.8485,-97.7423,46.9514,26.2499,-4.32618,9.42745,7.49978,6.70406,-4.32038,4,-91.1293,43.7467,22.0874,9.5,6.0752,5.2314,design_83,-36.0163,3.6481999999999886,17.20599999999999,-7.301500000000004,-2.008100000000013,-1.5260000000000105,-10.83642,-857.4200000000001,5.846500000000006,-0.16713000000000022,4.899100000000001,1.86869,Left,0.028877500655060433,1.0,0.8328699999999998,0.16713000000000022,0.4087399999999999,0.89865,0.48991000000000007,0.43730719524344913,0.49578880402034187,0.058481608776892735,0.8719,1.1833483333333332,0.3114483333333332,0.6069303155233265
LLLLLFLLLALTVLLSILILI,103300320020031003012,000011001101100110000,LL--LF--LA-TV-LSI-IL-,1727990000.0,376.175,-390.928,-14.7531,-74.2129,-74.1983,-74.1607,-74.3093,-227.258,-229.88,-227.258,-245.295,-382.209,4521.64,3765.86,3674.81,41.3623,0.000923933,-15.157,-8.67319,26.6092,-89.4571,-93.2879,-89.4637,-62.6044,490,193.783,-50.5006,78.6001,16.6964,9.97366,4.6861,4.3651,-13.3473,-51.5202,75.3662,16.9063,-8.67319,9.92411,4.40246,4.03296,-8.71921,4,-47.2232,70.3501,24.3828,9.5,3.08075,2.636,design_381,-30.683499999999995,0.11099999999999,15.414999999999992,-3.8241999999999905,-0.037599999999997635,-2.6219999999999857,-6.48381,-755.7800000000002,8.25,0.47366000000000064,-7.686399999999999,1.7290999999999999,Left,0.028877500655060433,1.0,1.4736600000000006,0.47366000000000064,0.63828,-0.13035999999999995,0.7686399999999999,0.7034167703627829,0.7859402070187933,0.08252343665601036,0.43933333333333335,0.7275166666666667,0.28818333333333335,0.9513259149253899
LLLLAVLLALLYTLFSLLILI,103300300220030023022,000011011001101100000,LL--AV-LA--YT-FS--I--,1728060000.0,354.168,-367.006,-12.838,-74.1783,-74.1119,-74.1119,-74.1783,-224.243,-228.618,-224.24,-245.512,-364.777,4479.61,3729.39,3616.53,49.0167,0.000253574,-15.1449,-2.17066,36.1788,-68.585,-77.1927,-68.5965,-45.0868,491,124.21,-50.272,93.8276,17.4883,9.1731,6.70752,6.61494,-10.9662,-51.1071,89.2503,18.8201,-2.17066,9.01243,6.21485,6.05361,-2.22856,4,-51.8143,80.893,20.5961,8.8715,5.19271,4.9061,design_1762,-32.105900000000005,0.06639999999998736,16.894000000000005,-8.596199999999996,0.0,-4.377999999999986,-12.97424,-750.2199999999998,12.934600000000003,0.30160000000000053,-3.107800000000001,1.7088399999999995,Left,0.49530489253962356,0.3714999999999993,0.6730999999999998,0.30160000000000053,0.25961,-0.05117000000000012,0.3107800000000001,0.8088757207046802,0.9382584654041748,0.12938274469949462,0.8176833333333334,1.10249,0.28480666666666654,0.5342298198376357
LLLLVALLTILFSLLLLLILI,102300320020033003102,000011001101100110000,LL--VA--TI-FS--LL-IL-,1727990000.0,384.75,-387.684,-2.93387,-68.624,-70.6532,-68.6257,-74.291,-224.436,-227.13,-224.434,-246.632,-383.852,4509.48,3618.76,3576.2,41.3623,0.000923933,-15.1022,-3.83821,38.4284,-94.6241,-101.171,-94.6301,-62.9291,489,253.054,-8.48821,106.085,24.7436,8.91176,2.09474,2.18602,-10.3263,-9.97071,100.902,25.165,-3.83821,9.12754,1.61744,1.63098,-3.8324,4,-9.3919,97.4601,25.3594,9.3474,1.0659,1.0278,design_470,-38.24190000000001,3.6377999999999986,19.50200000000001,-6.540900000000008,-2.0275000000000034,-2.695999999999998,-11.26399,-890.7199999999993,8.624899999999997,-0.43564000000000114,-0.6158000000000001,1.15822,Left,0.028877500655060433,0.8474000000000004,0.41175999999999924,0.43564000000000114,0.73594,0.6743600000000001,0.06157999999999997,0.9745937846348363,1.0608672863093118,0.08627350167447556,0.1713,0.3643366666666667,0.1930366666666667,0.488139916180755
LLLLYVLLFLLATLISLLILI,103300300220020033022,000011011001101100000,LL--YV-LF--AT-IS--I--,1728040000.0,361.773,-370.12,-8.34754,-74.1783,-74.1237,-74.1237,-74.1783,-228.072,-230.682,-228.071,-248.286,-368.401,4566.94,3653.74,3612.33,45.9023,0.000429125,-15.0615,-1.67031,37.5547,-67.87,-78.6575,-67.8769,-45.9375,454,124.21,-56.9641,62.7128,19.8341,9.22994,3.51084,2.95153,-10.6816,-57.0498,59.5022,20.629,-1.67031,9.43831,3.09026,2.48279,-1.71864,3,-65.2907,41.306,24.0147,8.7976,1.86991,0.9895,design_1082,-32.72,0.05459999999999354,17.604000000000013,-10.780599999999993,0.0,-2.61099999999999,-13.39119,-913.1999999999998,21.406800000000004,0.43233999999999995,-4.180600000000002,1.96203,Left,0.30552627249294656,0.2975999999999992,0.7299399999999991,0.43233999999999995,0.6014700000000002,0.18340999999999993,0.4180600000000002,0.41289326168631896,0.6270220742690925,0.21412881258277355,0.16491666666666668,0.49192166666666665,0.327005,0.7172694456082099
LLLYFLLAVLTSLLLILLILI,13003200200330021022,000110011011001100000,LL-YF--AV-TS--LI-LI--,1728040000.0,367.797,-379.306,-11.5088,-74.7025,-74.3307,-74.649,-74.3842,-227.257,-229.427,-227.254,-254.046,-369.885,4674.12,3784.51,3687.68,45.9023,0.000429125,-15.0271,-9.3714,34.3935,-77.3468,-81.154,-77.3533,-41.4552,479,55.7787,-106.009,27.8936,23.7349,9.31219,6.16705,5.08546,-12.1175,-105.43,27.1794,24.6808,-9.3714,8.84134,5.9838,4.89149,-9.42106,3,-103.348,23.3632,22.9257,9.0331,5.15625,4.0067,design_1313,-39.6988,0.05350000000001387,24.619,-3.800699999999992,0.3183000000000078,-2.173000000000002,-5.655700000000001,-889.6099999999997,4.5304,0.27909000000000006,0.8092000000000006,1.07876,Left,0.30552627249294656,0.5330999999999992,0.8121899999999993,0.27909000000000006,0.4925699999999999,0.5734899999999999,0.08092000000000005,0.23341428965826294,0.2787311596493404,0.04531686999107748,0.6677833333333334,0.8475766666666668,0.17979333333333336,0.34470064681822016
LLLFALLLVLYLLLTSLLILI,13002300200220031032,000110011011001100000,LL-FA--LV-YL--TS-LI--,1728010000.0,364.774,-375.306,-10.5319,-74.0218,-74.1173,-74.0112,-74.2416,-228.221,-232.416,-228.216,-249.97,-372.757,4568.93,3794.75,3689.38,46.7138,0.000374154,-14.9691,-2.5405,36.1819,-73.0634,-81.1933,-73.0704,-48.5456,480,193.783,-109.395,30.3184,20.6912,9.42982,7.00231,5.95709,-7.22595,-107.936,27.1748,20.3557,-2.5405,9.2024,6.35903,5.26665,-2.54901,1,-109.657,20.0138,18.2417,8.9748,5.65039,4.4506,design_744,-32.64769999999999,0.12430000000000518,17.554000000000002,-8.122899999999987,-0.10609999999999786,-4.199999999999989,-12.4286,-774.1800000000003,10.3046,0.4550199999999993,2.449499999999997,1.5064900000000003,Left,0.35497571706264813,0.4748000000000001,0.9298199999999994,0.4550199999999993,0.024170000000000157,0.26911999999999986,0.2449499999999997,0.19991077466000343,0.3029860480376427,0.10307527337763925,0.7417666666666666,0.9928483333333333,0.25108166666666676,0.5837038788786533
LLLLFVLLYLLATLISLLILI,103300200220030033022,000011011001101100000,LL--FV-LY--AT-IS--I--,1728000000.0,360.728,-364.553,-3.82484,-74.1783,-74.1206,-74.1206,-74.1783,-219.264,-227.816,-219.263,-247.211,-367.956,4503.21,3684.04,3639.17,45.9023,0.000429125,-14.8973,3.45525,42.0774,-71.1108,-80.9167,-71.1177,-46.5668,467,302.327,-51.2342,96.7226,21.0434,9.10516,7.24267,7.19351,-4.98352,-51.6914,88.02,21.0392,3.45525,9.26959,6.1364,5.9567,3.40373,3,-49.3753,87.236,24.9943,8.8949,5.68316,5.4917,design_498,-34.349900000000005,0.057699999999996976,19.39500000000001,-9.799000000000007,0.0,-8.552999999999997,-18.35255,-819.1700000000001,9.486599999999996,0.2102599999999999,-3.9509000000000007,1.70181,Left,0.30552627249294656,0.3948999999999998,0.6051599999999997,0.2102599999999999,0.6994299999999999,0.30433999999999983,0.39509000000000005,0.8723237399421436,0.9672166895398293,0.09489294959768568,0.9152833333333333,1.1989183333333333,0.28363499999999997,0.5382925420329998
LLLLALLTILLSLLFVLLILI,13002200200230032031,000110011011001100000,LL-LA--TI-LS--FV--I-I,1728030000.0,381.351,-390.665,-9.31346,-74.265,-70.6696,-74.2595,-74.34,-227.979,-228.537,-227.977,-246.556,-384.815,4545.81,3809.45,3700.12,41.3623,0.000923933,-14.8624,-5.84782,32.0488,-88.4207,-100.471,-88.4266,-63.9183,483,103.966,-103.96,24.5728,26.4098,9.10676,5.41134,4.27993,-11.7234,-103.182,23.7514,26.9797,-5.84782,9.2686,5.18375,4.04002,-5.8498,3,-97.656,20.9513,21.4951,9.33,3.97683,2.7911,design_958,-36.5527,3.6704000000000008,18.019000000000005,-12.04440000000001,3.5899,-0.5600000000000023,-9.014579999999999,-736.3600000000006,3.621500000000001,-0.22324000000000055,4.9147,1.48883,Left,0.028877500655060433,0.8300000000000001,0.6067599999999995,0.22324000000000055,0.3495100000000001,0.8409800000000001,0.49146999999999996,0.20928843791636825,0.2455137258981551,0.03622528798178684,0.46518333333333334,0.7133216666666667,0.2481383333333334,0.5952006069039313
LLLLTVLASLLFILLLLLILI,103300200230030023022,000011011001101100000,LL--TV-AS--FI-LL--I--,1728070000.0,384.24,-377.037,7.20247,-60.5064,-60.4506,-60.4506,-60.5064,-222.568,-225.773,-222.567,-246.414,-376.277,4587.1,3672.63,3614.67,41.3623,0.000923933,-14.8502,-0.709431,48.5648,-93.9629,-104.904,-93.9688,-69.3567,472,361.194,-55.1547,83.1407,22.2999,9.45786,5.99719,5.7443,-9.74278,-53.5703,81.6266,22.0901,-0.709431,9.50707,5.55514,5.27954,-0.760275,4,-48.8242,83.4605,25.3626,9.5,5.09079,4.8427,design_1953,-35.54729999999999,0.05579999999999785,20.64099999999999,-10.935199999999995,0.0,-3.205999999999989,-14.140768999999999,-914.4700000000003,-0.31980000000000075,-0.042139999999999844,-3.0626999999999995,0.9016000000000002,Left,0.028877500655060433,1.0,0.9578600000000002,0.042139999999999844,0.73626,0.4299900000000001,0.30626999999999993,0.8345580144761112,0.8313591059861,0.003198908490011254,0.8071166666666666,0.9573833333333334,0.15026666666666677,0.343754849604538
LLLYALLFTLVILLLSLLILI,13002300200230021032,000110011011001100000,LL-YA--FT-VI--LS-LI--,1728060000.0,361.133,-374.754,-13.6212,-74.175,-74.1698,-74.1698,-74.2355,-232.631,-234.19,-232.626,-254.032,-370.184,4674.07,3852.74,3836.26,45.9023,0.000429125,-14.848,-4.56727,32.2811,-67.9479,-76.6713,-67.9546,-41.9162,471,148.395,-114.252,16.9202,18.7807,9.95678,5.92197,4.67577,-12.4898,-115.109,14.8047,19.2083,-4.56727,10.0776,5.76502,4.48709,-4.57051,4,-115.152,5.8116,18.3002,9.2232,4.55733,3.1445,design_1754,-34.7551,0.06570000000000675,19.842000000000013,-8.716700000000003,0.0,-1.563999999999993,-10.280730000000002,-821.3299999999999,11.108600000000001,0.7335799999999999,0.48049999999999926,1.5312700000000001,Left,0.30552627249294656,0.7232000000000003,1.4567800000000002,0.7335799999999999,0.030020000000000026,0.07806999999999994,0.04804999999999992,0.05784842895382289,0.1689659863401206,0.11111755738629772,0.5240833333333333,0.779295,0.2552116666666666,0.7860842990813866
LLLLVALLLFLLYLLSTLILI,102300330020032003102,000011001101100110000,LL--VA--LF-LY--ST-IL-,1728060000.0,366.227,-379.044,-12.8166,-66.3422,-66.4008,-66.3312,-74.1962,-230.322,-235.761,-230.321,-249.627,-373.562,4588.08,3623.77,3595.11,46.7138,0.000374154,-14.8332,-5.47722,33.8972,-82.3792,-86.2328,-82.3865,-49.7386,466,113.638,-10.1293,112.77,20.0631,8.93371,3.24341,3.43496,-11.3492,-9.59773,107.913,21.1104,-5.47722,8.88696,2.50793,2.62663,-5.48211,3,-14.5928,93.3319,20.3128,8.9683,1.28872,1.1887,design_1675,-36.4942,7.795400000000001,13.866000000000014,-3.8462999999999994,-0.06960000000000832,-5.439999999999998,-9.355979999999999,-964.31,19.43809999999999,-0.03458999999999968,-0.2497000000000007,2.2462599999999995,Left,0.35497571706264813,0.4682999999999993,0.4337099999999996,0.03458999999999968,0.23127999999999993,0.20630999999999985,0.024970000000000075,0.9333000572162494,1.127736277102697,0.19443621988644766,0.1981166666666667,0.5724933333333333,0.3743766666666666,0.42400860975713145
LLLLFLLAILVTLLLSLLILI,13002200200330022031,000110011011001100000,LL-LF--AI-VT--LS--I-I,1728060000.0,375.229,-383.416,-8.18646,-64.6006,-70.7811,-64.5472,-74.2698,-221.026,-225.281,-221.025,-245.328,-380.913,4595.54,3649.63,3649.56,41.3623,0.000923933,-14.8321,-2.454,33.1758,-97.7895,-99.683,-97.7954,-61.3151,472,95.1175,-100.69,47.108,22.1012,9.25931,7.96305,7.16967,-8.7822,-100.531,42.6022,22.9313,-2.454,9.1728,7.33093,6.46996,-2.50248,3,-96.9827,38.5106,18.0278,9.4671,6.24634,5.324,design_1744,-38.367900000000006,3.4887000000000086,20.046999999999997,-1.8876000000000062,-6.233899999999991,-4.256,-12.3781,-945.9099999999999,8.5974,-0.20779000000000103,4.0733999999999995,1.8456700000000001,Left,0.028877500655060433,0.9671000000000003,0.7593099999999993,0.20779000000000103,0.002779999999999916,0.4101199999999999,0.40734,0.3849313204950206,0.4709297440473095,0.08599842355228887,0.8873333333333333,1.194945,0.3076116666666666,0.5577842109838926
LLLLIALLLTLVALLFLLILI,102300320020033003102,000011001101100110000,LL--IA--LT-VA--FL-IL-,1728070000.0,367.776,-371.499,-3.72317,-58.9097,-58.9013,-58.8409,-58.9702,-222.196,-223.485,-222.195,-243.916,-365.262,4551.72,3665.1,3637.58,41.4852,0.000904948,-14.8269,-6.17651,37.762,-90.3933,-97.7028,-90.4034,-62.3764,464,55.7787,-15.1422,99.1476,21.2383,9.52381,2.15626,2.14348,-10.8682,-15.1367,97.1696,19.1012,-6.17651,9.54211,1.8884,1.84594,-6.2368,4,-15.5905,90.3928,19.7114,9.1389,1.04161,0.8975,design_1922,-35.3264,0.0688999999999993,20.430999999999983,-7.2993999999999915,-0.06040000000000134,-1.2900000000000205,-8.65039,-886.6200000000003,8.754800000000003,0.38490999999999964,1.5268999999999977,1.2459799999999999,Left,0.03636651696758832,0.6388999999999996,1.0238099999999992,0.38490999999999964,0.17114000000000013,0.3238299999999999,0.15268999999999977,0.9039007078010154,0.9914735784962929,0.08757287069527753,0.14958333333333332,0.35724666666666666,0.20766333333333334,0.47144778278503185
LLLFALLLILVSLLYTLLILI,023002200200330031021,000110011011001100000,L--FA--LI-VS--YT-LI-I,1728070000.0,364.978,-374.011,-9.03297,-74.2269,-74.2588,-74.2186,-74.2671,-227.747,-230.546,-227.742,-250.035,-365.46,4602.62,3736.69,3714.66,45.9023,0.000429125,-14.7811,-8.54408,36.8693,-72.0362,-75.4359,-72.0433,-41.1581,523,231.516,-114.253,10.3646,20.5395,9.77933,5.03721,3.69268,-11.5019,-114.386,6.51378,20.7473,-8.54408,9.57555,4.53731,3.13501,-8.55074,1,-115.762,1.8789,19.6398,9.2964,4.11802,2.6462,design_1900,-34.277800000000006,0.008300000000005525,19.489000000000004,-3.3926000000000016,-0.04019999999999868,-2.804000000000002,-6.237020000000001,-865.9299999999998,8.4857,0.48292999999999964,0.8996999999999993,1.0464800000000003,Left,0.30552627249294656,0.7964000000000002,1.2793299999999999,0.48292999999999964,0.1639800000000001,0.25395,0.08996999999999991,0.018510256912963284,0.10339136314713379,0.0848811062341705,0.44103333333333333,0.6154466666666667,0.17441333333333336,0.5281484628776085
LLLLFALLLVLLVLLITLILI,103300210030021003022,000011001101100110000,LL--FA-LLV-LV-LIT-I--,1728040000.0,371.229,-374.618,-3.38966,-58.948,-58.9376,-58.9376,-58.948,-224.396,-226.573,-224.393,-247.295,-370.561,4627.62,3663.61,3606.47,42.2344,0.000797366,-14.7214,-4.05026,38.8448,-91.2748,-99.7717,-91.2808,-64.3178,491,22.9165,-58.141,80.3196,22.4481,10.2181,6.06429,5.76909,-12.947,-59.6387,77.1337,20.4075,-4.05026,10.1881,5.85885,5.51586,-4.05728,4,-61.8507,67.9513,23.3116,9.1484,4.95103,4.4703,design_1059,-35.45389999999999,0.010399999999997078,20.72199999999998,-8.490899999999996,0.0,-2.180000000000007,-10.67114,-964.0099999999998,12.36829999999999,1.0696999999999992,-0.8634999999999984,1.2987900000000003,Left,0.08201965790612242,0.6484000000000005,1.7180999999999997,1.0696999999999992,0.5311599999999999,0.44481000000000004,0.08634999999999982,0.6794219558354573,0.8031400917860672,0.12371813595060988,0.74505,0.961515,0.21646500000000002,1.1017611746145768
LLLYALLFVLISLLLTLLILI,13002300200230021032,000110011011001100000,LL-YA--FV-IS--LT-LI--,1727980000.0,368.684,-379.88,-11.1961,-74.2701,-74.3041,-74.2647,-74.3095,-226.239,-227.14,-226.233,-253.993,-371.403,4648.52,3805.76,3707.43,45.9023,0.000429125,-14.6616,-8.4721,34.7062,-79.3703,-84.6201,-79.377,-43.1001,490,72.839,-106.541,18.0189,24.7665,8.93297,4.91363,3.68392,-12.2024,-108.207,14.9457,23.7007,-8.4721,9.02964,4.7487,3.47289,-8.47683,2,-106.605,14.5045,18.874,9.5,4.44883,3.1664,design_156,-41.519999999999996,0.00539999999999452,26.85300000000001,-5.243099999999998,-0.039400000000000546,-0.9069999999999823,-6.189500000000001,-842.7600000000002,3.5143999999999984,-0.5670300000000008,5.892500000000002,0.5175200000000002,Left,0.30552627249294656,1.0,0.4329699999999992,0.5670300000000008,0.08739999999999988,0.6766500000000001,0.5892500000000002,0.1448021238031601,0.17995610753453978,0.03515398373137968,0.5277333333333333,0.6139866666666667,0.0862533333333334,0.8230516529861891
LLLLAVLILLLTLLFSLLILI,103300300220030023022,000011011001101100000,LL--AV-IL--TL-FS--I--,1727980000.0,374.666,-383.341,-8.67534,-74.2055,-74.238,-74.2075,-74.2722,-231.088,-236.402,-231.086,-246.433,-383.932,4545.87,3784.21,3792.43,41.3623,0.000923933,-14.6284,0.585325,32.6869,-78.0473,-87.92,-78.0532,-63.2268,482,177.29,-59.433,57.5775,18.0784,9.93363,3.18792,2.55158,-4.47587,-59.7821,51.6909,21.5809,0.585325,10.3188,2.44558,1.72095,0.59089,2,-65.0318,35.5042,26.43,9.5,1.04784,0.0804,design_130,-24.693200000000004,0.034199999999998454,10.031000000000006,-9.866799999999998,-0.030500000000003524,-5.315999999999974,-15.213724999999998,-761.6599999999999,22.073300000000003,0.43363000000000085,-8.351600000000001,2.47118,Left,0.028877500655060433,1.0,1.4336300000000008,0.43363000000000085,0.843,0.007839999999999847,0.8351600000000001,0.35485877989348974,0.5756544858739883,0.22079570598049852,0.0134,0.4252633333333333,0.4118633333333333,1.0506709054808132
LLLLAVLIALLLTLFSLLILI,103300200320020033022,000011011001101100000,LL--AV-IA--LT-FS--I--,1728050000.0,365.473,-380.563,-15.0896,-74.1382,-74.1252,-74.0851,-74.1783,-227.996,-229.525,-227.994,-242.647,-374.67,4465.52,3670.81,3653.41,43.6652,0.000626172,-14.6173,-5.84825,28.5757,-78.4287,-85.6368,-78.4394,-57.8452,497,253.054,-59.241,67.8894,19.4476,9.52593,4.55122,4.06956,-12.545,-58.4458,67.5493,19.6948,-5.84825,9.57146,4.38603,3.89927,-5.89268,4,-58.7573,54.046,18.0,8.9107,2.60981,1.9205,design_1441,-27.791599999999995,0.05309999999998638,13.121999999999986,-7.197399999999988,-0.04010000000000957,-1.531000000000006,-8.76905,-794.7100000000005,13.843399999999995,0.6152300000000004,1.4476000000000013,2.14906,Left,0.16920667613203583,0.4107000000000003,1.0259300000000007,0.6152300000000004,0.0,0.14476000000000014,0.14476000000000014,0.5403294535648124,0.678802779989517,0.13847332642470456,0.32008333333333333,0.67826,0.35817666666666664,0.7395463455224207
LLLLLLLITLLFALVSLLILI,103300200220030033022,000011011001101100000,LL--LL-IT--FA-VS--I--,1728020000.0,376.961,-380.054,-3.09282,-63.4287,-67.1645,-63.3677,-74.2984,-225.521,-227.987,-225.521,-245.693,-380.975,4545.27,3637.09,3600.1,41.3623,0.000923933,-14.6099,0.975874,38.2695,-91.1042,-100.434,-91.1102,-60.9835,450,253.054,-56.6615,60.5998,19.4894,9.48949,3.1802,2.5892,-11.4644,-57.1538,58.3171,18.9608,0.975874,9.38343,2.94588,2.32064,0.920862,3,-58.638,47.7207,18.5491,9.3098,1.73799,0.9538,design_780,-39.4505,7.133899999999997,17.706000000000017,-9.323799999999991,-3.7968000000000046,-2.466000000000008,-15.585773999999999,-908.1800000000003,12.879100000000001,0.1796900000000008,0.9403000000000006,1.6354,Left,0.028877500655060433,0.8097999999999992,0.98949,0.1796900000000008,0.054909999999999924,0.14894,0.09403000000000006,0.4770584846096292,0.605886071644347,0.12882758703471786,0.15896666666666667,0.4315333333333333,0.2725666666666666,0.36334456368434337
LLLYALLFTLVALLLSLLILI,13002200200330021032,000110011011001100000,LL-YA--FT-VA--LS-LI--,1728020000.0,354.627,-343.343,11.2844,-74.1077,-67.0983,-74.0433,-74.2355,-222.481,-225.446,-222.474,-249.912,-363.751,4627.64,3757.15,3720.68,49.0167,0.000253574,-14.6053,20.4676,60.3011,-46.7543,-85.8112,-46.7658,-39.603,518,330.452,-105.354,26.6841,23.7899,8.98458,5.90544,4.8057,16.4589,-105.309,21.8785,20.5948,20.4676,9.15988,5.24996,4.07814,20.4079,1,-102.539,23.4973,18.0,9.1729,5.05294,3.9054,design_945,-46.2082,7.137200000000007,24.466000000000008,-39.0454,6.945000000000007,-2.9720000000000084,-35.072900000000004,-870.4900000000002,3.1868000000000016,-0.18832000000000093,5.789899999999999,0.9002999999999997,Left,0.49530489253962356,0.6729000000000003,0.48457999999999934,0.18832000000000093,0.0,0.5789899999999999,0.5789899999999999,0.23475567061045335,0.266632723693529,0.03187705308307562,0.6509,0.8009499999999999,0.1500499999999999,0.6278733881231641
LLLLLLLLFTLAVLLSILILI,103300210030022003012,000011001101100110000,LL--LL-LFT-AV--SI-IL-,1727980000.0,377.492,-390.313,-12.8207,-74.3153,-74.253,-74.253,-74.3153,-227.785,-232.408,-227.785,-245.56,-385.228,4491.77,3716.91,3618.06,41.3623,0.000923933,-14.5822,-5.02827,28.5416,-88.2125,-93.1497,-88.2186,-65.3529,456,135.765,-50.9585,87.3288,20.3427,9.66487,5.93316,5.74309,-9.70511,-51.3563,83.2618,20.373,-5.02827,9.49951,5.4438,5.19272,-5.08445,4,-42.2132,82.5215,18.0,9.4446,3.97238,3.7102,design_194,-27.79679999999999,0.06229999999999336,13.152000000000015,-4.931100000000001,0.0,-4.6229999999999905,-9.553930000000001,-774.8600000000006,4.807299999999998,0.22027000000000108,2.3427000000000007,2.0328899999999996,Left,0.028877500655060433,0.9445999999999994,1.1648700000000005,0.22027000000000108,0.0,0.23427000000000006,0.23427000000000006,0.8251653469585363,0.8732520035690136,0.048086656610477285,0.6183666666666666,0.9571816666666666,0.338815,0.46958411021772706
LLLLLLLIALLTVLFSLLILI,103300300230020023111,000011011001101100000,LL--LL-IA--TV-FS--ILI,1727990000.0,374.009,-391.64,-17.6309,-74.3747,-74.3143,-74.3143,-74.3747,-231.772,-232.817,-231.772,-245.702,-384.561,4506.73,3731.63,3677.59,41.3623,0.000923933,-14.5716,-7.02431,23.7314,-85.4935,-92.0015,-85.4994,-64.4837,460,148.395,-50.0791,67.1775,16.5051,9.58945,3.08084,2.5885,-10.9851,-51.9833,64.2271,16.4176,-7.02431,9.58542,2.96816,2.43156,-7.07887,3,-43.3965,59.9495,18.0,9.3753,1.10266,0.5019,design_317,-27.517799999999994,0.06040000000000134,12.884999999999991,-6.502099999999999,0.0,-1.045000000000016,-7.54729,-775.0999999999995,7.227999999999994,0.21415000000000006,-1.4949000000000012,2.0866,Left,0.028877500655060433,0.8752999999999993,1.0894499999999994,0.21415000000000006,0.0,-0.14949000000000012,0.14949000000000012,0.599381224267692,0.6716817576191638,0.0723005333514718,0.08365,0.4314166666666666,0.3477666666666666,0.4408815080805179
LLLLVILLLTLALLLSFLILI,103300320020032003102,000011001101100110000,LL--VI--LT-AL--SF-IL-,1727990000.0,374.49,-392.073,-17.5831,-74.1644,-74.1681,-74.1076,-74.2781,-224.996,-226.933,-224.996,-246.2,-384.459,4524.85,3767.51,3680.75,41.3623,0.000923933,-14.5469,-7.56342,23.7792,-92.9126,-97.9052,-92.9186,-63.9808,470,231.516,-17.0586,99.1522,20.9456,10.0657,2.44433,2.43161,-11.85,-16.9441,97.4693,21.3617,-7.56342,9.87016,2.19996,2.162,-7.61397,4,-16.2744,89.8543,20.6107,9.5,1.07149,0.9193,design_459,-33.92439999999999,0.10999999999999943,19.266999999999996,-4.986599999999996,-0.06049999999999045,-1.9369999999999834,-6.983480000000001,-757.3400000000001,9.297899999999998,0.5656999999999996,0.33489999999999753,1.51231,Left,0.028877500655060433,1.0,1.5656999999999996,0.5656999999999996,0.26107000000000014,0.2945599999999999,0.03348999999999974,0.8985141780265595,0.9915195915640042,0.09300541353744463,0.15321666666666667,0.40526833333333334,0.2520516666666667,0.6271507950379359
LLLLAVLLALLFTLISLLILI,103300300220030023022,000011011001101100000,LL--AV-LA--FT-IS--I--,1727990000.0,367.113,-377.684,-10.5709,-74.1783,-74.125,-74.125,-74.1783,-220.786,-221.834,-220.783,-242.137,-374.147,4462.36,3628.14,3630.31,43.6652,0.000626172,-14.515,-3.49081,33.0943,-82.7194,-92.7034,-82.73,-57.8323,455,394.796,-49.8099,98.5205,16.6597,9.01774,7.27176,7.24957,-11.213,-50.9877,95.64,18.9562,-3.49081,9.10034,7.05956,6.99416,-3.53656,4,-51.0504,88.9496,24.2236,8.6299,6.16576,6.0,design_428,-34.871100000000006,0.05329999999999302,20.302999999999997,-9.973399999999998,0.0,-1.0510000000000161,-11.02419,-834.2199999999998,9.570899999999995,0.38784000000000063,-7.5639,1.2495700000000003,Left,0.16920667613203583,0.12989999999999924,0.5177399999999999,0.38784000000000063,0.6223600000000001,-0.13402999999999993,0.7563900000000001,0.8894646079486574,0.9852007970263554,0.09573618907769799,1.0,1.2082616666666668,0.2082616666666668,0.8803885718260428
LLLLAVLYTLLFLLASLLILI,13300200310030023021,000011011001101100000,LL--AV-YT-LFL-AS--I-I,1728070000.0,354.525,-333.261,21.2644,-74.2681,-74.2012,-74.2012,-74.2681,-222.335,-227.027,-222.332,-244.34,-362.266,4554.34,3713.27,3677.23,49.0167,0.000253574,-14.4978,29.0633,70.2811,-36.6581,-75.5358,-36.67,-43.6582,490,103.966,-100.616,37.4974,24.4724,9.39066,6.65456,5.71702,23.9525,-97.7315,36.9513,22.7946,29.0633,9.3092,6.14814,5.20241,29.0055,2,-91.8072,34.9355,18.3516,9.3473,4.98737,4.0114,design_1921,-31.877599999999994,0.06690000000000396,17.313000000000017,-38.86579999999999,0.0,-4.694999999999993,-43.5611,-841.0700000000002,2.5619000000000014,0.04335999999999984,6.120799999999999,1.7056199999999997,Left,0.49530489253962356,0.8473000000000006,0.8906600000000005,0.04335999999999984,0.03516000000000012,0.64724,0.61208,0.3491701643266688,0.37479644218958186,0.02562627786291305,0.6685666666666666,0.9528366666666667,0.28427,0.6767482212884695
LLLALLLYTLVALLFSLLILI,13002300200230021032,000110011011001100000,LL-AL--YT-VA--FS-LI--,1728020000.0,354.23,-366.173,-11.9426,-63.2651,-67.0877,-63.1901,-74.2355,-218.632,-221.275,-218.625,-245.115,-361.338,4532.18,3655.33,3615.63,49.0167,0.000253574,-14.4202,-4.76373,37.0741,-84.2751,-87.395,-84.2864,-41.9873,490,211.811,-111.158,8.43641,24.085,9.02673,4.31255,2.93909,-12.8842,-111.065,7.39487,23.676,-4.76373,8.98243,4.15807,2.76899,-4.83465,3,-106.207,9.9142,18.5239,9.5,3.76949,2.4182,design_946,-45.4077,7.147800000000004,23.840000000000003,-3.1085999999999956,-3.897599999999997,-2.6500000000000057,-9.656469999999999,-876.8500000000004,-1.4777899999999988,-0.4732699999999994,5.5611,0.5208900000000001,Left,0.49530489253962356,1.0,0.5267300000000006,0.4732699999999994,0.05239000000000012,0.6085,0.5561099999999999,0.09888608364775596,0.08410398553189107,0.014782098115864895,0.40303333333333335,0.4898483333333334,0.08681500000000003,0.735525784490052
LLLYFLLAVLISLLLTLLILI,13002300200230021032,000110011011001100000,LL-YF--AV-IS--LT-LI--,1728030000.0,367.922,-369.828,-1.90562,-74.3095,-74.256,-74.256,-74.3095,-223.996,-228.614,-223.993,-254.037,-369.519,4690.24,3791.29,3721.25,45.9023,0.000429125,-14.3876,-0.258681,43.9967,-71.5216,-81.0365,-71.5283,-41.1717,483,162.201,-108.074,8.76334,25.5722,9.00981,3.89409,2.52554,-4.56351,-109.05,1.7496,25.2912,-0.258681,9.1253,3.09366,1.6199,-0.309026,0,-109.05,1.7496,25.2912,9.1253,3.09366,1.6199,design_1008,-39.8648,0.05349999999999966,25.423000000000002,-9.508200000000002,0.0,-4.621000000000009,-14.128919000000002,-898.9499999999998,7.013739999999999,-0.11548999999999943,0.2809999999999988,0.90564,Left,0.30552627249294656,0.6252999999999993,0.5098099999999999,0.11548999999999943,0.72912,0.7572199999999999,0.028099999999999903,0.017216889596645447,0.08737421427685463,0.07015732468020919,0.2699833333333333,0.4209233333333333,0.15094000000000002,0.2045299095640639
LLLLLLLLFVLATLLSILILI,103300210030031003022,000011001101100110000,LL--LL-LFV-AT-LSI-I--,1727990000.0,377.503,-388.62,-11.1175,-74.2109,-74.1489,-74.1489,-74.2109,-232.601,-235.582,-232.601,-245.574,-385.478,4485.56,3760.63,3702.44,41.3623,0.000923933,-14.3712,-3.08603,30.2447,-81.808,-90.1183,-81.8142,-65.693,464,276.595,-51.9592,84.5425,25.8581,9.74198,5.70712,5.47526,-11.8137,-52.9985,80.6608,24.7591,-3.08603,9.71026,5.33899,5.0489,-3.14179,3,-51.9769,68.2058,27.0969,8.9741,3.50431,3.0274,design_286,-24.425300000000007,0.06199999999999761,9.992000000000019,-8.304100000000005,0.0,-2.9809999999999945,-11.28517,-724.9300000000003,16.336700000000008,0.7678799999999999,-1.2388000000000012,2.4478599999999995,Left,0.028877500655060433,0.47409999999999997,1.2419799999999999,0.7678799999999999,0.9096900000000001,0.78581,0.1238800000000001,0.681967678820785,0.8453810882290571,0.1634134094082721,0.5045666666666667,0.9125433333333333,0.40797666666666654,0.8933839329867533
LLLLLLLLAILTFLLSVLILI,102300230030032003102,000011001101100110000,LL--LL--AI-TF--SV-IL-,1728020000.0,377.776,-388.008,-10.2314,-71.1806,-71.1205,-71.1205,-74.2975,-224.131,-226.967,-224.131,-245.758,-383.295,4528.47,3614.69,3607.03,41.3623,0.000923933,-14.366,-4.65915,31.1309,-92.6961,-99.5735,-92.7024,-63.2392,497,431.524,-9.09011,107.795,17.7398,9.21134,2.41583,2.53275,-10.2572,-10.5734,104.086,17.404,-4.65915,9.27615,2.13765,2.19894,-4.71292,3,-10.3153,94.584,18.0,9.3619,0.81614,0.7349,design_919,-36.3343,3.1769999999999925,18.790999999999997,-6.871099999999998,0.0,-2.8360000000000127,-9.70685,-913.7800000000002,13.210999999999999,-0.15056000000000047,-0.2602000000000011,1.79785,Left,0.028877500655060433,0.8619000000000003,0.7113399999999999,0.15056000000000047,0.0,-0.02602000000000011,0.02602000000000011,0.9458246141904301,1.0779721440889212,0.1321475298984911,0.12248333333333333,0.42212500000000003,0.2996416666666667,0.36137716040315904
LLLLAVLLLLLTVLFILLILI,103300200220030023032,000011011001101100000,LL--AV-LL--TV-FI--I--,1728060000.0,368.737,-376.239,-7.50171,-58.8503,-58.8397,-58.8397,-58.9642,-232.524,-234.976,-232.522,-247.582,-374.643,4570.62,3831.37,3733.69,42.2344,0.000797366,-14.3655,-1.58904,34.7327,-84.865,-95.1935,-84.8708,-68.0967,477,25.0484,-53.6862,96.874,23.2318,9.93443,7.63092,7.58403,-11.0092,-53.6119,94.8195,24.8155,-1.58904,9.92523,7.34242,7.26472,-1.59578,3,-57.8226,78.3254,26.0525,9.5,5.74732,5.4222,design_1660,-27.0968,0.12449999999999761,12.605999999999995,-10.322699999999998,0.0,-2.4540000000000077,-12.77646,-739.25,18.548599999999993,0.43443000000000076,-2.8206999999999987,2.16183,Left,0.08201965790612242,1.0,1.4344300000000008,0.43443000000000076,0.8052499999999998,0.52318,0.2820699999999998,0.7831924266491683,0.9687311196379771,0.18553869298880876,0.9037000000000001,1.264005,0.360305,0.6576756110887768
LLLLFLLAVLLTLLYSLLILI,13002300200320021032,000110011011001100000,LL-LF--AV-LT--YS-LI--,1728000000.0,361.387,-377.163,-15.7761,-68.7892,-70.7573,-68.7226,-74.3048,-224.752,-224.167,-224.751,-249.381,-371.185,4663.34,3713.46,3685.82,46.7138,0.000374154,-14.3493,-5.91849,30.9377,-83.6222,-90.6091,-83.6293,-47.4988,480,193.783,-108.378,29.7924,28.4847,8.95188,6.77863,5.72552,-12.7254,-108.264,30.6432,26.2197,-5.91849,9.09289,6.87641,5.83605,-5.97891,3,-106.585,25.1761,26.3438,9.4042,5.88646,4.7641,design_538,-43.110299999999995,3.5474999999999994,25.214,-6.979799999999997,-2.034700000000001,0.5840000000000032,-8.43081,-949.8800000000001,4.616299999999999,-0.4523200000000003,2.1408999999999985,0.9614200000000004,Left,0.35497571706264813,0.9041999999999994,0.45187999999999917,0.4523200000000003,0.8343800000000001,1.04847,0.2140899999999999,0.25154843975689095,0.2977245537732716,0.046176114016380665,0.7940166666666667,0.9542533333333334,0.1602366666666667,0.5274807421604114
LLLLLALLLVLFTLLSILILI,103300320020021003012,000011001101100110000,LL--LA--LV-FT-LSI-IL-,1728000000.0,377.777,-391.094,-13.3166,-74.2109,-74.2053,-74.2053,-74.2109,-224.959,-226.832,-224.957,-245.943,-384.953,4520.93,3630.97,3577.26,41.3623,0.000923933,-14.3323,-6.13933,28.0456,-91.924,-98.2478,-91.9302,-64.7995,455,162.201,-51.3531,80.0632,17.8841,9.6941,5.0115,4.71245,-9.43979,-53.09,75.782,18.0562,-6.13933,9.66739,4.69407,4.3308,-6.14052,4,-45.8847,76.742,21.0809,9.3724,3.74287,3.394,design_572,-33.4483,0.00560000000000116,19.11100000000002,-6.317599999999999,0.0,-1.875,-8.192969999999999,-889.9600000000005,3.3211999999999904,0.3216999999999999,-3.1967999999999996,1.3184499999999995,Left,0.028877500655060433,0.8724000000000007,1.1941000000000006,0.3216999999999999,0.30809,-0.01158999999999999,0.31967999999999996,0.7673539285156985,0.8005753634032065,0.03322143488750795,0.5656666666666667,0.7854083333333333,0.2197416666666666,0.5050507461685699
LLLAFLLSVLTALLYLLLILI,13002300200230021032,000110011011001100000,LL-AF--SV-TA--YL-LI--,1728040000.0,361.014,-360.234,0.779791,-74.2178,-73.0229,-74.1501,-74.2198,-219.942,-222.415,-219.934,-246.368,-363.565,4595.7,3667.48,3628.09,49.0167,0.000253574,-14.3315,3.39537,49.7965,-66.0742,-82.4591,-66.086,-42.9775,498,113.638,-109.283,1.8098,27.8648,8.94709,3.13675,1.6639,-0.466498,-108.351,0.0601153,25.0506,3.39537,9.24953,2.76083,1.26174,3.33079,1,-104.776,3.6563,24.241,9.2304,2.71006,1.2649,design_1169,-39.48160000000001,1.1968999999999994,23.953000000000003,-16.373100000000008,1.1271999999999878,-2.4809999999999945,-17.72687,-928.2199999999998,-1.8464999999999998,-0.2833100000000002,3.6237999999999992,0.399,Left,0.49530489253962356,0.7303999999999995,0.4470899999999993,0.2833100000000002,0.6241,0.9864799999999999,0.3623799999999999,0.03628930616295028,0.017819060613214154,0.018470245549736124,0.21081666666666665,0.27731666666666666,0.0665,0.4651314012950185
LLLLIVLLWLLATLLSFLILI,103300320020031003012,000011001101100110000,LL--IV--WL-AT-LSF-IL-,1728050000.0,371.235,-385.624,-14.3889,-74.1783,-74.0865,-74.0865,-74.1783,-230.183,-232.276,-230.184,-250.66,-380.636,4561.13,3833.11,3652.87,49.2152,0.000245214,-14.3139,-4.90465,34.8263,-81.2626,-88.5878,-81.2709,-55.7982,485,276.595,-52.6389,74.3858,21.9506,9.31271,4.43792,4.05371,-11.9696,-53.1009,72.023,21.7299,-4.90465,9.377,4.18823,3.76857,-4.98788,4,-53.8932,62.0075,22.5561,9.1861,2.95499,2.3851,design_1455,-32.7896,0.09179999999999211,18.383999999999986,-7.316900000000004,0.0,-2.092000000000013,-9.40925,-728.02,12.378300000000003,0.12660999999999945,-0.6054999999999993,1.6686099999999997,Left,0.5074006593259278,0.6860999999999997,0.8127099999999992,0.12660999999999945,0.45561000000000007,0.39506000000000013,0.06054999999999994,0.6199670706480641,0.743785235006742,0.12381816435867787,0.3975166666666667,0.6756183333333333,0.27810166666666664,0.3352131701289945
LLLLVLLLAILFLLLSTLILI,103300220020031003012,000011001101100110000,LL--VL--AI-FL-LST-IL-,1728050000.0,377.328,-388.044,-10.7162,-74.2159,-74.2024,-74.1624,-74.2559,-223.291,-227.928,-223.291,-246.028,-384.158,4512.13,3717.34,3615.34,41.3623,0.000923933,-14.312,-3.83838,30.646,-90.5373,-96.3398,-90.5431,-63.874,495,162.201,-51.782,75.2337,20.8324,9.39976,4.42385,4.05236,-7.02613,-52.4172,71.0734,22.5415,-3.83838,9.46913,3.95749,3.52359,-3.886,3,-51.5583,63.9957,21.1227,9.2799,2.87316,2.3331,design_1430,-32.465799999999994,0.05349999999999966,18.099999999999994,-5.796700000000001,-0.03999999999999204,-4.6370000000000005,-10.47362,-794.79,11.238,0.11986000000000097,-0.29029999999999845,1.7192600000000002,Left,0.028877500655060433,0.7798999999999996,0.8997600000000006,0.11986000000000097,0.3122699999999998,0.28324,0.029029999999999834,0.6398547187401222,0.7522666437268184,0.11241192498669617,0.38885,0.6753933333333334,0.2865433333333334,0.33159113868888695
LLLVLLLTILLALLFSLLILI,13002200200330021032,000110011011001100000,LL-VL--TI-LA--FS-LI--,1727980000.0,376.925,-352.589,24.3362,-74.0619,-74.1298,-74.0071,-74.2451,-225.958,-229.381,-225.958,-245.64,-386.088,4532.52,3774.34,3704.22,41.3623,0.000923933,-14.2905,33.5478,65.6984,-52.5685,-96.8672,-52.5746,-66.2026,502,302.327,-109.202,11.4853,25.4422,9.49877,4.43085,3.10313,27.8587,-105.174,11.3131,22.1266,33.5478,9.73069,3.80333,2.47302,33.4989,3,-101.349,6.4495,21.0043,9.3889,2.57296,1.1697,design_163,-30.664599999999993,0.11529999999999063,16.258999999999986,-44.2926,-0.12270000000000891,-3.423000000000002,-47.838300000000004,-758.1800000000003,5.035800000000001,0.1098700000000008,4.437899999999999,1.9334300000000002,Left,0.028877500655060433,0.8888999999999996,0.9987700000000004,0.1098700000000008,0.3004300000000001,0.74422,0.4437899999999999,0.06422924110447366,0.11460154683930238,0.05037230573482872,0.19494999999999998,0.5171883333333334,0.3222383333333334,0.5616011873691932
LLLLALLYTLLSLLFVLLILI,13002200300230021032,000110011011001100000,LL-LA--YT-LS--FV-LI--,1727980000.0,370.422,-376.231,-5.809,-74.1578,-66.9752,-74.1392,-74.2184,-222.207,-226.255,-222.204,-247.958,-372.707,4559.46,3824.46,3731.46,46.7138,0.000374154,-14.2308,-3.50814,40.9048,-79.8659,-93.7076,-79.8726,-50.5312,492,29.9257,-102.649,31.8911,27.5374,8.94394,6.20268,5.18104,-7.22456,-101.109,29.0205,26.8597,-3.50814,9.26678,5.58411,4.51942,-3.52389,1,-98.8928,28.9119,26.0313,9.3909,5.23702,4.1707,design_243,-43.1764,7.243200000000002,21.703000000000003,-13.834999999999994,7.1640000000000015,-4.050999999999988,-10.722660000000001,-735.0,2.9792000000000023,-0.4469600000000007,1.5061,1.0103400000000002,Left,0.35497571706264813,0.8909000000000002,0.44393999999999956,0.4469600000000007,0.8031300000000001,0.9537400000000001,0.15061000000000002,0.2889170524428938,0.31871751577448,0.029800463331586202,0.6951166666666667,0.8635066666666668,0.16839000000000004,0.5016969936274064
LLLLVALLLVLITLLLFLILI,102300330020032003102,000011001101100110000,LL--VA--LV-IT--LF-IL-,1728060000.0,369.026,-376.524,-7.49775,-53.5068,-55.3889,-53.4969,-58.9549,-226.526,-230.353,-226.525,-247.217,-372.934,4576.87,3699.92,3684.75,42.2344,0.000797366,-14.2279,-3.58435,34.7367,-96.491,-101.42,-96.4967,-66.7626,497,13.4386,-15.6131,100.39,18.8927,9.94935,2.39458,2.40042,-10.6542,-15.3065,95.8734,20.6735,-3.58435,9.64499,1.73888,1.67698,-3.59012,3,-16.1029,88.4318,19.7018,8.5,0.853723,0.6802,design_1752,-34.657399999999996,3.5660000000000025,16.864000000000004,-4.923299999999998,-1.892000000000003,-3.828000000000003,-10.64355,-876.9499999999998,11.958200000000005,1.4493500000000008,-0.8090999999999973,1.7202199999999999,Left,0.08201965790612242,0.0,1.4493500000000008,1.4493500000000008,0.17017999999999986,0.08927000000000014,0.08090999999999972,0.884285136978902,1.0039011079146478,0.11961597093574583,0.11336666666666667,0.40007,0.2867033333333333,1.4844758780281169
LLLLFVLLLILALLLSTLILI,103300320020032003102,000011001101100110000,LL--FV--LI-AL--ST-IL-,1727990000.0,377.33,-381.103,-3.77307,-74.1626,-74.1455,-74.1152,-74.2559,-222.581,-227.245,-222.58,-246.478,-380.777,4590.13,3726.41,3721.13,41.3623,0.000923933,-14.2074,-0.283478,37.5892,-84.3593,-93.594,-84.3656,-60.0436,455,162.201,-16.9441,97.4693,21.3617,9.87016,2.19996,2.162,-5.95975,-18.8423,90.9877,19.2005,-0.283478,9.79814,1.60969,1.47451,-0.325463,3,-16.2744,89.8543,20.6107,9.5,1.07149,0.9193,design_459,-33.550399999999996,0.1103999999999985,19.233000000000004,-9.228399999999993,-0.030299999999996885,-4.664999999999992,-13.923922,-863.7200000000003,7.615000000000009,0.37016000000000027,0.7509999999999977,1.2427,Left,0.028877500655060433,1.0,1.3701600000000003,0.37016000000000027,0.26107000000000014,0.3361699999999999,0.07509999999999978,0.8985141780265595,0.9746858107702588,0.07617163274369931,0.15321666666666667,0.36033333333333334,0.20711666666666667,0.4374447014720287
LLLLAILLALLFVLTSLLILI,103300200320030023022,000011011001101100000,LL--AI-LA--FV-TS--I--,1728050000.0,366.843,-380.0,-13.1567,-74.1709,-74.1864,-74.1077,-74.2434,-219.543,-221.959,-219.539,-242.6,-374.83,4454.99,3633.91,3581.88,43.6652,0.000626172,-14.2054,-5.11377,30.5086,-86.2863,-92.8901,-86.2968,-57.9865,489,162.201,-48.2596,99.74,15.9681,9.08074,7.20384,7.19994,-11.9131,-49.4309,96.5412,16.7262,-5.11377,8.94661,6.9477,6.89582,-5.16946,3,-54.5412,83.0035,20.4417,8.8575,5.88665,5.6317,design_1427,-34.903600000000004,0.05699999999998795,20.64099999999999,-6.593299999999999,-0.07870000000001198,-2.420000000000016,-9.091629999999999,-821.0799999999999,16.736499999999992,0.22324000000000055,-4.473600000000001,1.5682399999999994,Left,0.16920667613203583,0.35749999999999993,0.5807400000000005,0.22324000000000055,0.24417000000000008,-0.20319000000000004,0.4473600000000001,0.8299867162274086,0.9973992613902348,0.16741254516282622,0.9386166666666668,1.19999,0.2613733333333331,0.5884811355138525
LLLLIVLTALLFLLLSLLILI,103300200230020033022,000011011001101100000,LL--IV-TA--FL-LS--I--,1728030000.0,376.146,-383.251,-7.10465,-74.1794,-74.1856,-74.1236,-74.2428,-221.369,-226.937,-221.37,-244.761,-382.709,4551.39,3670.44,3645.17,41.3623,0.000923933,-14.2013,-0.492747,34.2576,-87.7021,-95.787,-87.7082,-63.7044,472,211.811,-53.623,64.3818,21.5875,9.25682,3.23498,2.70071,-7.38265,-54.4895,58.8512,21.6511,-0.492747,9.36181,2.61834,2.00111,-0.542325,4,-57.3404,49.8216,26.4839,9.1362,1.82698,1.0743,design_986,-32.082600000000006,0.0572000000000088,17.823999999999984,-8.078800000000001,-0.06199999999999761,-5.567000000000007,-13.708553,-880.9500000000003,14.560200000000002,0.12061999999999884,-4.8964,1.62641,Left,0.028877500655060433,0.6362000000000005,0.7568199999999994,0.12061999999999884,0.8483899999999999,0.35874999999999985,0.48964,0.49807345286061244,0.6437168155756234,0.145643362715011,0.17905000000000001,0.45011833333333334,0.27106833333333336,0.5907508310946732
LLLLLLLLTILTALLFVLILI,102300330030022003102,000011001101100110000,LL--LL--TI-TA--FV-IL-,1728050000.0,374.645,-385.363,-10.7178,-72.549,-72.4622,-72.485,-72.6777,-226.339,-228.122,-226.339,-246.919,-380.031,4516.4,3700.2,3648.89,46.0625,0.000417668,-14.1769,-5.27491,35.3447,-86.4748,-93.6229,-86.4812,-60.4342,452,193.783,-11.9931,104.884,22.7454,9.59353,2.45832,2.53159,-10.308,-10.2907,103.726,22.0882,-5.27491,9.38872,2.0466,2.10249,-5.33249,3,-8.98253,98.9788,18.8869,9.4948,1.20952,1.1942,design_1509,-33.188700000000004,0.2155000000000058,18.796999999999997,-7.1417,0.022800000000003706,-1.7830000000000155,-8.90199,-816.1999999999998,5.905199999999994,0.09872999999999976,3.8584999999999994,1.33739,Left,0.3152881961159488,0.9947999999999997,1.0935299999999994,0.09872999999999976,0.08869000000000007,0.47454,0.3858499999999999,0.989785098968107,1.0488538745003582,0.059068775532251205,0.1990333333333333,0.42193166666666665,0.22289833333333334,0.4602180164287977
LLLLWVLLAILFLLLLTLILI,103300210030021003022,000011001101100110000,LL--WV-LAI-FL-LLT-I--,1728050000.0,377.524,-317.679,59.8448,-58.948,-58.8893,-58.8893,-58.948,-223.916,-230.208,-223.914,-252.104,-375.322,4612.65,3712.33,3610.71,47.0351,0.000354385,-14.1728,57.6964,106.88,-34.8151,-100.398,-34.8228,-64.2709,486,17.549,-53.4505,78.6905,24.6114,9.48443,5.14079,4.82115,56.6221,-55.3439,71.3721,27.9551,57.6964,9.0365,4.43682,4.0074,57.6435,0,-55.3439,71.3721,27.9551,9.0365,4.43682,4.0074,design_1461,-36.1271,0.05870000000000175,21.896000000000015,-65.5752,0.0,-6.294000000000011,-71.86919999999999,-900.3199999999997,7.318399999999997,0.4479299999999995,-3.343700000000002,0.8137500000000006,Left,0.37455440657619726,0.5365000000000002,0.9844299999999997,0.4479299999999995,0.9955100000000001,0.66114,0.33437000000000017,0.7136396736673215,0.7868444638277271,0.0732047901604056,0.6678999999999999,0.803525,0.1356250000000001,0.5798255459424229
LLLLTILLYVLALLLSFLILI,103300310030021003022,000011001101100110000,LL--TI-LYV-AL-LSF-I--,1727980000.0,359.657,-364.153,-4.49555,-60.4659,-60.3898,-60.3898,-60.4659,-222.045,-224.27,-222.044,-249.397,-361.253,4592.97,3758.62,3592.13,45.9023,0.000429125,-14.1554,-2.83078,41.4067,-81.642,-90.748,-81.6491,-51.3894,512,113.638,-52.8763,82.8623,18.7403,9.1277,5.61787,5.3608,-9.77374,-53.0901,79.4546,19.2371,-2.83078,9.20485,5.18989,4.88171,-2.90042,3,-56.9723,72.843,18.0,9.0323,4.87965,4.4723,design_121,-39.3586,0.07609999999999673,25.12699999999998,-9.0989,0.0,-2.225999999999999,-11.32462,-834.3500000000004,10.019300000000001,0.09540000000000148,0.7403000000000013,0.8885000000000005,Left,0.30552627249294656,0.5322999999999993,0.6277000000000008,0.09540000000000148,0.0,0.07403000000000012,0.07403000000000012,0.7283528522100277,0.82857431510549,0.1002214628954623,0.7453833333333333,0.8934666666666667,0.14808333333333346,0.21576518749793253
LLLLAILVLLLFTLASLLILI,113300200210020023031,000011011001101100000,LL--AI-VL-LFT-AS--I-I,1728030000.0,366.473,-377.532,-11.0595,-74.1783,-74.1147,-74.1147,-74.1783,-228.517,-231.026,-228.515,-242.459,-370.906,4516.92,3892.12,3825.13,43.6652,0.000626172,-14.1094,-6.5721,32.6057,-74.837,-79.8742,-74.848,-54.2688,479,177.29,-103.277,15.8069,32.6463,9.38344,4.12549,2.8626,-9.29529,-102.695,13.5406,31.7694,-6.5721,9.55191,3.73222,2.43533,-6.62624,2,-95.2993,8.2247,24.1394,9.5,1.90523,0.5286,design_1014,-25.605400000000003,0.06359999999999388,11.432999999999993,-5.026200000000003,0.0,-2.511000000000024,-7.537300000000001,-624.8000000000002,7.5822,-0.11655999999999977,8.506899999999998,2.334,Left,0.16920667613203583,1.0,0.8834400000000002,0.11655999999999977,0.6139399999999998,1.4646299999999997,0.8506899999999998,0.08198628410468574,0.15782982366992226,0.07584353956523653,0.0881,0.4771,0.389,0.9456917849879967
LLLLALLFLLTYLLAVLLILI,13002300300230021022,000110011011001100000,LL-LA--FL-TY--AV-LI--,1728050000.0,356.521,-363.045,-6.52385,-59.0169,-58.8947,-58.9373,-58.9041,-219.815,-223.17,-219.81,-246.16,-357.007,4616.65,3637.86,3665.83,46.8367,0.000366466,-14.1037,-5.96595,40.3128,-84.2133,-89.0459,-84.2252,-51.943,488,231.516,-104.227,34.429,23.2277,8.60247,6.78197,5.79841,-9.39563,-105.509,30.472,24.2259,-5.96595,8.7657,6.44012,5.3972,-6.03807,0,-105.509,30.472,24.2259,8.7657,6.44012,5.3972,design_1527,-37.102900000000005,0.009399999999999409,22.99000000000001,-4.820700000000002,0.04260000000000019,-3.359999999999985,-8.13775,-978.7899999999995,3.9570000000000007,-0.16323000000000043,-0.9982000000000006,0.40120999999999984,Left,0.36246473337517604,0.2657000000000007,0.10247000000000028,0.16323000000000043,0.62259,0.5227699999999998,0.09982000000000013,0.3045224843855655,0.34410372545803014,0.039581241072464635,0.8995333333333333,0.9664016666666666,0.06686833333333331,0.2065093555934319
LLLLVILTALLFLLLSLLILI,103300200230030023111,000011011001101100000,LL--VI-TA--FL-LS--ILI,1728040000.0,376.164,-393.003,-16.8389,-74.2776,-74.2103,-74.2218,-74.2776,-232.279,-230.612,-232.279,-246.027,-384.022,4556.81,3745.96,3673.92,41.3623,0.000923933,-14.0469,-8.93221,24.5234,-86.4465,-93.2463,-86.4526,-63.7168,480,253.054,-45.2703,100.101,16.937,9.85934,6.80414,6.80565,-11.0212,-40.4448,106.832,16.0747,-8.93221,10.0192,6.98899,7.09147,-8.9818,2,-33.8336,99.3037,19.1525,9.5,4.98104,4.9706,design_1115,-29.529500000000006,0.06730000000000302,15.414999999999992,-6.793700000000001,0.011499999999998067,1.6670000000000016,-5.114690000000001,-810.8500000000004,0.7972999999999928,0.35933999999999955,-2.2154999999999987,1.8350499999999998,Left,0.028877500655060433,1.0,1.3593399999999995,0.35933999999999955,0.11524999999999999,-0.10629999999999988,0.22154999999999986,0.9930350219462328,1.0010102869214856,0.007975264975252805,0.8284333333333334,1.134275,0.30584166666666657,0.5213562774349892
LLLLTILVALLLLLFSLLILI,103300200220030033022,000011011001101100000,LL--TI-VA--LL-FS--I--,1728020000.0,374.82,-383.6,-8.77983,-60.3986,-60.3338,-60.3338,-60.4659,-225.123,-224.313,-225.122,-246.43,-378.113,4544.62,3624.51,3576.03,41.3623,0.000923933,-14.0359,-5.42698,32.5824,-98.0784,-107.502,-98.0841,-71.2171,477,253.054,-51.8566,87.9451,18.5978,9.10244,6.15109,5.97027,-14.5323,-51.2659,89.2665,19.1191,-5.42698,9.07542,6.24086,6.07986,-5.48663,4,-51.0858,80.5749,22.7179,9.497,5.04048,4.7491,design_809,-36.28489999999999,0.13210000000000122,22.11700000000002,-9.417899999999989,0.0,0.8090000000000259,-8.60892,-920.1099999999997,7.370199999999997,-0.39456000000000024,-4.120100000000001,1.2211699999999999,Left,0.028877500655060433,0.9969999999999999,0.6024399999999996,0.39456000000000024,0.47179000000000004,0.059779999999999944,0.4120100000000001,0.8056938170440405,0.8794167543582377,0.07372293731419721,0.7915166666666668,0.9950450000000001,0.2035283333333333,0.6101546424109857
LLLYLLLAILVTLLFSLLILI,13002200200320032031,000110011011001100000,LL-YL--AI-VT--FS--I-I,1728070000.0,358.871,-372.049,-13.1775,-64.5722,-70.6309,-64.5113,-74.2698,-226.284,-231.409,-226.282,-253.178,-368.855,4632.26,3803.16,3738.6,45.9023,0.000429125,-14.0187,-3.13713,32.7248,-81.1925,-80.8336,-81.1989,-41.4072,516,22.9165,-104.015,38.5905,20.6071,9.31969,7.31195,6.39081,-8.6522,-103.994,34.0315,22.0432,-3.13713,9.23373,6.69339,5.70386,-3.19365,4,-98.3355,34.5652,18.0,9.2738,5.91662,4.9351,design_1918,-39.4264,3.6389000000000067,21.769000000000005,0.36529999999999063,-6.119599999999991,-5.126999999999981,-10.88157,-829.1000000000004,4.025300000000001,0.045889999999999986,2.607099999999999,1.4557099999999998,Left,0.30552627249294656,0.7737999999999996,0.8196899999999996,0.045889999999999986,0.0,0.2607099999999999,0.2607099999999999,0.3454661123759148,0.3857305474754831,0.040264435099568285,0.8225166666666667,1.065135,0.24261833333333327,0.3613315328107024
LLLLAVLLALLLTLFSLLILI,113300300210030022031,000011011001101100000,LL--AV-LA-LLT-FS--I-I,1728000000.0,368.477,-382.72,-14.2426,-74.1783,-74.1227,-74.1227,-74.1783,-218.531,-219.174,-218.528,-242.961,-377.95,4502.24,3672.28,3617.69,44.4768,0.00054596,-14.0104,-4.72208,30.2342,-90.0101,-98.6638,-90.021,-60.8108,517,60.9677,-103.564,36.1487,25.5476,9.27494,6.91466,5.95689,-8.02174,-99.987,38.2635,27.1118,-4.72208,9.30931,6.66361,5.73757,-4.76987,3,-91.0177,44.5696,27.217,9.2359,6.16956,5.3381,design_583,-37.852999999999994,0.05559999999999832,23.787000000000006,-8.642799999999994,0.0,-0.646000000000015,-9.28832,-829.9599999999996,-8.420900000000003,0.039039999999999964,-1.6693999999999996,0.6187899999999997,Left,0.21866221428701998,0.7359000000000009,0.7749400000000009,0.039039999999999964,0.9216999999999999,0.7547599999999999,0.16693999999999998,0.445538532943356,0.36130561079346535,0.08423292214989064,0.8896833333333333,0.9928149999999999,0.10313166666666662,0.2170815769321615
LLLYLLLAVLTALLFSLLILI,13002200200330021032,000110011011001100000,LL-YL--AV-TA--FS-LI--,1727990000.0,352.273,-366.613,-14.34,-74.2659,-74.1921,-74.1456,-74.3124,-222.264,-225.2,-222.262,-249.093,-363.963,4592.76,3759.95,3716.62,49.0167,0.000253574,-13.945,-2.53946,34.6767,-70.0826,-78.5153,-70.0942,-40.5573,493,113.638,-108.675,24.1374,22.2729,8.88635,6.0598,4.92186,-10.1308,-108.672,21.0213,23.4429,-2.53946,8.97883,5.6386,4.45392,-2.65004,3,-106.327,18.2188,18.1644,9.5,4.90862,3.6819,design_418,-37.958,0.1203000000000003,23.893,-8.421099999999996,-0.04649999999999466,-2.937999999999988,-11.40554,-832.8100000000004,5.918599999999998,-0.6136499999999998,4.108499999999999,1.2399599999999995,Left,0.49530489253962356,1.0,0.3863500000000002,0.6136499999999998,0.016440000000000055,0.42729,0.41084999999999994,0.18195567541181698,0.24115848901087908,0.0592028135990621,0.61365,0.82031,0.20665999999999995,0.7691406722687631
LLLFALLLLLVTLLLSLLILI,13002300200230021032,000110011011001100000,LL-FA--LL-VT--LS-LI--,1727980000.0,379.436,-387.981,-8.54485,-63.2627,-67.1317,-63.2626,-74.2722,-220.071,-223.349,-220.066,-247.105,-385.201,4629.34,3672.69,3639.21,44.5741,0.000537052,-13.9185,-2.78048,36.0293,-104.647,-108.639,-104.653,-63.8243,492,330.452,-101.126,44.1617,24.5644,9.05004,7.63075,6.79318,-10.5247,-101.486,39.9977,25.1791,-2.78048,9.08486,7.12265,6.22262,-2.77956,1,-103.038,36.6338,25.4696,9.2755,6.90129,5.9508,design_208,-44.814699999999995,7.140500000000003,23.756,-3.98599999999999,-3.869099999999996,-3.282999999999987,-11.138020000000001,-956.6500000000001,7.5279000000000025,-0.22546,-0.9052000000000007,0.8423800000000004,Left,0.22459127276715818,0.7754999999999992,0.5500399999999992,0.22546,0.74696,0.6564399999999999,0.09052000000000004,0.3661579888688388,0.4414583741782667,0.0753003853094279,0.9918,1.1321966666666667,0.14039666666666673,0.290529609573378
LLLLFALLLVLLTLLIYLILI,103300210030021003022,000011001101100110000,LL--FA-LLV-LT-LIY-I--,1728040000.0,361.741,-369.215,-7.47404,-58.9549,-58.9421,-58.9421,-58.9549,-228.564,-228.926,-228.561,-251.335,-363.799,4633.52,3784.82,3659.87,43.7222,0.000620174,-13.9147,-5.40716,36.2482,-81.6966,-89.8457,-81.7032,-53.5092,465,72.839,-59.6387,77.1337,20.4075,10.1881,5.85885,5.51586,-12.8035,-59.1291,77.4903,19.8978,-5.40716,10.2498,5.83056,5.49291,-5.41599,3,-61.8507,67.9513,23.3116,9.1484,4.95103,4.4703,design_1059,-36.336499999999994,0.01279999999999859,22.40900000000002,-8.142499999999998,0.0,-0.3649999999999807,-8.507539999999999,-848.7000000000003,9.182400000000001,1.0396999999999998,-2.9040999999999997,1.04556,Left,0.17268001974321648,0.6484000000000005,1.6881000000000004,1.0396999999999998,0.5311599999999999,0.24074999999999988,0.29040999999999995,0.6794219558354573,0.7712720412597178,0.09185008542426054,0.74505,0.91931,0.17425999999999997,1.09732267081859
LLLLLFLLLTLAVLLSILILI,103300220020021003012,000011001101100110000,LL--LF--LT-AV-LSI-IL-,1728030000.0,376.54,-389.966,-13.426,-74.3153,-74.2605,-74.2605,-74.3153,-225.473,-227.873,-225.473,-245.264,-382.148,4521.32,3764.99,3650.63,41.3623,0.000923933,-13.9056,-7.76901,27.9363,-90.1775,-93.9201,-90.1835,-62.5689,468,113.638,-51.4841,78.5882,18.0517,9.73229,4.83202,4.51084,-11.522,-51.8336,76.3168,17.9967,-7.76901,9.57285,4.57781,4.22256,-7.81819,4,-44.3118,75.9869,21.9771,9.4926,3.405,3.0448,design_1035,-31.351200000000006,0.05480000000000018,17.39100000000002,-3.73660000000001,0.0,-2.3999999999999773,-6.13659,-756.3299999999999,2.601299999999995,0.2396900000000013,-3.9254,1.46604,Left,0.028877500655060433,0.9925999999999995,1.2322900000000008,0.2396900000000013,0.39771,0.0051700000000000305,0.39254,0.759800783422492,0.7858211732131926,0.026020389790700538,0.5074666666666666,0.7518066666666666,0.24434,0.5214576147539324
LLLLAILLALLFVLLSTLILI,103300220020031003012,000011001101100110000,LL--AI--AL-FV-LST-IL-,1728010000.0,367.38,-378.007,-10.6271,-74.2327,-74.2298,-74.1694,-74.2931,-216.413,-222.553,-216.409,-242.58,-374.741,4469.84,3656.76,3580.47,43.6652,0.000626172,-13.8965,-3.21013,33.0381,-87.3615,-91.8542,-87.3721,-57.8679,482,162.201,-52.2445,81.8052,16.3762,9.1393,5.38038,5.10746,-6.97238,-52.6265,75.8033,17.2844,-3.21013,9.13917,4.62742,4.26447,-3.26648,4,-50.6321,73.4306,19.5943,8.7881,4.00794,3.6094,design_737,-33.98630000000001,0.06329999999999814,20.027000000000015,-4.482100000000003,-0.06040000000000134,-6.1440000000000055,-10.68637,-813.0799999999999,8.374600000000001,0.3512000000000004,-3.2180999999999997,1.4980599999999997,Left,0.16920667613203583,0.2881,0.6393000000000004,0.3512000000000004,0.15943000000000004,-0.1623799999999999,0.32180999999999993,0.7342305214680969,0.8180003120886331,0.08376979062053624,0.6015666666666667,0.8512433333333332,0.24967666666666655,0.5442967313868295
LLLLWVLLFTLAILLLLLILI,103300210020031003022,000011001101100110000,LL--WV-LFT-AI-LLL-I--,1728040000.0,374.899,-307.231,67.6685,-58.9702,-58.9103,-58.9103,-58.9702,-222.399,-226.793,-222.397,-252.826,-370.243,4667.6,3710.56,3609.07,47.0351,0.000354385,-13.8936,63.0667,114.704,-25.8615,-98.4329,-25.8692,-58.4471,504,2.26837,-63.4391,66.0012,14.9321,10.0984,4.92602,4.41604,60.4413,-63.2471,63.3749,18.87,63.0667,9.5,4.54268,3.9933,63.0121,0,-63.2471,63.3749,18.87,9.5,4.54268,3.9933,design_1181,-39.985800000000005,0.059899999999998954,26.032999999999987,-72.56370000000001,0.0,-4.396000000000015,-76.96029999999999,-957.0400000000004,2.6263000000000005,0.5983999999999998,-3.937900000000001,0.42273999999999967,Left,0.37455440657619726,1.0,1.5983999999999998,0.5983999999999998,0.0870000000000001,-0.30679,0.3937900000000001,0.6336449551672675,0.6599154159781377,0.026270460810870255,0.66555,0.7360066666666666,0.07045666666666661,0.7202828632481777
LLLLLFLLATLYVLLSILILI,103300310020031003022,000011001101100110000,LL--LF-LAT-YV-LSI-I--,1728070000.0,361.417,-371.662,-10.245,-74.2752,-74.2512,-74.2111,-74.3153,-229.92,-232.307,-229.92,-248.522,-369.367,4580.0,3822.09,3726.87,45.9023,0.000429125,-13.8888,-2.23719,35.6573,-67.4666,-76.6978,-67.4734,-46.5302,478,193.783,-52.6649,77.9848,21.4809,9.66741,4.92769,4.59746,-9.76334,-54.658,73.2198,24.4,-2.23719,9.64344,4.58338,4.18167,-2.29489,4,-54.4884,65.0329,28.0,9.5,3.45271,2.9282,design_1849,-30.1676,0.06409999999999627,16.215000000000003,-9.224400000000003,-0.04009999999999536,-2.3870000000000005,-11.65161,-757.9099999999999,12.951900000000009,0.16741000000000028,-6.519100000000002,1.66926,Left,0.30552627249294656,1.0,1.1674100000000003,0.16741000000000028,1.0,0.34808999999999984,0.6519100000000002,0.6502296652249239,0.779785459070376,0.12955579384545213,0.4880333333333333,0.7662433333333333,0.27820999999999996,0.7397285069665259
LLLLAVLLLLLTILFSLLILI,103300300220020033022,000011011001101100000,LL--AV-LL--TI-FS--I--,1728020000.0,374.665,-390.204,-15.5396,-74.0789,-74.0881,-74.0809,-74.267,-231.23,-236.872,-231.228,-247.013,-385.28,4536.1,3646.86,3693.1,41.3623,0.000923933,-13.8739,-4.92933,25.8227,-84.895,-88.1946,-84.9008,-64.0001,452,330.452,-58.3956,76.0263,14.8558,9.83441,5.5229,5.16329,-10.5123,-58.58,70.6002,13.8902,-4.92933,9.68427,4.81804,4.37704,-4.9239,4,-62.3156,54.0311,20.681,9.408,3.14153,2.452,design_915,-24.19449999999999,0.17889999999999873,10.140999999999991,-3.2937999999999903,-0.007199999999997431,-5.6440000000000055,-8.94457,-889.2400000000002,21.995200000000004,0.4264100000000006,-5.825200000000001,2.71129,Left,0.028877500655060433,0.9079999999999995,1.33441,0.4264100000000006,0.2681000000000001,-0.31442,0.5825200000000001,0.5401804112367913,0.7601948953502795,0.22001448411348823,0.4086666666666667,0.8605483333333334,0.4518816666666667,0.8796354087854635
LLLLFLLVALLLILTSLLILI,103300200230030023022,000011011001101100000,LL--FL-VA--LI-TS--I--,1727980000.0,375.341,-383.545,-8.20378,-74.2364,-74.1834,-74.1834,-74.2364,-226.128,-225.315,-226.127,-245.208,-381.848,4533.28,3654.86,3660.9,41.3623,0.000923933,-13.8094,-1.64919,33.1585,-83.1808,-96.1589,-83.1866,-62.403,449,394.796,-56.5829,85.7801,14.1017,9.73545,6.56774,6.35445,-7.77014,-57.5032,83.8951,14.2725,-1.64919,10.0274,6.45131,6.20974,-1.69722,4,-59.5624,70.8383,23.7924,9.4709,4.99753,4.5601,design_215,-33.755900000000004,0.05299999999999727,19.893,-12.972300000000004,0.0,0.8120000000000118,-12.16021,-878.4199999999996,14.9418,0.26454999999999984,-9.690700000000001,1.7943499999999997,Left,0.028877500655060433,0.9709000000000003,1.2354500000000002,0.26454999999999984,0.5792400000000001,-0.38983000000000007,0.9690700000000001,0.7083001572446576,0.8577606040115393,0.14946044676688175,0.7600166666666667,1.059075,0.2990583333333333,1.0587056622517266
LLLLVLLLAILFTLLSLLILI,103300210030031003022,000011001101100110000,LL--VL-LAI-FT-LSL-I--,1728020000.0,376.73,-390.305,-13.5754,-74.1761,-74.1227,-74.1227,-74.1761,-226.017,-229.3,-226.017,-246.139,-384.896,4517.67,3682.97,3619.09,41.3623,0.000923933,-13.8023,-5.36198,27.7868,-90.1121,-95.2751,-90.1179,-64.5806,515,27.3786,-54.3581,71.9155,19.467,9.39401,4.36231,3.94104,-9.82452,-55.0388,68.2677,21.1664,-5.36198,9.35447,3.97196,3.49597,-5.40948,2,-52.4978,61.3022,27.6773,9.5,2.65047,2.07,design_818,-30.69449999999999,0.05340000000001055,16.839,-5.157199999999989,0.0,-3.2830000000000155,-8.44032,-834.7000000000003,10.613299999999995,-0.10599000000000025,-8.2103,1.8710400000000003,Left,0.028877500655060433,1.0,0.8940099999999997,0.10599000000000025,0.9677299999999999,0.14669999999999989,0.8210299999999999,0.6129120670270357,0.7190752173617306,0.10616315033469492,0.345,0.65684,0.31184,0.89097639760489
LLLLLLLLYVLATLLSFLILI,103300210030031003022,000011001101100110000,LL--LL-LYV-AT-LSF-I--,1728070000.0,362.762,-381.953,-19.1908,-74.2109,-74.1365,-74.1365,-74.2109,-233.561,-235.77,-233.561,-248.088,-375.202,4521.6,3818.25,3678.28,46.7138,0.000374154,-13.7695,-6.68317,27.523,-74.1803,-79.0656,-74.1876,-52.9034,485,253.054,-50.5276,85.8641,21.2132,9.61374,5.67079,5.45875,-11.6125,-50.9093,83.6757,21.9423,-6.68317,9.57585,5.43261,5.18775,-6.75025,3,-52.571,69.3303,28.0,9.3313,3.74525,3.2852,design_1927,-26.162200000000006,0.07439999999999714,12.317999999999984,-4.878,0.0,-2.209000000000003,-7.086330000000001,-703.3500000000004,16.5338,0.28243999999999936,-6.7867999999999995,2.17355,Left,0.35497571706264813,0.8313000000000006,1.11374,0.28243999999999936,1.0,0.32132000000000005,0.67868,0.6932158733080194,0.8586008426393095,0.1653849693312901,0.5475333333333333,0.9097916666666667,0.36225833333333335,0.8360395828847793
LLLLVALLSILYTLLLFLILI,103300220020031003012,000011001101100110000,LL--VA--SI-YT-LLF-IL-,1728050000.0,366.975,-376.1,-9.12572,-74.2938,-74.2852,-74.2852,-74.2938,-225.038,-228.293,-225.036,-249.489,-371.336,4558.94,3794.58,3638.72,45.9023,0.000429125,-13.7112,-4.7607,36.7766,-76.7685,-82.4684,-76.775,-47.5526,478,253.054,-52.3506,70.0242,22.5587,9.44582,3.80586,3.35622,-9.45399,-52.8137,66.814,21.2333,-4.7607,9.52443,3.44195,2.94416,-4.76491,1,-51.5583,63.9957,21.1227,9.2799,2.87316,2.3331,design_1430,-34.915800000000004,0.008600000000001273,21.195999999999998,-5.693399999999997,0.0,-3.257000000000005,-8.9505,-764.3599999999997,6.028499999999994,0.16591999999999985,1.4360000000000035,1.02312,Left,0.30552627249294656,0.7798999999999996,0.9458199999999994,0.16591999999999985,0.3122699999999998,0.45587000000000016,0.14360000000000034,0.6398547187401222,0.7001568445438504,0.06030212580372818,0.38885,0.55937,0.17052000000000006,0.284365650486216
LLLYLLLFVLALLLTSLLILI,13002200200330022031,000110011011001100000,LL-YL--FV-AL--TS--I-I,1728030000.0,365.035,-377.78,-12.7456,-74.0814,-74.066,-74.0195,-74.2416,-231.15,-230.392,-231.149,-252.731,-373.455,4677.92,3846.19,3824.95,46.7138,0.000374154,-13.6888,-4.26845,33.9682,-72.5488,-82.6865,-72.5555,-46.4824,503,162.201,-108.1,18.5322,24.7261,9.84468,5.21682,3.99481,-8.21072,-107.191,17.9622,26.2242,-4.26845,10.0824,5.00357,3.773,-4.32496,4,-101.498,15.2108,20.1514,9.5,3.77814,2.5063,design_977,-36.2041,0.17560000000000286,22.339,-10.131,-0.04650000000000887,0.757000000000005,-9.420350000000001,-831.73,3.321399999999999,0.3446800000000003,4.5747,1.4885100000000002,Left,0.35497571706264813,1.0,1.3446800000000003,0.3446800000000003,0.2151399999999999,0.6726099999999999,0.45747000000000004,0.15186713026499526,0.18509056572066465,0.03322343545566939,0.4177166666666667,0.6658016666666667,0.24808500000000006,0.625086447772208
LLLLFALLTLLLVLISLLILI,103300300220020033022,000011011001101100000,LL--FA-LT--LV-IS--I--,1728060000.0,375.5,-386.884,-11.3834,-74.3379,-70.7153,-74.3399,-74.3379,-227.552,-228.427,-227.55,-246.029,-380.943,4586.79,3694.76,3688.68,41.3623,0.000923933,-13.6839,-5.94695,29.9789,-84.9934,-95.4842,-84.9995,-60.5757,487,124.21,-60.0495,75.2343,16.7123,9.95452,5.66406,5.29257,-10.8456,-61.0464,73.101,14.4435,-5.94695,10.1088,5.5256,5.12211,-5.94071,4,-63.0624,57.7756,20.1626,9.5,3.75907,3.1257,design_1713,-34.908500000000004,3.6226000000000056,17.602000000000004,-10.484700000000004,3.624600000000001,-0.8769999999999811,-7.736949999999999,-892.0299999999997,17.458700000000007,0.4545200000000005,-3.450300000000002,2.1668700000000003,Left,0.028877500655060433,1.0,1.4545200000000005,0.4545200000000005,0.21626000000000012,-0.1287700000000001,0.3450300000000002,0.5776360486378131,0.7522726454313026,0.17463659679348942,0.52095,0.8820950000000001,0.36114500000000005,0.6975369404301197
LLLLWTLVALLLLLFSLLILI,103300200330020023022,000011011001101100000,LL--WT-VA--LL-FS--I--,1728030000.0,374.319,-380.338,-6.01994,-60.3986,-60.2782,-60.3338,-60.4659,-225.349,-223.727,-225.346,-250.019,-375.457,4624.8,3649.74,3572.18,50.0267,0.000213803,-13.6829,-4.82177,44.0068,-94.5908,-105.135,-94.5986,-64.9723,484,124.21,-55.6152,60.8238,17.8645,8.90498,3.05349,2.46585,-13.337,-56.1166,60.2212,18.9483,-4.82177,9.10762,3.04736,2.45068,-4.88147,2,-60.8525,52.6262,23.2201,8.5,2.73241,2.0218,design_987,-40.1627,0.18769999999999953,26.292,-10.5364,0.05559999999999832,1.6189999999999998,-8.86113,-975.0600000000004,8.197600000000001,0.4049800000000001,-5.355599999999999,0.4440500000000003,Left,0.556850103895629,0.0,0.4049800000000001,0.4049800000000001,0.5220099999999999,-0.01355000000000004,0.5355599999999999,0.5261274201873333,0.6081267079850678,0.08199928779773458,0.33696666666666664,0.41097500000000003,0.0740083333333334,0.6804663331878467
LLLVALLLLLTSLLFSLLILI,13002300200320021032,000110011011001100000,LL-VA--LL-TS--FS-LI--,1728050000.0,384.535,-370.675,13.86,-94.4814,-89.4713,-94.486,-89.5898,-218.001,-220.818,-217.996,-244.619,-392.404,4562.06,3663.62,3598.76,48.4573,0.000278707,-13.6707,21.7226,62.3172,-58.1932,-95.7848,-58.1992,-58.1953,486,87.0218,-109.557,7.67263,23.8496,8.90939,3.96929,2.58438,16.0487,-110.332,3.97442,19.5593,21.7226,8.73135,3.58628,2.1459,21.7284,1,-105.657,7.8045,18.0,8.925,3.40213,2.0192,design_1476,-37.5895,0.11849999999999739,23.800999999999988,-37.58560000000001,5.014700000000005,-2.8220000000000027,-35.393299999999996,-898.4400000000005,-0.13187000000000015,-0.015610000000000568,5.849599999999999,0.5651799999999998,Left,0.46121737646779215,0.4250000000000007,0.40939000000000014,0.015610000000000568,0.0,0.5849599999999999,0.5849599999999999,0.07778309039767294,0.07646401578048165,0.0013190746171912876,0.33653333333333335,0.43073,0.09419666666666665,0.592702813953972
LLLVALLLLLTFLLTSLLILI,13002200200330022031,000110011011001100000,LL-VA--LL-TF--TS--I-I,1728060000.0,377.971,-396.648,-18.6766,-87.8756,-87.9873,-87.8765,-87.9876,-228.544,-229.004,-228.542,-245.747,-389.988,4537.23,3672.39,3710.64,49.054,0.000251982,-13.6529,-6.66508,30.3774,-80.2281,-86.6493,-80.2347,-56.253,503,39.0787,-99.3372,49.9931,24.3159,8.99112,8.14965,7.39954,-11.0662,-100.69,47.108,22.1012,-6.66508,9.25931,7.96305,7.16967,-6.65994,4,-96.9827,38.5106,18.0278,9.4671,6.24634,5.324,design_1744,-30.396299999999997,0.0002999999999957481,16.743000000000023,-6.414599999999993,-0.11080000000001178,-0.4619999999999891,-6.987820000000001,-864.8399999999997,11.482500000000002,-0.47597999999999985,6.2881,2.07554,Left,0.4975777998500979,0.9671000000000003,0.49112000000000045,0.47597999999999985,0.002779999999999916,0.6315899999999999,0.62881,0.3849313204950206,0.4997889400589768,0.11485761956395618,0.8873333333333333,1.2332566666666667,0.34592333333333336,0.8688004384301051
LLLIALLLTLVLLLFSLLILI,13002200300230031022,000110011011001100000,LL-IA--LT-VL--FS-LI--,1728020000.0,375.179,-386.633,-11.4544,-74.175,-74.1673,-74.1673,-74.2355,-226.332,-228.106,-226.329,-245.797,-381.104,4612.93,3720.9,3738.07,41.3623,0.000923933,-13.591,-5.52466,29.9078,-86.1268,-92.4217,-86.1323,-61.0712,473,162.201,-104.841,43.1828,22.4902,9.67955,8.05589,7.20363,-8.93878,-106.168,38.7504,21.5904,-5.52466,9.92508,7.65648,6.73774,-5.52928,3,-103.669,33.0404,19.8474,9.4595,6.51079,5.5064,design_804,-31.350500000000004,0.06820000000000448,17.691000000000003,-6.2894000000000005,0.0,-1.7769999999999868,-8.06634,-892.0300000000002,10.142400000000002,0.22005000000000052,2.642800000000001,1.6972300000000002,Left,0.028877500655060433,0.9595000000000002,1.1795500000000008,0.22005000000000052,0.18474000000000004,0.44902000000000014,0.26428000000000007,0.3302137807137227,0.4316665933125008,0.10145281259877809,0.9177333333333334,1.2006050000000001,0.28287166666666674,0.45670009184034643
LLLLAFLLTILVSLLLLLILI,102300220030033003102,000011001101100110000,LL--AF--TI-VS--LL-IL-,1728010000.0,383.282,-385.788,-2.50537,-74.1733,-70.6342,-74.175,-74.1905,-222.628,-223.224,-222.623,-244.55,-380.894,4575.47,3652.61,3598.01,41.3623,0.000923933,-13.5115,-4.89675,38.8569,-88.9863,-100.547,-88.9925,-62.1535,480,211.811,-12.0315,96.5089,24.2795,9.41088,1.33343,1.28106,-9.56898,-10.2887,98.1956,23.3577,-4.89675,9.50105,1.29971,1.27264,-4.89378,2,-13.5638,91.8055,24.6135,9.5,0.928318,0.8054,design_626,-38.393499999999996,3.556299999999993,21.326000000000022,-11.55449999999999,3.54079999999999,-0.6009999999999991,-8.61475,-922.8600000000001,4.703400000000002,-0.08911999999999942,-0.33399999999999963,0.4756600000000001,Left,0.028877500655060433,1.0,0.9108800000000006,0.08911999999999942,0.6613499999999999,0.6279499999999999,0.033399999999999985,0.9180317210087664,0.9650790824594184,0.047047361450652025,0.13423333333333334,0.21351,0.07927666666666666,0.13249973017801195
LLLVALLYLLTALLFSLLILI,13002300200230021032,000110011011001100000,LL-VA--YL-TA--FS-LI--,1728050000.0,353.841,-332.013,21.8283,-74.211,-74.2442,-74.1431,-74.3121,-217.744,-218.459,-217.739,-245.466,-360.0,4607.72,3597.97,3641.67,49.0167,0.000253574,-13.4883,28.0488,70.845,-40.0581,-80.7854,-40.0698,-40.2225,502,55.7787,-103.193,24.8907,25.4469,8.73403,5.33922,4.21258,26.1486,-100.49,25.8517,22.5277,28.0488,8.7605,5.06352,3.9513,27.9875,0,-100.49,25.8517,22.5277,8.7605,5.06352,3.9513,design_1342,-40.5629,0.06789999999999452,27.007000000000005,-40.715599999999995,-0.10110000000000241,-0.7199999999999989,-41.5371,-1009.7500000000005,-0.9610000000000021,-0.02646999999999977,2.9192,0.2612800000000002,Left,0.49530489253962356,0.2605000000000004,0.23403000000000063,0.02646999999999977,0.45276999999999995,0.74469,0.29192,0.2583063590059577,0.24869362899063333,0.009612730015324394,0.65855,0.7020966666666667,0.043546666666666733,0.29649058004618845
LLLVALLLLLTSLLYFLLILI,13002300200230022031,000110011011001100000,LL-VA--LL-TS--YF--I-I,1728010000.0,370.739,-386.129,-15.3895,-76.1768,-74.1474,-76.1656,-74.2819,-229.345,-229.21,-229.343,-249.539,-375.048,4644.61,3705.5,3659.49,46.7138,0.000374154,-13.4547,-11.0739,31.3243,-80.6067,-85.1455,-80.6135,-51.2272,492,253.054,-110.03,8.09987,27.2646,8.97231,4.09805,2.71955,-15.1735,-107.798,11.6178,26.9713,-11.0739,8.80449,4.23815,2.91242,-11.081,4,-100.223,12.091,21.0733,9.5,3.16573,1.8471,design_690,-33.918299999999995,0.13449999999998852,20.32899999999998,-4.5319999999999965,2.018199999999993,0.13299999999998136,-2.3808000000000007,-939.1099999999997,-3.99113,-0.5276899999999998,6.191300000000002,0.87245,Left,0.35497571706264813,1.0,0.47231000000000023,0.5276899999999998,0.30733,0.9264600000000002,0.6191300000000002,0.12066026751597454,0.08073762948677425,0.03992263802920029,0.30785,0.4532583333333333,0.1454083333333333,0.8273548775646327
LLLLLLLLAVLTFLLSILILI,102300230030032003102,000011001101100110000,LL--LL--AV-TF--SI-IL-,1728020000.0,375.941,-390.022,-14.0811,-71.1806,-72.6621,-71.1202,-74.2975,-226.526,-229.239,-226.526,-245.772,-383.292,4530.97,3664.76,3590.82,41.3623,0.000923933,-13.448,-6.67665,27.2812,-92.316,-94.8385,-92.3222,-63.2217,466,302.327,-8.70644,110.17,16.0981,9.46641,2.67892,2.83147,-13.4041,-9.09011,107.795,17.7398,-6.67665,9.21134,2.41583,2.53275,-6.7309,4,-10.3153,94.584,18.0,9.3619,0.81614,0.7349,design_919,-31.616799999999998,1.6354000000000042,16.532999999999987,-2.516300000000001,-1.5418999999999983,-2.712999999999994,-6.77135,-866.21,15.585999999999999,0.10450999999999944,-1.9019000000000013,2.09657,Left,0.028877500655060433,0.8619000000000003,0.9664099999999998,0.10450999999999944,0.0,-0.19019000000000014,0.19019000000000014,0.9458246141904301,1.1017288910050456,0.1559042768146155,0.12248333333333333,0.4719116666666667,0.34942833333333334,0.4398873490624609
LLLLFALLAVLYLLLSTLILI,103300220030021003012,000011001101100110000,LL--FA--AV-YL-LST-IL-,1728070000.0,355.211,-370.212,-15.0004,-74.2559,-74.1897,-74.1897,-74.2559,-219.727,-218.328,-219.724,-243.489,-359.688,4490.19,3653.87,3536.73,49.0167,0.000253574,-13.4325,-10.4659,34.0164,-76.2288,-80.603,-76.2404,-41.9433,503,66.6396,-55.2494,66.074,17.5097,9.45204,3.7074,3.19851,-10.7216,-55.5348,67.224,16.8366,-10.4659,9.3682,3.90547,3.41383,-10.5236,2,-53.398,64.296,20.1517,8.5941,3.18966,2.6541,design_1881,-38.659699999999994,0.06619999999999493,25.161,-4.3626000000000005,0.0,1.3959999999999866,-2.9665999999999997,-836.3199999999997,1.7779999999999916,0.857940000000001,-2.642000000000003,0.5444100000000001,Left,0.49530489253962356,0.09409999999999918,0.9520400000000002,0.857940000000001,0.21517000000000017,-0.04903000000000013,0.2642000000000003,0.642858571834401,0.660643622788872,0.017785050954471027,0.44235,0.533085,0.09073500000000001,0.9024476892665054
LLLVTLLYLLFLLLASLLILI,13002200200230031032,000110011011001100000,LL-VT--YL-FL--AS-LI--,1727990000.0,367.952,-375.389,-7.43718,-60.4659,-60.3978,-60.3978,-60.4659,-226.012,-226.389,-226.01,-249.359,-364.81,4616.89,3769.77,3650.85,46.7138,0.000374154,-13.4087,-10.5167,39.2766,-88.9116,-91.4323,-88.9185,-54.9849,485,276.595,-111.899,1.22098,25.4227,9.30092,3.44972,1.96804,-13.2496,-111.017,1.8062,25.573,-10.5167,9.12052,3.39637,1.92346,-10.5791,1,-108.465,3.3195,22.5121,9.059,3.21781,1.7676,design_434,-36.447399999999995,0.06810000000000116,22.97,-2.5138000000000034,0.0,-0.3790000000000191,-2.8919999999999995,-847.1200000000003,-2.09852,0.24192000000000036,2.9105999999999987,0.20043999999999995,Left,0.35497571706264813,0.5589999999999993,0.8009199999999996,0.24192000000000036,0.45121,0.7422699999999999,0.2910599999999999,0.0329203493792237,0.011929187889360579,0.020991161489863124,0.29460000000000003,0.32800666666666667,0.03340666666666664,0.38052311919050513
LLLLLFLALLLVTLISLLILI,103300200320020033011,000011011001101100000,LL--LF-AL--VT-IS--ILI,1728070000.0,375.795,-385.742,-9.94738,-74.1382,-74.1246,-74.0844,-74.1783,-226.032,-226.447,-226.031,-243.694,-380.272,4588.72,3710.67,3643.87,41.3623,0.000923933,-13.3918,-5.42218,31.4149,-85.5722,-93.0918,-85.5784,-62.3994,467,231.516,-47.4799,95.154,15.4655,10.0554,6.46777,6.39508,-8.83763,-45.7694,96.4055,16.2035,-5.42218,9.91993,6.38015,6.32623,-5.47043,3,-39.8599,94.3621,19.4139,9.461,5.21787,5.1333,design_1950,-30.692400000000006,0.05369999999999209,17.246999999999986,-7.513400000000004,-0.04019999999999868,-0.4159999999999968,-7.96962,-878.0500000000002,0.7918999999999983,0.5944000000000003,-3.9484000000000012,1.26178,Left,0.028877500655060433,0.9610000000000003,1.5554000000000006,0.5944000000000003,0.14139000000000018,-0.25344999999999995,0.39484000000000014,0.9436049838154036,0.9515262334502999,0.007921249634896266,0.85555,1.0658466666666666,0.21029666666666658,0.7439740719990784
LLLLTLLILLLAVLFSLLILI,103300200320030023022,000011011001101100000,LL--TL-IL--AV-FS--I--,1728060000.0,374.733,-382.916,-8.18335,-60.5031,-60.4392,-60.4392,-60.5031,-226.057,-227.605,-226.057,-246.668,-377.407,4550.68,3781.64,3637.66,41.3623,0.000923933,-13.3674,-5.45048,33.1789,-96.3561,-102.73,-96.3619,-70.2357,482,276.595,-54.0366,73.6345,15.5772,9.60714,4.54614,4.15065,-10.6241,-55.1591,70.6584,15.1001,-5.45048,9.73365,4.31274,3.87262,-5.50909,3,-60.0299,56.8654,19.5041,8.5832,3.18132,2.5343,design_1711,-32.49430000000001,0.06390000000000384,19.063000000000017,-6.368099999999998,0.0,-1.5480000000000018,-7.91692,-769.0400000000004,16.7691,1.0239399999999996,-3.9269000000000016,1.6163499999999997,Left,0.028877500655060433,0.08319999999999972,1.1071399999999993,1.0239399999999996,0.1504100000000001,-0.24228000000000005,0.39269000000000015,0.5685314629354737,0.7362701007086012,0.16773863777312747,0.42238333333333333,0.6917749999999999,0.2693916666666666,1.141650857474135
LLLLLYLLAVLTSLLFILILI,102300320020033003102,000011001101100110000,LL--LY--AV-TS--FI-IL-,1727990000.0,367.514,-378.511,-10.9969,-74.3702,-74.3097,-74.3097,-74.3702,-225.157,-223.441,-225.157,-246.586,-367.761,4555.86,3663.32,3576.51,45.9023,0.000429125,-13.3582,-10.6954,34.9054,-78.9828,-83.3678,-78.9897,-46.8044,503,72.839,-9.97071,100.902,25.165,9.12754,1.61744,1.63098,-12.8831,-12.0689,98.916,25.6012,-10.6954,9.15198,1.664,1.64774,-10.7498,3,-9.3919,97.4601,25.3594,9.3474,1.0659,1.0278,design_470,-36.5634,0.06049999999999045,23.14500000000001,-4.378100000000003,0.0,1.7160000000000082,-2.6628000000000007,-892.5399999999995,3.441900000000004,-0.2198600000000006,-0.19440000000000168,0.60318,Left,0.30552627249294656,0.8474000000000004,0.6275399999999998,0.2198600000000006,0.73594,0.7164999999999999,0.019440000000000124,0.9745937846348363,1.0090225624077238,0.03442877777288755,0.1713,0.27183,0.10053000000000001,0.24496521148713166
LLLYTLLFILVALLLSLLILI,13002200300230021032,000110011011001100000,LL-YT--FI-VA--LS-LI--,1728010000.0,361.887,-369.714,-7.82722,-60.4659,-60.4022,-60.4022,-60.4659,-227.742,-231.05,-227.739,-253.873,-364.402,4639.07,3806.54,3738.4,45.9023,0.000429125,-13.3418,-5.25179,38.0751,-81.506,-86.2915,-81.5123,-50.0626,471,39.0787,-110.129,5.47334,24.7172,9.30771,3.75819,2.34029,-9.8657,-109.799,1.3257,24.9589,-5.25179,9.1277,3.14881,1.6687,-5.31206,0,-109.799,1.3257,24.9589,9.1277,3.14881,1.6687,design_653,-36.228899999999996,0.0636999999999972,22.82299999999998,-4.779200000000003,0.0,-3.311000000000007,-8.09001,-832.5299999999997,4.14764,0.18000999999999934,-0.24170000000000158,0.6715899999999999,Left,0.30552627249294656,0.6277000000000008,0.8077100000000002,0.18000999999999934,0.69589,0.6717199999999999,0.024170000000000136,0.012976685378647537,0.054464868022518396,0.04148818264387086,0.2781166666666667,0.39004833333333333,0.11193166666666665,0.2173424861868216
LLLLTILLALLFLLVSLLILI,103300300220020033012,000011011001101100000,LL--TI-LA--FL-VS--IL-,1728040000.0,377.781,-382.102,-4.32049,-60.4576,-60.3477,-60.3927,-60.4659,-219.028,-223.108,-219.027,-246.401,-377.282,4533.24,3652.62,3593.41,41.3623,0.000923933,-13.326,-4.75989,37.0418,-102.617,-107.153,-102.622,-70.4156,472,302.327,-48.2466,95.7539,16.2608,9.41372,6.66376,6.60007,-9.20486,-48.861,91.6748,17.4099,-4.75989,9.18998,6.20524,6.08037,-4.81965,4,-44.3956,93.8671,19.2336,9.5,5.83139,5.7394,design_1210,-36.73740000000001,0.11819999999999453,23.293000000000006,-4.531000000000006,0.0449999999999946,-4.081000000000017,-8.56611,-880.6199999999999,1.886800000000008,-0.08628000000000036,-2.9727999999999994,0.8606699999999998,Left,0.028877500655060433,1.0,0.9137199999999996,0.08628000000000036,0.12335999999999991,-0.17392000000000002,0.29727999999999993,0.9386535776160428,0.9575269376502927,0.018873360034249886,0.9565666666666667,1.1000116666666666,0.14344499999999993,0.3416903694047908
LLLLLVLLLILFALLSTLILI,103300210030021003022,000011001101100110000,LL--LV-LLI-FA-LST-I--,1728010000.0,378.103,-389.983,-11.8803,-74.3188,-74.265,-74.265,-74.3188,-227.185,-228.718,-227.185,-245.096,-385.032,4481.57,3658.9,3672.75,41.3623,0.000923933,-13.2768,-4.90306,29.482,-88.4794,-95.3261,-88.4856,-65.6176,496,471.669,-56.055,84.6567,17.9267,10.0175,6.3369,6.10675,-8.98663,-58.3538,80.8809,18.6943,-4.90306,10.3092,6.17199,5.8852,-4.95061,4,-60.6709,65.7431,20.4901,9.5,4.47595,3.9621,design_678,-29.7085,0.05379999999999541,16.378000000000014,-6.840499999999992,0.0,-1.532999999999987,-8.37374,-822.6699999999996,18.913600000000002,0.5175000000000001,-2.5634000000000015,2.14465,Left,0.028877500655060433,1.0,1.5175,0.5175000000000001,0.24901000000000018,-0.00732999999999997,0.2563400000000001,0.6573336827659055,0.8465234126491924,0.18918972988328686,0.66035,1.0177916666666667,0.35744166666666666,0.7050345697643171
LLLLVALLLILTFLLSLLILI,102300320030032003102,000011001101100110000,LL--VA--LI-TF--SL-IL-,1728070000.0,377.027,-384.936,-7.90854,-71.0022,-74.1968,-71.0041,-74.232,-225.539,-228.611,-225.537,-246.595,-383.794,4537.13,3736.75,3613.42,41.3623,0.000923933,-13.2125,-1.14837,33.4537,-88.3946,-94.198,-88.4008,-62.9664,488,302.327,-13.4709,99.9316,26.4003,9.69044,2.01141,2.01038,-7.18938,-14.0513,96.0699,25.8587,-1.14837,9.32918,1.57712,1.51817,-1.14191,1,-14.8026,90.5967,24.8541,9.1766,0.95095,0.8099,design_1924,-31.231599999999993,0.03520000000000323,17.98400000000001,-5.7971999999999895,-3.192700000000002,-3.073999999999984,-12.06413,-800.3800000000001,9.334900000000005,0.5138400000000001,1.5462000000000025,1.2004800000000002,Left,0.028877500655060433,0.6766000000000005,1.1904400000000006,0.5138400000000001,0.6854099999999999,0.8400300000000002,0.1546200000000003,0.9059402870415197,0.9993158056888156,0.09337551864729587,0.13498333333333332,0.3350633333333333,0.20008,0.5802498460858492
LLLAALLFVLLTLLYSLLILI,13002300300230021122,000110011011001100000,LL-AA--FV-LT--YS-LI--,1727990000.0,354.356,-366.459,-12.1038,-68.8357,-71.1968,-68.8172,-74.3048,-221.71,-222.909,-221.699,-246.419,-365.298,4553.95,3711.46,3663.51,49.0167,0.000253574,-13.2035,-1.14254,36.9129,-75.9135,-84.396,-75.9247,-44.5746,477,95.1175,-108.55,25.4644,29.2308,8.96851,6.22021,5.10218,-7.62742,-110.296,20.601,27.6733,-1.14254,9.2245,5.82549,4.6345,-1.16125,0,-110.296,20.601,27.6733,9.2245,5.82549,4.6345,design_319,-39.821400000000004,3.108000000000004,23.51000000000002,-8.4713,-2.3795999999999964,-1.2099999999999795,-12.06096,-842.4899999999998,4.863400000000002,-0.2559900000000006,1.5574999999999974,0.46767999999999965,Left,0.49530489253962356,0.7245000000000008,0.4685100000000002,0.2559900000000006,0.9673300000000001,1.1230799999999999,0.15574999999999972,0.20578444278175,0.2544322587614883,0.048647815979738274,0.7724166666666666,0.8503633333333332,0.07794666666666661,0.3134186265110023
LLLLWVLLAILYTLLLFLILI,103300210020031003022,000011001101100110000,LL--WV-LAI-YT-LLF-I--,1727980000.0,358.625,-326.85,31.7749,-58.9201,-58.8513,-58.8513,-58.9201,-226.693,-228.751,-226.691,-255.803,-362.258,4610.8,3761.12,3594.96,51.5751,0.000164596,-13.1968,35.4698,83.35,-41.2371,-87.852,-41.2456,-47.5349,517,276.595,-53.2209,75.232,22.3009,9.38976,4.63946,4.26794,28.2039,-55.8634,70.1473,25.0918,35.4698,9.1569,4.34939,3.9016,35.4075,0,-55.8634,70.1473,25.0918,9.1569,4.34939,3.9016,design_2,-40.3171,0.06879999999999598,27.051999999999992,-46.6064,0.0,-2.0600000000000023,-48.6666,-849.6800000000003,5.084699999999998,0.2328600000000005,-2.7909000000000006,0.3663400000000001,Left,0.6512031784140834,0.6569000000000003,0.8897600000000008,0.2328600000000005,0.7091799999999999,0.43008999999999986,0.27909000000000006,0.7013881942471661,0.7522496388974469,0.05086144465028075,0.6502666666666667,0.7113233333333334,0.06105666666666676,0.3720615685560097
LLLLYALITLLFLLVSLLILI,103300300220030023022,000011011001101100000,LL--YA-IT--FL-VS--I--,1727990000.0,362.106,-369.895,-7.78881,-65.9298,-68.29,-65.9242,-74.3007,-222.898,-225.092,-222.894,-248.933,-364.844,4635.06,3691.04,3649.64,45.9023,0.000429125,-13.1889,-5.04826,38.1135,-81.0669,-84.6512,-81.0738,-41.6105,473,276.595,-58.415,61.9389,17.3735,9.64329,3.624,3.05308,-11.6225,-57.9782,60.8206,15.4388,-5.04826,9.56313,3.40752,2.81983,-5.05063,1,-61.4585,53.4775,20.0104,9.4977,2.93824,2.2404,design_379,-43.0407,6.0107,23.84099999999998,-3.5773999999999972,-2.3658000000000072,-2.1980000000000075,-8.140640000000001,-944.0200000000004,8.461399999999998,0.14559000000000033,-2.6369000000000007,0.8126799999999998,Left,0.30552627249294656,0.9977,1.1432900000000004,0.14559000000000033,0.20104000000000005,-0.06265000000000001,0.2636900000000001,0.5346428385661528,0.6192808757687184,0.08463803720256557,0.3734,0.5088466666666667,0.13544666666666666,0.34093732716236
LLLLWVLLALLFLLTSLLILI,103300200220030033012,000011011001101100000,LL--WV-LA--FL-TS--IL-,1728020000.0,376.724,-387.657,-10.9324,-74.1846,-74.1288,-74.1288,-74.2063,-221.037,-221.525,-221.035,-250.491,-381.208,4586.66,3596.28,3523.14,50.0267,0.000213803,-13.1563,-6.3986,39.0943,-92.4347,-98.7105,-92.4426,-56.5111,494,193.783,-48.7636,85.3311,17.5617,9.29756,5.33423,5.11419,-10.886,-48.4631,84.7308,18.6938,-6.3986,9.38996,5.20812,4.97908,-6.44875,2,-46.0671,86.4216,21.8161,9.2045,5.07698,4.8733,design_785,-42.1994,0.07750000000000057,28.966000000000008,-6.267899999999997,0.0,-0.4900000000000091,-6.7577,-990.3799999999997,-1.0904999999999916,0.09306000000000125,-4.2544,0.24088999999999938,Left,0.556850103895629,0.7044999999999995,0.7975600000000007,0.09306000000000125,0.3816099999999999,-0.04383000000000017,0.42544000000000004,0.8641774263890944,0.853269328489291,0.010908097899803404,0.8122166666666667,0.8523649999999999,0.04014833333333323,0.4374816938675679
LLLLFVLALLLLILTSLLILI,13300200210030032031,000011011001101100000,LL--FV-AL-LLI-TS--I-I,1728050000.0,376.299,-386.269,-9.97025,-74.1086,-74.0765,-74.0624,-74.2364,-219.012,-218.428,-219.01,-246.209,-380.728,4575.27,3679.58,3613.18,41.3623,0.000923933,-13.1479,-5.49947,31.392,-93.1487,-101.372,-93.1547,-60.2828,506,515.548,-106.922,24.4704,24.5841,9.39604,5.8418,4.70886,-9.84516,-105.153,26.9253,23.9838,-5.49947,9.30481,5.90789,4.81177,-5.54077,3,-93.5671,33.7989,19.8302,9.2083,5.09792,4.1049,design_1595,-41.0892,0.15990000000000748,27.781000000000006,-8.217299999999994,-0.014099999999999113,0.5819999999999936,-7.64843,-895.6900000000005,-9.328500000000002,0.1877399999999998,4.753899999999998,0.6039599999999998,Left,0.028877500655060433,0.7082999999999995,0.8960399999999993,0.1877399999999998,0.18302000000000013,0.6584099999999999,0.4753899999999998,0.3378009354656723,0.24448943499953987,0.09331150046613243,0.6841499999999999,0.7848099999999999,0.10065999999999997,0.5292272020779363
LLLYALLFLLVALLLSLLILI,13003300200220031022,000110011011001100000,LL-YA--FL-VA--LS-LI--,1728010000.0,359.141,-330.098,29.0431,-60.4659,-60.3998,-60.3998,-60.4659,-222.312,-221.937,-222.305,-250.807,-362.251,4686.52,3709.48,3745.17,46.2399,0.000405334,-13.1162,32.2147,75.283,-47.32,-93.0304,-47.331,-50.978,499,29.9257,-102.542,34.3011,23.5358,8.75225,6.51197,5.52648,26.9435,-99.4006,35.4141,19.5875,32.2147,8.8576,6.19099,5.2222,32.1523,0,-99.4006,35.4141,19.5875,8.8576,6.19099,5.2222,design_663,-42.0524,0.06609999999999872,28.869999999999976,-45.6994,0.0,0.367999999999995,-45.3309,-977.0400000000004,-1.1129999999999995,-0.10534999999999961,3.9482999999999997,0.30428000000000033,Left,0.32609821640758774,0.3575999999999997,0.2522500000000001,0.10534999999999961,0.15874999999999986,0.5535799999999998,0.39483,0.3539575239367981,0.34282436211884176,0.011133161817956316,0.8703666666666666,0.92108,0.05071333333333339,0.4119285628235101
LLLLFALLYLLAVLLSTLILI,103300310020031003022,000011001101100110000,LL--FA-LYL-AV-LST-I--,1728020000.0,354.054,-360.255,-6.20107,-74.2327,-74.2254,-74.165,-74.2931,-221.122,-223.908,-221.12,-243.689,-359.421,4516.58,3711.37,3582.02,49.0167,0.000253574,-13.0988,-0.774987,42.8157,-64.8999,-74.3869,-64.9117,-41.4395,469,87.0218,-52.2439,84.7835,19.3718,9.33298,5.78236,5.55412,-5.76272,-51.8724,82.854,17.9428,-0.774987,9.10587,5.46615,5.20896,-0.833723,2,-54.2544,74.1496,23.0063,8.6292,4.64836,4.2606,design_940,-32.947399999999995,0.06770000000000209,19.781000000000006,-9.475200000000001,-0.06039999999998713,-2.7879999999999825,-12.323813000000001,-805.21,10.633899999999997,0.7037799999999983,-3.634499999999999,1.29352,Left,0.49530489253962356,0.12920000000000087,0.8329799999999992,0.7037799999999983,0.5006299999999999,0.13718000000000002,0.3634499999999999,0.7414225640081784,0.8477917728634933,0.10636920885531487,0.7101000000000001,0.9256866666666667,0.2155866666666666,0.8277645863027407
LLLLAVLLFLLALLTSLLILI,103300300220030023022,000011011001101100000,LL--AV-LF--AL-TS--I--,1728070000.0,370.516,-380.977,-10.4604,-74.3069,-74.2497,-74.2497,-74.3069,-224.632,-225.39,-224.629,-242.576,-376.568,4519.13,3652.34,3595.04,44.4768,0.00054596,-13.0582,-4.35989,34.0163,-82.0383,-89.9866,-82.0492,-59.6857,469,148.395,-50.3853,94.2594,18.9402,9.16698,6.78281,6.6967,-10.3609,-50.5649,93.2557,19.4443,-4.35989,9.42448,6.67425,6.57308,-4.40862,4,-51.082,82.6867,24.1844,9.4166,5.325,5.0653,design_1946,-30.3009,0.05719999999999459,17.186000000000007,-7.937399999999997,0.0,-0.7609999999999957,-8.69831,-866.79,11.572699999999998,-0.24962000000000018,-5.244199999999999,1.6314000000000002,Left,0.21866221428701998,0.9166000000000007,0.6669800000000006,0.24962000000000018,0.61844,0.09402000000000008,0.5244199999999999,0.8268178162598178,0.9425776920645463,0.11575987580472857,0.8442166666666666,1.1161166666666666,0.27190000000000003,0.6516566884843017
LLLLAVLILLLSTLFLLLILI,113300300210020022031,000011011001101100000,LL--AV-IL-LST-FL--I-I,1728000000.0,381.967,-392.337,-10.3699,-74.1975,-74.1956,-74.1995,-74.2649,-230.344,-231.572,-230.342,-247.022,-383.784,4572.26,3892.03,3783.1,41.3623,0.000923933,-13.0371,-8.5583,30.9924,-87.7955,-91.0538,-87.8013,-62.4975,482,95.1175,-102.011,15.476,33.414,9.23176,3.89092,2.62306,-9.48617,-102.095,13.9163,34.4978,-8.5583,9.28848,3.69296,2.40171,-8.55225,4,-95.7197,11.2623,27.626,9.3614,2.37837,1.0473,design_608,-28.556299999999993,0.06929999999999836,15.449999999999989,-3.2524999999999977,0.003900000000001569,-1.2299999999999898,-4.4788000000000014,-680.23,4.213700000000001,-0.1296400000000002,5.788,1.5757600000000003,Left,0.028877500655060433,0.8613999999999997,0.7317599999999995,0.1296400000000002,0.9626000000000001,1.5414,0.5788,0.1123709133393884,0.15451988364695576,0.04214897030756737,0.17454999999999998,0.4371766666666667,0.26262666666666673,0.6500502067859318
LLLLIALLLLLTSLLFVLILI,102300220030033003102,000011001101100110000,LL--IA--LL-TS--FV-IL-,1728020000.0,383.737,-372.595,11.1427,-74.2003,-74.1371,-74.1927,-74.2676,-217.097,-220.434,-217.095,-245.907,-382.192,4555.88,3638.19,3598.74,41.3623,0.000923933,-13.0042,9.60129,52.505,-81.2971,-100.625,-81.3027,-62.0172,511,177.29,-7.11955,103.091,20.0943,8.90345,1.4852,1.53157,-1.55456,-7.68243,98.1969,18.0,9.60129,9.1491,0.908946,0.8819,9.59692,0,-7.68243,98.1969,18.0,9.1491,0.908946,0.8819,design_944,-38.6078,0.13049999999999784,25.473000000000013,-19.3223,0.05559999999999832,-3.3389999999999986,-22.605490000000003,-917.69,4.894099999999995,-0.24565000000000126,2.0943000000000005,0.6496700000000001,Left,0.028877500655060433,0.6491000000000007,0.4034499999999994,0.24565000000000126,0.0,0.20943000000000006,0.20943000000000006,0.9819638777412785,1.0309187809337852,0.04895490319250673,0.14698333333333333,0.25526166666666666,0.10827833333333334,0.34398492323942453
LLLLAVLTALLLILFSLLILI,103300200220030033022,000011011001101100000,LL--AV-TA--LI-FS--I--,1727990000.0,365.182,-380.104,-14.9221,-74.2758,-74.2524,-74.2227,-74.3055,-223.267,-225.516,-223.264,-242.772,-374.885,4466.41,3659.09,3628.9,43.6652,0.000626172,-12.9767,-5.17433,28.7431,-82.5617,-88.0932,-82.5726,-57.8074,480,148.395,-62.7133,60.5401,14.6229,9.49307,4.07991,3.48802,-11.0912,-63.5351,57.6143,14.3401,-5.17433,9.35945,3.8082,3.17241,-5.21932,2,-64.5014,46.2639,18.5014,8.808,2.42084,1.6148,design_407,-30.285799999999995,0.05310000000000059,17.256,-5.520600000000002,-0.029699999999991178,-2.251999999999981,-7.802369999999999,-807.3199999999997,14.276200000000003,0.6850699999999996,-3.8785000000000007,1.87322,Left,0.16920667613203583,0.30799999999999983,0.9930699999999995,0.6850699999999996,0.05014000000000003,-0.33771000000000007,0.3878500000000001,0.4624863461222988,0.6052889020481818,0.14280255592588298,0.26913333333333334,0.5813366666666667,0.3122033333333334,0.8588434192117961
LLLYALLFTLISLLLVLLILI,13002300200220031032,000110011011001100000,LL-YA--FT-IS--LV-LI--,1727990000.0,369.243,-376.38,-7.13729,-74.1578,-66.9882,-74.1523,-74.2184,-225.357,-226.178,-225.35,-253.951,-371.154,4653.94,3815.57,3721.66,45.9023,0.000429125,-12.9583,-5.22054,38.765,-76.8653,-90.9462,-76.8721,-42.9849,496,29.9257,-107.239,21.0485,23.7372,9.10906,5.42738,4.24311,-9.52561,-108.707,17.8071,24.1853,-5.22054,8.9949,5.21002,3.97713,-5.22573,2,-110.96,14.1163,21.5291,9.2522,5.04976,3.7615,design_369,-47.9613,7.230199999999996,27.772999999999996,-14.074100000000001,7.164099999999991,-0.828000000000003,-7.73776,-838.3699999999994,6.9322,-0.1431400000000007,2.2081000000000017,0.48160999999999987,Left,0.30552627249294656,0.7522000000000002,0.6090599999999995,0.1431400000000007,0.35290999999999995,0.5737200000000001,0.22081000000000017,0.14091902100196457,0.21026071404278815,0.06934169304082358,0.6269166666666667,0.707185,0.08026833333333327,0.28372062214417754
LLLLFALLLLLTILVSLLILI,103300200230020033022,000011011001101100000,LL--FA-LL--TI-VS--I--,1728050000.0,377.433,-381.283,-3.84993,-67.304,-74.0315,-67.3061,-74.267,-219.576,-222.687,-219.573,-243.244,-379.719,4582.42,3635.91,3573.49,41.3623,0.000923933,-12.9225,-1.56882,37.5123,-94.4027,-95.9227,-94.4087,-62.2077,474,471.669,-54.3425,87.4128,15.3981,9.81819,6.45211,6.2633,-7.38415,-53.5092,85.6966,16.5816,-1.56882,9.54193,6.09542,5.88086,-1.56399,2,-58.2423,76.255,19.8916,9.3909,5.53078,5.1746,design_1547,-33.715,0.23550000000000182,20.556999999999988,-1.51400000000001,-6.725399999999993,-3.1140000000000043,-11.353679999999999,-946.5100000000002,11.157800000000009,0.4272899999999993,-4.493500000000001,1.0887000000000002,Left,0.028877500655060433,0.8909000000000002,1.3181899999999995,0.4272899999999993,0.18916000000000005,-0.26019000000000003,0.4493500000000001,0.7624825450427921,0.8740922421967839,0.11160969715399183,0.8624333333333333,1.0438833333333333,0.18145,0.6556470038052529
LLLLWVLLALLYTLFSLLILI,103300200220030033022,000011011001101100000,LL--WV-LA--YT-FS--I--,1728020000.0,360.127,-368.5,-8.37362,-74.1783,-74.1119,-74.1119,-74.1783,-224.38,-227.186,-224.378,-253.861,-370.394,4553.07,3704.34,3625.73,54.5667,9.93017e-05,-12.9169,1.95323,46.1931,-69.942,-82.0127,-69.9508,-42.354,528,276.595,-50.8771,85.0841,20.2303,9.21871,5.61792,5.39418,-2.82508,-51.0858,80.5749,22.7179,1.95323,9.497,5.04048,4.7491,1.89334,0,-51.0858,80.5749,22.7179,9.497,5.04048,4.7491,design_809,-39.658699999999996,0.06639999999998736,26.674999999999983,-12.061899999999994,0.0,-2.808000000000021,-14.87013,-848.7299999999996,4.509200000000007,-0.27829000000000015,-2.4876000000000005,0.6450800000000001,Left,0.833498875733515,0.9969999999999999,0.7187099999999997,0.27829000000000015,0.47179000000000004,0.22302999999999998,0.24876000000000006,0.8056938170440405,0.8507986268100141,0.04510480976597353,0.7915166666666668,0.8990300000000001,0.10751333333333335,0.3910504090375935
LLLLWALTALLFLLISLLILI,103300200220030033022,000011011001101100000,LL--WA-TA--FL-IS--I--,1727980000.0,370.666,-369.167,1.49885,-74.1738,-74.1013,-74.1205,-74.1981,-218.66,-218.47,-218.655,-246.04,-373.405,4573.92,3595.11,3607.86,52.5694,0.000139149,-12.9063,4.2842,54.0682,-76.3324,-93.7404,-76.3452,-53.1671,471,22.9165,-50.117,87.5658,18.2434,8.99336,5.83893,5.65242,-7.69278,-51.8031,86.3022,19.9242,4.2842,8.6827,5.92127,5.7158,4.23829,0,-51.8031,86.3022,19.9242,8.6827,5.92127,5.7158,design_108,-40.573299999999996,0.09680000000000177,27.569999999999993,-17.39519999999999,0.019200000000012096,0.18500000000000227,-17.1905,-978.81,1.2635999999999967,0.3106599999999986,-1.6807999999999979,-0.06337999999999955,Left,0.7117916968806938,0.18270000000000053,0.49335999999999913,0.3106599999999986,0.1924199999999999,0.02434000000000012,0.16807999999999979,0.8629830871967639,0.8756226768402225,0.012639589643458682,0.9526333333333333,0.9420700000000001,0.010563333333333258,0.35359845197266515
LLLLAILLAVLFTLLSLLILI,103300310030021003022,000011001101100110000,LL--AI-LAV-FT-LSL-I--,1728020000.0,367.1,-374.376,-7.27593,-74.2109,-74.1479,-74.1479,-74.2109,-218.254,-223.081,-218.25,-242.57,-374.704,4470.35,3644.98,3603.84,43.6652,0.000626172,-12.9035,0.383194,36.3893,-81.9115,-90.3779,-81.9221,-57.9229,498,253.054,-52.7557,86.2646,19.0855,8.97438,6.05908,5.85304,-6.38132,-54.0504,79.2005,17.6047,0.383194,9.04795,5.29964,4.98764,0.327314,2,-56.4551,71.0089,18.0,8.5868,4.55447,4.1196,design_770,-32.455,0.06299999999998818,19.489000000000004,-8.455799999999996,0.0,-4.830999999999989,-13.286693999999999,-825.3700000000003,15.255700000000004,0.3875799999999998,1.0854999999999997,1.7334399999999999,Left,0.16920667613203583,0.08680000000000021,0.47438,0.3875799999999998,0.0,0.10854999999999997,0.10854999999999997,0.7100066418862957,0.8626069803824287,0.15260033849613297,0.6866,0.9755066666666666,0.28890666666666664,0.5184161303948582
LLLFALLLVLILLLTSLLILI,13002300200230021032,000110011011001100000,LL-FA--LV-IL--TS-LI--,1728040000.0,376.33,-384.594,-8.26431,-74.1889,-74.1886,-74.1909,-74.2416,-226.839,-231.653,-226.835,-246.569,-382.049,4569.17,3755.56,3791.94,41.3623,0.000923933,-12.9033,-2.54881,33.098,-83.5661,-89.1112,-83.5723,-61.2381,475,253.054,-103.418,46.1351,23.8346,10.01,8.24101,7.43304,-6.2145,-103.957,39.4484,23.2643,-2.54881,10.0881,7.41909,6.51081,-2.54503,3,-104.818,32.6551,25.5597,9.5,6.63107,5.6209,design_1087,-27.873099999999994,0.05300000000001148,14.915999999999997,-5.538899999999998,0.002300000000005298,-4.817999999999984,-10.35449,-813.6100000000001,13.480000000000004,0.5099999999999998,-1.7251000000000012,1.8121400000000003,Left,0.028877500655060433,1.0,1.5099999999999998,0.5099999999999998,0.7559699999999999,0.5834599999999999,0.17251000000000005,0.32635968615086686,0.46119798022638436,0.1348382940755175,0.9368166666666666,1.23884,0.3020233333333333,0.6318695747755017
LLLYLLLATLVALLFSLLILI,13002200300220031032,000110011011001100000,LL-YL--AT-VA--FS-LI--,1728040000.0,352.518,-364.211,-11.6927,-74.175,-74.055,-74.055,-74.2355,-221.59,-223.971,-221.588,-249.123,-361.245,4601.61,3762.62,3748.62,49.0167,0.000253574,-12.8908,-2.85453,37.324,-68.4458,-76.1098,-68.4571,-37.887,471,113.638,-105.915,32.659,21.5428,8.87081,6.79622,5.78611,-6.97558,-109.096,25.4541,22.5917,-2.85453,9.2952,6.30064,5.18245,-2.96551,1,-110.094,21.256,23.451,9.4935,5.88366,4.7025,design_1065,-38.22280000000001,0.180499999999995,25.151999999999987,-7.65270000000001,0.0,-2.3830000000000098,-10.03627,-838.9899999999998,11.402999999999999,-0.6226899999999986,-1.9082000000000008,1.0836100000000002,Left,0.49530489253962356,0.9934999999999992,0.37081000000000053,0.6226899999999986,0.5451,0.35428,0.19082000000000005,0.2123363035101969,0.32639869723001336,0.11406239371981647,0.78375,0.9643516666666666,0.18060166666666666,0.6854066677264459
LLLLLVLLAILFLLLSTLILI,103300210020031003022,000011001101100110000,LL--LV-LAI-FL-LST-I--,1727980000.0,377.888,-381.746,-3.85799,-74.2159,-74.2318,-74.1624,-74.2559,-223.814,-231.894,-223.814,-245.403,-384.491,4486.63,3787.79,3679.33,41.3623,0.000923933,-12.8661,2.79179,37.5043,-83.7161,-91.2312,-83.7221,-64.8318,508,394.796,-54.6541,84.5474,22.4546,9.96447,6.11202,5.88023,-4.81143,-55.7996,76.7697,22.6978,2.79179,10.0201,5.23385,4.88539,2.74433,3,-57.7764,67.2616,24.5839,9.4846,4.24678,3.7557,design_92,-26.3994,0.02409999999999002,13.508999999999986,-7.509100000000004,-0.06940000000000168,-8.080000000000013,-15.65789,-698.8400000000001,17.285799999999995,0.47987,-2.1293000000000006,2.12453,Left,0.028877500655060433,0.9846000000000004,1.4644700000000004,0.47987,0.65839,0.4454599999999999,0.21293000000000012,0.6725229965310148,0.8454301021490103,0.1729071056179955,0.62595,0.9800383333333333,0.35408833333333334,0.656421980722744
LLLLVLLLFLLATLISLLILI,103300300220020033111,000011011001101100000,LL--VL-LF--AT-IS--ILI,1727980000.0,376.534,-384.873,-8.3389,-74.1783,-74.1237,-74.1237,-74.1783,-225.394,-229.925,-225.394,-246.222,-381.768,4578.64,3738.43,3663.67,41.3623,0.000923933,-12.8447,-3.05589,33.0234,-85.3002,-90.5649,-85.3062,-61.3677,542,42.7142,-45.4449,100.836,18.2113,9.68763,6.92963,6.94218,-5.90668,-44.5251,97.798,17.7143,-3.05589,9.8202,6.38149,6.34846,-3.1044,2,-35.7873,98.5027,20.1927,9.3786,5.16596,5.1435,design_230,-29.197199999999995,0.05459999999999354,16.296999999999997,-5.25869999999999,0.0,-4.531000000000006,-9.78881,-840.2100000000005,2.333299999999994,0.3090299999999999,-1.9813999999999972,1.7986799999999992,Left,0.028877500655060433,0.8786000000000005,1.1876300000000004,0.3090299999999999,0.21926999999999985,0.021130000000000138,0.1981399999999997,0.9850227464599947,1.0083623749144757,0.02333962845448101,0.8572500000000001,1.15703,0.29977999999999994,0.4745226940372747
LLLLFALLLILTVLLSLLILI,103300310030021003022,000011001101100110000,LL--FA-LLI-TV-LSL-I--,1728060000.0,376.243,-380.235,-3.992,-74.1212,-74.1375,-74.1232,-74.3103,-219.132,-225.272,-219.128,-246.287,-380.595,4576.31,3713.41,3650.95,41.3623,0.000923933,-12.8126,0.354527,37.3703,-86.9825,-93.9978,-86.9886,-59.9973,465,302.327,-55.7871,80.5563,16.4075,9.94455,5.74317,5.45152,-6.02066,-56.771,75.0082,17.2648,0.354527,9.74378,5.14175,4.76687,0.359376,4,-61.6625,65.3548,21.8948,9.1479,4.57228,4.0526,design_1707,-34.000499999999995,0.17279999999999518,21.015000000000015,-7.009199999999993,-0.014300000000005753,-6.1440000000000055,-13.167126999999999,-862.9000000000005,15.201499999999996,0.7966499999999996,-5.487300000000001,1.3989200000000004,Left,0.028877500655060433,0.6478999999999999,1.4445499999999996,0.7966499999999996,0.38948,-0.1592500000000001,0.5487300000000002,0.6534495796806292,0.8055077642050341,0.1520581845244049,0.6754333333333333,0.9085866666666668,0.23315333333333343,1.0065972400743517
LLLLALLTILLAVLFSLLILI,113300200210030023031,000011011001101100000,LL--AL-TI-LAV-FS--I-I,1728000000.0,364.283,-378.673,-14.3904,-74.3478,-74.2857,-74.2857,-74.3478,-226.307,-225.357,-226.305,-242.533,-374.65,4478.23,3762.34,3709.73,43.6652,0.000626172,-12.7808,-3.96915,29.2748,-78.0182,-87.7889,-78.0289,-57.7692,475,211.811,-104.55,14.3934,29.4889,9.11341,4.12565,2.84155,-9.07479,-102.894,14.4556,28.7735,-3.96915,9.36419,3.88556,2.60239,-4.02258,3,-95.1629,11.8831,21.224,9.5,2.37865,1.0569,design_567,-30.0197,0.06210000000000093,17.175999999999988,-9.760000000000005,0.0,0.9480000000000075,-8.81165,-715.8899999999994,2.510299999999999,-0.38659,8.2649,1.7846499999999998,Left,0.16920667613203583,1.0,0.61341,0.38659,0.3224,1.1488900000000002,0.8264900000000002,0.1185806769122431,0.14369080818952584,0.025110131277282746,0.17615,0.47359166666666663,0.2974416666666666,0.9600206310086294
LLLLTVLLALLLILFSLLILI,103300200230020033022,000011011001101100000,LL--TV-LA--LI-FS--I--,1727980000.0,374.868,-380.603,-5.7357,-60.4607,-60.4059,-60.4059,-60.4607,-227.635,-229.018,-227.634,-246.063,-377.704,4520.6,3734.51,3731.48,41.3623,0.000923933,-12.7698,-2.85044,35.6266,-92.5079,-101.05,-92.5139,-71.1797,461,231.516,-53.092,89.3504,20.0098,9.52054,6.5261,6.36636,-7.65462,-54.2913,86.561,21.4271,-2.85044,9.87502,6.32944,6.12785,-2.89988,3,-48.0194,85.3519,26.398,9.4886,5.22542,5.0057,design_279,-29.8703,0.05480000000000018,17.044999999999987,-8.53609999999999,0.0,-1.3840000000000146,-9.919360000000001,-786.0900000000001,3.998499999999993,0.031940000000000524,-6.388200000000001,1.3606600000000002,Left,0.028877500655060433,0.9885999999999999,1.0205400000000004,0.031940000000000524,0.8398,0.20097999999999985,0.6388200000000002,0.8534773875780721,0.8934737465440185,0.03999635896594633,0.8342833333333334,1.0610600000000001,0.22677666666666674,0.6798077090435041
LLLLALLLILVTLLFSLLILI,13002300200330021022,000110011011001100000,LL-LA--LI-VT--FS-LI--,1728030000.0,374.056,-386.198,-12.1415,-68.7311,-70.6866,-68.7259,-74.2698,-226.355,-228.314,-226.352,-246.73,-380.905,4568.65,3814.13,3653.17,41.3623,0.000923933,-12.7645,-5.29121,29.2208,-91.1116,-94.6687,-91.1175,-59.9046,503,177.29,-111.215,18.7462,29.427,9.45553,5.71299,4.49418,-11.5485,-110.075,18.4435,26.8424,-5.29121,9.38214,5.50119,4.27784,-5.29307,2,-110.668,10.7585,28.0,9.2344,4.55252,3.2139,design_1033,-34.7641,3.583200000000005,18.415999999999997,-3.5511999999999944,-1.9607000000000028,-1.961999999999989,-7.4732899999999995,-754.5199999999995,7.987700000000002,0.22112999999999872,1.4269999999999996,1.2802799999999999,Left,0.028877500655060433,0.7344000000000008,0.9555299999999995,0.22112999999999872,1.0,1.1427,0.14270000000000005,0.10733148214092803,0.18723117365331757,0.07989969151238954,0.5356500000000001,0.74903,0.2133799999999999,0.3481045130471227
LLLLALLVLLLTFLISLLILI,103300300220020033022,000011011001101100000,LL--AL-VL--TF-IS--I--,1728060000.0,376.737,-384.072,-7.33569,-74.1694,-67.0163,-74.164,-74.232,-230.634,-231.87,-230.632,-246.575,-384.672,4549.42,3774.74,3728.63,41.3623,0.000923933,-12.7436,0.601182,34.0266,-79.2686,-98.5294,-79.2747,-63.8651,470,124.21,-54.747,63.7154,16.5532,9.75934,3.31363,2.76936,-4.84537,-56.7706,58.2077,19.5906,0.601182,9.8859,2.87363,2.24674,0.599292,4,-64.4683,39.295,27.5019,9.5,1.47507,0.5645,design_1662,-34.6643,7.215699999999998,14.704999999999984,-19.2547,7.1477,-1.2379999999999995,-13.344782,-774.6800000000003,24.4204,0.2593399999999999,-10.948699999999999,2.20486,Left,0.028877500655060433,1.0,1.25934,0.2593399999999999,0.9501899999999999,-0.14467999999999998,1.0948699999999998,0.39277754882386606,0.6370509224619793,0.2442733736381132,0.09408333333333334,0.46155999999999997,0.3674766666666666,1.2085967624120912
LLLLLFLISLLLVLATLLILI,103300200330020023022,000011011001101100000,LL--LF-IS--LV-AT--I--,1728050000.0,382.968,-383.871,-0.902824,-74.1653,-74.1117,-74.1117,-74.315,-226.216,-229.024,-226.216,-244.154,-381.742,4532.47,3748.87,3737.24,41.3623,0.000923933,-12.7126,-2.08148,40.4595,-83.4896,-91.3186,-83.4959,-63.2732,477,471.669,-53.5862,93.0862,25.4591,9.68861,7.10457,7.00086,-9.56432,-53.8888,89.6257,26.1623,-2.08148,9.72163,6.68279,6.52718,-2.12909,3,-50.6236,84.9697,28.0,9.5,5.56445,5.339,design_1537,-28.0454,0.2032999999999987,15.129999999999995,-7.8226999999999975,0.0,-2.8079999999999927,-10.63112,-783.6000000000004,8.116500000000002,0.1886100000000006,-2.5409000000000006,1.66186,Left,0.028877500655060433,1.0,1.1886100000000006,0.1886100000000006,1.0,0.74591,0.25409000000000004,0.8496543018217174,0.9308423592300213,0.08118805740830393,0.8898333333333334,1.1668100000000001,0.27697666666666676,0.4283025037791773
LLLLIALLLLLTFLLSVLILI,102300320030032003102,000011001101100110000,LL--IA--LL-TF--SV-IL-,1727980000.0,378.267,-383.774,-5.50741,-71.0422,-66.4016,-71.0348,-74.232,-223.17,-227.4,-223.169,-245.885,-383.102,4540.6,3625.13,3624.62,41.3623,0.000923933,-12.6944,-0.66979,35.8549,-89.5619,-101.994,-89.5679,-62.9848,498,515.548,-10.1822,105.528,24.1132,8.89703,2.27364,2.35656,-5.03923,-11.6532,98.7531,24.2187,-0.66979,9.24713,1.57965,1.56094,-0.672673,2,-12.3023,94.103,20.5013,8.6524,1.04926,0.9608,design_133,-39.0092,7.830399999999997,18.484999999999985,-12.426100000000005,4.633200000000002,-4.2309999999999945,-12.02461,-915.4700000000003,11.425000000000011,0.2446300000000008,3.6118999999999986,1.3957600000000001,Left,0.028877500655060433,0.1524000000000001,0.3970300000000009,0.2446300000000008,0.2501300000000001,0.6113199999999999,0.3611899999999998,0.9410132477623645,1.0552957039799304,0.11428245621756594,0.16013333333333332,0.39276,0.23262666666666668,0.5074226037964455
LLLYALLFLLLLLLTSLLILI,13002200200330031022,000110011011001100000,LL-YA--FL-LL--TS-LI--,1728060000.0,373.681,-381.793,-8.11235,-73.9585,-74.0296,-73.9578,-74.2416,-226.417,-228.453,-226.411,-255.377,-379.535,4738.56,3821.76,3716.93,50.1654,0.000208853,-12.6681,-2.25778,42.053,-81.4174,-89.7206,-81.4241,-49.9169,492,95.1175,-103.12,32.7367,25.2876,8.85312,6.38745,5.3785,-6.91541,-101.297,31.9927,27.0471,-2.25778,8.74174,6.01352,4.99341,-2.25776,2,-100.634,32.0652,28.0,8.5,5.92392,4.9049,design_1710,-39.803700000000006,0.2120000000000033,26.924000000000007,-8.296500000000009,-0.07179999999999609,-2.0420000000000016,-10.41032,-916.8000000000002,0.6715000000000018,0.35312000000000054,-2.712399999999999,0.47360000000000024,Left,0.5653019066828349,0.0,0.35312000000000054,0.35312000000000054,1.0,0.7287600000000001,0.2712399999999999,0.320459010358942,0.3271759179607009,0.006716907601758915,0.8174833333333332,0.8964166666666666,0.07893333333333341,0.45226149510967883
LLLALLLFVLITLLLSLLILI,13002300200230021032,000110011011001100000,LL-AL--FV-IT--LS-LI--,1727980000.0,378.778,-384.736,-5.95742,-63.3665,-67.1079,-63.3611,-74.3048,-223.743,-224.874,-223.737,-246.424,-385.916,4545.24,3653.08,3659.48,41.3623,0.000923933,-12.5868,1.18659,35.4049,-97.6265,-106.521,-97.6322,-65.1872,512,162.201,-107.224,17.1936,24.5527,9.3581,4.90476,3.66266,-7.92978,-105.896,17.3493,25.0538,1.18659,9.47676,4.72651,3.48675,1.1806,1,-101.035,16.7676,21.7235,9.5,3.91889,2.6704,design_4,-41.3338,7.196899999999999,21.55000000000001,-8.888800000000003,-3.7468000000000004,-1.1370000000000005,-13.773390000000001,-892.1599999999999,0.4259999999999984,-0.1418999999999997,2.8292,0.9922599999999999,Left,0.028877500655060433,1.0,0.8581000000000003,0.1418999999999997,0.3723500000000001,0.6552700000000001,0.28292,0.16743955283300457,0.17170076301669673,0.00426121018369216,0.44506666666666667,0.6104433333333333,0.16537666666666667,0.35713713919166584
LLLVALLLTLIALLFSLLILI,13002200300220031032,000110011011001100000,LL-VA--LT-IA--FS-LI--,1728030000.0,366.528,-380.43,-13.9023,-74.175,-74.1202,-74.1202,-74.2355,-222.561,-223.23,-222.558,-242.541,-372.451,4527.43,3692.65,3680.37,43.6652,0.000626172,-12.5799,-7.93176,29.763,-83.6942,-87.681,-83.7049,-55.6744,495,253.054,-112.468,7.63678,22.6004,9.50301,4.40111,3.01566,-12.926,-112.77,6.97059,22.7516,-7.93176,9.3294,4.35651,2.96107,-7.97918,3,-110.423,2.2077,21.4532,9.0663,3.36148,1.8946,design_1028,-32.0066,0.11530000000000484,19.311000000000007,-3.9761000000000024,0.0,-0.671999999999997,-4.648140000000001,-834.7800000000002,5.42908,0.4367099999999997,1.1472000000000016,1.12106,Left,0.16920667613203583,0.5663,1.0030099999999997,0.4367099999999997,0.3453199999999999,0.46004000000000006,0.11472000000000016,0.021799190970235548,0.07610541393755826,0.054306222967322716,0.3157666666666667,0.50261,0.1868433333333333,0.4916664515340532
LLLLWVLLFLLATLISLLILI,103300300220020033022,000011011001101100000,LL--WV-LF--AT-IS--I--,1728030000.0,372.709,-377.703,-4.99412,-74.1783,-74.1237,-74.1237,-74.1783,-223.001,-223.37,-222.999,-251.638,-377.453,4624.58,3620.87,3658.51,49.2152,0.000245214,-12.5788,-0.200531,44.2211,-80.5235,-92.5387,-80.5314,-51.6373,491,29.9257,-54.6067,80.0056,15.0659,9.39315,5.49175,5.19184,-9.29149,-56.1519,76.8807,17.7977,-0.200531,9.43272,5.30168,4.95489,-0.24964,1,-57.8998,74.7335,21.3396,9.5,5.274,4.895,design_994,-40.9014,0.05459999999999354,28.268,-12.0073,0.0,-0.3710000000000093,-12.378269,-1003.71,5.272099999999995,-0.10684999999999967,-6.273700000000002,0.29684000000000044,Left,0.5074006593259278,1.0,0.8931500000000003,0.10684999999999967,0.3339600000000001,-0.29341000000000006,0.6273700000000002,0.7472632227552626,0.7999991997727355,0.0527359770174729,0.8158333333333333,0.8653066666666667,0.04947333333333337,0.6404988160668985
LLLIALLTLLVLLLFSLLILI,13002200200330031022,000110011011001100000,LL-IA--TL-VL--FS-LI--,1728070000.0,375.584,-383.627,-8.0423,-68.6059,-70.6529,-68.5982,-74.3107,-228.122,-227.861,-228.12,-245.813,-381.526,4593.8,3759.82,3694.33,41.3623,0.000923933,-12.531,-2.09671,33.32,-86.899,-95.543,-86.9045,-61.4023,492,32.7096,-98.7945,40.8498,26.3292,9.43111,6.8339,5.94664,-8.37114,-99.0154,38.9621,26.6318,-2.09671,9.2427,6.61218,5.69661,-2.10078,2,-96.1822,31.8631,26.4173,8.9796,5.22885,4.2068,design_1887,-34.14070000000001,3.6577999999999946,17.951999999999998,-8.638500000000008,-2.054699999999997,0.25900000000001455,-10.43429,-833.98,8.986700000000003,0.45151000000000074,-0.08810000000000073,1.73984,Left,0.028877500655060433,0.4795999999999996,0.9311100000000003,0.45151000000000074,0.8417300000000001,0.83292,0.008810000000000096,0.31843743623188986,0.40832996571026176,0.0898925294783719,0.7011333333333334,0.9911066666666667,0.2899733333333333,0.5441544790778305
LLLLALLLTILLSLLFVLILI,102300230030032003102,000011001101100110000,LL--AL--TI-LS--FV-IL-,1728020000.0,384.118,-385.603,-1.48561,-74.0716,-73.9867,-74.0664,-74.2258,-224.255,-227.106,-224.252,-246.764,-383.923,4522.02,3629.8,3639.9,41.3623,0.000923933,-12.4561,-1.67732,39.8767,-87.2763,-95.2861,-87.2823,-62.9334,473,79.6152,-10.5734,104.086,17.404,9.27615,2.13765,2.19894,-7.6465,-11.3798,100.396,16.7951,-1.67732,9.54311,1.76038,1.76631,-1.68035,2,-10.3153,94.584,18.0,9.3619,0.81614,0.7349,design_919,-32.352700000000006,0.23910000000000764,19.658000000000015,-8.003799999999998,0.07970000000000255,-2.853999999999985,-10.77878,-892.2200000000003,9.501999999999995,-0.08575000000000088,-0.5960000000000001,1.4640399999999998,Left,0.028877500655060433,0.8619000000000003,0.7761499999999995,0.08575000000000088,0.0,-0.05960000000000001,0.05960000000000001,0.9458246141904301,1.0408716075365403,0.09504699334611022,0.12248333333333333,0.36649,0.24400666666666665,0.28191914944166785
LLLLYLLTLLLAVLFSLLILI,103300200220030033022,000011011001101100000,LL--YL-TL--AV-FS--I--,1728050000.0,362.611,-372.14,-9.52882,-74.2786,-74.214,-74.214,-74.2299,-221.902,-223.484,-221.901,-246.923,-369.989,4577.95,3708.61,3635.81,46.7138,0.000374154,-12.4376,-2.09169,37.185,-75.959,-84.7288,-75.9658,-48.8371,452,231.516,-57.455,56.1881,13.8229,9.63804,2.70364,2.04646,-9.74985,-59.0056,52.6988,14.0138,-2.09169,9.47861,2.46518,1.75566,-2.15063,2,-63.7548,41.6205,20.0048,8.747,1.68199,0.8063,design_1642,-35.89170000000001,0.015900000000002024,23.438999999999993,-8.763000000000005,0.0,-1.5829999999999984,-10.34591,-869.3399999999997,14.567599999999999,0.8910400000000003,-6.181899999999999,1.2401600000000002,Left,0.35497571706264813,0.2469999999999999,1.1380400000000002,0.8910400000000003,0.20047999999999994,-0.4177099999999999,0.6181899999999998,0.4160391551200541,0.5617565388570355,0.14571738373698134,0.13438333333333333,0.3410766666666667,0.20669333333333337,1.1135828876503067
LLLYALLFILVTLLLSLLILI,13002200200320031032,000110011011001100000,LL-YA--FI-VT--LS-LI--,1728030000.0,361.4,-370.664,-9.26364,-63.1757,-67.1426,-63.1704,-74.2698,-226.299,-229.753,-226.294,-253.77,-370.949,4646.59,3782.69,3771.51,45.9023,0.000429125,-12.4103,0.28974,36.6386,-81.1889,-86.4637,-81.1955,-42.9089,494,66.6396,-104.105,29.8519,23.8337,9.16957,6.1457,5.09348,-6.94571,-103.342,26.2467,24.2554,0.28974,9.44529,5.54467,4.43837,0.285243,4,-98.208,28.486,18.0,8.9124,5.07681,4.0041,design_1017,-43.5548,7.127200000000002,24.017000000000024,-5.268200000000007,-3.972200000000001,-3.4589999999999748,-12.70004,-863.9000000000001,1.3659,0.25717000000000034,5.8337,1.0893799999999993,Left,0.30552627249294656,0.4123999999999999,0.6695700000000002,0.25717000000000034,0.0,0.58337,0.58337,0.2846568425432823,0.29831972280127556,0.013662880257993282,0.66735,0.8489133333333333,0.1815633333333333,0.6630300778306031
LLLLIALLWTLVLLLSFLILI,103300320020031003012,000011001101100110000,LL--IA--WT-VL-LSF-IL-,1727990000.0,372.075,-380.978,-8.9025,-74.1644,-74.182,-74.1216,-74.2781,-228.269,-231.485,-228.267,-250.156,-377.971,4585.86,3848.61,3665.36,49.2152,0.000245214,-12.3919,-2.97039,40.3127,-78.5449,-84.6957,-78.5532,-53.5367,518,124.21,-50.3226,72.8305,22.3741,9.96068,3.88051,3.47297,-4.94305,-50.9556,68.4705,22.0526,-2.97039,9.95532,3.38686,2.91391,-3.00676,1,-46.6921,68.7339,24.7897,9.4449,2.78289,2.3139,design_458,-31.159,0.09609999999999275,18.670999999999992,-6.142499999999998,-0.06040000000000134,-3.2180000000000177,-9.42151,-737.2499999999995,4.096599999999995,0.5157799999999995,-2.4156000000000013,1.1590700000000003,Left,0.5074006593259278,0.9449000000000005,1.46068,0.5157799999999995,0.67897,0.43740999999999985,0.2415600000000001,0.6872501790508505,0.7282278166999427,0.040977637649092236,0.38565,0.5788283333333334,0.1931783333333334,0.6028078277998257
LLLLAVLLSTLFLLLSILILI,103300220030021003012,000011001101100110000,LL--AV--ST-FL-LSI-IL-,1728070000.0,381.965,-357.047,24.9182,-88.8978,-89.5467,-88.9044,-89.6266,-213.245,-221.176,-213.24,-244.033,-388.266,4471.02,3639.79,3545.34,47.6458,0.000319654,-12.3795,31.2105,72.564,-54.9043,-89.9222,-54.9103,-54.6059,485,193.783,-54.8,68.7175,17.4701,8.85856,3.99687,3.52763,19.3344,-53.398,64.296,20.1517,31.2105,8.5941,3.18966,2.6541,31.2185,0,-53.398,64.296,20.1517,8.5941,3.18966,2.6541,design_1881,-35.316300000000005,0.07989999999999498,22.857,-35.011900000000004,-0.6423000000000059,-7.935999999999979,-43.59,-831.2300000000005,4.421499999999995,0.26446000000000147,-2.681600000000003,0.8735299999999997,Left,0.41176793189809097,0.09409999999999918,0.35856000000000066,0.26446000000000147,0.21517000000000017,-0.052990000000000134,0.2681600000000003,0.642858571834401,0.6870861324616191,0.04422756062721811,0.44235,0.5879383333333333,0.14558833333333332,0.406203049129143
LLLLWVLLATLYLLLLFLILI,103300210030021003022,000011001101100110000,LL--WV-LAT-YL-LLF-I--,1728010000.0,362.218,-331.2,31.0184,-58.9702,-58.8989,-58.8989,-58.9702,-227.129,-226.583,-227.127,-255.458,-364.538,4624.17,3749.4,3548.53,52.3867,0.000143511,-12.3666,33.4026,83.405,-45.1009,-91.4223,-45.1095,-50.1094,495,253.054,-54.433,66.2523,21.7622,9.37637,3.60901,3.10279,26.2206,-56.4231,64.9796,25.2813,33.4026,9.1603,3.73571,3.2104,33.3379,0,-56.4231,64.9796,25.2813,9.1603,3.73571,3.2104,design_654,-41.312900000000006,0.07130000000000081,28.875,-46.31280000000001,0.0,0.5440000000000111,-45.7692,-874.77,1.2727000000000004,0.2160700000000002,-3.5191000000000017,-0.10760999999999976,Left,0.7006587165690675,0.6602999999999994,0.8763699999999996,0.2160700000000002,0.7281300000000002,0.37622,0.35191000000000017,0.6496965138099221,0.6624271293047226,0.012730615494800479,0.5350666666666667,0.5171316666666667,0.017935000000000034,0.4135343103007012
LLLLLALTSLLFVLYILLILI,103300200330020023022,000011011001101100000,LL--LA-TS--FV-YI--I--,1728050000.0,366.448,-373.265,-6.81737,-74.2435,-74.2272,-74.2272,-74.3108,-226.353,-229.585,-226.351,-248.621,-372.422,4543.45,3881.38,3698.11,45.9023,0.000429125,-12.3567,-0.831315,39.0849,-72.668,-80.9669,-72.6747,-49.49,505,9.41515,-53.8888,89.6257,26.1623,9.72163,6.68279,6.52718,-8.30493,-53.8914,86.4525,27.0446,-0.831315,9.72456,6.2548,6.05158,-0.84278,2,-50.6236,84.9697,28.0,9.5,5.56445,5.339,design_1537,-31.476899999999993,0.08360000000000412,19.036,-8.292199999999994,0.0,-3.234000000000009,-11.525385,-662.0699999999997,4.655999999999992,0.22162999999999933,-1.8377000000000017,1.18818,Left,0.30552627249294656,1.0,1.2216299999999993,0.22162999999999933,1.0,0.8162299999999998,0.1837700000000002,0.8496543018217174,0.8962275286181275,0.04657322679641007,0.8898333333333334,1.0878633333333334,0.19803000000000004,0.35252831964854914
LLLLVALLLTLISLLFLLILI,102300320020033003102,000011001101100110000,LL--VA--LT-IS--FL-IL-,1728000000.0,382.694,-371.768,10.9253,-63.1744,-66.9498,-63.1763,-74.2216,-218.786,-221.79,-218.783,-246.626,-380.443,4552.89,3639.72,3564.98,41.3623,0.000923933,-12.3361,8.67003,52.2876,-89.8083,-104.04,-89.8141,-59.5958,454,231.516,-13.8843,92.032,21.2238,9.13833,1.00697,0.887446,-3.00596,-15.4674,86.8993,20.4362,8.67003,8.9034,0.551511,0.355,8.67493,0,-15.4674,86.8993,20.4362,8.9034,0.551511,0.355,design_610,-44.44420000000001,7.271799999999999,24.836000000000013,-14.22590000000001,-3.7734999999999985,-3.007000000000005,-21.00613,-913.1700000000005,5.1327,0.2349300000000003,0.7876000000000012,0.532446,Left,0.028877500655060433,0.40339999999999954,0.6383299999999998,0.2349300000000003,0.24361999999999995,0.32238000000000006,0.07876000000000011,0.8689557834424976,0.9202973644515042,0.051341581009006654,0.059166666666666666,0.14790766666666666,0.08874099999999999,0.26815325006701773
LLLLIALLTVLLFLLSLLILI,111300320030022003102,000011001101100110000,LLL-IA--TV-LF--SL-IL-,1728050000.0,376.368,-386.873,-10.5054,-72.661,-74.1828,-72.6533,-74.2606,-228.125,-231.328,-228.124,-245.961,-382.538,4552.22,3735.47,3621.91,41.3623,0.000923933,-12.3317,-4.33277,30.8569,-86.087,-89.3588,-86.0933,-62.3159,465,330.452,-2.55264,109.26,25.044,9.50517,1.63303,1.77193,-8.25253,-4.22056,105.56,24.0177,-4.33277,9.29452,1.38371,1.46711,-4.33529,3,-2.75517,97.6835,25.7929,9.2779,0.100548,0.0658,design_1512,-27.042900000000003,0.07779999999999632,14.63300000000001,-3.265500000000003,-1.5294999999999987,-3.2040000000000077,-7.99893,-816.7500000000005,11.57650000000001,0.22726999999999897,-0.748899999999999,1.70613,Left,0.028877500655060433,0.7779000000000007,1.0051699999999997,0.22726999999999897,0.7792899999999999,0.7044,0.0748899999999999,0.9768284192710729,1.0926263058708674,0.11579788659979451,0.010966666666666666,0.29532166666666665,0.28435499999999997,0.38926479620687304
LLLVALLLILFLLLTSLLILI,13002200200230031032,000110011011001100000,LL-VA--LI-FL--TS-LI--,1728080000.0,379.758,-392.237,-12.4785,-74.1279,-74.1473,-74.13,-74.2416,-225.832,-228.557,-225.828,-246.639,-385.906,4565.49,3724.33,3709.94,41.3623,0.000923933,-12.3315,-6.33547,28.8838,-92.2774,-95.5332,-92.2832,-65.0256,454,431.524,-109.009,28.8615,20.3432,9.64292,6.74758,5.68051,-10.5874,-108.237,27.4099,21.4972,-6.33547,9.59394,6.4359,5.34705,-6.33089,4,-107.997,20.1813,18.0,9.1137,5.42398,4.2267,design_1992,-30.507599999999996,0.09430000000000405,18.082000000000022,-3.25,-0.017300000000005866,-2.728999999999985,-5.99603,-841.1599999999999,8.6802,0.5292200000000005,2.3431999999999995,1.4538099999999998,Left,0.028877500655060433,0.6136999999999997,1.1429200000000002,0.5292200000000005,0.0,0.23431999999999994,0.23431999999999994,0.20158625049514062,0.2884129092662316,0.08682665877109097,0.70445,0.9467516666666667,0.24230166666666664,0.6334261102471198
LLLYALLFVLITLLLSLLILI,13002200300230021032,000110011011001100000,LL-YA--FV-IT--LS-LI--,1728060000.0,361.533,-374.313,-12.78,-63.3665,-67.1555,-63.3611,-74.3048,-226.761,-228.989,-226.755,-254.02,-371.291,4663.31,3777.25,3731.29,45.9023,0.000429125,-12.3235,-3.01791,33.1222,-84.1861,-87.47,-84.1927,-42.9669,499,113.638,-101.595,42.5068,24.0381,9.10075,7.47771,6.61531,-10.5388,-101.243,40.2685,25.6244,-3.01791,9.09668,7.12269,6.22672,-3.02217,4,-104.849,32.1155,19.0708,8.7274,6.56297,5.5447,design_1669,-44.503099999999996,7.149299999999997,25.031000000000006,-3.2772999999999968,-3.794400000000003,-2.234000000000009,-9.305589999999999,-886.0600000000004,10.391300000000001,0.3733500000000003,4.967300000000002,1.0706100000000003,Left,0.30552627249294656,0.22739999999999938,0.6007499999999997,0.3733500000000003,0.10707999999999984,0.60381,0.4967300000000001,0.32096215325152344,0.4249046729271113,0.10394251967558787,0.9241166666666666,1.1025516666666666,0.178435,0.6548083780935536
LLLLYLLLAILFVLLSTLILI,103300310020031003022,000011001101100110000,LL--YL-LAI-FV-LST-I--,1727980000.0,361.994,-375.904,-13.9096,-74.253,-74.2322,-74.1921,-74.2931,-224.83,-222.949,-224.829,-248.031,-368.468,4515.5,3531.02,3600.15,45.9023,0.000429125,-12.3156,-7.38021,31.9927,-76.8207,-83.6024,-76.8275,-46.1443,488,231.516,-53.5877,74.3653,16.0626,9.12551,4.57746,4.19294,-7.89252,-54.0958,73.459,16.8478,-7.38021,9.3637,4.53133,4.13322,-7.43543,2,-58.528,63.2713,22.0772,8.9263,3.82083,3.2699,design_247,-37.4581,0.06089999999998952,25.081999999999994,-6.774900000000002,-0.04010000000000957,1.8799999999999955,-4.93539,-984.48,11.094000000000008,0.19921000000000078,-6.0146000000000015,0.9230400000000003,Left,0.30552627249294656,0.42629999999999946,0.6255100000000002,0.19921000000000078,0.40772000000000014,-0.19374000000000002,0.6014600000000001,0.6326086608596841,0.7435801767702028,0.11097151591051868,0.5449833333333333,0.6988233333333334,0.1538400000000001,0.6613774857397846
LLLLLALLLLLVTLFSLLILI,103300200220030033012,000011011001101100000,LL--LA-LL--VT-FS--IL-,1728080000.0,378.024,-390.025,-12.0016,-74.1783,-74.1702,-74.1702,-74.1783,-224.033,-228.48,-224.031,-246.071,-386.764,4560.43,3811.54,3631.8,44.5741,0.000537052,-12.3072,-3.25715,32.5725,-91.8142,-96.4213,-91.8204,-66.5146,468,162.201,-46.675,96.9455,15.5882,10.0835,6.5889,6.54308,-8.91563,-47.7182,91.8801,15.9836,-3.25715,9.9169,6.06154,5.93975,-3.26085,4,-42.6031,90.5069,24.4122,9.5,5.1089,4.9665,design_1981,-29.9067,0.008099999999998886,17.591000000000008,-4.600899999999996,0.0,-4.448999999999984,-9.050049999999999,-748.8900000000003,6.438599999999994,0.5835000000000008,-8.823999999999998,1.5765799999999999,Left,0.22459127276715818,1.0,1.5835000000000008,0.5835000000000008,0.6412199999999999,-0.24117999999999995,0.8823999999999999,0.9050420319370701,0.9694463227556626,0.06440429081859245,0.82775,1.0905133333333332,0.26276333333333324,1.0919223836978025
LLLLVALLLILTLLLSFLILI,102300320030032003102,000011001101100110000,LL--VA--LI-TL--SF-IL-,1728000000.0,374.682,-386.06,-11.3785,-74.1475,-70.6174,-74.1499,-74.2722,-228.328,-230.138,-228.327,-246.641,-384.158,4552.59,3811.92,3707.15,41.3623,0.000923933,-12.2375,-1.90913,29.9838,-83.5847,-95.6401,-83.5907,-63.2448,461,330.452,-14.9846,99.9845,24.2556,9.95839,2.2456,2.24536,-5.42742,-15.9787,96.4175,25.2513,-1.90913,9.6911,1.91317,1.85943,-1.90227,3,-14.9392,90.1475,23.3548,9.1433,0.910788,0.763,design_576,-32.395300000000006,3.6547999999999945,16.502999999999986,-12.049400000000006,3.532499999999999,-1.811000000000007,-10.328370000000001,-740.6700000000001,9.837000000000003,0.8150899999999996,0.9008000000000003,1.48236,Left,0.028877500655060433,0.6433,1.4583899999999996,0.8150899999999996,0.5354800000000001,0.6255600000000001,0.09008000000000005,0.90144701095111,0.9998449559674948,0.09839794501638477,0.12716666666666668,0.37422666666666665,0.24705999999999997,0.8620944923170818
LLLLFALLTILVALLLLLILI,102300230030032003102,000011001101100110000,LL--FA--TI-VA--LL-IL-,1728040000.0,368.572,-365.021,3.55071,-58.9928,-55.3094,-58.934,-58.9928,-216.856,-222.731,-216.852,-244.996,-366.6,4598.26,3677.18,3612.1,41.4852,0.000904948,-12.235,1.63084,45.0359,-89.1725,-100.795,-89.1833,-62.6116,508,66.6396,-7.64334,103.173,21.3333,9.06158,1.57483,1.62242,-4.70708,-6.9669,98.3031,21.6149,1.63084,9.0059,0.815953,0.7905,1.5792,0,-6.9669,98.3031,21.6149,9.0059,0.815953,0.7905,design_1109,-38.1834,3.683400000000006,22.265000000000015,-11.611699999999999,3.624600000000001,-5.878999999999991,-13.865839999999999,-921.0800000000004,4.869900000000001,0.05567999999999884,-0.2815999999999974,0.83192,Left,0.03636651696758832,0.5059000000000005,0.5615799999999993,0.05567999999999884,0.36148999999999987,0.3333300000000001,0.02815999999999974,0.9830261794349595,1.0317390138799418,0.04871283444498231,0.13175,0.27040333333333333,0.13865333333333332,0.15965880835114782
LLLLWVLIALLLTLFSLLILI,103300300220030023022,000011011001101100000,LL--WV-IA--LT-FS--I--,1727990000.0,371.539,-375.722,-4.18343,-74.1783,-66.8783,-74.1252,-74.1783,-223.849,-224.112,-223.848,-250.697,-379.686,4572.91,3660.08,3619.6,49.2152,0.000245214,-12.2192,4.01094,45.0318,-77.6948,-100.915,-77.7025,-54.811,485,162.201,-51.1336,92.9879,21.2283,9.1506,6.7234,6.61822,-8.63358,-51.6375,91.4667,22.9926,4.01094,9.24754,6.59362,6.46562,3.96389,1,-51.0504,88.9496,24.2236,8.6299,6.16576,6.0,design_428,-46.104000000000006,7.299999999999997,26.585000000000008,-23.212500000000006,7.246900000000011,-0.2639999999999816,-16.23014,-912.8299999999999,4.0382999999999925,0.5207000000000015,-2.9953000000000003,0.61822,Left,0.5074006593259278,0.12989999999999924,0.6506000000000007,0.5207000000000015,0.6223600000000001,0.32283000000000006,0.2995300000000001,0.8894646079486574,0.9298590799787139,0.040394472030056416,1.0,1.1030366666666667,0.10303666666666667,0.6108150120522304
LLLLFVLLAILYLLLSTLILI,103300210020031003022,000011001101100110000,LL--FV-LAI-YL-LST-I--,1728050000.0,362.231,-368.88,-6.64902,-74.1626,-74.1993,-74.1059,-74.2559,-222.08,-226.319,-222.079,-247.265,-367.709,4523.82,3726.77,3644.5,45.9023,0.000429125,-12.2111,-1.12008,39.2533,-72.6375,-79.4018,-72.6442,-46.1884,486,231.516,-53.164,83.5246,23.7158,9.48743,5.75043,5.5033,-8.15212,-51.4863,82.9641,22.8392,-1.12008,9.2786,5.4231,5.16756,-1.17077,1,-49.6499,78.7494,25.721,9.204,4.57866,4.2599,design_1600,-33.21339999999999,0.05660000000000309,20.945999999999998,-6.7575999999999965,-0.09339999999998838,-4.239999999999981,-11.09102,-797.0499999999997,4.775200000000012,0.2834299999999992,-2.0051999999999985,1.2434000000000003,Left,0.30552627249294656,0.7040000000000006,0.9874299999999998,0.2834299999999992,0.7721,0.5715800000000002,0.2005199999999998,0.7874336311512469,0.8351991965718265,0.047765565420579637,0.7099833333333333,0.9172166666666667,0.20723333333333338,0.40714621327526995
LLLVALLYLLFLLLASLLILI,13002300300220021032,000110011011001100000,LL-VA--YL-FL--AS-LI--,1727980000.0,362.197,-360.477,1.72045,-60.4659,-60.3978,-60.3978,-60.4659,-219.567,-217.774,-219.562,-246.399,-359.789,4641.09,3587.76,3650.89,46.2399,0.000405334,-12.1964,-0.625209,47.9604,-80.4434,-93.8138,-80.4545,-52.9238,506,79.6152,-105.952,26.6226,22.9927,8.73478,5.98692,4.88626,-6.22246,-105.741,26.3867,21.3899,-0.625209,8.7438,5.9234,4.8192,-0.687543,0,-105.741,26.3867,21.3899,8.7438,5.9234,4.8192,design_20,-40.89,0.06810000000000116,28.625,-13.359300000000005,0.0,1.788000000000011,-11.571191,-1053.33,0.23589999999999733,-0.009019999999999584,1.6027999999999984,0.06705999999999968,Left,0.32609821640758774,0.24380000000000024,0.23478000000000065,0.009019999999999584,0.33899000000000007,0.49926999999999994,0.16027999999999987,0.2636578788375899,0.2660175489839114,0.002359670146321491,0.8032,0.8143766666666666,0.011176666666666613,0.16093950640217947
LLLLVLLLALLTILFSLLILI,103300200220030033012,000011011001101100000,LL--VL-LA--TI-FS--IL-,1728020000.0,373.961,-389.996,-16.0355,-74.3324,-70.6062,-74.2793,-74.3324,-229.618,-231.389,-229.618,-246.218,-384.872,4523.04,3719.56,3700.33,41.3623,0.000923933,-12.195,-5.07748,25.3268,-86.0457,-95.0712,-86.0516,-64.3209,482,231.516,-54.5468,65.7716,17.2039,9.54503,3.56119,3.04776,-9.37423,-53.4479,65.3208,16.731,-5.07748,9.85883,3.33549,2.8153,-5.12457,3,-50.2686,56.3887,23.3167,9.4199,1.65277,0.9986,design_847,-30.75030000000001,3.7262000000000057,14.82899999999998,-9.019600000000011,3.673100000000005,-1.771000000000015,-7.11752,-803.48,9.382900000000006,0.1251300000000004,-6.1128,2.0491599999999996,Left,0.028877500655060433,0.9199000000000002,1.0450300000000006,0.1251300000000004,0.5316700000000001,-0.07960999999999992,0.61128,0.5637631087228774,0.657618763728899,0.09385565500602167,0.16643333333333335,0.50796,0.34152666666666665,0.7174748102345154
LLLYLLLAVLFLLLTSLLILI,13002200200230031032,000110011011001100000,LL-YL--AV-FL--TS-LI--,1728070000.0,364.598,-378.063,-13.465,-74.1279,-74.0646,-74.0646,-74.2416,-231.328,-233.573,-231.326,-253.19,-373.717,4665.93,3831.54,3827.66,46.7138,0.000374154,-12.1915,-4.28758,33.2488,-72.6075,-78.2713,-72.614,-46.2856,499,276.595,-108.677,20.5132,20.6526,9.53104,5.57089,4.37859,-8.64507,-111.194,15.2794,20.8272,-4.28758,9.68691,5.24188,3.97107,-4.34602,2,-111.619,5.7512,18.5361,9.3412,4.01923,2.6055,design_1870,-31.985699999999994,0.1770000000000067,19.61699999999999,-5.657299999999992,0.0,-2.247000000000014,-7.903919999999999,-834.3900000000003,14.762,0.18984000000000023,2.1164999999999985,1.7730899999999998,Left,0.35497571706264813,0.8412000000000006,1.0310400000000008,0.18984000000000023,0.053610000000000116,0.26525999999999994,0.21164999999999984,0.05724425736909282,0.20490619335891394,0.14766193598982114,0.43425,0.729765,0.29551499999999997,0.43585331324341453
LLLLVLLLTLLAFLLSILILI,102300320030032003102,000011001101100110000,LL--VL--TL-AF--SI-IL-,1728040000.0,376.014,-381.608,-5.59397,-74.0636,-70.4736,-74.0087,-74.1954,-223.18,-226.308,-223.18,-246.252,-383.572,4531.24,3677.16,3655.31,41.3623,0.000923933,-12.1762,2.01266,35.7683,-84.3646,-98.9673,-84.3709,-63.1249,469,302.327,-7.06649,107.796,22.6434,9.61132,2.11246,2.22941,-2.63289,-8.28028,102.23,22.7069,2.01266,9.96996,1.54311,1.57656,1.96403,3,-11.4105,94.4842,18.1282,9.2875,0.966937,0.8842,design_1142,-35.8424,3.7218000000000018,19.944000000000017,-14.596399999999988,3.5351,-3.127999999999986,-14.18886,-854.0799999999999,13.311800000000005,0.32381999999999955,4.5152,1.3452100000000002,Left,0.028877500655060433,0.7874999999999996,1.1113199999999992,0.32381999999999955,0.012819999999999965,0.46434,0.45152000000000003,0.9448263306779126,1.0779821469297282,0.1331558162518156,0.14736666666666667,0.37156833333333333,0.22420166666666666,0.6137805483540498
LLLLAVLILLLATLFSLLILI,113300200310020022031,000011011001101100000,LL--AV-IL-LAT-FS--I-I,1728010000.0,364.824,-373.107,-8.28292,-74.1382,-74.1236,-74.0835,-74.1783,-222.127,-224.013,-222.124,-242.972,-373.869,4497.75,3675.49,3772.32,43.6652,0.000626172,-12.146,0.809474,35.3823,-76.8414,-87.8786,-76.8521,-56.7186,473,193.783,-103.614,16.9326,29.4805,8.98441,4.32804,3.08203,-0.655738,-100.174,17.1544,30.9557,0.809474,9.35296,3.84188,2.5992,0.762834,3,-93.7867,18.7573,26.0492,9.3628,3.10024,1.8816,design_755,-31.160000000000004,0.05469999999999686,18.959000000000003,-11.026500000000013,-0.04009999999999536,-1.88900000000001,-12.955474,-822.2600000000002,-1.8247,-0.37838999999999956,3.4313000000000002,1.20043,Left,0.16920667613203583,0.8628,0.48441000000000045,0.37838999999999956,0.8049199999999999,1.14805,0.34313000000000016,0.1873422051862729,0.1690900215661248,0.018252183620148105,0.3136,0.5136716666666666,0.20007166666666665,0.5488888803844373
LLLLVLLLTLLIALLFLLILI,102300220030033003102,000011001101100110000,LL--VL--TL-IA--FL-IL-,1728010000.0,377.074,-380.108,-3.03465,-58.7907,-55.2351,-58.732,-58.9275,-222.373,-220.834,-222.373,-248.328,-375.768,4602.38,3693.35,3606.03,41.5826,0.000890182,-12.1188,-4.28713,38.5479,-98.9442,-111.818,-98.95,-68.5127,491,87.0218,-12.7565,94.5017,24.7901,9.14233,1.17121,1.08873,-9.72436,-12.0315,96.5089,24.2795,-4.28713,9.41088,1.33343,1.28106,-4.34003,3,-13.5638,91.8055,24.6135,9.5,0.928318,0.8054,design_626,-43.3053,3.6923999999999992,27.494,-12.867999999999995,3.4968999999999966,1.5389999999999873,-7.83167,-909.0300000000002,2.6962000000000046,-0.3576700000000006,0.17660000000000053,0.28332999999999997,Left,0.04230166903300907,1.0,0.6423299999999994,0.3576700000000006,0.6613499999999999,0.6790099999999999,0.01766000000000001,0.9180317210087664,0.9450013803920313,0.0269696593832649,0.13423333333333334,0.181455,0.04722166666666666,0.36221119920569483
LLLLALLYVLFLLLTSLLILI,13002200200320031032,000110011011001100000,LL-LA--YV-FL--TS-LI--,1728030000.0,366.151,-377.658,-11.5066,-73.9585,-74.0955,-73.9402,-74.2416,-223.538,-225.855,-223.535,-248.215,-372.583,4578.75,3831.4,3655.45,46.7138,0.000374154,-12.0875,-5.05936,35.2072,-80.1611,-84.72,-80.1678,-50.1268,504,162.201,-109.099,9.55155,25.0247,9.29151,4.15428,2.79755,-9.43341,-110.153,7.09981,24.2401,-5.05936,9.0434,3.98144,2.58794,-5.07438,3,-111.891,0.0284,19.3037,9.2503,3.28747,1.7879,design_1042,-34.593199999999996,0.14610000000000412,22.360000000000014,-4.552199999999999,-0.15529999999999688,-2.319999999999993,-7.0281400000000005,-747.3499999999999,9.523150000000001,0.0412100000000013,5.721,1.0096500000000002,Left,0.35497571706264813,0.7502999999999993,0.7915100000000006,0.0412100000000013,0.13036999999999993,0.7024699999999999,0.5721,0.0,0.0952585534291739,0.0952585534291739,0.2979833333333333,0.4662583333333334,0.16827500000000006,0.6052993818982628
LLLLAVLLTLLFILLSLLILI,103300310020021003022,000011001101100110000,LL--AV-LTL-FI-LSL-I--,1728060000.0,377.207,-387.606,-10.3991,-64.277,-68.9664,-64.2787,-74.2629,-227.101,-227.859,-227.099,-247.015,-385.508,4536.21,3649.93,3721.24,41.3623,0.000923933,-12.0723,-2.10317,30.9632,-96.2279,-100.755,-96.2338,-64.2299,478,231.516,-52.8431,82.7494,12.6277,9.40099,5.59764,5.33888,-8.41874,-51.786,82.5481,14.2482,-2.10317,9.59357,5.41189,5.15011,-2.09851,4,-54.2003,71.185,20.0211,9.5,4.24003,3.8078,design_1743,-36.525099999999995,5.296500000000009,19.155999999999977,-4.521199999999993,-4.687699999999992,-0.7600000000000193,-9.96913,-886.2800000000002,11.564399999999992,-0.09900999999999982,-7.3934,1.5310799999999998,Left,0.028877500655060433,1.0,0.9009900000000002,0.09900999999999982,0.20211000000000007,-0.5372299999999999,0.7393399999999999,0.7117681421523713,0.8274449943784034,0.11567685222603208,0.6346333333333333,0.8898133333333332,0.25517999999999996,0.7968215498095687
LLLLIALLTVLLALLFLLILI,111300320030022003102,000011001101100110000,LLL-IA--TV-LA--FL-IL-,1728050000.0,367.975,-376.304,-8.32886,-58.9928,-58.9244,-58.9244,-58.9928,-226.883,-226.52,-226.882,-243.933,-368.382,4518.32,3806.46,3626.83,41.4852,0.000904948,-12.0542,-7.86316,33.1563,-90.4281,-94.9917,-90.4385,-65.456,480,0.597357,-4.22056,105.56,24.0177,9.29452,1.38371,1.46711,-11.2542,-3.35855,107.2,24.1504,-7.86316,9.22475,1.47572,1.58371,-7.92212,2,-2.75517,97.6835,25.7929,9.2779,0.100548,0.0658,design_1512,-29.53569999999999,0.06840000000000401,17.412999999999982,-4.55319999999999,0.0,0.36199999999999477,-4.19104,-711.8599999999997,7.876500000000007,0.016619999999999635,-1.7751999999999981,1.4013099999999998,Left,0.03636651696758832,0.7779000000000007,0.7945200000000003,0.016619999999999635,0.7792899999999999,0.6017700000000001,0.1775199999999998,0.9768284192710729,1.0556157948857476,0.07878737561467475,0.010966666666666666,0.2445183333333333,0.23355166666666666,0.30420947776002233
LLLAYLLLLLVTLLFSLLILI,13002300200220031032,000110011011001100000,LL-AY--LL-VT--FS-LI--,1728010000.0,364.68,-372.888,-8.20787,-63.4643,-66.9972,-63.4566,-74.2272,-228.078,-228.427,-228.071,-250.51,-369.118,4617.84,3809.23,3699.54,46.7138,0.000374154,-12.0473,-3.76103,38.5059,-81.3452,-85.742,-81.352,-44.381,497,471.669,-109.691,9.07763,28.0751,9.77955,4.17919,2.81536,-11.221,-109.654,8.82954,28.2161,-3.76103,9.73013,4.14013,2.77257,-3.76946,4,-107.621,8.3732,28.0,9.5,3.7735,2.3991,design_731,-41.361000000000004,7.22999999999999,22.083,-4.390000000000001,-3.540600000000005,-0.35599999999999454,-8.28627,-808.6100000000001,0.7044299999999986,0.2795500000000004,0.07509999999999906,0.4162600000000003,Left,0.35497571706264813,1.0,1.2795500000000004,0.2795500000000004,1.0,1.00751,0.007509999999999906,0.08347170596449394,0.09051800711402039,0.007046301149526452,0.39985,0.4692266666666667,0.0693766666666667,0.2882141128356969
LLLLAVLILLLYLLFTLLILI,113300200210030033021,000011011001101100000,LL--AV-IL-LYL-FT--I-I,1728020000.0,362.281,-367.864,-5.58318,-58.9297,-58.9156,-58.9156,-58.9297,-239.71,-243.184,-239.708,-251.964,-363.725,4655.74,3940.73,3838.42,43.7222,0.000620174,-12.0432,-4.13132,38.139,-69.2249,-73.6685,-69.2318,-52.8309,506,124.21,-88.6077,47.8878,33.6206,9.69569,6.256,5.47432,-6.71026,-90.3956,42.1583,32.8805,-4.13132,9.94569,5.75071,4.88308,-4.13984,4,-88.8359,29.3021,25.9499,9.3794,3.78117,2.7207,design_811,-20.837599999999995,0.014099999999999113,8.780000000000001,-4.436699999999988,0.0,-3.475999999999999,-7.911880000000001,-715.0099999999998,18.5857,0.3162900000000004,7.670700000000004,2.7536199999999997,Left,0.17268001974321648,0.8794000000000004,1.1956900000000008,0.3162900000000004,0.79499,1.5620600000000002,0.7670700000000003,0.2928201609257029,0.47872995930844364,0.18590979838274074,0.45344999999999996,0.9123866666666666,0.4589366666666666,0.9662406874820698
LLLLVLLLTLLIALLSFLILI,102300320030032003102,000011001101100110000,LL--VL--TL-IA--SF-IL-,1728080000.0,373.765,-384.165,-10.3999,-72.5778,-69.028,-72.5249,-74.2984,-225.491,-228.825,-225.492,-246.232,-383.102,4544.39,3791.41,3650.47,41.3623,0.000923933,-12.035,-1.01663,30.9624,-86.0958,-97.2836,-86.1019,-62.5715,480,135.765,-8.97621,105.214,25.1861,9.46277,2.05033,2.12854,-7.65877,-9.32674,101.422,25.4234,-1.01663,9.49586,1.59104,1.61237,-1.06345,2,-10.2137,94.2316,25.4728,9.5,0.753326,0.6668,design_1964,-34.71210000000001,5.270399999999995,17.40700000000001,-11.181700000000006,3.4968999999999966,-3.3329999999999984,-11.01837,-752.9800000000005,10.982399999999998,-0.03722999999999921,-0.28669999999999973,1.4617400000000003,Left,0.028877500655060433,1.0,0.9627700000000008,0.03722999999999921,0.7472799999999999,0.71861,0.028669999999999973,0.9422996130901176,1.0521548119665984,0.10985519887648088,0.11113333333333332,0.35475666666666666,0.24362333333333336,0.2713457850504326
LLLLIVLLSLLFTLLALLILI,103300320030022003011,000011001101100110000,LL--IV--SL-FT--AL-ILI,1727980000.0,383.966,-383.811,0.155459,-74.2708,-74.2139,-74.2139,-74.2708,-222.383,-225.184,-222.384,-245.561,-384.201,4500.06,3709.91,3683.29,41.3623,0.000923933,-12.019,0.440328,41.5177,-87.1568,-96.8213,-87.1627,-64.3686,500,32.7096,-52.3164,61.5735,17.2577,9.53538,2.65989,2.08349,-3.84305,-50.728,60.018,17.7033,0.440328,9.90893,2.21162,1.61189,0.389639,2,-43.8654,60.6546,18.1944,9.5,1.26818,0.678,design_147,-32.45269999999999,0.05689999999999884,20.37700000000001,-9.658599999999993,0.0,-2.8000000000000114,-12.459328,-790.1500000000005,0.9189000000000007,0.03537999999999997,-0.9367000000000019,1.40549,Left,0.028877500655060433,1.0,1.03538,0.03537999999999997,0.01944000000000017,-0.07423000000000002,0.09367000000000018,0.6064342273205591,0.6156258377379177,0.009191610417358609,0.113,0.3472483333333333,0.23424833333333334,0.2549168112767555
LLLLAVLITLLLLLFSLLILI,103300300320020023022,000011011001101100000,LL--AV-IT--LL-FS--I--,1727980000.0,375.218,-379.04,-3.82227,-64.6186,-67.1071,-64.6205,-74.2681,-227.367,-232.122,-227.365,-246.804,-384.728,4530.56,3698.06,3683.19,41.3623,0.000923933,-11.9976,5.68294,37.54,-87.0539,-97.496,-87.0597,-63.656,462,394.796,-58.543,69.0142,18.806,9.41259,4.59837,4.13358,-4.08855,-58.404,64.3113,19.5519,5.68294,9.68428,3.94263,3.4073,5.68791,4,-59.9714,54.2759,21.2659,9.1374,2.82296,2.1371,design_284,-33.839999999999996,7.161000000000001,14.681999999999988,-10.436299999999989,-2.4865999999999957,-4.757000000000005,-17.68054,-832.5000000000005,14.738300000000002,0.27519000000000027,-2.4598999999999975,1.99648,Left,0.028877500655060433,0.6373999999999995,0.9125899999999998,0.27519000000000027,0.3265899999999998,0.08060000000000009,0.24598999999999974,0.5426291066662933,0.6900539753289935,0.14742486866270021,0.35618333333333335,0.68893,0.3327466666666667,0.5183580348349895
LLLLTFLLAILLLLLSVLILI,103300220020031003012,000011001101100110000,LL--TF--AI-LL-LSV-IL-,1728010000.0,377.366,-373.72,3.64529,-60.3574,-60.3442,-60.303,-60.4659,-218.434,-219.816,-218.433,-243.953,-371.758,4556.11,3692.35,3640.07,41.3623,0.000923933,-11.9775,-1.91188,45.0076,-94.9286,-103.576,-94.9348,-67.34,503,87.0218,-53.8646,72.2843,17.2382,9.13208,4.33807,3.92233,-8.19885,-53.7737,69.2529,19.3756,-1.91188,9.0245,3.9152,3.45399,-1.96177,2,-50.6321,73.4306,19.5943,8.7881,4.00794,3.6094,design_737,-36.23599999999999,0.12169999999999703,24.137,-8.641199999999998,-0.041200000000003456,-1.3830000000000098,-10.06562,-863.7599999999998,-1.1462999999999965,0.3439800000000002,-2.3561000000000014,0.31293000000000015,Left,0.028877500655060433,0.2881,0.6320800000000002,0.3439800000000002,0.15943000000000004,-0.0761800000000001,0.23561000000000015,0.7342305214680969,0.7227642650512746,0.011466256416822307,0.6015666666666667,0.6537216666666666,0.05215499999999995,0.4203402568886503
LLLYTLLLLLVALLFSLLILI,13002300200230021032,000110011011001100000,LL-YT--LL-VA--FS-LI--,1727990000.0,362.903,-369.523,-6.62009,-60.4659,-60.3998,-60.3998,-60.4659,-226.665,-226.957,-226.662,-254.018,-364.064,4703.45,3850.15,3694.13,46.7138,0.000374154,-11.9739,-5.39708,40.0937,-82.3928,-88.6812,-82.3998,-49.5809,511,124.21,-108.063,18.6296,27.7682,9.24609,5.22446,4.0039,-7.93705,-106.388,20.1187,26.5485,-5.39708,9.4281,5.17422,3.976,-5.45895,0,-106.388,20.1187,26.5485,9.4281,5.17422,3.976,design_417,-39.100300000000004,0.06609999999999872,27.061000000000007,-6.281400000000005,0.0,-0.2949999999999875,-6.5768200000000006,-853.2999999999997,-1.4891000000000005,-0.18201,1.2196999999999996,0.027899999999999814,Left,0.35497571706264813,0.9281000000000006,0.7460900000000006,0.18201,0.8548500000000001,0.97682,0.12196999999999991,0.20096007266063562,0.18606484241524593,0.01489523024538969,0.6626666666666666,0.6673166666666667,0.004650000000000043,0.2196538444554594
LLLALLLFTLVALLYSLLILI,13002300200220031032,000110011011001100000,LL-AL--FT-VA--YS-LI--,1728020000.0,353.91,-361.426,-7.51557,-74.175,-67.0877,-74.1,-74.2355,-217.396,-220.399,-217.388,-245.248,-360.935,4560.66,3678.62,3700.36,49.0167,0.000253574,-11.9629,-0.419161,41.5012,-69.8548,-85.4115,-69.8661,-41.4522,481,330.452,-108.358,20.3243,27.1737,9.17378,5.49746,4.30232,-4.7284,-107.755,18.4933,28.0,-0.419161,9.4835,5.1599,3.9373,-0.490555,0,-107.755,18.4933,28.0,9.4835,5.1599,3.9373,design_805,-43.959300000000006,7.147800000000004,24.84899999999999,-15.5454,7.012299999999996,-3.0109999999999957,-11.543738999999999,-882.04,1.8309999999999995,-0.30971999999999866,-0.8262999999999998,0.3650199999999999,Left,0.49530489253962356,0.9834999999999994,0.6737800000000007,0.30971999999999866,1.0,0.91737,0.08262999999999998,0.18470145521328057,0.20301665673051147,0.0183152015172309,0.6562166666666667,0.7170533333333333,0.06083666666666665,0.32678852782453527
LLLLYLLLALLFVLTSLLILI,103300300320020023022,000011011001101100000,LL--YL-LA--FV-TS--I--,1728030000.0,364.472,-377.44,-12.9672,-74.2496,-74.1864,-74.1864,-74.2434,-225.248,-225.401,-225.247,-248.063,-371.501,4580.96,3620.95,3634.07,46.7138,0.000374154,-11.9545,-5.88131,33.7466,-77.9422,-83.8684,-77.9491,-49.1943,469,7.88067,-56.5065,64.0806,18.9136,9.34121,3.62686,3.08807,-8.65641,-56.2935,63.577,17.5574,-5.88131,9.44966,3.52693,2.98058,-5.93869,2,-60.3987,52.97,18.0,9.5,2.71075,2.0053,design_956,-34.674099999999996,0.05699999999998795,22.661999999999978,-5.919299999999993,0.0,-0.15399999999999636,-6.073189999999999,-960.0100000000002,11.110600000000005,-0.15878999999999976,0.9135999999999989,1.08277,Left,0.35497571706264813,1.0,0.8412100000000002,0.15878999999999976,0.0,0.09135999999999989,0.09135999999999989,0.5295663968567074,0.6407039599246186,0.11113756306791123,0.33421666666666666,0.5146783333333333,0.1804616666666667,0.28014083022791403
LLLLFLLIALLLVLTSLLILI,103300300230020023022,000011011001101100000,LL--FL-IA--LV-TS--I--,1728020000.0,375.513,-381.529,-6.01593,-74.2001,-74.147,-74.147,-74.2787,-222.014,-223.469,-222.013,-244.511,-380.858,4523.14,3644.11,3599.1,41.3623,0.000923933,-11.9423,-0.623546,35.3464,-85.3155,-95.1834,-85.3214,-62.0684,458,330.452,-59.6033,64.1524,16.3117,9.56066,4.10106,3.56335,-7.70633,-60.491,60.078,16.0364,-0.623546,9.67984,3.68418,3.08535,-0.671495,4,-62.2011,51.5869,18.7588,9.5,2.7944,2.0682,design_931,-33.11500000000001,0.13169999999999504,21.042,-9.862000000000009,0.0,-1.4559999999999889,-11.318754,-879.0300000000002,12.5655,0.06066000000000038,-2.4471000000000025,1.4951499999999998,Left,0.028877500655060433,1.0,1.0606600000000004,0.06066000000000038,0.07588000000000009,-0.16883000000000017,0.24471000000000026,0.5157314677368373,0.641422163894546,0.12569069615770867,0.3447,0.5938916666666666,0.2491916666666666,0.3761080397129536
LLLYFLLAVLITLLLSLLILI,13002200200230031032,000110011011001100000,LL-YF--AV-IT--LS-LI--,1728080000.0,360.611,-370.901,-10.2899,-68.8357,-70.6793,-68.782,-74.3048,-228.122,-230.172,-228.119,-249.631,-366.397,4645.45,3797.16,3767.02,45.9023,0.000429125,-11.933,-4.45351,35.6124,-73.9433,-77.4789,-73.95,-42.4613,492,148.395,-110.546,23.0436,19.7364,9.54648,6.19285,5.0385,-10.2943,-109.749,21.7435,19.992,-4.45351,9.43022,5.89767,4.72383,-4.50368,1,-107.997,20.1813,18.0,9.1137,5.42398,4.2267,design_1992,-35.017599999999995,3.6255000000000024,19.459000000000003,-3.528899999999993,-1.8973000000000013,-2.0529999999999973,-7.47949,-848.29,2.862300000000001,0.43278000000000105,1.7363999999999997,0.8117999999999999,Left,0.30552627249294656,0.6136999999999997,1.0464800000000007,0.43278000000000105,0.0,0.17363999999999996,0.17363999999999996,0.20158625049514062,0.23021738173641315,0.028631131241272534,0.70445,0.83975,0.13529999999999998,0.48638997694869895
LLLLWVLLFLLAILTSLLILI,103300200320030023022,000011011001101100000,LL--WV-LF--AI-TS--I--,1728050000.0,372.948,-376.474,-3.52613,-74.4559,-74.2645,-74.4012,-74.3017,-222.126,-223.285,-222.124,-247.762,-376.867,4570.24,3611.31,3581.53,49.2152,0.000245214,-11.9027,0.442165,45.6891,-79.8925,-91.2209,-79.9002,-54.8032,506,66.6396,-52.5954,85.3863,17.0353,9.36342,5.91646,5.69726,-9.80513,-54.2556,83.8371,19.8834,0.442165,9.40638,5.95636,5.71391,0.393232,1,-55.1631,81.1236,22.6016,9.3914,5.72615,5.443,design_1369,-36.4177,0.03719999999999857,24.477000000000004,-11.320700000000002,0.1367000000000047,-1.1610000000000014,-12.344864999999999,-958.9299999999998,4.2627000000000095,-0.027980000000001226,-5.566300000000002,0.2542600000000004,Left,0.5074006593259278,0.8914000000000009,0.8634199999999996,0.027980000000001226,0.4601600000000001,-0.09647000000000006,0.5566300000000002,0.8111823757947256,0.8538214853018258,0.04263910950710015,0.9071666666666666,0.9495433333333333,0.04237666666666673,0.5605655294765605
LLLLIVLLALLFTLLSLLILI,103300200230030023022,000011011001101100000,LL--IV-LA--FT-LS--I--,1727980000.0,376.811,-384.054,-7.24286,-74.1783,-74.1225,-74.1225,-74.1783,-225.629,-227.714,-225.629,-245.559,-384.117,4511.0,3723.83,3654.66,41.3623,0.000923933,-11.8314,0.11358,34.1194,-84.2467,-94.112,-84.2524,-64.3805,478,60.9677,-53.2318,70.1936,22.1787,9.32022,3.96091,3.51382,-7.46985,-53.7049,67.8918,23.174,0.11358,9.46629,3.72114,3.23951,0.0638166,4,-56.5141,55.8639,27.886,8.9625,2.51874,1.8567,design_242,-29.731499999999997,0.055799999999990746,17.845,-9.8596,0.0,-2.085000000000008,-11.944980000000001,-787.1700000000001,14.329700000000003,0.3577200000000005,-5.7073,1.65712,Left,0.028877500655060433,0.46250000000000036,0.8202200000000008,0.3577200000000005,0.9885999999999999,0.4178699999999999,0.57073,0.5585136178674744,0.7018513257765205,0.1433377079090461,0.30945,0.5856366666666667,0.2761866666666667,0.7419710942166573
LLLLFALVTLLLLLISLLILI,103300300320020023022,000011011001101100000,LL--FA-VT--LL-IS--I--,1728060000.0,375.699,-380.332,-4.63346,-68.622,-70.6515,-68.624,-74.3007,-222.527,-225.15,-222.524,-246.813,-381.052,4622.49,3641.31,3643.91,41.3623,0.000923933,-11.7751,0.714273,36.7288,-89.183,-97.0249,-89.1892,-59.9379,462,673.233,-66.201,50.4722,15.5894,9.84898,3.2439,2.50098,-9.46399,-66.8184,47.7411,15.4675,0.714273,9.84053,2.9678,2.18392,0.719674,4,-63.5617,43.699,24.3947,8.5292,1.93362,1.0891,design_1645,-37.087,3.6492000000000075,21.662999999999982,-7.835700000000003,-2.0275000000000034,-2.6260000000000048,-12.489373,-981.1799999999998,6.773200000000003,1.3197799999999997,-8.8053,1.4118800000000002,Left,0.028877500655060433,0.02919999999999945,1.3489799999999992,1.3197799999999997,0.63947,-0.24106000000000005,0.88053,0.4368300597369653,0.5045813010895095,0.06775124135254418,0.18151666666666666,0.41683000000000003,0.23531333333333337,1.6053395045439
LLLLAILLFLLLVLTSLLILI,13300200210030032031,000011011001101100000,LL--AI-LF-LLV-TS--I-I,1727980000.0,376.938,-388.097,-11.1581,-74.092,-74.143,-74.0841,-74.2787,-222.597,-223.557,-222.595,-246.645,-384.11,4558.16,3667.15,3639.85,41.3623,0.000923933,-11.7642,-3.98242,30.2041,-91.4076,-98.1742,-91.4137,-63.186,491,14.6888,-103.677,34.1343,25.4889,9.04064,6.65966,5.67167,-8.61682,-101.967,34.8996,25.7673,-3.98242,8.94236,6.50644,5.52993,-3.98674,4,-93.802,36.9673,23.2516,9.5,5.56089,4.6154,design_228,-34.9882,0.13569999999999993,23.088000000000022,-6.760499999999993,-0.05889999999999418,-0.9619999999999891,-7.781780000000001,-891.0099999999998,-2.8329999999999984,-0.4593600000000002,2.237300000000001,1.0562699999999996,Left,0.028877500655060433,1.0,0.5406399999999998,0.4593600000000002,0.52516,0.7488900000000001,0.2237300000000001,0.369493936277903,0.3411558882722694,0.02833804800563361,0.7692333333333333,0.9452783333333333,0.176045,0.5411668961510578
LLLFALLLVLITLLLSLLILI,13002300200230021032,000110011011001100000,LL-FA--LV-IT--LS-LI--,1728030000.0,376.412,-388.162,-11.7495,-68.7266,-70.677,-68.7286,-74.3048,-226.118,-226.602,-226.113,-247.186,-383.032,4566.51,3697.34,3695.37,41.3623,0.000923933,-11.7499,-5.13365,29.6127,-93.3178,-97.5026,-93.3241,-61.5408,470,563.509,-109.212,27.2641,20.7674,9.52307,6.56251,5.47147,-10.8824,-109.648,26.2586,20.9076,-5.13365,9.54496,6.49216,5.38604,-5.13016,2,-109.639,20.812,18.3544,9.3263,5.75542,4.5676,design_965,-35.961800000000004,3.6277999999999935,20.584000000000003,-4.1785,-1.9484000000000066,-0.4890000000000043,-6.61625,-869.1700000000001,6.452099999999998,0.19677000000000078,2.4130000000000003,0.9038700000000004,Left,0.028877500655060433,0.8262999999999998,1.0230700000000006,0.19677000000000078,0.035439999999999826,0.2767399999999999,0.24130000000000004,0.20789504219198254,0.27243437136146664,0.0645393291694841,0.7612666666666666,0.9119116666666667,0.15064500000000003,0.35185702200559726
LLLLLLLLAILFTLLSVLILI,103300210030031003022,000011001101100110000,LL--LL-LAI-FT-LSV-I--,1728020000.0,378.261,-389.703,-11.4422,-74.1761,-74.1158,-74.1158,-74.1761,-225.827,-224.189,-225.827,-245.598,-385.116,4495.42,3640.35,3547.81,41.3623,0.000923933,-11.732,-4.53279,29.9201,-89.7002,-98.5437,-89.7061,-65.3419,477,276.595,-52.5638,77.3841,20.6567,9.24349,4.83141,4.49217,-11.6859,-52.6427,77.4541,19.8751,-4.53279,9.31949,4.85271,4.51452,-4.58717,3,-52.6824,67.6516,25.6825,9.1288,3.53533,3.0501,design_920,-33.201800000000006,0.06030000000001223,21.40900000000002,-8.837599999999995,0.0,1.6380000000000052,-7.199209999999999,-855.0700000000002,9.732500000000002,0.11468999999999951,-5.0258,1.4420699999999997,Left,0.028877500655060433,0.6288,0.7434899999999995,0.11468999999999951,0.7682500000000001,0.2656700000000001,0.50258,0.6764241044456626,0.7737767525977378,0.09735264815207523,0.50835,0.748695,0.24034500000000003,0.5770474067416139
LLLVALLTILLALLFSLLILI,113002300300230022021,000110011011001100000,LL-VA--TI-LA--FS--I-I,1728070000.0,366.857,-383.123,-16.2662,-74.3107,-70.6058,-74.2559,-74.3107,-225.503,-225.133,-225.501,-242.577,-376.309,4503.23,3761.65,3680.56,43.6652,0.000626172,-11.7225,-6.768,27.3991,-83.3092,-92.292,-83.3197,-59.4208,452,563.509,-105.223,18.4984,27.0734,9.11563,4.78069,3.55817,-10.1172,-103.721,20.2918,28.1088,-6.768,9.10979,4.79759,3.60197,-6.81446,3,-97.7678,16.5989,26.8232,9.4019,3.40602,2.155,design_1829,-32.8712,3.704899999999995,17.44399999999999,-8.972300000000004,3.650099999999995,0.367999999999995,-4.9545,-741.5799999999995,1.8994999999999997,-0.28627,0.25019999999999953,1.4031700000000003,Left,0.16920667613203583,0.9018999999999995,0.6156299999999995,0.28627,0.88232,0.9073399999999999,0.02501999999999993,0.16575207358889923,0.1847524697013952,0.01900039611249596,0.35916666666666663,0.5930283333333334,0.23386166666666675,0.37098356767994844
LLLLAVLFILLSLLYTLLILI,113300300210020022031,000011011001101100000,LL--AV-FI-LSL-YT--I-I,1728000000.0,366.696,-376.058,-9.36236,-74.2671,-74.2584,-74.2584,-74.2671,-232.539,-232.327,-232.538,-248.411,-370.318,4545.65,3856.96,3838.38,45.9023,0.000429125,-11.6903,-5.73645,36.5399,-69.2514,-75.4222,-69.2581,-47.6399,483,87.0218,-102.095,13.9163,34.4978,9.28848,3.69296,2.40171,-7.35459,-101.429,13.7555,35.7539,-5.73645,9.47237,3.5714,2.27773,-5.74034,3,-95.7197,11.2623,27.626,9.3614,2.37837,1.0473,design_608,-27.782300000000006,0.008700000000004593,16.084000000000003,-6.164100000000005,0.0,0.21100000000001273,-5.953850000000001,-688.6899999999996,2.654,-0.07291999999999987,6.871799999999997,1.3544100000000001,Left,0.30552627249294656,0.8613999999999997,0.7884799999999998,0.07291999999999987,0.9626000000000001,1.6497799999999998,0.6871799999999997,0.1123709133393884,0.13891845284060675,0.026547539501218353,0.17454999999999998,0.400285,0.22573500000000002,0.727457724461407
LLLLLVLATLLLILFSLLILI,103300300220020033022,000011011001101100000,LL--LV-AT--LI-FS--I--,1728040000.0,374.572,-379.678,-5.1056,-68.0147,-70.6561,-67.961,-74.2629,-220.709,-227.841,-220.709,-245.314,-384.092,4526.28,3635.78,3663.92,41.3623,0.000923933,-11.6843,4.46218,36.2567,-90.9542,-97.2789,-90.9603,-64.5151,493,124.21,-61.9477,66.1542,15.1438,9.81984,4.72297,4.21529,-4.40108,-59.7386,63.6456,14.7531,4.46218,10.0898,4.05294,3.50763,4.41431,4,-62.6015,51.4692,20.7952,9.4319,2.83856,2.1106,design_1058,-32.76379999999999,3.606800000000007,17.472999999999985,-6.318599999999989,-2.6950999999999965,-7.132000000000005,-16.14648,-890.4999999999995,14.685000000000002,0.3879399999999986,-5.651400000000001,2.1046900000000006,Left,0.028877500655060433,0.9319000000000006,1.3198399999999992,0.3879399999999986,0.2795200000000001,-0.28561999999999993,0.56514,0.5145541333738782,0.6614458506215766,0.14689171724769834,0.3517666666666666,0.7025483333333334,0.3507816666666668,0.7839040869044
LLLLAVLFTLLLLLISLLILI,103300200230030023022,000011011001101100000,LL--AV-FT--LL-IS--I--,1728050000.0,377.38,-381.836,-4.45676,-68.8184,-70.7318,-68.8203,-74.2681,-228.7,-232.926,-228.697,-245.424,-382.906,4547.64,3776.47,3710.81,41.3623,0.000923933,-11.6798,1.06409,36.9055,-84.3181,-90.9276,-84.3242,-63.2132,493,361.194,-62.3634,62.4669,18.8856,9.99397,4.28755,3.72455,-4.84458,-62.823,57.6542,18.8275,1.06409,10.2554,3.70677,3.07158,1.06934,4,-64.8575,46.0785,19.8668,9.3427,2.44922,1.6404,design_1548,-27.714399999999998,3.536299999999997,12.498000000000019,-6.6033999999999935,-1.9115000000000038,-4.228999999999985,-12.74389,-771.1700000000005,16.388400000000004,0.6512699999999985,-0.9812000000000012,2.0841499999999997,Left,0.028877500655060433,0.8427000000000007,1.4939699999999991,0.6512699999999985,0.18668000000000012,0.08856000000000001,0.09812000000000011,0.46063181943672005,0.6245623757147031,0.16393055627798303,0.27340000000000003,0.6207583333333333,0.34735833333333327,0.7624376606108318
LLLLLALTLLLIVLFSLLILI,103300200320020033011,000011011001101100000,LL--LA-TL--IV-FS--ILI,1728010000.0,374.474,-385.624,-11.1503,-74.2096,-67.0909,-74.2042,-74.2822,-225.57,-226.953,-225.568,-245.935,-383.911,4547.04,3710.26,3670.67,41.3623,0.000923933,-11.6779,-1.71189,30.212,-85.8447,-101.545,-85.8508,-63.6937,475,193.783,-50.344,88.2307,16.8076,9.92169,5.96274,5.7862,-6.87427,-48.6249,87.9147,17.1651,-1.71189,10.2465,5.66221,5.48094,-1.71306,4,-40.7831,89.3669,19.4877,9.1826,4.682,4.5225,design_712,-37.8513,7.191299999999998,18.982,-15.694199999999995,7.113299999999995,-1.384999999999991,-9.966009999999999,-836.7799999999997,-1.1362000000000023,0.7390899999999991,-2.6800999999999995,1.2637,Left,0.028877500655060433,0.6826000000000008,1.42169,0.7390899999999991,0.14877,-0.11923999999999993,0.26800999999999997,0.8936387934173305,0.8822735656926567,0.011365227724673854,0.75375,0.9643666666666667,0.21061666666666667,0.8139852190789524
LLLLLALLLLLTVLFSLLILI,103300200320030023022,000011011001101100000,LL--LA-LL--TV-FS--I--,1728000000.0,377.81,-390.485,-12.6749,-74.2129,-70.6908,-74.205,-74.3093,-222.8,-225.25,-222.798,-245.699,-386.902,4550.96,3735.0,3638.64,44.5741,0.000537052,-11.6681,-3.57921,31.8993,-93.472,-102.629,-93.4783,-66.8936,491,231.516,-55.7965,61.2495,18.7547,9.57681,3.13816,2.55691,-9.51103,-55.6377,59.4216,18.3917,-3.57921,9.6613,2.86756,2.25889,-3.58291,4,-63.4202,45.3485,24.2117,9.4519,2.13507,1.3153,design_566,-35.7354,3.6184999999999974,20.449000000000012,-9.1507,3.5142000000000024,-2.451999999999998,-8.088890000000001,-815.96,15.900999999999996,0.12490999999999985,-5.457000000000001,1.2416099999999999,Left,0.22459127276715818,0.9519000000000002,1.07681,0.12490999999999985,0.62117,0.07546999999999997,0.5457000000000001,0.453329745647764,0.6123849173165179,0.15905517166875388,0.21921666666666664,0.42615166666666665,0.206935,0.6176662852702718
LLLYALLFLLVTLLLSLLILI,13002300200230021032,000110011011001100000,LL-YA--FL-VT--LS-LI--,1728050000.0,364.52,-376.311,-11.7903,-68.7436,-67.0607,-68.7359,-74.2722,-227.934,-227.882,-227.928,-253.827,-373.415,4695.81,3735.35,3763.53,46.7138,0.000374154,-11.6488,-2.88916,34.9235,-79.6332,-90.121,-79.64,-45.3154,483,253.054,-102.125,40.1255,22.055,8.80705,7.23566,6.33754,-9.02989,-103.589,38.4813,23.1035,-2.88916,9.05298,7.23338,6.3106,-2.89562,4,-101.027,36.2547,19.8798,9.123,6.54848,5.5923,design_1580,-44.8056,7.211500000000001,25.944999999999993,-10.480999999999995,1.6752000000000038,0.04599999999999227,-8.75964,-960.4600000000005,3.8708000000000027,-0.31594999999999906,2.1752000000000002,0.7452399999999999,Left,0.35497571706264813,0.6229999999999993,0.30705000000000027,0.31594999999999906,0.18797999999999995,0.40549999999999997,0.21752000000000002,0.36236591191898504,0.4010849081139044,0.038718996194919364,0.9320499999999999,1.0562566666666666,0.12420666666666669,0.4050503791021384
LLLYFLLALLVSLLLTLLILI,13002300200230021032,000110011011001100000,LL-YF--AL-VS--LT-LI--,1728060000.0,371.465,-375.838,-4.37215,-74.2723,-74.2165,-74.2165,-74.2723,-224.026,-225.136,-224.022,-254.048,-372.291,4660.23,3743.71,3741.92,46.7138,0.000374154,-11.6458,-3.49455,42.3416,-77.5397,-84.5845,-77.5466,-43.9701,497,9.41515,-107.429,10.6074,26.6898,9.03609,4.04632,2.70543,-7.72944,-106.527,9.8301,27.9293,-3.49455,9.2389,3.80605,2.4535,-3.54688,0,-106.527,9.8301,27.9293,9.2389,3.80605,2.4535,design_1735,-40.6144,0.05580000000000496,28.912000000000006,-7.037900000000008,0.0,-1.1140000000000043,-8.15125,-916.5199999999995,0.7773000000000003,-0.2028099999999995,-1.2394999999999996,0.25192999999999977,Left,0.35497571706264813,0.7388999999999992,0.5360899999999997,0.2028099999999995,0.9929300000000001,0.8689800000000002,0.1239499999999999,0.09804484473590501,0.10582005289502219,0.0077752081591171834,0.40891666666666665,0.45090499999999994,0.041988333333333294,0.24149321439334165
LLLYLLLTILVALLFSLLILI,13002300200220031032,000110011011001100000,LL-YL--TI-VA--FS-LI--,1728010000.0,359.031,-373.202,-14.171,-74.0504,-73.9676,-73.9885,-74.2451,-227.248,-229.078,-227.246,-253.07,-368.411,4632.03,3800.75,3732.32,45.9023,0.000429125,-11.645,-4.73417,31.7313,-71.9038,-77.0108,-71.9101,-41.0963,500,32.7096,-109.815,15.3313,23.3393,9.0965,5.04203,3.772,-9.15707,-112.078,10.1313,22.4033,-4.73417,9.18061,4.67947,3.33144,-4.7915,4,-111.991,4.9514,18.4107,8.7309,3.96713,2.5414,design_658,-35.914500000000004,0.2774999999999892,23.99199999999999,-5.100700000000003,0.020899999999997476,-1.8319999999999936,-6.91083,-831.2799999999997,10.379900000000001,0.3656000000000006,4.928600000000003,1.2306,Left,0.30552627249294656,0.2309000000000001,0.5965000000000007,0.3656000000000006,0.04106999999999985,0.5339300000000001,0.4928600000000003,0.04924398529182287,0.15307247258221338,0.10382848729039051,0.42356666666666665,0.6286666666666666,0.20509999999999995,0.6553019947879081
LLLAYLLTVLLLLLFSLLILI,13002300200330021022,000110011011001100000,LL-AY--TV-LL--FS-LI--,1728020000.0,364.202,-378.013,-13.8106,-74.0403,-70.5549,-74.0325,-74.1073,-226.523,-227.272,-226.516,-251.084,-373.363,4612.94,3713.32,3646.02,46.7138,0.000374154,-11.6368,-4.64151,32.9032,-77.4493,-87.1724,-77.456,-48.1717,558,231.516,-105.273,28.1824,24.6088,9.40956,6.09555,5.01828,-10.2954,-106.692,25.5444,24.6843,-4.64151,9.44086,5.95225,4.83542,-4.64995,3,-106.576,21.1375,25.4469,9.5,5.33994,4.157,design_882,-39.000699999999995,3.5523999999999916,23.812000000000012,-9.716399999999993,3.4775999999999954,-0.7560000000000002,-6.995289999999999,-899.6199999999994,7.044900000000002,-0.09043999999999919,-0.8381000000000007,0.8612799999999998,Left,0.35497571706264813,1.0,0.9095600000000008,0.09043999999999919,0.74469,0.6608799999999999,0.08381000000000005,0.21115096687459237,0.28161998007434114,0.07046901319974877,0.6928333333333333,0.83638,0.1435466666666667,0.20192829676015533
LLLLALLLVLTALLFSLLILI,13002200300220031032,000110011011001100000,LL-LA--LV-TA--FS-LI--,1728030000.0,367.076,-377.402,-10.3265,-74.2473,-74.1884,-74.1827,-74.2473,-219.846,-223.109,-219.843,-242.681,-376.204,4547.57,3725.27,3734.7,44.4768,0.00054596,-11.6052,-1.14042,34.1503,-83.3083,-90.5126,-83.3195,-59.2765,518,66.6396,-112.77,6.97059,22.7516,9.3294,4.35651,2.96107,-5.3188,-111.961,3.17331,23.5817,-1.14042,9.44054,3.72261,2.27021,-1.19765,2,-110.423,2.2077,21.4532,9.0663,3.36148,1.8946,design_1028,-31.236100000000008,0.05889999999999418,19.572000000000003,-7.193100000000001,-0.005700000000004479,-3.2660000000000196,-10.46478,-822.2999999999997,4.76289,0.26309999999999967,1.2984000000000009,1.0664699999999998,Left,0.21866221428701998,0.5663,0.8293999999999997,0.26309999999999967,0.3453199999999999,0.47515999999999997,0.12984000000000007,0.021799190970235548,0.06944162142048341,0.04764243045024786,0.3157666666666667,0.4935116666666666,0.17774499999999993,0.3463280551791993
LLLLWVLTFLLALLISLLILI,103300300220030023022,000011011001101100000,LL--WV-TF--AL-IS--I--,1727990000.0,372.869,-377.926,-5.0572,-74.2347,-74.1801,-74.1801,-74.1981,-224.666,-226.351,-224.664,-248.926,-379.171,4560.48,3613.78,3614.26,49.2152,0.000245214,-11.6008,1.29364,44.158,-79.026,-90.2414,-79.0339,-56.047,494,42.7142,-50.7086,96.2831,21.2165,9.08681,7.10451,7.04875,-8.86329,-51.1336,92.9879,21.2283,1.29364,9.1506,6.7234,6.61822,1.24517,2,-51.0504,88.9496,24.2236,8.6299,6.16576,6.0,design_428,-34.1944,0.018000000000000682,22.57499999999999,-11.207499999999996,0.0,-1.6870000000000118,-12.89444,-946.6999999999994,7.333500000000001,0.4569100000000006,-3.007100000000001,1.04875,Left,0.5074006593259278,0.12989999999999924,0.5868099999999998,0.4569100000000006,0.6223600000000001,0.32165,0.30071000000000014,0.8894646079486574,0.9628204410052456,0.0733558330565881,1.0,1.1747916666666667,0.17479166666666668,0.578901077196733
LLLLFLLTVLIALLYSLLILI,13002300200330021022,000110011011001100000,LL-LF--TV-IA--YS-LI--,1728030000.0,358.454,-370.025,-11.5715,-74.0155,-73.9669,-73.9503,-74.1522,-223.681,-226.375,-223.68,-249.341,-365.033,4646.96,3749.32,3685.1,45.9023,0.000429125,-11.5813,-4.93315,34.3308,-72.329,-76.2728,-72.3361,-41.5394,494,35.7526,-110.075,18.4435,26.8424,9.38214,5.50119,4.27784,-8.12035,-110.652,16.2275,26.9521,-4.93315,9.25066,5.28846,4.03187,-4.99208,1,-110.668,10.7585,28.0,9.2344,4.55252,3.2139,design_1033,-34.7334,0.18529999999999802,22.966000000000008,-3.936700000000002,-0.01659999999999684,-2.694999999999993,-6.64815,-897.6399999999999,7.6850000000000005,0.14773999999999887,-1.1575999999999986,1.06394,Left,0.30552627249294656,0.7344000000000008,0.8821399999999997,0.14773999999999887,1.0,0.8842400000000001,0.11575999999999986,0.10733148214092803,0.18420331374110246,0.07687183160017444,0.5356500000000001,0.7129733333333333,0.17732333333333328,0.26940736485480427
LLLLLVLTLLLFALISLLILI,103300200230030023022,000011011001101100000,LL--LV-TL--FA-IS--I--,1728040000.0,376.209,-382.636,-6.42667,-74.3079,-74.2787,-74.2543,-74.3079,-223.122,-226.824,-223.122,-245.734,-384.667,4535.55,3654.64,3603.72,41.3623,0.000923933,-11.5265,2.07907,34.9356,-85.2055,-95.0908,-85.2115,-64.6251,457,211.811,-55.1866,71.767,18.7543,9.65961,4.46653,4.04303,-5.97037,-56.2476,67.3062,20.1425,2.07907,9.81902,4.02348,3.53307,2.03153,4,-62.2102,52.4971,24.1881,9.3137,2.91864,2.2061,design_1239,-30.4657,0.029200000000003,18.909999999999997,-9.8793,-0.024399999999999977,-3.701999999999998,-13.60557,-880.9100000000003,19.269899999999993,0.34590999999999994,-5.433799999999998,1.8369299999999997,Left,0.028877500655060433,0.8137000000000008,1.1596100000000007,0.34590999999999994,0.6188099999999999,0.07543000000000007,0.5433799999999998,0.5248360534391768,0.7175897955019225,0.19275374206274565,0.36768333333333336,0.6738383333333333,0.30615499999999995,0.7387830815633173
LLLLVLLLALLFTLISLLILI,103300300220030023012,000011011001101100000,LL--VL-LA--FT-IS--IL-,1728040000.0,376.178,-379.453,-3.27512,-74.1783,-74.125,-74.125,-74.1783,-226.182,-228.444,-226.182,-246.195,-384.025,4517.73,3758.83,3701.6,41.3623,0.000923933,-11.4759,4.61947,38.0872,-79.0922,-92.9313,-79.098,-63.6514,505,162.201,-55.5279,62.6911,23.1016,9.53311,3.2925,2.73286,-4.74503,-55.5577,59.4523,24.6726,4.61947,9.42917,2.85973,2.25151,4.57204,4,-54.6517,51.9783,25.202,8.7401,1.71483,0.9945,design_1302,-29.27989999999999,0.05329999999999302,17.751000000000005,-13.833299999999994,0.0,-2.2620000000000005,-16.09537,-758.8999999999996,10.712800000000001,0.7930100000000007,-2.1004000000000005,1.7383600000000001,Left,0.028877500655060433,0.24009999999999998,1.0331100000000006,0.7930100000000007,0.7202000000000002,0.5101600000000002,0.21004,0.5196465796286146,0.6268050126235851,0.10715843299497052,0.16575,0.4554766666666667,0.2897266666666667,0.8765877781715397
LLLFALLLILTSLLYVLLILI,13002300200220031032,000110011011001100000,LL-FA--LI-TS--YV-LI--,1728060000.0,365.19,-376.275,-11.0854,-74.2766,-74.268,-74.268,-74.2766,-225.887,-226.234,-225.882,-250.051,-369.385,4587.12,3711.52,3715.61,45.9023,0.000429125,-11.4729,-6.88348,34.8168,-76.1116,-80.3558,-76.1187,-45.057,484,95.1175,-110.88,14.5869,21.9355,9.51477,5.10119,3.81999,-11.1953,-111.132,14.4032,21.5064,-6.88348,9.5246,5.11417,3.83022,-6.89052,2,-110.479,12.3727,18.2124,9.5,4.74221,3.4278,design_1647,-35.2988,0.008600000000001273,23.81699999999998,-4.237099999999998,0.0,-0.35200000000000387,-4.58942,-875.5999999999999,2.2142,0.014770000000000394,3.7231000000000023,0.39219000000000026,Left,0.30552627249294656,1.0,1.0147700000000004,0.014770000000000394,0.02123999999999988,0.3935500000000001,0.37231000000000025,0.12347806777124705,0.14562635788563955,0.022148290114392497,0.5713,0.636665,0.065365,0.37894065363852364
LLLLFILAVLLLLLTSLLILI,13300200210030032031,000011011001101100000,LL--FI-AV-LLL-TS--I-I,1728050000.0,375.851,-386.525,-10.6734,-74.1279,-74.0718,-74.0718,-74.2416,-216.417,-218.447,-216.416,-246.41,-381.302,4637.86,3749.33,3672.01,41.3623,0.000923933,-11.3971,-5.17107,30.6889,-95.9799,-100.181,-95.9859,-60.6508,466,211.811,-106.384,26.6012,24.9136,9.46118,6.04878,4.9478,-9.8772,-106.922,24.4704,24.5841,-5.17107,9.39604,5.8418,4.70886,-5.22213,4,-93.5671,33.7989,19.8302,9.2083,5.09792,4.1049,design_1595,-39.5302,0.16980000000000928,27.962999999999994,-4.1950999999999965,0.0,-2.031000000000006,-6.22603,-888.5299999999997,-7.197700000000005,0.2528800000000011,5.0833999999999975,0.8429000000000002,Left,0.028877500655060433,0.7082999999999995,0.9611800000000006,0.2528800000000011,0.18302000000000013,0.6913599999999999,0.5083399999999998,0.3378009354656723,0.26580348819064614,0.07199744727502616,0.6841499999999999,0.8246333333333333,0.1404833333333334,0.5893021715203203
LLLLFVLLALLYLLTSLLILI,103300200220030033111,000011011001101100000,LL--FV-LA--YL-TS--ILI,1728070000.0,364.559,-378.956,-14.3969,-74.1359,-74.0769,-74.0769,-74.1892,-224.216,-222.541,-224.215,-247.264,-370.647,4534.99,3694.1,3609.45,46.7138,0.000374154,-11.3676,-8.25625,32.3168,-80.6047,-85.3964,-80.6114,-49.1942,473,253.054,-44.7389,93.5402,17.5462,9.33712,5.83876,5.74187,-11.6856,-46.3135,93.3654,16.9055,-8.25625,9.2985,6.05136,5.95184,-8.30917,4,-37.6288,94.5765,20.1403,9.3503,4.91215,4.8308,design_1890,-36.2022,0.11230000000000473,24.723000000000013,-4.784999999999997,0.0,1.6740000000000066,-3.11135,-840.8899999999999,-1.0362999999999971,-0.013180000000000192,-2.594100000000001,0.9110699999999996,Left,0.35497571706264813,0.8503000000000007,0.8371200000000005,0.013180000000000192,0.21403,-0.04538000000000011,0.2594100000000001,0.9457495928843791,0.9353836489563035,0.01036594392807555,0.8051333333333334,0.9569783333333333,0.1518449999999999,0.30105085503701867
LLLLAVLLAILFTLLSLLILI,103300220020031003012,000011001101100110000,LL--AV--AI-FT-LSL-IL-,1727990000.0,367.492,-383.047,-15.5542,-74.1761,-74.1227,-74.1227,-74.1761,-224.761,-227.191,-224.758,-242.967,-375.138,4459.44,3700.53,3645.26,43.6652,0.000626172,-11.3576,-7.8637,28.111,-84.1099,-85.1821,-84.1206,-57.9946,467,211.811,-52.7828,71.4092,14.7966,9.80942,4.05767,3.62881,-11.4893,-54.1343,68.0683,19.0563,-7.8637,9.44845,3.80936,3.33038,-7.90891,4,-50.9633,61.2687,22.8707,9.4791,2.41577,1.8348,design_488,-27.187500000000007,0.05340000000001055,15.77600000000001,-1.0615000000000094,0.0,-2.4329999999999927,-3.4939,-758.9099999999994,10.140499999999996,0.3303199999999986,-8.0741,1.79401,Left,0.16920667613203583,0.9791000000000007,1.3094199999999994,0.3303199999999986,0.48706999999999995,-0.32034,0.80741,0.6125769718600084,0.7140107790612533,0.10143380720124495,0.3058,0.6048016666666667,0.29900166666666667,0.9277462068975453
LLLAALLYVLLTLLFSLLILI,13002300300230021022,000110011011001100000,LL-AA--YV-LT--FS-LI--,1727990000.0,354.137,-366.885,-12.7476,-68.8357,-70.7144,-68.8172,-74.3048,-222.277,-224.871,-222.265,-246.516,-365.018,4553.86,3748.68,3637.76,49.0167,0.000253574,-11.296,-1.84809,36.2692,-75.7725,-80.7293,-75.7837,-44.1976,470,276.595,-110.63,16.6639,29.1665,9.23778,5.3441,4.09406,-7.23402,-111.874,11.4118,27.738,-1.84809,9.1654,4.82172,3.4929,-1.86683,0,-111.874,11.4118,27.738,9.1654,4.82172,3.4929,design_444,-36.531699999999994,3.5904000000000025,21.644999999999982,-4.945599999999999,-1.897199999999998,-2.606000000000023,-9.44791,-805.1799999999998,5.252100000000002,0.07238000000000078,1.4284999999999997,0.6011599999999997,Left,0.49530489253962356,0.6654,0.7377800000000008,0.07238000000000078,0.9738,1.11665,0.14284999999999992,0.11386633804000336,0.16640225824134056,0.0525359202013372,0.5821500000000001,0.6823433333333333,0.10019333333333325,0.19607068586569942
LLLLLLLLATLFILLSVLILI,103300320030021003012,000011001101100110000,LL--LL--AT-FI-LSV-IL-,1728030000.0,378.02,-383.412,-5.3918,-74.193,-74.2127,-74.1327,-74.273,-223.561,-228.002,-223.561,-245.06,-383.825,4497.69,3710.57,3610.4,41.3623,0.000923933,-11.2819,0.467557,35.9705,-85.6575,-92.8919,-85.6633,-64.492,474,563.509,-51.831,72.6474,17.7052,9.78295,4.08205,3.67176,-4.82775,-50.0593,70.4039,19.9724,0.467557,9.6316,3.51341,3.06947,0.413002,1,-45.0131,69.4929,23.6085,9.5,2.63351,2.1759,design_985,-28.399900000000002,0.06029999999999802,17.057999999999993,-7.2286,-0.0799999999999983,-4.4410000000000025,-11.749457,-787.1199999999994,3.1544999999999987,0.2829499999999996,-5.903299999999998,1.49586,Left,0.028877500655060433,1.0,1.2829499999999996,0.2829499999999996,0.56085,-0.02947999999999986,0.5903299999999998,0.6948423352232035,0.7263962965482197,0.0315539613250162,0.36265,0.61196,0.24930999999999998,0.7012141897988803
LLLLYLLLATLFVLLSILILI,103300210030031003022,000011001101100110000,LL--YL-LAT-FV-LSI-I--,1727980000.0,361.676,-371.569,-9.89339,-74.3153,-74.2544,-74.2544,-74.3153,-220.435,-224.134,-220.434,-248.355,-368.937,4526.9,3644.2,3574.92,45.9023,0.000429125,-11.2772,-2.57743,36.0089,-76.819,-81.8259,-76.8258,-46.2659,489,135.765,-55.3377,73.25,15.6559,9.56737,4.6894,4.28815,-8.03208,-56.9993,69.0315,14.8625,-2.57743,9.49528,4.36915,3.90462,-2.63278,4,-55.8675,65.7005,18.0,9.4622,3.74969,3.2352,design_264,-35.56,0.06089999999998952,24.221000000000004,-5.000100000000003,0.0,-3.6999999999999886,-8.699770000000001,-882.6999999999998,7.549499999999995,0.1051700000000011,-2.344099999999999,1.05295,Left,0.30552627249294656,0.9621999999999993,1.0673700000000004,0.1051700000000011,0.0,-0.23440999999999992,0.23440999999999992,0.6569075617475363,0.7324240084183908,0.07551644667085455,0.5392,0.7146916666666666,0.1754916666666666,0.32017001075559315
LLLLAVLTALLYLLFSLLILI,103300300220020033012,000011011001101100000,LL--AV-TA--YL-FS--IL-,1727990000.0,353.543,-365.863,-12.3205,-74.2574,-74.2442,-74.1909,-74.3107,-221.194,-224.45,-221.19,-245.676,-364.145,4533.54,3735.25,3656.85,49.0167,0.000253574,-11.2696,-1.65994,36.6962,-70.4121,-76.7203,-70.4238,-44.158,487,29.9257,-48.8231,88.9963,16.8472,9.52033,5.83796,5.6729,-5.78059,-46.5153,88.4037,17.0345,-1.65994,9.45986,5.4118,5.23785,-1.71863,1,-44.784,85.9393,18.6709,9.3031,4.81941,4.6085,design_305,-32.56229999999999,0.06649999999999068,21.226,-6.296499999999995,-0.05330000000000723,-3.259999999999991,-9.60966,-798.29,3.057000000000002,0.21722999999999892,-1.8236999999999988,1.0644,Left,0.49530489253962356,0.8031000000000006,1.0203299999999995,0.21722999999999892,0.06708999999999996,-0.11527999999999991,0.18236999999999987,0.8593530562679801,0.8899317406143346,0.030578684346354468,0.7680833333333333,0.9454833333333333,0.1774,0.33593675853701016
LLLLYLLAVLTLLLFSLLILI,13002200300330022021,000110011011001100000,LL-LY--AV-TL--FS--I-I,1728050000.0,361.539,-375.92,-14.3806,-68.6037,-74.2488,-68.5401,-74.3124,-223.97,-224.108,-223.969,-248.393,-370.348,4623.4,3776.81,3659.89,46.7138,0.000374154,-11.2508,-5.51382,32.3332,-83.3455,-83.2421,-83.3525,-47.6432,494,135.765,-101.667,43.2803,24.2831,9.53223,7.59286,6.74207,-8.9198,-100.558,45.0615,24.6273,-5.51382,9.28123,7.66696,6.84288,-5.57148,4,-98.3087,40.4273,24.8804,9.3751,6.70399,5.8104,design_1336,-35.59889999999999,0.06359999999999388,24.284999999999997,0.11040000000001271,-5.708700000000007,-0.13900000000001,-5.73698,-846.5899999999997,2.8529999999999944,0.15713000000000044,-0.5973000000000006,0.9316700000000004,Left,0.35497571706264813,0.8750999999999998,1.0322300000000002,0.15713000000000044,0.6880400000000002,0.6283100000000001,0.05973000000000006,0.40410376546939336,0.4326418702911627,0.028538104821769328,0.9683999999999999,1.1236783333333333,0.1552783333333334,0.23061503426619054
LLLVALLLTLYLLLFSLLILI,13002200200320032031,000110011011001100000,LL-VA--LT-YL--FS--I-I,1728070000.0,365.723,-379.663,-13.9393,-63.2186,-67.1519,-63.2078,-74.2355,-224.914,-226.366,-224.91,-249.544,-375.847,4611.23,3704.01,3669.31,46.7138,0.000374154,-11.2448,-3.80796,32.7745,-91.5303,-93.5734,-91.5368,-52.0676,487,42.7142,-103.994,34.0315,22.0432,9.23373,6.69339,5.70386,-10.7574,-103.736,33.781,23.7633,-3.80796,9.25121,6.62082,5.62754,-3.81581,3,-98.3355,34.5652,18.0,9.2738,5.91662,4.9351,design_1918,-41.50580000000001,7.083600000000004,23.177999999999997,-2.036600000000007,-3.944099999999999,-1.4560000000000173,-7.43684,-907.2199999999993,-0.5336999999999961,-0.04007000000000005,4.043199999999999,0.7687599999999994,Left,0.35497571706264813,0.7737999999999996,0.7337299999999995,0.04007000000000005,0.0,0.4043199999999999,0.4043199999999999,0.3454661123759148,0.34012759623733146,0.005338516138583327,0.8225166666666667,0.9506433333333333,0.1281266666666666,0.4260577540259923
LLLLALLLLTLFVLLSILILI,103300220030031003012,000011001101100110000,LL--AL--LT-FV-LSI-IL-,1728060000.0,377.544,-388.471,-10.9274,-74.3153,-74.3094,-74.3094,-74.3153,-224.283,-225.99,-224.279,-246.609,-385.287,4525.48,3679.15,3575.97,41.3623,0.000923933,-11.2208,-3.18116,30.4349,-89.8732,-96.2086,-89.8791,-64.3626,479,46.6879,-50.8792,83.9442,17.112,9.63795,5.46436,5.22352,-7.43919,-49.5423,84.2282,16.724,-3.18116,9.72467,5.30215,5.06557,-3.1843,3,-43.3433,83.6994,22.3312,9.5,4.30091,4.0564,design_1721,-31.846000000000004,0.005899999999996908,20.619,-6.32950000000001,0.0,-1.7110000000000127,-8.03964,-846.3299999999995,0.2447999999999979,0.13795000000000002,-5.219200000000001,1.1671199999999997,Left,0.028877500655060433,1.0,1.13795,0.13795000000000002,0.4331199999999999,-0.08880000000000017,0.52192,0.8369476931448531,0.8393963885743551,0.0024486954295019903,0.6760666666666667,0.8705866666666666,0.19451999999999992,0.5738246382034379
LLLLLALLSTLFILLLVLILI,103300310020031003022,000011001101100110000,LL--LA-LST-FI-LLV-I--,1728050000.0,386.619,-391.705,-5.08605,-74.2834,-74.3386,-74.2781,-74.3439,-226.974,-225.232,-226.973,-245.485,-383.949,4523.43,3823.19,3721.94,41.3623,0.000923933,-11.2067,-7.75546,36.2762,-90.4479,-95.585,-90.4539,-64.1202,485,103.966,-59.3102,68.3509,33.5377,9.51511,4.6239,4.14916,-11.1429,-59.4416,69.0453,33.3995,-7.75546,9.56507,4.73735,4.27303,-7.75645,2,-60.3633,61.8007,28.0,9.3037,3.89759,3.3246,design_1501,-31.464799999999997,0.0053000000000054115,20.253000000000014,-5.131099999999989,-0.06050000000000466,1.7410000000000139,-3.4512399999999994,-700.2400000000002,6.550199999999997,0.21141000000000076,5.537700000000001,0.82456,Left,0.028877500655060433,0.8036999999999992,1.01511,0.21141000000000076,1.0,1.55377,0.5537700000000001,0.6178984831692201,0.6834190910218502,0.06552060785263003,0.5541,0.6915266666666667,0.1374266666666667,0.6119921893002309
LLLLLVLIALLLTLFSLLILI,103300200230030023022,000011011001101100000,LL--LV-IA--LT-FS--I--,1728070000.0,375.101,-384.581,-9.48009,-74.1783,-74.1252,-74.1252,-74.1783,-228.72,-230.278,-228.72,-245.927,-384.854,4497.98,3747.58,3650.71,41.3623,0.000923933,-11.1678,0.320097,31.8822,-81.6829,-91.6195,-81.6888,-64.749,486,615.932,-58.1201,57.5111,19.4352,9.76043,2.98201,2.34468,-8.19538,-57.6532,56.5667,20.8581,0.320097,9.79686,2.78447,2.13297,0.27305,4,-66.3064,35.5649,28.0,8.743,1.24723,0.2807,design_1934,-26.870500000000007,0.05309999999998638,15.649000000000001,-9.930700000000002,0.0,-1.5579999999999927,-11.487897,-750.3999999999996,21.946199999999997,1.0174299999999992,-8.564800000000002,2.06398,Left,0.028877500655060433,0.24300000000000033,1.2604299999999995,1.0174299999999992,1.0,0.14351999999999981,0.8564800000000001,0.3554659523304619,0.5749902972444174,0.2195243449139555,0.046783333333333336,0.39077999999999996,0.3439966666666666,1.3911313525284654
LLLLALLTILVLLLFSLLILI,13003300200220021032,000110011011001100000,LL-LA--TI-VL--FS-LI--,1728010000.0,374.67,-384.11,-9.43933,-74.3107,-70.6553,-74.3055,-74.3107,-226.892,-229.43,-226.889,-246.589,-381.321,4582.17,3849.82,3713.51,41.3623,0.000923933,-11.1511,-2.78634,31.9229,-82.9069,-92.3868,-82.9127,-60.4211,521,231.516,-104.64,26.4231,25.0595,9.84482,5.7631,4.65945,-8.66199,-104.556,23.343,26.274,-2.78634,9.5736,5.33477,4.18492,-2.78852,4,-98.5285,23.4248,27.4894,9.0467,4.44163,3.293,design_694,-31.96569999999999,3.6554,17.158999999999992,-9.474099999999993,3.650199999999998,-2.540999999999997,-8.36476,-732.3499999999999,2.9983000000000004,0.7981200000000008,-2.4299,1.3664499999999995,Left,0.028877500655060433,0.5466999999999995,1.3448200000000003,0.7981200000000008,0.94894,0.70595,0.24299000000000004,0.23403046465196117,0.26402198224295703,0.02999151759099586,0.5488333333333334,0.7765749999999999,0.2277416666666665,0.8653354449943232
LLLVALLFLLLLLLTSLLILI,13002300200230021032,000110011011001100000,LL-VA--FL-LL--TS-LI--,1728050000.0,383.212,-389.227,-6.01491,-74.005,-74.1273,-74.0043,-74.2416,-221.286,-224.081,-221.282,-246.619,-384.825,4634.4,3690.41,3632.28,44.5741,0.000537052,-11.1459,-4.40235,38.5592,-93.9355,-97.7627,-93.9414,-63.9652,508,193.783,-106.857,33.8749,21.8647,9.23459,7.10171,6.10983,-8.9757,-104.177,34.7494,22.4164,-4.40235,8.85877,6.81775,5.83899,-4.40112,1,-100.982,34.5254,20.0445,8.836,6.30822,5.3261,design_1413,-33.79749999999999,0.11430000000000007,22.53800000000001,-3.8212999999999937,-0.12300000000000466,-2.798999999999978,-6.743549999999999,-943.9899999999998,-0.650500000000001,0.39859000000000044,1.8201999999999998,0.7837299999999994,Left,0.22459127276715818,0.3360000000000003,0.7345900000000007,0.39859000000000044,0.20444999999999994,0.3864699999999999,0.18202,0.34506799931180454,0.3385611513669882,0.0065068479448163186,0.8876833333333334,1.018305,0.13062166666666664,0.45728506139273245
LLLLFALVALLLLLTSLLILI,103300200330020023012,000011011001101100000,LL--FA-VA--LL-TS--IL-,1728050000.0,369.187,-377.546,-8.35841,-74.1743,-74.1188,-74.1188,-74.2416,-218.194,-219.101,-218.191,-241.376,-373.513,4516.1,3635.35,3604.36,44.4768,0.00054596,-11.1389,-3.98543,36.1183,-85.1778,-91.4319,-85.1885,-57.8956,455,253.054,-52.4987,65.2832,18.7663,9.403,3.18803,2.66728,-8.57716,-52.405,64.2782,19.5178,-3.98543,9.3955,3.03832,2.50249,-4.03309,2,-53.4087,57.0913,20.1028,9.5,2.21863,1.575,design_1519,-33.5363,0.12280000000001223,22.275000000000006,-6.243399999999994,0.0,-0.9099999999999966,-7.1534699999999996,-880.7500000000005,8.191899999999997,-0.09699999999999953,-1.3364999999999974,1.09228,Left,0.21866221428701998,1.0,0.9030000000000005,0.09699999999999953,0.21027999999999986,0.07663000000000011,0.13364999999999974,0.5707911046737274,0.6527333762788631,0.08194227160513567,0.2625,0.44454666666666665,0.18204666666666663,0.2590884930294167
LLLLFLLLAVLYTLLSILILI,103300220020031003012,000011001101100110000,LL--FL--AV-YT-LSI-IL-,1728010000.0,361.378,-372.473,-11.0949,-74.2109,-74.1471,-74.1471,-74.2109,-221.972,-222.471,-221.971,-247.148,-368.805,4524.06,3629.93,3577.44,45.9023,0.000429125,-11.1251,-3.60926,34.8074,-76.2893,-83.3124,-76.2958,-47.4466,470,302.327,-51.4848,80.3248,17.5204,9.14855,5.06657,4.77145,-7.54901,-52.1224,78.8249,18.3893,-3.60926,8.97902,4.95972,4.64209,-3.66738,2,-52.1249,72.4118,19.3096,9.1781,4.09432,3.6805,design_730,-35.8658,0.06380000000000052,24.676999999999992,-7.016599999999997,0.0,-0.5,-7.51584,-894.1300000000006,7.912999999999997,-0.02955000000000041,-1.789200000000001,1.0909499999999999,Left,0.30552627249294656,0.6781000000000006,0.6485500000000002,0.02955000000000041,0.13095999999999997,-0.047960000000000134,0.1789200000000001,0.7240396272541402,0.8031921065582625,0.07915247930412228,0.6134166666666666,0.7952416666666666,0.18182500000000001,0.2687210719407571
LLLLVILALLLFTLLSLLILI,103300200230030023022,000011011001101100000,LL--VI-AL--FT-LS--I--,1728060000.0,376.697,-382.462,-5.76443,-74.1783,-74.1219,-74.1219,-74.1783,-230.174,-233.358,-230.174,-245.354,-383.206,4547.01,3791.85,3774.56,41.3623,0.000923933,-11.089,0.793952,35.5978,-78.1094,-86.8147,-78.1155,-63.6735,486,95.1175,-58.4267,59.2773,22.9694,10.1533,3.26645,2.6556,-4.59273,-59.6153,55.3089,21.0718,0.793952,10.4856,2.909,2.23863,0.74368,4,-66.1545,36.3342,26.6162,8.9139,1.32829,0.3733,design_1791,-23.141200000000005,0.05639999999999645,11.99600000000001,-8.699200000000005,0.0,-3.1839999999999975,-11.882952,-755.1600000000003,22.943099999999994,1.2393999999999998,-3.646799999999999,2.2823,Left,0.028877500655060433,0.41389999999999993,1.6532999999999998,1.2393999999999998,0.8616199999999999,0.49694000000000005,0.3646799999999999,0.3631611377631248,0.5926573146773684,0.22949617691424357,0.06221666666666667,0.44260000000000005,0.3803833333333334,1.3661858723819504
LLLAFLLSVLLLLLTILLILI,13002300200220031032,000110011011001100000,LL-AF--SV-LL--TI-LI--,1727990000.0,385.201,-383.797,1.4044,-72.4678,-73.9848,-72.4699,-74.1432,-223.103,-225.916,-223.095,-247.519,-384.401,4616.91,3783.14,3631.68,41.3623,0.000923933,-11.0735,0.603902,42.7667,-88.2262,-95.5743,-88.232,-62.7389,459,162.201,-104.269,18.7233,27.9219,9.321,4.66801,3.44886,-6.55987,-104.239,16.4692,26.5832,0.603902,9.0326,4.35916,3.1062,0.604312,1,-100.583,16.5964,24.9099,8.8607,3.82795,2.5769,design_346,-32.83539999999999,0.1583999999999861,21.60300000000001,-7.3422999999999945,-1.5149000000000115,-2.820999999999998,-11.677401999999999,-833.77,2.126899999999999,0.46030000000000015,3.0120000000000005,0.8719599999999996,Left,0.028877500655060433,0.3606999999999996,0.8209999999999997,0.46030000000000015,0.69099,0.9921900000000001,0.30120000000000013,0.16572706648688226,0.18700210859884206,0.021275042111959797,0.4294833333333334,0.5748099999999999,0.14532666666666655,0.5693592867964044
LLLLTFLIALLLLLVSLLILI,103300300220030023022,000011011001101100000,LL--TF-IA--LL-VS--I--,1728060000.0,377.502,-372.524,4.97742,-60.3103,-60.3439,-60.2556,-60.4659,-219.69,-220.557,-219.688,-246.433,-373.434,4578.81,3687.02,3613.92,41.3623,0.000923933,-11.058,0.959766,46.3397,-92.5243,-103.591,-92.5303,-66.5349,471,960.933,-51.7792,82.5315,19.9378,9.01184,5.40862,5.1466,-7.92358,-51.8143,80.893,20.5961,0.959766,8.8715,5.19271,4.9061,0.909575,0,-51.8143,80.893,20.5961,8.8715,5.19271,4.9061,design_1762,-37.0561,0.12199999999999989,25.876000000000005,-11.060699999999997,-0.08829999999999671,-0.8689999999999998,-12.017766,-891.7900000000004,1.6384999999999934,0.14034000000000013,-0.6583000000000006,0.24049999999999994,Left,0.028877500655060433,0.3714999999999993,0.5118399999999994,0.14034000000000013,0.25961,0.19377999999999992,0.06583000000000008,0.8088757207046802,0.825265375366604,0.01638965466192388,0.8176833333333334,0.8577666666666667,0.04008333333333325,0.16094781418536966
LLLALLLFVLYLLLTSLLILI,13002300200230021032,000110011011001100000,LL-AL--FV-YL--TS-LI--,1727980000.0,367.98,-381.623,-13.6431,-74.1138,-74.0956,-74.0956,-74.2416,-227.853,-226.701,-227.848,-249.311,-375.988,4559.78,3777.78,3650.31,46.7138,0.000374154,-11.0471,-5.61823,33.0707,-79.656,-86.238,-79.6625,-52.4349,474,113.638,-108.065,15.1798,25.1736,9.29152,4.75895,3.48665,-11.9464,-107.224,17.1936,24.5527,-5.61823,9.3581,4.90476,3.66266,-5.63567,2,-101.035,16.7676,21.7235,9.5,3.91889,2.6704,design_4,-33.8031,0.1460000000000008,22.610000000000014,-6.575500000000005,0.0,1.1470000000000198,-5.428870000000001,-781.9999999999995,-1.5878000000000014,-0.20847999999999978,3.450099999999999,0.8162500000000001,Left,0.35497571706264813,1.0,0.7915200000000002,0.20847999999999978,0.3723500000000001,0.71736,0.3450099999999999,0.16743955283300457,0.1515570421999848,0.015882510633019764,0.44506666666666667,0.5811083333333333,0.13604166666666667,0.4257410007427664
LLLLAILVLLLATLFSLLILI,113300200210030023021,000011011001101100000,LL--AI-VL-LAT-FS--I-I,1727980000.0,364.725,-377.684,-12.959,-74.1783,-74.1137,-74.1137,-74.1783,-224.369,-223.364,-224.367,-242.444,-374.098,4509.06,3659.56,3770.26,43.6652,0.000626172,-11.0287,-3.53102,30.7062,-79.137,-87.6489,-79.1477,-57.4752,473,148.395,-101.978,26.7088,29.1342,8.91241,5.40237,4.303,-7.88625,-99.3285,30.4015,30.0682,-3.53102,9.08095,5.50348,4.45951,-3.58687,4,-90.6535,29.2985,21.6497,9.4157,4.05332,2.9928,design_111,-30.173699999999997,0.06459999999999866,19.079999999999984,-8.501199999999997,0.0,1.002999999999986,-7.497680000000001,-849.5000000000005,-2.5897000000000006,-0.5032899999999998,7.484500000000001,1.3102,Left,0.16920667613203583,0.9156999999999993,0.4124099999999995,0.5032899999999998,0.3649699999999999,1.11342,0.7484500000000002,0.2927841506987985,0.26687979386145666,0.025904356837341824,0.49879999999999997,0.7171666666666666,0.21836666666666665,0.9283497527409955
LLLAFLLTVLIALLLSLLILI,13002200300230021032,000110011011001100000,LL-AF--TV-IA--LS-LI--,1728010000.0,367.992,-377.301,-9.30965,-74.1155,-74.0609,-74.0609,-74.1522,-220.279,-223.114,-220.272,-243.459,-374.09,4559.31,3684.97,3620.93,43.6652,0.000626172,-11.0217,-3.16047,34.3556,-82.9065,-87.9363,-82.9172,-56.4788,478,32.7096,-110.075,8.71515,24.1422,9.41834,4.18784,2.81857,-8.63591,-110.129,5.47334,24.7172,-3.16047,9.30771,3.75819,2.34029,-3.2117,1,-109.799,1.3257,24.9589,9.1277,3.14881,1.6687,design_653,-31.457500000000003,0.09129999999998972,20.345,-5.019100000000009,0.0,-2.842000000000013,-7.861229999999999,-874.3400000000006,7.389449999999999,0.2906399999999998,-0.8167000000000009,1.1498699999999997,Left,0.16920667613203583,0.6277000000000008,0.9183400000000006,0.2906399999999998,0.69589,0.6142199999999999,0.08167000000000013,0.012976685378647537,0.08689217737837546,0.07391549199972793,0.2781166666666667,0.46976166666666663,0.19164499999999995,0.365147784441535
LLLLLALVTLLLILFSLLILI,103300300320020023022,000011011001101100000,LL--LA-VT--LI-FS--I--,1728060000.0,374.929,-376.444,-1.51503,-68.6434,-67.0111,-68.6379,-74.2956,-230.064,-233.355,-230.063,-245.84,-384.547,4516.57,3751.44,3737.52,41.3623,0.000923933,-11.0193,8.10415,39.8472,-77.7363,-95.2003,-77.7424,-64.4116,453,330.452,-56.483,68.1759,21.987,9.98704,4.1762,3.69884,-3.19658,-59.04,61.2228,22.7886,8.10415,10.1779,3.62108,3.03942,8.10321,2,-63.9618,46.3315,24.4136,8.6824,2.34903,1.544,design_1714,-30.78869999999999,7.284499999999994,12.485000000000014,-17.457899999999995,1.626800000000003,-3.2920000000000016,-19.12345,-765.1299999999997,21.8444,1.304640000000001,-2.4266000000000005,2.15484,Left,0.028877500655060433,0.18239999999999945,1.4870400000000004,1.304640000000001,0.6413599999999999,0.39869999999999983,0.2426600000000001,0.4631625381608377,0.681668593880662,0.21850605571982434,0.25733333333333336,0.6164733333333333,0.35913999999999996,1.3920114371607144
LLLLLALTLLLFVLISLLILI,103300300220030023022,000011011001101100000,LL--LA-TL--FV-IS--I--,1728060000.0,376.322,-384.635,-8.31338,-74.2005,-74.1802,-74.1948,-74.2822,-236.136,-234.888,-236.135,-245.242,-383.106,4557.64,3810.51,3819.39,41.3623,0.000923933,-11.0148,-1.52841,33.0489,-74.2985,-85.0531,-74.3047,-63.582,475,563.509,-59.1273,55.5939,26.8311,10.2333,2.87427,2.20817,-11.2475,-58.3514,57.1696,26.6194,-1.52841,10.2374,2.9706,2.32814,-1.52881,3,-64.5026,35.4974,28.0,8.5172,0.967539,0.0,design_1774,-21.4711,0.10200000000000387,10.353999999999985,-10.748400000000004,0.0146000000000015,1.2469999999999857,-9.48639,-747.1300000000001,20.0965,1.716099999999999,-1.1689000000000007,2.20817,Left,0.028877500655060433,0.01720000000000077,1.7332999999999998,1.716099999999999,1.0,0.88311,0.11689000000000005,0.3547907605760036,0.5558128508496413,0.20102209027363765,0.0,0.36802833333333335,0.36802833333333335,1.770456782023806
LLLLFLLLLTLAILLSVLILI,103300310020021003022,000011001101100110000,LL--FL-LLT-AI-LSV-I--,1728040000.0,377.848,-386.011,-8.16297,-74.2125,-74.2188,-74.1583,-74.273,-224.534,-223.944,-224.534,-246.442,-381.897,4575.87,3671.84,3652.78,41.3623,0.000923933,-10.9821,-4.06499,33.1993,-87.2644,-94.7167,-87.2703,-61.1827,479,231.516,-56.3235,80.8969,11.4059,9.76781,5.86961,5.58307,-7.89992,-57.8485,77.1975,10.9448,-4.06499,9.87268,5.59893,5.2569,-4.11403,4,-60.0532,66.5601,18.0145,9.4128,4.4936,3.992,design_1068,-33.534000000000006,0.054199999999994475,22.49800000000002,-7.446399999999997,-0.06050000000000466,0.5900000000000034,-6.917110000000001,-904.0299999999997,14.336799999999997,0.35501000000000005,-6.608600000000001,1.5910700000000002,Left,0.028877500655060433,0.9128000000000007,1.2678100000000008,0.35501000000000005,0.0014500000000001734,-0.6594099999999999,0.6608600000000001,0.6655060037050523,0.8089147317838267,0.14340872807877436,0.6653333333333333,0.9305116666666667,0.2651783333333334,0.8084884980373045
LLLVALLLTLFLLLASLLILI,13002200200230031032,000110011011001100000,LL-VA--LT-FL--AS-LI--,1728020000.0,372.081,-372.93,-0.848909,-63.2651,-67.1069,-63.2093,-74.2355,-215.538,-218.763,-215.533,-242.5,-378.18,4541.23,3634.87,3643.88,44.4768,0.00054596,-10.9465,5.29975,43.6278,-94.1271,-103.256,-94.1378,-61.4436,493,124.21,-109.737,12.1728,23.4494,8.94904,4.60392,3.28651,-1.94526,-112.07,5.026,21.0539,5.29975,8.9665,3.98901,2.5644,5.24951,0,-112.07,5.026,21.0539,8.9665,3.98901,2.5644,design_861,-41.8124,7.128600000000006,23.736999999999995,-9.118200000000002,-3.897599999999997,-3.230000000000018,-16.24625,-906.3599999999997,7.146800000000001,-0.01745999999999981,2.395500000000002,0.7221099999999998,Left,0.21866221428701998,0.4664999999999999,0.4490400000000001,0.01745999999999981,0.3053899999999999,0.5449400000000001,0.2395500000000002,0.04999019721600934,0.1214784998939699,0.07148830267796055,0.4274,0.5477516666666666,0.12035166666666663,0.27800027911716246
LLLFALLLTLVALLYSLLILI,13002300200230021032,000110011011001100000,LL-FA--LT-VA--YS-LI--,1727980000.0,351.657,-365.144,-13.4879,-74.175,-74.1075,-74.1075,-74.2355,-222.184,-223.95,-222.179,-246.025,-358.098,4589.89,3789.22,3674.14,49.0167,0.000253574,-10.9436,-6.98568,35.5289,-68.7851,-70.9843,-68.797,-37.8371,505,330.452,-113.212,5.50886,24.0964,9.6812,4.22543,2.80807,-11.322,-113.027,4.30077,23.7488,-6.98568,9.26594,4.0347,2.59921,-7.04677,1,-112.64,2.5236,22.2174,9.1464,3.73665,2.2745,design_274,-33.147200000000005,0.1280000000000001,22.075000000000017,-2.1873000000000076,0.0,-1.7709999999999866,-3.9579199999999997,-800.6700000000005,2.9852600000000002,0.5348000000000006,1.8789999999999978,0.5335699999999997,Left,0.49530489253962356,0.6463999999999999,1.1812000000000005,0.5348000000000006,0.4217400000000001,0.60964,0.18789999999999984,0.024959088381100236,0.054820168927975546,0.02986108054687531,0.3790833333333334,0.46801166666666666,0.08892833333333328,0.5745584240100149
LLLLLFLLAVLTLLLSILILI,103300320030022003011,000011001101100110000,LL--LF--AV-TL--SI-ILI,1728000000.0,376.387,-381.453,-5.0666,-74.3376,-74.2847,-74.2847,-74.3376,-224.969,-228.219,-224.968,-243.497,-381.335,4550.67,3808.02,3766.55,41.3623,0.000923933,-10.9287,-0.0710278,36.2957,-82.1467,-89.7598,-82.1528,-63.5004,493,211.811,-48.6545,77.2912,17.7342,9.79497,4.2325,3.89187,-3.54412,-46.9817,75.4625,16.9274,-0.0710278,10.0519,3.73469,3.36662,-0.118388,2,-43.97,72.3633,18.127,9.3706,2.86455,2.45,design_596,-26.2594,0.05289999999999395,15.27800000000002,-7.606999999999999,0.0,-3.2510000000000048,-10.8576722,-742.6500000000001,4.927900000000008,0.4243699999999997,-0.3927999999999976,1.4418699999999998,Left,0.028877500655060433,0.8705999999999996,1.2949699999999993,0.4243699999999997,0.012699999999999888,-0.02657999999999987,0.03927999999999976,0.7235544894750109,0.7728474886867871,0.04929299921177621,0.4083333333333334,0.648645,0.24031166666666665,0.49174415320103504
LLLATLLFVLLYLLASLLILI,13002200200230031032,000110011011001100000,LL-AT--FV-LY--AS-LI--,1727990000.0,356.291,-343.849,12.4417,-60.4659,-60.3899,-60.3899,-60.4659,-222.512,-224.437,-222.503,-246.314,-358.004,4569.54,3717.8,3615.17,49.0167,0.000253574,-10.9208,14.2283,61.4584,-60.8708,-84.0978,-60.8824,-51.2244,452,10.291,-111.017,1.8062,25.573,9.12052,3.39637,1.92346,17.351,-108.465,3.3195,22.5121,14.2283,9.059,3.21781,1.7676,14.1552,0,-108.465,3.3195,22.5121,9.059,3.21781,1.7676,design_434,-32.873400000000004,0.07600000000000051,21.87699999999998,-23.21540000000001,0.0,-1.934000000000026,-25.1491,-851.7399999999998,-1.5133,0.06152000000000157,3.0609,0.1558599999999999,Left,0.49530489253962356,0.5589999999999993,0.6205200000000008,0.06152000000000157,0.45121,0.7573000000000001,0.3060900000000001,0.0329203493792237,0.017783050386309715,0.015137298992913988,0.29460000000000003,0.3205766666666667,0.025976666666666648,0.31365542165234805
LLLLVLLLTILASLLFLLILI,102300320030032003102,000011001101100110000,LL--VL--TI-AS--FL-IL-,1728080000.0,381.857,-383.346,-1.48927,-74.089,-74.1819,-74.034,-74.2258,-218.714,-222.244,-218.714,-246.26,-383.597,4522.04,3650.73,3596.87,41.3623,0.000923933,-10.913,0.299461,39.873,-90.5433,-98.0843,-90.5493,-63.1107,500,276.595,-9.1918,99.6269,24.9394,9.53979,1.3284,1.3228,-5.50531,-10.2137,94.2316,25.4728,0.299461,9.5,0.753326,0.6668,0.250407,0,-10.2137,94.2316,25.4728,9.5,0.753326,0.6668,design_1964,-34.9736,0.04390000000000782,24.01599999999999,-7.534999999999997,-0.14789999999999281,-3.530000000000001,-11.212461000000001,-871.31,5.395300000000006,0.03978999999999999,-0.5334000000000003,0.656,Left,0.028877500655060433,1.0,1.03979,0.03978999999999999,0.7472799999999999,0.6939399999999999,0.053340000000000054,0.9422996130901176,0.9962679400949871,0.05396832700486953,0.11113333333333332,0.22046666666666667,0.10933333333333335,0.13890557151346491
LLLLAFLLAVLTSLLLLLILI,112300220030033003102,000011001101100110000,LL--AF--AV-TS--LL-IL-,1727990000.0,377.295,-377.722,-0.427204,-77.1252,-74.315,-77.07,-74.3702,-217.479,-219.153,-217.474,-243.076,-374.084,4574.55,3675.05,3582.12,44.4768,0.00054596,-10.8976,-3.58833,44.0495,-83.1177,-91.5138,-83.1286,-56.6383,506,124.21,-9.64254,95.1925,28.4369,9.00485,0.797373,0.725261,-9.52097,-11.7027,91.7611,28.5001,-3.58833,8.72443,0.643144,0.51956,-3.63773,1,-11.6325,90.4248,27.7087,8.5,0.452228,0.3086,design_359,-34.8755,0.05519999999999925,23.923000000000002,-8.385199999999998,2.7549999999999955,-1.679000000000002,-7.309270000000001,-899.5,4.767699999999991,0.5048499999999994,0.7282000000000011,0.41666100000000006,Left,0.21866221428701998,0.0,0.5048499999999994,0.5048499999999994,0.97087,1.0436900000000002,0.07282000000000022,0.9042207987068328,0.9519113428213613,0.047690544114528444,0.05143333333333333,0.12087683333333334,0.0694435,0.516984586414517
LLLLTILLLLLAVLFSLLILI,103300200330020023022,000011011001101100000,LL--TI-LL--AV-FS--I--,1728050000.0,374.756,-379.696,-4.93999,-60.5031,-60.4367,-60.4367,-60.5031,-229.282,-231.453,-229.282,-246.553,-378.872,4516.57,3788.77,3803.44,41.3623,0.000923933,-10.8847,-0.763491,36.4223,-89.9108,-97.8668,-89.9168,-71.8156,483,361.194,-52.7289,95.5382,24.8021,9.57195,7.30699,7.24007,-8.61396,-53.5862,93.0862,25.4591,-0.763491,9.68861,7.10457,7.00086,-0.824276,4,-50.6236,84.9697,28.0,9.5,5.56445,5.339,design_1537,-26.051199999999994,0.06640000000000157,15.099999999999994,-7.950000000000003,0.0,-2.1709999999999923,-10.121209,-727.7999999999997,10.5685,0.07194999999999929,-3.1979000000000006,1.9010699999999998,Left,0.028877500655060433,1.0,1.0719499999999993,0.07194999999999929,1.0,0.68021,0.31979,0.8496543018217174,0.9553693248882683,0.1057150230665509,0.8898333333333334,1.2066783333333333,0.31684499999999993,0.4679838316939606
LLLLVLLLLTLTALLFILILI,103300230020032003102,000011001101100110000,LL--VL--LT-TA--FI-IL-,1727990000.0,373.402,-377.735,-4.33353,-72.7764,-72.7193,-72.7193,-72.7764,-218.945,-220.901,-218.945,-247.393,-380.283,4535.37,3717.52,3609.31,46.0625,0.000417668,-10.879,2.59883,41.7289,-86.0141,-97.5424,-86.0205,-60.1138,500,39.0787,-14.6742,96.0417,26.8219,9.5638,1.66676,1.60738,-4.58914,-17.7104,90.6356,26.9275,2.59883,9.5,1.39237,1.2519,2.54806,0,-17.7104,90.6356,26.9275,9.5,1.39237,1.2519,design_419,-37.4286,0.05709999999999127,26.49199999999999,-11.521900000000002,0.0,-1.9560000000000173,-13.477829999999999,-817.8499999999999,5.406100000000009,0.06380000000000052,-0.10559999999999903,0.35548,Left,0.3152881961159488,1.0,1.0638000000000005,0.06380000000000052,0.8927499999999998,0.8821899999999999,0.010559999999999903,0.9063293975489038,0.9604057552344867,0.05407635768558283,0.20865,0.26789666666666667,0.05924666666666667,0.10303578781981662
LLLLLLLTALLFVLYILLILI,103300300320020023022,000011011001101100000,LL--LL-TA--FV-YI--I--,1727980000.0,361.119,-369.512,-8.39307,-58.9284,-58.8365,-58.8519,-58.9371,-231.724,-233.034,-231.724,-249.842,-367.226,4592.64,3973.28,3804.23,43.7222,0.000620174,-10.8679,-2.21719,35.3291,-78.86,-86.2234,-78.8671,-58.4469,487,276.595,-62.1823,71.7933,30.5503,9.98615,5.51945,5.09635,-7.61109,-63.7541,68.2843,30.911,-2.21719,10.2026,5.28151,4.80577,-2.28669,3,-63.6223,59.0157,25.1674,9.3555,4.01046,3.3957,design_281,-27.7765,0.10060000000000002,16.80800000000002,-7.3563000000000045,0.015399999999999636,-1.3100000000000023,-8.65071,-619.3600000000001,12.7776,0.630650000000001,5.382899999999999,1.70065,Left,0.17268001974321648,0.8554999999999993,1.4861500000000003,0.630650000000001,0.71674,1.25503,0.53829,0.5900405715223124,0.7178528702151411,0.12781229869282873,0.5659500000000001,0.8493916666666667,0.2834416666666666,0.8855228448210265
LLLLLALLLTLFVLLSILILI,103300310020021003022,000011001101100110000,LL--LA-LLT-FV-LSI-I--,1728070000.0,377.661,-386.891,-9.22997,-74.2548,-74.3094,-74.2489,-74.3153,-224.753,-227.093,-224.751,-245.749,-385.005,4513.22,3756.12,3650.77,41.3623,0.000923933,-10.8436,-1.88444,32.1323,-87.8834,-94.4456,-87.8896,-64.9404,531,330.452,-51.0572,85.2098,23.6774,9.71548,5.66191,5.44006,-6.72615,-52.6428,80.2522,23.1145,-1.88444,9.88018,5.23047,4.93426,-1.88599,2,-56.6384,70.3623,26.5287,9.5,4.49467,4.0501,design_1876,-29.505200000000002,0.005899999999996908,18.656000000000006,-6.555999999999997,-0.06049999999999045,-2.3419999999999845,-8.95916,-757.1000000000004,14.847499999999997,0.21547999999999945,-2.851300000000002,1.3899600000000003,Left,0.028877500655060433,1.0,1.2154799999999994,0.21547999999999945,0.85287,0.5677399999999999,0.2851300000000001,0.7035388050206259,0.8520559838994275,0.14851717887880156,0.6750166666666666,0.9066766666666667,0.2316600000000001,0.4510592592133741
LLLLTVLLLILALLLSFLILI,103300210030031003022,000011001101100110000,LL--TV-LLI-AL-LSF-I--,1727980000.0,375.142,-376.244,-1.10125,-60.4659,-60.4392,-60.4098,-60.4659,-220.184,-223.844,-220.183,-246.904,-378.633,4530.34,3777.11,3594.6,41.3623,0.000923933,-10.8316,2.44,40.261,-95.5938,-105.181,-95.5998,-71.2626,484,330.452,-53.3944,82.2625,18.5123,9.30263,5.6146,5.34854,-2.28277,-55.1529,77.2133,18.0296,2.44,9.21472,5.19672,4.85492,2.38936,1,-55.341,74.483,19.6991,9.3341,4.85635,4.4736,design_32,-33.91839999999999,0.02669999999999817,23.060000000000002,-9.581199999999995,-0.029400000000002535,-3.6610000000000014,-13.2716,-753.23,7.779499999999999,-0.03146999999999878,-1.1868000000000016,0.8749399999999996,Left,0.028877500655060433,0.8340999999999994,0.8026300000000006,0.03146999999999878,0.16991000000000014,0.05122999999999998,0.11868000000000017,0.7447575111331618,0.8225746111895779,0.07781710005641607,0.7456,0.8914233333333333,0.1458233333333333,0.20590106581956946
LLLLLFLVLLLTILASLLILI,103300200220030033022,000011011001101100000,LL--LF-VL--TI-AS--I--,1728030000.0,375.99,-383.356,-7.3653,-74.1299,-74.148,-74.0765,-74.267,-227.203,-227.793,-227.203,-244.832,-381.184,4541.17,3695.73,3698.96,41.3623,0.000923933,-10.8252,-2.12399,33.997,-82.0222,-90.0686,-82.0287,-62.0852,457,361.194,-57.8688,63.8171,20.6384,10.0136,3.79564,3.2529,-8.45038,-56.8231,64.1834,22.5121,-2.12399,9.95603,3.68822,3.15097,-2.17133,4,-61.7762,50.1165,27.5734,9.4171,2.53215,1.7839,design_979,-27.983400000000003,0.11899999999999977,17.038999999999987,-8.039900000000003,-0.07150000000000034,-0.5900000000000034,-8.70121,-845.44,13.700600000000001,0.5965000000000007,-6.934999999999999,1.4689999999999999,Left,0.028877500655060433,0.9170999999999996,1.5136000000000003,0.5965000000000007,0.95734,0.2638400000000001,0.6934999999999999,0.5010232906145345,0.6380682113720297,0.1370449207574952,0.2973166666666667,0.54215,0.24483333333333335,0.9568067576143785
LLLLAILLATLFVLLSLLILI,103300210020031003022,000011001101100110000,LL--AI-LAT-FV-LSL-I--,1728040000.0,366.785,-379.252,-12.4677,-74.3153,-74.252,-74.252,-74.3153,-219.387,-221.901,-219.384,-242.602,-375.125,4462.01,3677.71,3603.66,43.6652,0.000626172,-10.8067,-4.07165,31.1976,-85.55,-89.7783,-85.5607,-58.207,486,253.054,-52.3707,77.3817,16.447,9.40946,4.80213,4.46286,-8.0735,-53.6428,73.5823,18.1494,-4.07165,9.28084,4.48004,4.08377,-4.12752,4,-54.6802,66.0811,22.4372,8.9954,3.62298,3.1142,design_1186,-31.5713,0.06329999999999814,20.700999999999993,-4.2176000000000045,0.0,-2.5170000000000243,-6.735049999999999,-784.3000000000002,11.300599999999989,0.4140599999999992,-5.9902000000000015,1.3486600000000002,Left,0.16920667613203583,0.49540000000000006,0.9094599999999993,0.4140599999999992,0.44372000000000006,-0.15530000000000008,0.5990200000000001,0.6607146429586003,0.7737527457798014,0.11303810282120108,0.5190333333333333,0.74381,0.22477666666666662,0.7704367635096301
LLLLAVLLLILATLLSFLILI,103300310030021003022,000011001101100110000,LL--AV-LLI-AT-LSF-I--,1728070000.0,364.611,-376.715,-12.1037,-74.1761,-74.1218,-74.1218,-74.1761,-217.275,-220.069,-217.271,-242.859,-374.902,4496.97,3707.85,3661.64,43.6652,0.000626172,-10.7899,-1.76566,31.5615,-85.2636,-91.5009,-85.2743,-57.866,471,361.194,-55.6254,74.705,15.2549,9.08709,4.92898,4.54955,-5.73866,-56.2869,70.2719,15.2876,-1.76566,9.27236,4.42974,3.98382,-1.81304,3,-61.0233,60.9634,18.806,9.3641,3.88355,3.298,design_1864,-33.6349,0.054300000000012005,22.79000000000002,-6.226600000000005,0.0,-2.798000000000002,-9.024239999999999,-789.1200000000003,13.741599999999998,-0.27701000000000064,-3.5511000000000017,1.25155,Left,0.16920667613203583,0.8641000000000005,0.5870899999999999,0.27701000000000064,0.08060000000000009,-0.2745100000000001,0.35511000000000015,0.6095231045616956,0.746978141792269,0.1374550372305734,0.5496666666666666,0.7582583333333334,0.20859166666666673,0.5150165267861184
LLLALLLTVLYLLLFSLLILI,13002300200230021032,000110011011001100000,LL-AL--TV-YL--FS-LI--,1727980000.0,364.84,-382.374,-17.5344,-74.0042,-74.0994,-73.9861,-74.2451,-229.992,-230.811,-229.987,-249.397,-375.949,4582.83,3818.59,3655.78,46.7138,0.000374154,-10.7421,-6.40842,29.1794,-78.3784,-81.7805,-78.3848,-52.3074,473,72.839,-101.926,48.3271,23.3291,9.6879,8.31312,7.53803,-10.3411,-101.742,48.709,23.2121,-6.40842,9.34819,8.33705,7.56768,-6.42501,4,-103.038,36.6338,25.4696,9.2755,6.90129,5.9508,design_208,-29.473100000000002,0.14569999999999084,18.585999999999984,-3.395700000000005,-0.1133000000000095,-0.8240000000000123,-4.333680000000001,-764.2399999999998,11.6933,0.41240000000000165,-2.1404999999999994,1.58723,Left,0.35497571706264813,0.7754999999999992,1.1879000000000008,0.41240000000000165,0.74696,0.53291,0.21404999999999996,0.3661579888688388,0.4831242072748661,0.11696621840602728,0.9918,1.2563383333333333,0.2645383333333333,0.5473141589169657
LLLFALLLVLTALLYSLLILI,023002200200230031031,000110011011001100000,L--FA--LV-TA--YS-LI-I,1727980000.0,351.554,-368.389,-16.8352,-74.253,-74.1796,-74.1853,-74.2473,-224.884,-225.487,-224.879,-246.021,-361.778,4567.02,3723.9,3718.3,49.0167,0.000253574,-10.7334,-6.55133,32.1815,-69.252,-72.8441,-69.2644,-41.5094,512,14.6888,-110.364,19.1534,21.429,9.40993,5.6403,4.4276,-10.0356,-110.72,18.174,20.8264,-6.55133,9.37827,5.56148,4.33409,-6.61149,2,-112.369,10.8492,18.0897,9.5,4.81996,3.4827,design_235,-31.334699999999998,0.06770000000000209,20.533999999999992,-3.5797000000000025,0.005700000000004479,-0.6080000000000041,-4.1820699999999995,-843.1200000000003,8.304200000000002,-0.09007000000000076,3.339299999999998,0.9449000000000001,Left,0.49530489253962356,1.0,0.9099299999999992,0.09007000000000076,0.008970000000000056,0.34289999999999987,0.33392999999999984,0.1082387398021038,0.19130433042984207,0.08306559062773827,0.58045,0.7379333333333333,0.1574833333333333,0.3890022396132351
LLLLLFLVALLLTLISLLILI,103300200320030023022,000011011001101100000,LL--LF-VA--LT-IS--I--,1728020000.0,375.93,-379.935,-4.00471,-74.1382,-74.1263,-74.0852,-74.1783,-224.322,-227.322,-224.321,-244.434,-381.548,4547.39,3764.58,3731.93,41.3623,0.000923933,-10.723,1.66073,37.3576,-81.4752,-90.8231,-81.4811,-62.9361,488,253.054,-51.5162,98.802,23.9007,9.56938,7.5657,7.54773,-6.46907,-51.7206,94.7561,24.7604,1.66073,9.65859,7.05016,6.9715,1.61317,3,-54.4628,84.9659,26.3947,8.5,6.13981,5.9143,design_866,-27.886999999999993,0.0519999999999925,17.111999999999995,-9.341999999999999,-0.041100000000000136,-3.0010000000000048,-12.38373,-782.8100000000004,13.836100000000002,1.0693800000000007,-2.4939999999999998,1.6334299999999997,Left,0.028877500655060433,0.0,1.0693800000000007,1.0693800000000007,0.83947,0.5900700000000001,0.24939999999999996,0.8496162910266516,0.9880165967134666,0.13840030568681505,0.9857166666666667,1.257955,0.27223833333333325,1.139755368116473
LLLAFLLTVLLLLLFSLLILI,13003200200220031032,000110011011001100000,LL-AF--TV-LL--FS-LI--,1728060000.0,360.9,-376.672,-15.7716,-74.1754,-70.6011,-74.1675,-74.1522,-224.786,-226.453,-224.778,-248.485,-369.925,4640.59,3803.06,3693.88,46.7138,0.000374154,-10.7022,-6.73723,30.9422,-77.7101,-83.5732,-77.7166,-47.2878,515,12.2949,-109.622,8.48751,27.2366,9.75271,4.08911,2.71642,-9.9896,-109.998,6.53737,26.2648,-6.73723,9.71859,3.88218,2.48024,-6.74623,2,-107.499,6.7065,26.7755,9.3626,3.5303,2.1309,design_1730,-36.2854,3.551099999999991,22.03200000000001,-5.8566,3.5664000000000016,-1.6750000000000114,-3.964969999999999,-837.5300000000002,1.7810100000000002,0.39010999999999996,0.4610999999999983,0.5855199999999998,Left,0.35497571706264813,0.8626000000000005,1.2527100000000004,0.39010999999999996,0.87755,0.9236599999999999,0.04610999999999987,0.06679997119181848,0.084615130697118,0.01781515950529952,0.35515,0.4527366666666666,0.0975866666666666,0.4051573541468923
LLLYLLLTVLIALLFSLLILI,13002200200320031032,000110011011001100000,LL-YL--TV-IA--FS-LI--,1727980000.0,358.638,-374.774,-16.1363,-74.0039,-73.9883,-73.9418,-74.2451,-230.828,-230.477,-230.826,-253.122,-368.258,4643.15,3780.37,3769.78,45.9023,0.000429125,-10.7005,-6.45861,29.766,-69.9421,-74.4932,-69.9488,-40.8912,508,32.7096,-106.706,32.0063,22.0474,9.27271,6.82679,5.80688,-10.1308,-106.372,32.8663,22.0774,-6.45861,9.34174,6.89273,5.88572,-6.51551,4,-111.087,18.1388,20.7952,9.3778,5.61172,4.3838,design_210,-33.602000000000004,0.25679999999999836,22.64500000000001,-4.544399999999996,-0.04649999999999466,0.34899999999998954,-4.24189,-862.7799999999997,13.867500000000003,-0.10509000000000057,1.2521999999999984,1.4230799999999997,Left,0.30552627249294656,0.8778000000000006,0.77271,0.10509000000000057,0.2795200000000001,0.40474,0.1252199999999999,0.18115544814727383,0.3198698430354221,0.13871439488814827,0.7306333333333334,0.9678133333333333,0.23717999999999995,0.3197186141737531
LLLLLLLLFILATLLSVLILI,103300220020031003012,000011001101100110000,LL--LL--FI-AT-LSV-IL-,1728010000.0,378.737,-386.113,-7.37643,-74.1761,-74.1144,-74.1144,-74.1761,-223.813,-227.309,-223.813,-245.333,-385.363,4486.21,3656.71,3619.32,41.3623,0.000923933,-10.6919,-0.694369,33.9859,-88.1245,-94.6316,-88.1305,-65.8546,516,276.595,-51.7803,83.0682,19.9465,9.32466,5.48125,5.22727,-3.00404,-50.3195,80.771,21.8132,-0.694369,9.62978,4.95201,4.66357,-0.749949,2,-47.6323,76.7897,26.2623,9.3258,4.01145,3.6633,design_628,-28.777,0.061700000000001864,18.024,-6.501100000000008,0.0,-3.4960000000000093,-9.997531,-829.5,6.278500000000008,-0.0011399999999994748,-6.315799999999999,1.5639699999999999,Left,0.028877500655060433,0.8257999999999992,0.8246599999999997,0.0011399999999994748,0.82623,0.19465000000000005,0.63158,0.7678310640221823,0.8306339000276078,0.06280283600542558,0.61055,0.8712116666666666,0.26066166666666657,0.6861365000346278
LLLLLLLTALLVILFSLLILI,103300200220030033112,000011011001101100000,LL--LL-TA--VI-FS--IL-,1728020000.0,373.773,-383.435,-9.66152,-74.2009,-74.1119,-74.1402,-74.2399,-226.682,-230.917,-226.682,-245.601,-384.976,4524.14,3772.11,3728.4,41.3623,0.000923933,-10.6808,1.59565,31.7008,-82.5514,-90.6282,-82.5576,-65.1348,468,394.796,-46.0534,101.133,17.474,9.83286,7.06091,7.0779,-3.03465,-45.566,97.0345,17.2687,1.59565,10.2349,6.43456,6.39007,1.54105,4,-40.2399,94.8434,26.1031,9.5,5.33985,5.2625,design_786,-25.49340000000001,0.1280000000000001,14.683999999999997,-8.070600000000013,0.028299999999987335,-4.235000000000014,-12.27645,-752.0300000000002,6.289599999999993,0.33286000000000016,-8.629100000000001,1.8153999999999995,Left,0.028877500655060433,1.0,1.3328600000000002,0.33286000000000016,0.8103100000000001,-0.05259999999999998,0.8629100000000001,0.9484193510957112,1.011333218634092,0.0629138675383808,0.8770833333333333,1.1796499999999999,0.30256666666666654,0.9751482913928603
LLLLYLLVALLLFLTSLLILI,103300300320020023022,000011011001101100000,LL--YL-VA--LF-TS--I--,1728010000.0,364.233,-369.66,-5.4273,-74.1264,-74.1013,-74.0634,-74.2015,-223.633,-222.343,-223.631,-248.094,-369.775,4610.16,3643.43,3679.59,46.7138,0.000374154,-10.6763,0.171762,41.2865,-71.9011,-84.0066,-71.9081,-47.4787,482,253.054,-58.5275,58.0058,16.0636,9.32739,3.10991,2.48,-7.87316,-58.8543,56.2389,17.2351,0.171762,9.46313,2.92039,2.26398,0.11452,2,-57.9523,53.087,18.0,9.4741,2.35959,1.6559,design_752,-36.5279,0.10020000000000095,25.751000000000005,-12.098500000000001,-0.03789999999999338,1.288000000000011,-10.848061999999999,-966.73,4.918799999999997,-0.14671000000000056,-1.936399999999999,0.8241,Left,0.35497571706264813,0.9741,0.8273899999999994,0.14671000000000056,0.0,-0.1936399999999999,0.1936399999999999,0.5307367292311017,0.579938702591536,0.049201973360434303,0.2759833333333333,0.41333333333333333,0.13735000000000003,0.28338336292478605
LLLLVILLLLLTALFSLLILI,103300300320020023022,000011011001101100000,LL--VI-LL--TA-FS--I--,1728060000.0,374.468,-380.901,-6.43349,-74.2386,-70.6685,-74.1827,-74.335,-222.527,-229.233,-222.527,-246.129,-385.144,4495.14,3747.53,3690.18,41.3623,0.000923933,-10.6581,4.29205,34.9288,-84.136,-95.9001,-84.1423,-64.6799,473,253.054,-53.3388,68.7031,18.8436,9.65237,3.77574,3.30629,1.87561,-54.4142,60.3143,19.4392,4.29205,9.74262,2.80456,2.20928,4.24269,4,-64.1298,44.6729,25.3043,8.9696,2.15031,1.3204,design_1809,-31.22019999999999,3.666499999999999,16.895999999999987,-11.757799999999989,3.5142000000000024,-6.706000000000017,-14.950149999999999,-747.6100000000001,24.030200000000008,0.6827699999999997,-6.460700000000003,1.9858900000000002,Left,0.028877500655060433,0.4695999999999998,1.1523699999999995,0.6827699999999997,0.7304300000000001,0.08435999999999985,0.6460700000000003,0.44657182639869725,0.6869420915540014,0.24037026515530419,0.22006666666666666,0.5510483333333334,0.33098166666666673,1.0251380618435135
LLLYFLLAILVTLLLSLLILI,13002200300230021032,000110011011001100000,LL-YF--AI-VT--LS-LI--,1728060000.0,360.208,-368.633,-8.42459,-63.4417,-67.1341,-63.3883,-74.2698,-223.616,-224.933,-223.613,-249.569,-366.672,4652.47,3760.99,3709.85,45.9023,0.000429125,-10.5967,-1.91011,37.4777,-81.5745,-85.2023,-81.5811,-42.8335,499,113.638,-103.059,37.9072,24.2207,9.13056,7.07636,6.14497,-6.97268,-103.769,35.4726,23.9827,-1.91011,9.19952,6.85419,5.88628,-1.96019,2,-104.849,32.1155,19.0708,8.7274,6.56297,5.5447,design_1669,-42.36879999999999,7.1357,24.635999999999996,-3.6211999999999875,-3.7458000000000027,-1.3199999999999932,-8.68659,-891.4800000000005,5.791700000000006,0.40315999999999974,5.149900000000002,0.6002700000000001,Left,0.30552627249294656,0.22739999999999938,0.6305599999999991,0.40315999999999974,0.10707999999999984,0.6220700000000001,0.5149900000000003,0.32096215325152344,0.3788956063522041,0.057933453100680654,0.9241166666666666,1.0241616666666666,0.10004500000000005,0.664167127094656
LLLYALLFLLTALLFSLLILI,13002200200330031022,000110011011001100000,LL-YA--FL-TA--FS-LI--,1728060000.0,341.837,-351.964,-10.1272,-74.1656,-74.1473,-74.1008,-74.2121,-224.667,-222.657,-224.66,-252.356,-351.835,4690.76,3764.67,3757.24,54.608,9.86121e-05,-10.5888,-0.0696283,44.4808,-53.1316,-65.6201,-53.1441,-25.2674,459,471.669,-100.796,31.1469,27.3376,8.79933,5.8243,4.7915,-2.74462,-100.634,32.0652,28.0,-0.0696283,8.5,5.92392,4.9049,-0.128387,0,-100.634,32.0652,28.0,8.5,5.92392,4.9049,design_1710,-40.3527,0.0648000000000053,29.698999999999984,-12.475999999999992,-0.04649999999999466,2.002999999999986,-10.519171700000001,-926.0900000000001,-0.9182999999999986,0.29932999999999943,-0.6624000000000017,-0.1133999999999995,Left,0.8360155264553002,0.0,0.29932999999999943,0.29932999999999943,1.0,0.9337599999999998,0.06624000000000019,0.320459010358942,0.3112734016460675,0.009185608712874493,0.8174833333333332,0.7985833333333333,0.018899999999999917,0.3072910215210098
LLLFALLTILLSLLYVLLILI,13002300200230021032,000110011011001100000,LL-FA--TI-LS--YV-LI--,1727990000.0,365.504,-340.874,24.6309,-74.34,-70.6665,-74.3315,-74.34,-225.994,-229.379,-225.988,-249.983,-370.688,4609.17,3794.33,3734.07,45.9023,0.000429125,-10.5831,29.8211,70.5331,-40.54,-81.2253,-40.5469,-46.3644,470,211.811,-103.988,21.6875,26.0704,9.13926,5.02596,3.85128,25.2927,-101.623,19.8112,22.9583,29.8211,9.27618,4.41794,3.21511,29.814,2,-100.476,18.5805,20.731,9.4643,4.07979,2.8585,design_370,-34.8609,3.673500000000004,20.604000000000013,-40.6784,3.6650000000000063,-3.390999999999991,-40.4042,-814.8400000000001,3.1069999999999993,-0.32503999999999955,5.339399999999998,0.9927800000000002,Left,0.30552627249294656,0.9642999999999997,0.6392600000000002,0.32503999999999955,0.2731000000000002,0.80704,0.5339399999999999,0.18557370293163258,0.2166525293183264,0.03107882638669382,0.47641666666666665,0.64188,0.16546333333333335,0.6473692403314755
LLLLALLLWVLATLLSFLILI,103300310020031003022,000011001101100110000,LL--AL-LWV-AT-LSF-I--,1727980000.0,364.546,-374.856,-10.3099,-74.2109,-73.7969,-74.1119,-74.2109,-223.017,-219.208,-223.013,-247.255,-371.525,4530.6,3680.27,3594.5,52.3297,0.000144899,-10.4742,-3.2419,42.0198,-77.6284,-88.9943,-77.6417,-50.0594,482,12.2949,-53.0488,72.7223,14.528,8.65826,4.27482,3.86565,-9.23751,-53.5877,74.3653,16.0626,-3.2419,9.12551,4.57746,4.19294,-3.33117,3,-58.528,63.2713,22.0772,8.9263,3.82083,3.2699,design_247,-38.9349,0.4140000000000015,28.046999999999997,-11.352599999999995,0.31500000000001194,3.805000000000007,-7.2323,-850.3300000000004,9.451000000000008,-0.26803999999999917,-7.549200000000001,0.5957500000000002,Left,0.6971853729578873,0.42629999999999946,0.1582600000000003,0.26803999999999917,0.40772000000000014,-0.34719999999999995,0.75492,0.6326086608596841,0.7271455093246483,0.09453684846496413,0.5449833333333333,0.644275,0.09929166666666678,0.8127396254564753
LLLLTLLLAVLLFLLSILILI,103300310020031003022,000011001101100110000,LL--TL-LAV-LF-LSI-I--,1727980000.0,376.01,-379.076,-3.06565,-60.3839,-60.3305,-60.3217,-60.4258,-221.93,-223.383,-221.93,-245.889,-375.676,4576.06,3660.5,3672.52,41.3623,0.000923933,-10.4363,-3.34321,38.2966,-96.7616,-102.399,-96.7677,-69.3612,492,124.21,-52.6217,78.0393,15.9956,9.24241,4.92856,4.59915,-6.80885,-53.7525,74.5729,16.7112,-3.34321,9.42085,4.63022,4.24882,-3.4,4,-61.4404,61.3603,18.0,8.9371,3.9997,3.4201,design_113,-33.037800000000004,0.09530000000000172,22.506,-5.631299999999996,-0.008800000000000807,-1.453000000000003,-7.093089999999999,-915.5600000000004,16.678999999999995,0.3053100000000004,-2.0044000000000004,1.1790499999999997,Left,0.028877500655060433,0.43709999999999916,0.7424099999999996,0.3053100000000004,0.0,-0.20044000000000003,0.20044000000000003,0.6134932320779102,0.780330613894346,0.16683738181643581,0.5700166666666667,0.766525,0.19650833333333328,0.44703537526778336
LLLLLFLLYTLAVLLSILILI,103300310020021003022,000011001101100110000,LL--LF-LYT-AV-LSI-I--,1727990000.0,361.803,-370.469,-8.66612,-74.2752,-74.25,-74.2099,-74.3153,-230.685,-233.215,-230.684,-246.619,-370.337,4536.45,3826.2,3747.3,45.9023,0.000429125,-10.4184,-0.0734464,37.2362,-65.509,-73.2899,-65.5161,-49.4024,524,51.0312,-53.5039,78.5958,25.2583,9.69077,5.13602,4.81496,-6.31289,-53.4764,76.3456,25.6497,-0.0734464,9.65918,4.82811,4.4733,-0.132035,2,-49.9452,71.2181,28.0,9.4728,3.60623,3.1745,design_455,-23.887500000000003,0.06529999999999347,13.403999999999996,-7.7738000000000085,-0.04009999999999536,-2.531000000000006,-10.3449536,-710.25,7.37769999999999,0.2179700000000011,-2.7417000000000016,1.64046,Left,0.30552627249294656,0.9727999999999994,1.1907700000000006,0.2179700000000011,1.0,0.7258299999999999,0.27417000000000014,0.712099236183076,0.7858971948033241,0.07379795862024807,0.5290833333333333,0.8024933333333334,0.27341000000000004,0.4504212212990374
LLLVALLWLLTFLLASLLILI,113002200300220031032,000110011011001100000,LL-VA--WL-TF--AS-LI--,1728060000.0,368.911,-379.878,-10.9672,-74.2004,-74.0771,-74.1086,-74.2004,-225.267,-226.757,-225.264,-247.352,-372.73,4588.72,3640.99,3627.26,52.3297,0.000144899,-10.4126,-7.06501,41.3625,-80.4102,-82.309,-80.4229,-51.1782,505,46.6879,-105.207,11.9665,32.1273,8.96918,3.89658,2.57608,-11.5028,-104.849,11.5541,29.9403,-7.06501,8.88853,3.78722,2.46053,-7.14753,1,-102.061,10.0456,28.0,9.1191,3.16532,1.816,design_1678,-31.1308,0.12330000000000041,20.595,-1.886099999999999,0.03149999999999409,-1.492999999999995,-3.3475899999999994,-947.7300000000005,1.9208999999999996,-0.14991999999999983,4.127299999999998,0.7600800000000001,Left,0.6971853729578873,0.6190999999999995,0.4691799999999997,0.14991999999999983,1.0,1.4127299999999998,0.4127299999999998,0.10020045692976806,0.1194149138355293,0.019214456905761235,0.3026666666666667,0.4293466666666667,0.12668000000000001,0.45742658105337863
LLLLLALLFLLTVLISLLILI,103300200230030023022,000011011001101100000,LL--LA-LF--TV-IS--I--,1728070000.0,376.795,-380.175,-3.3798,-74.2393,-70.6349,-74.2339,-74.2739,-225.766,-228.698,-225.764,-246.021,-384.271,4524.28,3739.02,3697.64,41.3623,0.000923933,-10.398,4.09677,37.9825,-80.17,-95.3361,-80.1763,-63.9762,480,162.201,-54.8205,68.1943,20.6794,9.87337,3.92932,3.45223,-4.85131,-57.6263,61.615,21.6883,4.09677,9.93736,3.46197,2.88619,4.09574,2,-61.7327,50.968,24.266,9.5,2.64058,1.9051,design_1897,-31.359900000000003,3.638999999999996,17.32299999999998,-15.159800000000004,3.5990000000000038,-2.9339999999999975,-14.494769999999999,-785.2599999999998,17.226299999999995,0.37336999999999954,-3.586599999999997,1.5471300000000001,Left,0.028877500655060433,1.0,1.3733699999999995,0.37336999999999954,0.6265999999999998,0.2679400000000001,0.3586599999999997,0.5095407095615155,0.681852646151507,0.17231193658999144,0.31751666666666667,0.5753716666666667,0.25785500000000006,0.6035087050046525
LLLLTALLLILFVLLSLLILI,103300310020021003022,000011001101100110000,LL--TA-LLI-FV-LSL-I--,1728060000.0,377.567,-384.261,-6.6937,-60.5031,-60.4955,-60.4955,-60.5031,-225.261,-224.652,-225.258,-246.997,-378.596,4522.64,3619.25,3658.15,41.3623,0.000923933,-10.3367,-5.66041,34.6686,-98.4967,-103.785,-98.5026,-71.0958,458,563.509,-51.826,78.1582,16.994,9.59374,4.82526,4.49763,-9.11996,-51.3966,78.6232,18.2827,-5.66041,9.76103,4.82362,4.50297,-5.66493,2,-54.2003,71.185,20.0211,9.5,4.24003,3.8078,design_1743,-32.6892,0.007600000000003604,22.345000000000027,-5.2823999999999955,0.0,0.606000000000023,-4.676290000000001,-903.3900000000003,6.973199999999991,0.09374000000000038,-3.027100000000001,0.6898300000000002,Left,0.028877500655060433,1.0,1.0937400000000004,0.09374000000000038,0.20211000000000007,-0.10060000000000002,0.3027100000000001,0.7117681421523713,0.7815199516662732,0.06975180951390192,0.6346333333333333,0.749605,0.1149716666666667,0.34424457986520995
LLLLFALTALLLILVSLLILI,103300300220030023022,000011011001101100000,LL--FA-TA--LI-VS--I--,1728030000.0,366.504,-370.699,-4.19444,-74.2597,-74.2067,-74.2067,-74.3178,-219.004,-222.067,-219.001,-241.447,-371.5,4486.48,3699.69,3644.29,43.6652,0.000626172,-10.3367,0.846474,39.4708,-77.4345,-85.5636,-77.4457,-55.7353,480,135.765,-56.4635,83.5249,19.8078,9.97553,6.24539,5.99826,-7.0546,-56.4244,79.7809,19.3061,0.846474,9.84107,5.73407,5.43079,0.801572,2,-58.7317,72.0096,22.5749,9.5,5.03106,4.6112,design_959,-29.82829999999999,0.11110000000000753,19.379999999999995,-8.117899999999992,0.0,-3.0660000000000025,-11.183174000000001,-786.7899999999995,11.515299999999996,0.4755299999999991,-2.7670999999999992,1.38706,Left,0.16920667613203583,1.0,1.4755299999999991,0.4755299999999991,0.45748999999999995,0.18078000000000002,0.2767099999999999,0.7200164846816496,0.8352021974240684,0.11518571274241884,0.7685333333333334,0.99971,0.23117666666666659,0.6077891119714873
LLLLALLTVLLAILFSLLILI,13300200210030032031,000011011001101100000,LL--AL-TV-LAI-FS--I-I,1728050000.0,364.428,-339.531,24.8961,-74.3055,-70.5934,-74.2435,-74.3055,-219.426,-225.346,-219.423,-242.462,-374.638,4499.31,3791.13,3693.68,43.6652,0.000626172,-10.2394,35.1616,68.5613,-45.7997,-88.9385,-45.8105,-57.8708,486,162.201,-103.746,22.983,25.6775,9.39927,5.16467,4.00941,31.4034,-101.538,18.7866,22.8739,35.1616,9.3996,4.26692,3.04872,35.107,2,-96.6968,19.2645,18.0,9.4076,3.60523,2.3942,design_1517,-31.067700000000002,3.7120999999999924,17.115999999999985,-43.12800000000001,3.650099999999995,-5.923000000000002,-45.400999999999996,-708.1800000000003,3.718499999999999,-0.008330000000000837,7.677499999999998,1.6152099999999998,Left,0.16920667613203583,0.9076000000000004,0.8992699999999996,0.008330000000000837,0.0,0.7677499999999998,0.7677499999999998,0.19241564604347636,0.2296112095835217,0.03719556354004536,0.39903333333333335,0.668235,0.2692016666666667,0.8144706862025006
LLLFALLTILVALLLSLLILI,113002300300230022021,000110011011001100000,LL-FA--TI-VA--LS--I-I,1728070000.0,366.018,-376.838,-10.8199,-74.3107,-74.2563,-74.2563,-74.3107,-224.339,-226.235,-224.335,-243.052,-373.835,4543.7,3760.41,3754.52,43.6652,0.000626172,-10.2173,-2.9563,32.8453,-78.189,-83.5611,-78.1998,-56.4723,487,193.783,-103.721,20.2918,28.1088,9.10979,4.79759,3.60197,-5.83703,-102.016,19.346,30.0558,-2.9563,9.23094,4.41413,3.20432,-3.00355,2,-97.7678,16.5989,26.8232,9.4019,3.40602,2.155,design_1829,-27.0888,0.054400000000001114,16.81699999999998,-5.3613,0.0,-1.9000000000000057,-7.260999999999999,-783.29,3.692899999999998,-0.2921099999999992,1.2855999999999987,1.4469700000000003,Left,0.16920667613203583,0.9018999999999995,0.6097900000000003,0.2921099999999992,0.88232,1.0108799999999998,0.12855999999999979,0.16575207358889923,0.2026915644042908,0.03693949081539158,0.35916666666666663,0.6003283333333334,0.24116166666666672,0.4017205510689543
LLLLLLLTFLLAVLISLLILI,103300200220030033022,000011011001101100000,LL--LL-TF--AV-IS--I--,1727980000.0,376.644,-382.18,-5.53617,-74.2372,-74.2027,-74.1751,-74.2822,-227.43,-228.699,-227.43,-244.666,-384.694,4493.89,3749.65,3675.85,41.3623,0.000923933,-10.1962,2.57007,35.8261,-80.5132,-91.9885,-80.5192,-65.7455,466,193.783,-56.2707,64.1245,20.8799,9.82283,3.5974,3.05927,-7.3976,-55.8182,63.2523,22.6952,2.57007,9.6795,3.41179,2.86057,2.51396,3,-59.7951,50.2116,27.7332,9.4677,2.24783,1.501,design_98,-26.242999999999995,0.07950000000001012,15.966999999999985,-11.469300000000004,-0.02759999999999252,-1.2690000000000055,-12.766269999999999,-744.2400000000002,13.9129,0.35512999999999906,-6.853300000000001,1.5582700000000003,Left,0.028877500655060433,0.9677000000000007,1.3228299999999997,0.35512999999999906,0.97332,0.2879899999999999,0.68533,0.5019745607752601,0.6411430846360366,0.1391685238607765,0.25016666666666665,0.5098783333333333,0.2597116666666667,0.8262036998442723
LLLLLLLLAVLTILLSFLILI,103300220020031003012,000011001101100110000,LL--LL--AV-TI-LSF-IL-,1728070000.0,373.638,-382.136,-8.49832,-74.3324,-70.6144,-74.2727,-74.3324,-223.911,-227.149,-223.911,-245.31,-381.726,4517.67,3762.24,3679.02,41.3623,0.000923933,-10.1644,-0.355776,32.864,-83.893,-94.1274,-83.899,-62.0837,534,253.054,-50.357,80.8178,18.3993,9.39272,4.96396,4.67623,-4.97613,-49.8157,77.9042,18.4915,-0.355776,9.54237,4.48942,4.15798,-0.409557,2,-48.3435,71.8712,22.4246,9.5,3.45413,3.0322,design_1959,-32.043699999999994,3.7180000000000035,18.161,-10.228399999999993,3.658299999999997,-3.2379999999999995,-9.808624,-755.4300000000003,8.946600000000004,-0.10727999999999938,-4.025300000000001,1.6440300000000003,Left,0.028877500655060433,1.0,0.8927200000000006,0.10727999999999938,0.4424600000000002,0.03993000000000002,0.40253000000000017,0.71863209151399,0.8081235070760097,0.08949141556201967,0.5053666666666666,0.7793716666666667,0.27400500000000005,0.5065835101780298
LLLLAILVLLLTLLFSLLILI,103300200320030023022,000011011001101100000,LL--AI-VL--TL-FS--I--,1728060000.0,374.407,-382.229,-7.82193,-63.057,-67.0349,-63.049,-74.2722,-223.265,-226.533,-223.262,-246.22,-384.025,4538.11,3758.32,3634.12,41.3623,0.000923933,-10.1553,1.80163,33.5403,-95.9069,-100.612,-95.9127,-63.5329,456,361.194,-55.1591,70.6584,15.1001,9.73365,4.31274,3.87262,-6.12834,-55.6554,67.7426,15.6166,1.80163,9.75459,3.99357,3.50971,1.79616,2,-60.0299,56.8654,19.5041,8.5832,3.18132,2.5343,design_1711,-37.0791,7.237300000000005,19.687000000000012,-4.699299999999994,-3.985899999999994,-3.2709999999999866,-11.95693,-779.7899999999995,13.793,1.150450000000001,-4.404000000000002,1.33832,Left,0.028877500655060433,0.08319999999999972,1.2336500000000008,1.150450000000001,0.1504100000000001,-0.2899900000000001,0.4404000000000002,0.5685314629354737,0.7065006461835162,0.13796918324804242,0.42238333333333333,0.6454366666666667,0.22305333333333333,1.2594743536639583
LLLLVLLLTILAFLLSLLILI,102300320030032003102,000011001101100110000,LL--VL--TI-AF--SL-IL-,1728080000.0,376.453,-385.327,-8.87412,-72.4835,-68.9318,-72.4287,-74.1954,-223.212,-224.67,-223.212,-246.27,-383.782,4538.45,3688.48,3605.72,41.3623,0.000923933,-10.1433,-1.49624,32.4882,-89.6309,-100.324,-89.6373,-63.3166,467,394.796,-9.32674,101.422,25.4234,9.49586,1.59104,1.61237,-7.27558,-9.1918,99.6269,24.9394,-1.49624,9.53979,1.3284,1.3228,-1.54465,1,-10.2137,94.2316,25.4728,9.5,0.753326,0.6668,design_1964,-37.0074,5.263600000000011,21.600000000000023,-10.686700000000002,3.4969000000000108,-1.4579999999999984,-8.64706,-849.9699999999998,7.190399999999997,-0.0041399999999995885,-0.049399999999998556,0.9455700000000001,Left,0.028877500655060433,1.0,0.9958600000000004,0.0041399999999995885,0.7472799999999999,0.7423400000000001,0.004939999999999833,0.9422996130901176,1.0142240396272542,0.0719244265371366,0.11113333333333332,0.26872833333333335,0.15759500000000004,0.1733518109443797
LLLLIVLLATLFLLLSLLILI,103300310020031003022,000011001101100110000,LL--IV-LAT-FL-LSL-I--,1728000000.0,376.284,-381.099,-4.81543,-74.2177,-74.2223,-74.1618,-74.2781,-222.686,-224.504,-222.686,-245.779,-383.765,4522.77,3720.36,3683.8,41.3623,0.000923933,-10.1124,2.716,36.5468,-84.1959,-95.1513,-84.2017,-63.7087,475,55.7787,-50.9121,81.5287,21.5037,9.51999,5.14319,4.86612,-3.23907,-52.0721,76.9442,25.0442,2.716,9.61868,4.69828,4.35245,2.66621,2,-53.2403,69.659,27.0707,8.9688,3.89001,3.4349,design_521,-31.442600000000006,0.055799999999990746,21.275000000000006,-10.949600000000004,-0.06050000000000466,-1.8179999999999836,-12.828399999999998,-802.4100000000003,11.869699999999995,0.5511900000000001,-5.567,1.4312199999999997,Left,0.028877500655060433,0.4687999999999999,1.01999,0.5511900000000001,0.9070699999999998,0.35036999999999985,0.5567,0.6965038070812111,0.815234526605556,0.11873071952434489,0.5724833333333333,0.81102,0.23853666666666662,0.8274793237315439
LLLLVLLLALTILLFSLLILI,13002300300230021022,000110011011001100000,LL-LV--LA-TI--FS-LI--,1728010000.0,373.516,-381.617,-8.10094,-74.2874,-74.2056,-74.2343,-74.2473,-221.521,-227.235,-221.521,-246.228,-383.093,4569.93,3771.6,3719.08,41.3623,0.000923933,-10.1052,1.52277,33.2613,-85.8081,-91.7572,-85.8142,-62.6176,504,394.796,-108.795,38.9185,18.8386,10.1259,8.07328,7.15706,-1.84817,-109.184,34.3609,19.4444,1.52277,9.89505,7.51633,6.53174,1.47576,4,-105.197,33.3011,23.7951,9.4432,6.77518,5.7747,design_649,-29.139599999999994,0.04169999999999163,18.992999999999995,-5.942999999999998,0.028700000000000614,-5.714000000000027,-11.62797,-798.3300000000004,5.6174000000000035,0.6827000000000005,-4.956500000000002,1.3823600000000003,Left,0.028877500655060433,0.9431999999999992,1.6258999999999997,0.6827000000000005,0.5795100000000002,0.08385999999999996,0.49565000000000026,0.33282152131205267,0.3890114792601099,0.056189957948057256,0.96245,1.1928433333333335,0.23039333333333345,0.8763484534810625
LLLAALLYVLFLLLTSLLILI,13003200200230021032,000110011011001100000,LL-AA--YV-FL--TS-LI--,1728030000.0,357.683,-367.964,-10.2813,-74.0549,-74.0492,-74.0366,-74.2416,-220.667,-222.803,-220.655,-246.543,-365.141,4542.68,3653.21,3679.18,49.0167,0.000253574,-10.0869,-2.80322,38.7355,-73.2424,-78.3765,-73.2535,-44.3564,497,95.1175,-103.197,31.2338,25.6342,8.99818,6.19611,5.16462,-6.16832,-103.287,27.2961,25.1007,-2.80322,9.2958,5.67796,4.5874,-2.82239,0,-103.287,27.2961,25.1007,9.2958,5.67796,4.5874,design_999,-34.02009999999999,0.19240000000000634,23.74000000000001,-5.1229999999999905,-0.012599999999991951,-2.147999999999996,-7.28368,-889.4700000000003,3.9376999999999995,-0.2976200000000002,0.5335000000000001,0.5772200000000005,Left,0.49530489253962356,0.7957999999999998,0.4981799999999996,0.2976200000000002,0.71007,0.76342,0.05335000000000001,0.2727544622672839,0.31214264851217743,0.03938818624489354,0.7645666666666666,0.86077,0.09620333333333342,0.31973488621060264
LLLALLLTVLIALLFSLLILI,13002300300220031022,000110011011001100000,LL-AL--TV-IA--FS-LI--,1728020000.0,365.932,-370.546,-4.61384,-74.0288,-70.5151,-73.9667,-74.2451,-214.907,-218.838,-214.9,-242.456,-372.824,4496.47,3687.81,3589.0,43.6652,0.000626172,-10.0711,2.33658,39.0514,-81.6106,-93.5417,-81.6211,-56.1224,486,471.669,-105.918,24.3821,24.2939,9.16981,5.67924,4.54497,-2.39136,-106.567,20.2494,23.8707,2.33658,8.88836,5.21867,4.02242,2.27778,1,-106.828,17.5545,23.8579,9.5,4.89408,3.6574,design_893,-37.41930000000001,3.7299999999999898,23.617999999999995,-11.920600000000007,3.451599999999999,-3.937999999999988,-12.40768,-808.6600000000003,6.8276,-0.33019,0.43599999999999994,0.8875700000000002,Left,0.16920667613203583,1.0,0.66981,0.33019,0.58579,0.6293900000000001,0.04360000000000008,0.17531078826386695,0.2436061841563004,0.06829539589243344,0.6095666666666667,0.757495,0.14792833333333333,0.37077412126911174
LLLLFALVLLLTLLYILLILI,103300200220030033022,000011011001101100000,LL--FA-VL--TL-YI--I--,1728060000.0,360.953,-368.894,-7.94113,-58.9506,-58.9369,-58.9369,-58.9652,-230.675,-228.487,-230.673,-251.362,-363.723,4657.84,3806.46,3702.68,43.7222,0.000620174,-10.0345,-5.16217,35.7811,-79.2683,-86.3335,-79.2749,-53.3951,472,276.595,-60.5263,81.3506,18.4454,10.2657,6.56128,6.28153,-10.3988,-60.4157,82.5843,18.9839,-5.16217,10.3035,6.71124,6.45,-5.17141,4,-58.9652,73.9841,23.2877,9.5,5.33264,4.9424,design_1772,-32.9384,0.028300000000001546,22.875,-7.058599999999998,0.0,2.186000000000007,-4.87233,-851.3800000000001,7.366500000000002,0.7657000000000007,-4.842300000000002,1.33913,Left,0.17268001974321648,1.0,1.7657000000000007,0.7657000000000007,0.5287700000000001,0.044539999999999934,0.48423000000000016,0.7397670938546547,0.8134530206578668,0.07368592680321218,0.8237333333333333,1.0469216666666668,0.22318833333333343,0.9359582420412572
LLLLIALLLLLFTLVSLLILI,103300200220030033022,000011011001101100000,LL--IA-LL--FT-VS--I--,1727980000.0,378.209,-376.233,1.97624,-74.1783,-74.1702,-74.1702,-74.1783,-223.63,-227.002,-223.628,-245.617,-383.949,4511.99,3732.37,3707.6,41.3623,0.000923933,-9.99546,7.72031,43.3385,-78.4248,-92.7726,-78.4307,-64.1543,479,177.29,-55.8182,63.2523,22.6952,9.6795,3.41179,2.86057,-3.50211,-56.731,59.3809,24.8497,7.72031,9.94273,3.02608,2.41679,7.7164,2,-59.7951,50.2116,27.7332,9.4677,2.24783,1.501,design_98,-28.61829999999999,0.008099999999998886,18.61499999999998,-14.341899999999995,0.0,-3.3740000000000236,-17.71577,-779.6199999999999,13.040700000000001,0.2118000000000002,-5.038,1.3595700000000002,Left,0.028877500655060433,0.9677000000000007,1.1795000000000009,0.2118000000000002,0.97332,0.46952,0.5038,0.5019745607752601,0.6324186068843551,0.130444046109095,0.25016666666666665,0.4767616666666667,0.22659500000000005,0.6058338247327495
LLLLLFLLAVLYILLSTLILI,103300320030021003012,000011001101100110000,LL--LF--AV-YI-LST-IL-,1728010000.0,361.937,-368.809,-6.87293,-74.221,-74.1573,-74.1573,-74.2508,-227.746,-229.555,-227.746,-248.938,-369.169,4579.4,3833.28,3759.6,45.9023,0.000429125,-9.97148,0.41702,39.0293,-66.8422,-75.4282,-66.849,-45.9801,500,87.0218,-55.8797,64.7487,22.7924,9.78005,3.62302,3.09425,-5.34053,-55.2666,63.0733,25.4907,0.41702,9.79963,3.30489,2.75099,0.35957,1,-51.7349,61.4598,27.7596,9.3652,2.5573,1.9792,design_666,-29.448100000000004,0.0934999999999917,19.38299999999998,-8.5792,0.0,-1.8089999999999975,-10.3885,-746.1199999999994,3.288899999999998,0.4148499999999995,-4.967199999999998,1.11505,Left,0.30552627249294656,0.8651999999999997,1.2800499999999992,0.4148499999999995,0.9759599999999999,0.47924000000000005,0.4967199999999999,0.6144885147381857,0.6473868578676344,0.032898343129448726,0.3298666666666667,0.5157083333333333,0.18584166666666663,0.6741295921038527
LLLLVALLTLLLFLLAILILI,112300320030032003102,000011001101100110000,LL--VA--TL-LF--AI-IL-,1728040000.0,369.229,-364.504,4.7251,-53.3406,-55.3086,-53.2811,-58.9928,-219.975,-223.876,-219.973,-244.488,-367.956,4558.62,3740.15,3617.34,41.4852,0.000904948,-9.87905,3.50366,46.2103,-91.1876,-98.6501,-91.1981,-64.4755,510,124.21,-10.5888,98.8597,26.4077,8.90167,1.43439,1.41728,-4.28482,-12.0097,93.4493,25.1792,3.50366,8.91269,0.917106,0.818845,3.45252,1,-11.554,92.31,28.0,8.6458,0.69495,0.5796,design_1171,-34.1746,3.684200000000004,20.611999999999995,-7.451999999999998,-2.0274999999999963,-3.9029999999999916,-13.38271,-818.4699999999998,6.549700000000001,0.2558699999999998,-1.5923000000000016,0.8376800000000001,Left,0.03636651696758832,0.14579999999999949,0.4016699999999993,0.2558699999999998,1.0,0.8407699999999998,0.1592300000000002,0.9230781541957916,0.9885937606280184,0.06551560643222676,0.0966,0.23621333333333336,0.13961333333333337,0.3385377782916212
LLLFALLTVLLLLLASLLILI,13003200200230021032,000110011011001100000,LL-FA--TV-LL--AS-LI--,1727980000.0,368.456,-379.513,-11.0569,-74.1606,-70.5297,-74.1047,-74.3107,-222.066,-223.119,-222.062,-243.069,-375.634,4587.21,3763.11,3675.01,44.4768,0.00054596,-9.87068,-3.83002,33.4198,-83.2856,-91.8558,-83.2968,-58.2542,476,431.524,-106.835,19.8395,24.9332,9.01361,5.20352,4.00111,-6.81819,-108.927,16.2837,24.5126,-3.83002,9.01145,5.03731,3.78156,-3.87857,2,-103.753,15.0204,24.3871,9.5,4.09069,2.816,design_260,-33.601600000000005,3.7809999999999917,19.94999999999999,-8.558999999999997,3.5749999999999886,-1.056999999999988,-6.04066,-824.0999999999999,4.819100000000001,-0.4863900000000001,0.5460999999999991,1.1851099999999999,Left,0.21866221428701998,1.0,0.5136099999999999,0.4863900000000001,0.63871,0.6933199999999999,0.054609999999999936,0.14996258937538262,0.1981672795073801,0.04820469013199749,0.4693333333333333,0.6668516666666666,0.1975183333333333,0.5299949701209434
LLLLFLLIALLLTLVSLLILI,103300300220030023022,000011011001101100000,LL--FL-IA--LT-VS--I--,1727990000.0,376.595,-379.905,-3.31002,-74.1783,-66.8784,-74.1254,-74.1783,-221.228,-218.132,-221.227,-245.067,-381.271,4528.27,3613.56,3605.93,41.3623,0.000923933,-9.86744,1.41319,38.0523,-84.4986,-106.128,-84.5046,-62.0249,531,79.6152,-56.0642,65.6727,17.56,9.24259,3.77544,3.26053,-5.28506,-58.415,61.9389,17.3735,1.41319,9.64329,3.624,3.05308,1.36529,2,-61.4585,53.4775,20.0104,9.4977,2.93824,2.2404,design_379,-44.1031,7.299899999999994,26.935000000000002,-21.623400000000004,7.247,3.094999999999999,-11.28063,-914.7100000000005,12.195200000000007,-0.25511000000000017,-2.450400000000002,1.02013,Left,0.028877500655060433,0.9977,0.7425899999999999,0.25511000000000017,0.20104000000000005,-0.04400000000000013,0.24504000000000017,0.5346428385661528,0.6566294827731076,0.12198664420695482,0.3734,0.5434216666666667,0.17002166666666668,0.4109912677916472
LLLLAVLLLLLFTLASLLILI,13300200210030032031,000011011001101100000,LL--AV-LL-LFT-AS--I-I,1728050000.0,369.883,-349.042,20.8407,-74.1783,-74.1221,-74.1221,-74.1783,-217.964,-219.295,-217.961,-242.95,-377.213,4519.68,3687.71,3629.69,44.4768,0.00054596,-9.86411,28.2188,65.3174,-56.8997,-93.6598,-56.9108,-60.0843,486,276.595,-105.153,26.9253,23.9838,9.30481,5.90789,4.81177,26.2236,-102.144,28.9914,21.1221,28.2188,9.36155,5.73545,4.67033,28.1704,2,-93.5671,33.7989,19.8302,9.2083,5.09792,4.1049,design_1595,-33.575500000000005,0.056199999999989814,23.655,-36.749,0.0,-1.3339999999999748,-38.08291,-831.9700000000003,-6.873600000000003,0.09651000000000032,4.153599999999997,0.7068700000000003,Left,0.21866221428701998,0.7082999999999995,0.8048099999999998,0.09651000000000032,0.18302000000000013,0.5983799999999999,0.4153599999999998,0.3378009354656723,0.2690454088961265,0.06875552656954581,0.6841499999999999,0.8019616666666667,0.11781166666666676,0.44771086756592493
LLLLIVLTALLLLLFSLLILI,103300200230030023022,000011011001101100000,LL--IV-TA--LL-FS--I--,1727980000.0,374.469,-380.918,-6.44902,-74.0771,-74.1718,-74.0215,-74.2428,-223.907,-226.503,-223.907,-245.291,-383.858,4527.0,3693.85,3623.62,41.3623,0.000923933,-9.85814,2.98972,34.9133,-82.9342,-93.0413,-82.9404,-64.3241,477,162.201,-53.5807,68.9316,22.7235,9.33854,3.84287,3.37685,-6.24447,-53.4872,67.0007,22.8496,2.98972,9.30814,3.56818,3.07319,2.94046,2,-56.5141,55.8639,27.886,8.9625,2.51874,1.8567,design_242,-28.717200000000005,0.07099999999999795,18.78800000000001,-10.10090000000001,-0.15030000000000143,-2.595999999999975,-12.84786,-833.1500000000001,13.067700000000002,0.3760399999999997,-5.162499999999998,1.5201500000000001,Left,0.028877500655060433,0.46250000000000036,0.8385400000000001,0.3760399999999997,0.9885999999999999,0.47235000000000016,0.5162499999999998,0.5585136178674744,0.6892277406783527,0.13071412281087824,0.30945,0.5628083333333334,0.25335833333333335,0.6994260297355692
LLLLTVLLALLYLLFSLLILI,103300300320020023022,000011011001101100000,LL--TV-LA--YL-FS--I--,1728010000.0,363.999,-369.708,-5.70847,-60.4659,-60.3977,-60.3977,-60.4659,-223.626,-224.287,-223.626,-249.651,-367.623,4559.2,3740.58,3656.59,46.7138,0.000374154,-9.85263,-2.02181,41.0053,-85.6154,-92.791,-85.6221,-57.5062,480,162.201,-56.6528,56.5505,18.9937,9.37189,2.63222,1.98048,-6.3862,-57.9523,53.087,18.0,-2.02181,9.4741,2.35959,1.6559,-2.0841,0,-57.9523,53.087,18.0,9.4741,2.35959,1.6559,design_752,-35.2848,0.06819999999999737,25.364000000000004,-7.168899999999994,0.0,-0.6610000000000014,-7.830819999999999,-818.6199999999999,3.4634999999999962,-0.10220999999999947,0.9937000000000005,0.3245800000000001,Left,0.35497571706264813,0.9741,0.8718900000000005,0.10220999999999947,0.0,0.09937000000000004,0.09937000000000004,0.5307367292311017,0.5653815683654159,0.034644839134314154,0.2759833333333333,0.33008,0.05409666666666668,0.15635854701002708
LLLLAVLLLTLFVLLSILILI,103300320020021003012,000011001101100110000,LL--AV--LT-FV-LSI-IL-,1728000000.0,369.203,-381.951,-12.7483,-74.2548,-74.3094,-74.2489,-74.3153,-221.677,-224.469,-221.673,-245.12,-378.452,4482.67,3712.32,3591.29,44.4145,0.000551732,-9.83918,-3.49577,31.6662,-86.0197,-89.512,-86.0257,-59.0162,551,13.4386,-53.09,75.782,18.0562,9.66739,4.69407,4.3308,-7.28975,-52.4561,73.4256,16.0336,-3.49577,9.65272,4.28087,3.88226,-3.49953,3,-45.8847,76.742,21.0809,9.3724,3.74287,3.394,design_572,-30.495800000000003,0.005899999999996908,20.65100000000001,-3.4863,-0.06049999999999045,-2.7959999999999923,-6.34341,-770.3499999999999,-0.960000000000008,0.29498999999999853,-3.0246999999999993,0.9367999999999999,Left,0.21486591065585248,0.8724000000000007,1.1673899999999993,0.29498999999999853,0.30809,0.005620000000000047,0.3024699999999999,0.7673539285156985,0.7577512013411809,0.0096027271745176,0.5656666666666667,0.7218,0.15613333333333335,0.4505297228229954
LLLLFALIVLLLTLYLLLILI,103300200230030023022,000011011001101100000,LL--FA-IV--LT-YL--I--,1728030000.0,361.972,-361.658,0.31399,-58.9223,-58.9087,-58.9087,-58.9223,-225.055,-223.291,-225.052,-248.148,-361.902,4636.78,3752.59,3669.99,43.7222,0.000620174,-9.83752,0.253977,44.0362,-77.6807,-89.5393,-77.6875,-54.8315,486,177.29,-64.1279,56.8378,17.2085,10.2179,3.79229,3.14486,-11.3771,-64.3629,58.4394,19.7436,0.253977,10.1189,4.04374,3.42033,0.244338,2,-65.776,50.242,23.3914,9.1145,3.14907,2.4027,design_1036,-34.7078,0.013599999999996726,24.857,-11.851799999999997,0.0,1.7609999999999957,-10.091497,-884.1899999999996,6.595800000000004,1.1034000000000006,-6.1829,0.7421600000000002,Left,0.17268001974321648,0.6144999999999996,1.7179000000000002,1.1034000000000006,0.5391400000000001,-0.07914999999999991,0.61829,0.5022786471357866,0.5682553845292063,0.0659767373934197,0.40045,0.5241433333333333,0.12369333333333332,1.2725671120566462
LLLLTFLLAVLLLLLSILILI,103300310020031003022,000011001101100110000,LL--TF-LAV-LL-LSI-I--,1727980000.0,376.447,-283.629,92.8184,-60.3862,-60.2126,-60.3315,-60.4659,-221.515,-224.829,-221.513,-246.363,-374.029,4622.64,3783.48,3707.46,41.3623,0.000923933,-9.82778,90.4512,134.181,-1.72783,-98.8155,-1.7339,-67.201,505,431.524,-55.5254,71.0439,18.8261,9.34517,4.41973,3.98539,81.1822,-58.528,63.2713,22.0772,90.4512,8.9263,3.82083,3.2699,90.4009,0,-58.528,63.2713,22.0772,8.9263,3.82083,3.2699,design_247,-31.614500000000007,0.25329999999999586,21.533999999999992,-97.0816,0.11889999999999645,-3.3160000000000025,-100.27898,-839.1600000000003,7.772599999999997,0.4188700000000001,-3.251100000000001,0.7154900000000004,Left,0.028877500655060433,0.42629999999999946,0.8451699999999995,0.4188700000000001,0.40772000000000014,0.08261000000000003,0.3251100000000001,0.6326086608596841,0.7103567413145333,0.07774808045484916,0.5449833333333333,0.6642316666666667,0.1192483333333334,0.549011400625881
LLLYALLFVLLLLLASLLILI,13002300200220031032,000110011011001100000,LL-YA--FV-LL--AS-LI--,1728030000.0,359.088,-348.606,10.4827,-60.4659,-60.4008,-60.4008,-60.4659,-223.285,-226.649,-223.278,-250.821,-362.065,4687.44,3816.13,3759.66,46.2399,0.000405334,-9.76612,13.5211,56.7226,-64.8544,-84.782,-64.8657,-50.7783,453,193.783,-109.141,21.7383,21.374,9.247,5.80583,4.63191,7.05856,-110.348,15.4522,18.0,13.5211,8.995,5.13822,3.87,13.4599,0,-110.348,15.4522,18.0,8.995,5.13822,3.87,design_950,-34.003699999999995,0.06510000000000105,24.171999999999997,-19.916299999999993,0.0,-3.3710000000000093,-23.28722,-871.3099999999995,6.286099999999999,0.25200000000000067,3.3739999999999988,0.7619100000000003,Left,0.32609821640758774,0.4949999999999992,0.7469999999999999,0.25200000000000067,0.0,0.33739999999999987,0.33739999999999987,0.15428181603575417,0.21716067363131128,0.06287885759555711,0.645,0.771985,0.12698500000000001,0.44432161882753646
LLLLALLLYVLTFLLSLLILI,102300320020033003102,000011001101100110000,LL--AL--YV-TF--SL-IL-,1727990000.0,364.631,-372.977,-8.34523,-71.1162,-71.0981,-71.0981,-74.1796,-222.648,-223.69,-222.643,-249.546,-372.36,4613.67,3654.18,3640.12,46.7138,0.000374154,-9.72881,-0.60072,38.3686,-79.2123,-87.3004,-79.2197,-48.6349,480,103.966,-12.6272,96.1626,24.1927,9.24095,1.37603,1.31847,-7.03795,-12.2191,94.63,23.2639,-0.60072,9.25599,1.10792,1.02737,-0.616537,1,-9.3919,97.4601,25.3594,9.3474,1.0659,1.0278,design_470,-38.665499999999994,3.0814999999999912,25.855999999999995,-8.080699999999993,0.0,-1.046999999999997,-9.128089999999998,-959.4900000000002,-1.2974999999999994,-0.1064500000000006,-1.1667000000000023,0.29067,Left,0.35497571706264813,0.8474000000000004,0.7409499999999998,0.1064500000000006,0.73594,0.6192699999999999,0.11667000000000016,0.9745937846348363,0.9616150986880274,0.012978685946808843,0.1713,0.219745,0.04844499999999999,0.16570713839151907
LLLLYLLLFLLAVLTSLLILI,103300300220020033022,000011011001101100000,LL--YL-LF--AV-TS--I--,1727990000.0,365.407,-371.904,-6.49679,-74.3441,-74.2795,-74.2795,-74.3441,-221.906,-220.58,-221.905,-247.152,-370.19,4577.19,3632.5,3614.3,46.7138,0.000374154,-9.71338,-1.6556,40.217,-75.6536,-85.043,-75.6605,-48.6933,491,231.516,-58.607,53.8717,16.7068,9.44747,2.56373,1.8718,-10.5932,-58.656,54.4777,16.8363,-1.6556,9.47319,2.65289,1.97005,-1.71435,4,-62.2996,46.5131,20.5619,9.0669,2.1242,1.3219,design_318,-36.349700000000006,0.06459999999999866,26.571999999999974,-9.382500000000007,0.0,1.3249999999999886,-8.057780000000001,-944.6899999999996,7.358599999999996,0.38056999999999874,-3.8551,0.5498999999999998,Left,0.35497571706264813,0.5669000000000004,0.9474699999999991,0.38056999999999874,0.25619000000000014,-0.12931999999999988,0.38551,0.46497905405135065,0.538585958412189,0.07360690436083839,0.2203166666666667,0.31196666666666667,0.09164999999999998,0.5543186663549989
LLLLTILLLLLFVLASLLILI,103300200230030023022,000011011001101100000,LL--TI-LL--FV-AS--I--,1728040000.0,376.697,-378.476,-1.77929,-60.5031,-60.4377,-60.4377,-60.5031,-220.265,-222.071,-220.264,-245.683,-377.819,4513.12,3664.86,3636.34,41.3623,0.000923933,-9.68937,-0.597129,39.583,-97.7079,-104.999,-97.7141,-71.6326,461,361.194,-54.6418,69.2603,18.1526,9.64663,4.04642,3.58532,-6.12983,-55.0869,66.2179,18.8499,-0.597129,9.76399,3.70246,3.19572,-0.656824,4,-61.6969,56.5851,25.8557,9.3461,3.39352,2.7423,design_1182,-33.3664,0.0654000000000039,23.611999999999995,-7.284899999999993,0.0,-1.806999999999988,-9.092241,-848.2599999999998,12.675200000000004,0.3005300000000002,-7.703099999999999,0.8430199999999997,Left,0.028877500655060433,0.8460999999999999,1.14663,0.3005300000000002,0.7855699999999999,0.015259999999999963,0.7703099999999999,0.5657276666573307,0.6925156744515443,0.12678800779421362,0.45705,0.5975533333333333,0.14050333333333326,0.848240627769151
LLLLYLLLFTLAVLLSILILI,103300220020031003012,000011001101100110000,LL--YL--FT-AV-LSI-IL-,1728050000.0,362.194,-369.151,-6.95682,-74.3153,-74.253,-74.253,-74.3153,-224.13,-225.21,-224.129,-247.72,-368.399,4522.47,3609.23,3554.7,45.9023,0.000429125,-9.67836,-0.695586,38.9455,-70.7055,-78.6143,-70.7123,-46.364,476,231.516,-55.5953,69.1481,19.206,9.21415,4.17429,3.71151,-3.59285,-55.7055,68.3207,20.0608,-0.695586,9.30068,4.07912,3.60393,-0.752018,4,-48.7856,70.1537,25.5312,9.2421,3.28859,2.8409,design_1436,-32.2503,0.06229999999999336,22.50999999999999,-7.902000000000001,0.0,-1.0810000000000173,-8.982774,-913.2400000000002,-1.0056000000000012,-0.027950000000000585,-6.325199999999999,0.8706100000000001,Left,0.30552627249294656,0.7421000000000006,0.7141500000000001,0.027950000000000585,0.7531199999999998,0.12059999999999996,0.6325199999999999,0.7014522124283297,0.6913933557130225,0.010058856715307152,0.4734833333333333,0.618585,0.14510166666666674,0.6496294537410257
LLLLALLTILLLVLFSLLILI,103300200230020033022,000011011001101100000,LL--AL-TI--LV-FS--I--,1728040000.0,374.626,-386.067,-11.4403,-74.3478,-74.3424,-74.3424,-74.3478,-228.459,-230.075,-228.455,-246.6,-385.02,4538.88,3763.69,3723.2,41.3623,0.000923933,-9.67316,-1.04376,29.9219,-83.2604,-90.2756,-83.2663,-64.0728,486,25.0484,-62.798,66.1381,13.1031,10.2636,4.84835,4.34042,-5.60629,-63.2172,62.4927,13.3239,-1.04376,10.2026,4.4191,3.85649,-1.04657,2,-67.0014,49.6286,18.3874,9.5,3.25007,2.4945,design_1144,-26.202799999999996,0.005400000000008731,16.525000000000006,-7.009299999999996,0.0,-1.6199999999999761,-8.629399999999999,-775.19,16.509499999999996,0.7636000000000003,-5.2843,1.84592,Left,0.028877500655060433,1.0,1.7636000000000003,0.7636000000000003,0.038739999999999955,-0.48969000000000007,0.5284300000000001,0.4961429045849021,0.6612848048845872,0.16514190029968506,0.41575,0.7234033333333333,0.3076533333333333,0.9920915510403779
LLLLTYLLAILFVLLSLLILI,103300210020031003022,000011001101100110000,LL--TY-LAI-FV-LSL-I--,1728050000.0,361.646,-364.312,-2.6656,-60.5031,-60.4405,-60.4405,-60.5031,-222.594,-220.507,-222.592,-248.847,-361.868,4564.64,3581.51,3641.66,45.9023,0.000429125,-9.67203,-2.38631,43.2367,-81.2147,-90.593,-81.2215,-52.5177,468,55.7787,-55.4597,72.8774,18.2358,9.25781,4.65741,4.25057,-8.22844,-54.0647,75.6286,20.5307,-2.38631,9.5,4.81957,4.454,-2.44378,0,-54.0647,75.6286,20.5307,9.5,4.81957,4.454,design_1398,-38.075300000000006,0.06260000000000332,28.340000000000003,-9.371499999999997,0.0,2.085000000000008,-7.2857199999999995,-983.1300000000001,-2.7512000000000114,-0.2421900000000008,-2.2948999999999984,-0.20343,Left,0.30552627249294656,1.0,0.7578099999999992,0.2421900000000008,0.25306999999999996,0.02358000000000011,0.22948999999999986,0.7562167655614195,0.7286969499337811,0.02751981562763839,0.7423333333333333,0.7084283333333333,0.03390499999999996,0.3364944954634169
LLLLFALLLLLTILLSVLILI,103300210030021003022,000011001101100110000,LL--FA-LLL-TI-LSV-I--,1727990000.0,377.761,-379.484,-1.72267,-74.1876,-74.1556,-74.1901,-74.268,-221.4,-223.738,-221.396,-246.025,-380.468,4595.51,3758.79,3701.18,41.3623,0.000923933,-9.67036,0.97874,39.6396,-83.8966,-92.245,-83.9027,-60.1747,470,193.783,-58.4101,75.0496,17.1512,10.1205,5.39322,5.01896,-5.99347,-60.0348,71.4409,18.7274,0.97874,10.2208,5.14974,4.72135,0.984271,2,-62.6534,63.9759,23.4815,9.298,4.53476,3.9944,design_486,-32.0703,0.11239999999999384,22.287000000000006,-8.342300000000009,0.0344999999999942,-2.342000000000013,-10.6491,-836.7200000000003,11.073699999999995,0.8224999999999998,-6.330300000000001,1.0245599999999997,Left,0.028877500655060433,0.798,1.6204999999999998,0.8224999999999998,0.54815,-0.08488000000000007,0.6330300000000001,0.6396566624921478,0.7504251207342885,0.11076845824214065,0.6657333333333334,0.8364933333333333,0.1707599999999999,1.057668123676487
LLLLLALVTLLILLFSLLILI,103300300220020033111,000011011001101100000,LL--LA-VT--IL-FS--ILI,1727990000.0,374.885,-376.974,-2.08977,-62.9965,-67.0461,-62.9911,-74.3007,-224.388,-226.247,-224.386,-245.904,-383.523,4543.89,3814.13,3768.22,41.3623,0.000923933,-9.66517,6.55007,39.2725,-89.5896,-99.8945,-89.5956,-63.3182,475,471.669,-46.5277,91.5613,15.8001,10.1822,5.83993,5.71335,-0.113869,-44.3096,90.681,16.867,6.55007,10.4849,5.38837,5.24859,6.54856,2,-35.7033,95.7567,20.7118,9.3829,4.78265,4.719,design_410,-36.576299999999996,7.254600000000011,19.656999999999982,-10.298899999999989,-4.054999999999993,-1.8610000000000184,-16.21524,-729.7600000000002,-4.195399999999992,0.7993000000000006,-4.9117,0.9943499999999998,Left,0.028877500655060433,0.8828999999999994,1.6822,0.7993000000000006,0.27118000000000003,-0.21998999999999996,0.49117,0.9575549456045517,0.9155890272837486,0.0419659183208031,0.7865000000000001,0.952225,0.1657249999999999,0.9536007407848995
LLLLWVLLFILALLLLTLILI,103300210030021003022,000011001101100110000,LL--WV-LFI-AL-LLT-I--,1728010000.0,376.773,-336.968,39.8051,-58.948,-58.8879,-58.8879,-58.948,-222.141,-224.798,-222.139,-251.929,-374.136,4621.65,3700.09,3590.44,47.0351,0.000354385,-9.65662,37.222,86.8402,-55.8788,-100.106,-55.8866,-63.2582,483,87.0218,-60.1119,67.7863,17.7282,9.90056,4.66793,4.18473,24.9497,-60.6709,65.7431,20.4901,37.222,9.5,4.47595,3.9621,37.1676,0,-60.6709,65.7431,20.4901,9.5,4.47595,3.9621,design_678,-36.84779999999999,0.06009999999999849,27.131,-44.21939999999999,0.0,-2.658999999999992,-46.87862,-921.5599999999995,2.043199999999999,0.40056000000000047,-2.7619000000000007,0.2226300000000001,Left,0.37455440657619726,1.0,1.4005600000000005,0.40056000000000047,0.24901000000000018,-0.027179999999999892,0.27619000000000005,0.6573336827659055,0.677771487102337,0.020437804336431498,0.66035,0.697455,0.037105000000000055,0.48838889685484727
LLLLFALILLLTVLLSLLILI,103300200230030023022,000011011001101100000,LL--FA-IL--TV-LS--I--,1728050000.0,376.174,-384.927,-8.75327,-74.2541,-74.2599,-74.2562,-74.3093,-224.726,-226.554,-224.724,-247.026,-381.295,4567.91,3788.0,3714.99,41.3623,0.000923933,-9.64882,-3.63863,32.609,-85.947,-90.1299,-85.953,-59.9593,486,135.765,-62.823,57.6542,18.8275,10.2554,3.70677,3.07158,-7.65519,-62.8002,56.4533,17.8142,-3.63863,10.3579,3.54123,2.88802,-3.63294,3,-64.8575,46.0785,19.8668,9.3427,2.44922,1.6404,design_1548,-30.170600000000007,0.04939999999999145,20.47200000000001,-4.176900000000003,-0.0036999999999949296,-1.8300000000000125,-6.010190000000001,-779.9099999999999,11.575700000000005,0.9126999999999992,-1.0393000000000008,1.43118,Left,0.028877500655060433,0.8427000000000007,1.7553999999999998,0.9126999999999992,0.18668000000000012,0.08275000000000006,0.10393000000000006,0.46063181943672005,0.576421703763869,0.11578988432714898,0.27340000000000003,0.51193,0.23852999999999996,0.9560996773937814
LLLLFALLAVLLLLLSTLILI,103300310020021003022,000011001101100110000,LL--FA-LAV-LL-LST-I--,1727980000.0,369.766,-375.149,-5.38291,-74.1762,-74.1332,-74.1209,-74.2559,-215.075,-215.196,-215.071,-240.93,-373.048,4488.37,3608.35,3603.68,44.4768,0.00054596,-9.64194,-2.05422,39.0938,-85.8986,-93.3598,-85.9096,-57.8618,481,113.638,-56.1795,68.868,16.9775,9.22755,4.2241,3.75712,-8.47822,-57.4494,67.0663,16.6373,-2.05422,9.39028,4.17135,3.67735,-2.10176,3,-58.5206,60.8961,19.5178,9.0988,3.49906,2.9125,design_134,-35.498000000000005,0.1226999999999947,25.73400000000001,-7.4502000000000095,-0.012299999999996203,-0.125,-7.58772,-880.02,7.971899999999998,0.12875000000000014,-2.540300000000002,0.8446199999999999,Left,0.21866221428701998,0.5988000000000007,0.7275500000000008,0.12875000000000014,0.1517800000000001,-0.10225000000000009,0.2540300000000002,0.6088499133753986,0.6885915600030408,0.07974164662764216,0.48541666666666666,0.6261866666666667,0.14077,0.3275404196536481
LLLLLALLFILTSLLLVLILI,102300320030032003102,000011001101100110000,LL--LA--FI-TS--LV-IL-,1728040000.0,385.977,-386.235,-0.258334,-74.2271,-74.2221,-74.2221,-74.2271,-222.685,-221.775,-222.683,-246.051,-383.144,4509.61,3707.12,3664.36,41.3623,0.000923933,-9.62884,-3.08989,41.1039,-89.323,-96.7756,-89.3289,-62.8666,468,79.6152,-15.7246,91.608,21.7218,9.39648,1.22577,1.09989,-8.61784,-15.5881,91.3617,23.0601,-3.08989,9.46829,1.17206,1.04248,-3.09085,1,-16.9063,85.2844,23.8698,9.4389,0.549334,0.3286,design_1220,-33.909,0.0049999999999954525,24.275999999999982,-7.446699999999993,0.0,0.907999999999987,-6.53895,-802.4899999999998,6.323599999999999,-0.0424199999999999,-2.1479999999999997,0.77129,Left,0.028877500655060433,0.9389000000000003,0.8964800000000004,0.0424199999999999,0.5869800000000002,0.3721800000000002,0.2148,0.8528021958236139,0.9160561599494257,0.06325396412581175,0.054766666666666665,0.183315,0.12854833333333335,0.2616567109408953
LLLYFLLAILVSLLLTLLILI,13002300200230021032,000110011011001100000,LL-YF--AI-VS--LT-LI--,1728040000.0,367.542,-363.588,3.95392,-74.2847,-74.2313,-74.2313,-74.2671,-223.679,-225.182,-223.675,-252.938,-368.38,4628.62,3703.67,3708.82,45.9023,0.000429125,-9.62428,4.8418,49.8562,-65.625,-78.5906,-65.6317,-41.1747,492,39.0787,-106.26,35.8534,20.3325,8.96343,7.27916,6.31696,-1.00406,-109.426,30.0609,18.0,4.8418,9.0516,6.97209,5.923,4.79137,0,-109.426,30.0609,18.0,9.0516,6.97209,5.923,design_1267,-37.41589999999999,0.035799999999994725,27.756,-12.9589,0.0,-1.5069999999999766,-14.466080000000002,-924.9499999999998,5.7925,-0.08816999999999986,2.3324999999999996,0.39395999999999987,Left,0.30552627249294656,0.5516000000000005,0.4634300000000007,0.08816999999999986,0.0,0.23324999999999996,0.23324999999999996,0.30041031652989447,0.35835177190322054,0.05794145537332607,0.9871666666666666,1.0528266666666666,0.06565999999999994,0.2642876449075497
LLLLAVLLYLLATLFSLLILI,103300200320030023022,000011011001101100000,LL--AV-LY--AT-FS--I--,1728050000.0,352.274,-367.792,-15.518,-74.1382,-74.1106,-74.0705,-74.1783,-225.661,-228.086,-225.659,-245.679,-363.895,4519.42,3709.1,3598.14,49.0167,0.000253574,-9.61469,-3.83843,33.4987,-67.9929,-71.3133,-68.0045,-44.0375,505,5.52122,-46.9193,102.852,15.2704,9.15823,7.42297,7.46576,-6.30047,-48.2596,99.74,15.9681,-3.83843,9.08074,7.20384,7.19994,-3.89713,4,-54.5412,83.0035,20.4417,8.8575,5.88665,5.6317,design_1427,-27.275799999999997,0.06769999999998788,17.59299999999999,-3.308800000000005,-0.04010000000000957,-2.427000000000021,-5.77626,-810.3200000000002,19.8485,0.3007299999999997,-5.1713000000000005,1.83406,Left,0.49530489253962356,0.35749999999999993,0.6582299999999996,0.3007299999999997,0.24417000000000008,-0.27296,0.5171300000000001,0.8299867162274086,1.0285281019809627,0.19854138575355407,0.9386166666666668,1.2442933333333335,0.3056766666666667,0.7005132948070193
LLLLVILLATLFLLLSYLILI,103300320020031003012,000011001101100110000,LL--VI--AT-FL-LSY-IL-,1728000000.0,359.9,-371.223,-11.3226,-74.1644,-74.1591,-74.0986,-74.2781,-221.747,-225.839,-221.747,-248.761,-371.243,4508.11,3753.32,3599.06,45.9023,0.000429125,-9.58717,0.0793147,34.5797,-75.3116,-80.832,-75.3182,-48.2041,484,1.01865,-52.5064,68.7536,17.7724,9.30215,3.65769,3.189,-5.38049,-51.2894,66.1762,20.0446,0.0793147,9.37929,3.1272,2.61984,0.0202825,1,-51.6491,61.4589,18.0,9.1276,2.54432,1.9662,design_522,-32.6279,0.11899999999999977,22.921999999999997,-5.513799999999989,-0.06049999999999045,-4.0919999999999845,-9.6664847,-754.7899999999995,7.294700000000006,0.17454999999999998,-0.22759999999999891,1.2228,Left,0.30552627249294656,0.6275999999999993,0.8021499999999993,0.17454999999999998,0.0,-0.02275999999999989,0.02275999999999989,0.6144795121814596,0.6874472350147443,0.07296772283328468,0.3277,0.5315,0.20379999999999998,0.2790061803535453
LLLLAVLTSLLLLLFILLILI,103300300220030023022,000011011001101100000,LL--AV-TS--LL-FI--I--,1728020000.0,382.475,-379.723,2.75199,-74.3512,-73.4692,-74.3531,-74.3512,-219.774,-222.025,-219.77,-246.844,-385.296,4547.15,3675.12,3698.56,41.3623,0.000923933,-9.55643,5.569,44.1143,-85.5987,-99.3578,-85.6044,-64.1007,534,51.0312,-54.9841,88.5657,22.4256,9.19124,6.70399,6.53247,-2.48574,-56.8616,81.7001,24.3474,5.569,9.44011,6.05876,5.78426,5.57258,2,-54.6553,82.9367,24.8666,8.5,5.89475,5.6388,design_852,-35.257099999999994,0.882000000000005,24.81899999999999,-13.7534,0.883899999999997,-2.2549999999999955,-15.125430000000001,-872.0299999999997,5.629000000000005,0.6912400000000005,-2.440999999999999,0.8936700000000002,Left,0.028877500655060433,0.0,0.6912400000000005,0.6912400000000005,0.6866599999999998,0.44255999999999995,0.24409999999999987,0.829318526461515,0.8856245173629311,0.05630599090141608,0.9398,1.088745,0.1489450000000001,0.750168331267317
LLLLTYLVALLLILFLLLILI,103300300220030023022,000011011001101100000,LL--TY-VA--LI-FL--I--,1728030000.0,362.635,-322.313,40.3219,-45.1579,-45.0905,-45.0905,-45.1579,-226.578,-226.966,-226.577,-249.253,-357.174,4663.77,3704.38,3653.66,43.7222,0.000620174,-9.55359,34.9242,84.0441,-50.5764,-94.6715,-50.5828,-62.763,474,72.839,-57.3587,74.5692,20.7582,9.89798,5.17065,4.78919,22.1745,-58.7317,72.0096,22.5749,34.9242,9.5,5.03106,4.6112,34.8615,0,-58.7317,72.0096,22.5749,9.5,5.03106,4.6112,design_959,-31.908499999999997,0.06739999999999924,22.286999999999978,-44.088699999999996,0.0,-0.38900000000001,-44.47779,-959.3900000000003,2.559599999999989,0.39798000000000044,-1.8167000000000009,0.17798999999999943,Left,0.17268001974321648,1.0,1.3979800000000004,0.39798000000000044,0.45748999999999995,0.27581999999999984,0.1816700000000001,0.7200164846816496,0.745619756010707,0.025603271329057375,0.7685333333333334,0.7981983333333332,0.02966499999999983,0.43923525476417496
LLLLAILVALLLTLFSLLILI,103300200320030023022,000011011001101100000,LL--AI-VA--LT-FS--I--,1728040000.0,365.144,-371.831,-6.68734,-74.1382,-66.8684,-74.0752,-74.1783,-217.821,-220.114,-217.817,-242.473,-375.578,4469.66,3645.88,3649.03,43.6652,0.000626172,-9.53548,3.80311,36.9779,-79.8722,-98.1318,-79.8827,-58.9266,469,193.783,-54.0814,93.4726,14.5527,9.18153,7.231,7.13309,-3.9097,-57.0574,87.0917,14.6093,3.80311,9.51717,6.81599,6.62237,3.74703,2,-59.42,79.0173,19.5166,9.3284,6.08034,5.7656,design_1180,-39.2052,7.309899999999999,22.35900000000001,-18.2491,7.206800000000001,-2.296999999999997,-13.33859,-823.7799999999997,14.455299999999994,-0.14686999999999983,-4.963900000000001,1.36749,Left,0.16920667613203583,0.8284000000000002,0.6815300000000004,0.14686999999999983,0.15166000000000004,-0.34473000000000004,0.4963900000000001,0.7901133922033858,0.9347074569177647,0.14459406471437886,0.9609333333333333,1.1888483333333333,0.22791499999999998,0.5838034941447559
LLLLALLLFLVSLLYTLLILI,13002200200320032031,000110011011001100000,LL-LA--LF-VS--YT--I-I,1728070000.0,368.526,-343.994,24.532,-74.1586,-74.1806,-74.1405,-74.2321,-225.05,-224.242,-225.046,-249.184,-368.606,4623.55,3728.05,3681.67,46.7138,0.000374154,-9.52815,24.6265,71.2458,-44.7857,-79.7118,-44.7929,-45.1902,492,330.452,-103.091,31.8073,22.3791,9.1331,6.25766,5.23477,19.9373,-100.88,36.6104,19.2333,24.6265,9.24513,6.57439,5.62355,24.612,1,-98.3355,34.5652,18.0,9.2738,5.91662,4.9351,design_1918,-34.5216,0.05150000000000432,24.942000000000007,-34.918899999999994,-0.04009999999999536,0.804000000000002,-34.154650000000004,-895.5,-2.757899999999996,-0.14069999999999894,4.379100000000001,0.2996699999999999,Left,0.35497571706264813,0.7737999999999996,0.6331000000000007,0.14069999999999894,0.0,0.43791000000000013,0.43791000000000013,0.3454661123759148,0.31787927771487107,0.027586834661043724,0.8225166666666667,0.8724616666666667,0.04994500000000002,0.4634837586923792
LLLLVILLATLFLLLSLLILI,103300310020031003022,000011001101100110000,LL--VI-LAT-FL-LSL-I--,1728040000.0,376.273,-384.048,-7.77509,-74.2177,-74.1524,-74.1618,-74.2781,-222.543,-223.506,-222.543,-245.404,-383.575,4510.75,3705.69,3642.99,41.3623,0.000923933,-9.4839,-0.42317,33.5872,-87.2879,-95.4002,-87.2936,-63.8934,485,113.638,-52.894,70.308,21.5,9.23182,3.92569,3.48031,-6.2824,-52.7417,67.9879,22.1866,-0.42317,9.51786,3.58963,3.10945,-0.473127,2,-54.5803,60.349,25.2446,9.5,2.83416,2.2394,design_1258,-31.5068,0.12569999999999482,21.897999999999996,-8.1066,0.009399999999999409,-0.9629999999999939,-9.06073,-805.06,9.95900000000001,-0.2681799999999992,-3.7445999999999984,1.24091,Left,0.028877500655060433,1.0,0.7318200000000008,0.2681799999999992,0.7244599999999999,0.35,0.3744599999999999,0.6033773591700043,0.7029956507648173,0.09961829159481295,0.3732333333333333,0.5800516666666666,0.20681833333333333,0.5146245534591665
LLLAYLLLLLTSLLFVLLILI,13003200200220031032,000110011011001100000,LL-AY--LL-TS--FV-LI--,1728060000.0,371.445,-381.637,-10.1924,-74.0852,-74.0078,-74.0772,-74.2819,-228.792,-228.529,-228.785,-249.994,-372.769,4626.22,3863.85,3703.35,46.7138,0.000374154,-9.46115,-8.86,36.5213,-78.7601,-79.6934,-78.767,-48.4933,492,87.0218,-108.923,8.40283,28.6635,9.85999,3.97279,2.59883,-11.8071,-109.622,8.48751,27.2366,-8.86,9.75271,4.08911,2.71642,-8.86834,3,-107.499,6.7065,26.7755,9.3626,3.5303,2.1309,design_1730,-31.2001,0.27409999999999,21.465000000000003,-0.926400000000001,0.06940000000000168,0.2560000000000002,-0.6011500000000005,-762.3700000000003,1.6963299999999997,0.49738999999999933,1.8879999999999981,0.46792999999999996,Left,0.35497571706264813,0.8626000000000005,1.3599899999999998,0.49738999999999933,0.87755,1.06635,0.18879999999999986,0.06679997119181848,0.08376809013759909,0.01696811894578061,0.35515,0.43313833333333335,0.07798833333333333,0.5379705840440242
LLLLIVLTALLFLLYSLLILI,103300300320020023022,000011011001101100000,LL--IV-TA--FL-YS--I--,1728040000.0,359.521,-364.035,-4.51401,-74.2904,-74.2283,-74.2239,-74.2428,-220.89,-227.026,-220.891,-248.533,-371.279,4539.9,3791.25,3691.31,45.9023,0.000429125,-9.46045,7.30347,41.3883,-68.8547,-79.4854,-68.8614,-48.5032,487,79.6152,-55.0646,57.7354,22.4718,9.52882,2.55397,1.92,-0.518528,-56.4817,50.3138,22.6168,7.30347,9.65524,1.76462,1.01933,7.24396,2,-59.6651,44.6829,25.8947,8.8121,1.48196,0.6522,design_1316,-30.9822,0.014499999999998181,21.506999999999977,-10.623999999999995,-0.004400000000003956,-6.135000000000019,-16.76392,-748.6499999999996,13.052500000000002,0.7167200000000005,-3.4228999999999985,1.2677999999999998,Left,0.30552627249294656,0.31209999999999916,1.0288199999999996,0.7167200000000005,0.78947,0.4471800000000002,0.3422899999999998,0.44667185480676513,0.5772339344373802,0.1305620796306151,0.1087,0.32,0.2113,0.832192375077705
LLLLTYLIALLLVLFSLLILI,103300200220030033022,000011011001101100000,LL--TY-IA--LV-FS--I--,1728070000.0,359.885,-362.26,-2.37466,-60.4244,-60.3621,-60.3621,-60.5031,-222.437,-226.04,-222.435,-247.195,-361.503,4586.43,3730.35,3615.13,45.9023,0.000429125,-9.43487,-0.699398,43.5276,-79.3983,-84.536,-79.405,-53.8043,479,302.327,-59.0388,57.6261,17.5369,9.71964,3.13535,2.49974,-5.19216,-58.9262,54.0039,16.478,-0.699398,9.69362,2.62946,1.93952,-0.756756,2,-62.9287,49.9353,22.2357,9.4373,2.68057,1.9296,design_1827,-30.731700000000004,0.14100000000000534,21.155,-5.131,0.0,-3.6049999999999898,-8.735472,-856.0800000000004,7.690800000000003,0.2823399999999996,-4.698800000000002,0.5701400000000001,Left,0.30552627249294656,0.9373000000000005,1.21964,0.2823399999999996,0.4235700000000001,-0.04631000000000007,0.4698800000000002,0.49921077586034435,0.5761406239371982,0.07692984807685388,0.3216,0.41662333333333335,0.09502333333333335,0.5616500025842657
LLLLTFLVALLLLLISLLILI,103300200220030033022,000011011001101100000,LL--TF-VA--LL-IS--I--,1727980000.0,376.198,-376.38,-0.181393,-60.3103,-60.3438,-60.2556,-60.4659,-218.831,-219.488,-218.83,-246.653,-373.852,4614.98,3659.39,3670.24,41.3623,0.000923933,-9.40058,-2.47661,41.1809,-97.2378,-103.421,-97.2436,-66.7331,468,211.811,-51.3237,86.4805,18.4539,9.03152,5.87343,5.67064,-8.92144,-50.117,87.5658,18.2434,-2.47661,8.99336,5.83893,5.65242,-2.52716,1,-51.8031,86.3022,19.9242,8.6827,5.92127,5.7158,design_108,-36.68790000000001,0.1220999999999961,27.164999999999992,-6.177400000000006,-0.0882000000000005,-0.657999999999987,-6.92397,-955.5899999999997,0.17830000000000723,0.3488199999999999,-1.4702999999999982,-0.04516000000000009,Left,0.028877500655060433,0.18270000000000053,0.5315200000000004,0.3488199999999999,0.1924199999999999,0.04539000000000008,0.14702999999999983,0.8629830871967639,0.8647665937126144,0.0017835065158505747,0.9526333333333333,0.9451066666666667,0.0075266666666666815,0.3786199214338874
LLLLAILLLVLLTLLSFLILI,103300210030031003022,000011001101100110000,LL--AI-LLV-LT-LSF-I--,1728030000.0,374.597,-386.391,-11.7935,-74.2109,-74.2037,-74.2037,-74.2109,-232.034,-231.882,-232.032,-246.567,-385.005,4546.14,3838.49,3744.9,41.3623,0.000923933,-9.37934,-1.38207,29.5688,-80.1456,-88.2994,-80.1516,-64.2273,494,253.054,-51.5371,90.8218,23.6056,9.92045,6.49151,6.35384,-8.05968,-52.3201,89.96,24.3581,-1.38207,10.0378,6.49261,6.34201,-1.38518,4,-52.2651,77.3882,26.861,9.4045,4.78718,4.448,design_951,-24.072100000000006,0.007199999999997431,14.685000000000002,-8.147800000000004,0.0,0.15000000000000568,-7.997269999999999,-707.6500000000005,13.433599999999998,0.5159500000000001,-3.2554000000000016,1.9058399999999995,Left,0.028877500655060433,0.9045000000000005,1.4204500000000007,0.5159500000000001,0.8861000000000001,0.56056,0.32554000000000016,0.7738177642450456,0.908191926507128,0.13437416226208243,0.7413333333333334,1.0589733333333333,0.3176399999999999,0.7008083041628692
LLLYFLLAVLTALLLSLLILI,13002300200220031032,000110011011001100000,LL-YF--AV-TA--LS-LI--,1728050000.0,354.354,-361.652,-7.29847,-74.3124,-74.1996,-74.1996,-74.3124,-220.12,-221.652,-220.116,-249.983,-362.231,4656.9,3762.06,3749.04,49.0167,0.000253574,-9.3716,0.682758,41.7183,-67.2203,-75.7508,-67.2322,-37.9359,499,211.811,-108.253,8.62347,25.6246,8.92077,3.90213,2.53148,-4.28226,-105.956,8.76359,28.7579,0.682758,9.13067,3.57646,2.20791,0.578615,1,-101.608,13.1544,25.66,9.0811,3.51708,2.2144,design_1554,-37.8149,0.1127999999999929,28.331000000000017,-8.518599999999992,0.0,-1.535999999999973,-10.054358,-894.8399999999997,-4.5309300000000015,-0.16033000000000008,-0.03539999999999921,0.31708000000000025,Left,0.49530489253962356,0.5810999999999993,0.4207699999999992,0.16033000000000008,0.766,0.7624600000000001,0.0035399999999998766,0.13129728842991412,0.08597511693320903,0.04532217149670509,0.36906666666666665,0.42191333333333336,0.05284666666666671,0.1748288017088562
LLLLLLLLTVLIALLSFLILI,102300320020033003102,000011001101100110000,LL--LL--TV-IA--SF-IL-,1728000000.0,374.329,-382.591,-8.26158,-70.9443,-72.505,-70.8842,-74.2984,-225.528,-228.668,-225.528,-245.781,-383.42,4531.27,3798.61,3589.28,41.3623,0.000923933,-9.35518,0.883452,33.1007,-86.1185,-91.6025,-86.1247,-63.3414,473,162.201,-10.9523,103.547,21.0629,9.50779,2.12175,2.17497,-6.82776,-9.64213,103.115,20.7308,0.883452,9.10133,1.86691,1.91364,0.829582,4,-15.4674,86.8993,20.4362,8.9034,0.551511,0.355,design_610,-28.261100000000006,1.7934000000000054,17.113,-5.477800000000002,-1.6207999999999885,-3.140000000000015,-10.238632,-732.6600000000003,16.6477,0.6043900000000004,0.6266999999999996,1.81997,Left,0.028877500655060433,0.40339999999999954,1.00779,0.6043900000000004,0.24361999999999995,0.3062899999999999,0.06266999999999995,0.8689557834424976,1.035480076341681,0.16652429289918336,0.059166666666666666,0.362495,0.30332833333333337,0.6992518994814039
LLLLFVLLALLLILTSLLILI,103300300220020033022,000011011001101100000,LL--FV-LA--LI-TS--I--,1728020000.0,375.979,-380.939,-4.96001,-74.2364,-74.1908,-74.1908,-74.2364,-219.103,-221.707,-219.102,-245.246,-381.382,4499.07,3642.42,3650.34,41.3623,0.000923933,-9.33939,0.483988,36.4023,-87.5996,-94.8237,-87.6056,-61.8999,458,330.452,-59.7764,65.6942,16.467,9.72077,4.33517,3.82059,-5.15217,-59.24,63.8818,15.5527,0.483988,9.73414,4.01005,3.46827,0.443539,2,-62.3156,54.0311,20.681,9.408,3.14153,2.452,design_915,-32.9238,0.04560000000000741,23.539000000000016,-7.218100000000007,0.0,-2.6049999999999898,-9.823378,-856.6499999999996,11.663099999999993,0.31277000000000044,-4.214000000000002,1.3685900000000002,Left,0.028877500655060433,0.9079999999999995,1.22077,0.31277000000000044,0.2681000000000001,-0.15330000000000013,0.4214000000000002,0.5401804112367913,0.6568445438504534,0.11666413261366215,0.4086666666666667,0.636765,0.22809833333333335,0.5839883581099395
LLLLAALLFTLVSLLLILILI,102300320020033003102,000011001101100110000,LL--AA--FT-VS--LI-IL-,1727990000.0,374.578,-372.521,2.05692,-74.1611,-74.2158,-74.1553,-74.2216,-218.667,-216.801,-218.659,-243.079,-372.325,4512.93,3657.44,3635.01,43.6652,0.000626172,-9.32301,-0.193996,45.7222,-79.6934,-90.6311,-79.7041,-55.0244,512,35.7526,-12.2191,94.63,23.2639,9.25599,1.10792,1.02737,-4.82496,-9.3919,97.4601,25.3594,-0.193996,9.3474,1.0659,1.0278,-0.196403,0,-9.3919,97.4601,25.3594,9.3474,1.0659,1.0278,design_470,-35.606700000000004,0.005799999999993588,26.27800000000002,-10.927000000000007,-0.06050000000000466,1.858000000000004,-9.129014,-855.4900000000002,-2.8301000000000016,-0.09140999999999977,-2.0955000000000013,-0.0004300000000001525,Left,0.16920667613203583,0.8474000000000004,0.7559900000000006,0.09140999999999977,0.73594,0.5263899999999999,0.20955000000000013,0.9745937846348363,0.9462847448675423,0.02830903976729393,0.1713,0.17122833333333332,7.166666666669208e-05,0.23036579057806597
LLLLALLLFVLTYLLSILILI,102300320030032003102,000011001101100110000,LL--AL--FV-TY--SI-IL-,1728020000.0,361.308,-368.042,-6.73319,-71.0807,-71.0337,-71.0648,-74.1771,-223.62,-226.557,-223.615,-249.647,-370.313,4562.17,3709.44,3627.99,45.9023,0.000429125,-9.29763,2.28474,39.1691,-73.3406,-82.0198,-73.3479,-46.4887,485,13.4386,-12.7572,95.0222,27.6836,9.45551,1.24157,1.1669,-4.34772,-13.802,90.1233,26.0641,2.28474,9.3441,0.73695,0.5888,2.27129,0,-13.802,90.1233,26.0641,9.3441,0.73695,0.5888,design_825,-35.5311,3.1433999999999997,23.090000000000003,-8.671900000000008,0.03110000000000923,-2.941999999999979,-11.582370000000001,-852.73,4.898899999999998,0.11141000000000112,1.6194999999999986,0.5781000000000001,Left,0.30552627249294656,0.8440999999999992,0.9555100000000003,0.11141000000000112,0.80641,0.9683599999999999,0.16194999999999993,0.9012049422035858,0.950207859031965,0.049002916828379206,0.09813333333333334,0.19448333333333334,0.09635,0.22433144888242773
LLLLLVLTALLLILFSLLILI,103300200330020023022,000011011001101100000,LL--LV-TA--LI-FS--I--,1727980000.0,374.647,-381.684,-7.03744,-74.2096,-74.13,-74.1565,-74.2399,-229.707,-232.973,-229.707,-245.783,-385.039,4521.64,3775.86,3798.55,41.3623,0.000923933,-9.27137,3.40115,34.3248,-77.7679,-87.2068,-77.7741,-65.016,491,253.054,-56.4489,74.457,22.5363,10.2646,5.01904,4.63589,-2.68106,-57.1106,70.2844,25.166,3.40115,10.3568,4.55499,4.10926,3.3543,4,-60.6875,54.8652,25.5985,8.9175,3.00992,2.3329,design_33,-22.190799999999996,0.10990000000001032,12.809999999999974,-9.432699999999997,0.026499999999998636,-3.2660000000000196,-12.672519999999999,-745.7800000000002,19.591799999999992,1.3470999999999993,-3.0622000000000007,2.30299,Left,0.028877500655060433,0.4175000000000004,1.7645999999999997,1.3470999999999993,0.7598500000000001,0.4536300000000001,0.30622000000000005,0.5485237807537341,0.7444974372721852,0.1959736565184511,0.38881666666666664,0.7726483333333333,0.3838316666666666,1.4471287160392199
LLLLFLLVALLLTLISLLILI,103300300220020033022,000011011001101100000,LL--FL-VA--LT-IS--I--,1728030000.0,375.153,-380.607,-5.45433,-74.1783,-74.1253,-74.1253,-74.1783,-217.892,-222.209,-217.891,-245.172,-381.618,4529.84,3651.77,3669.96,41.3623,0.000923933,-9.17761,1.0594,35.9079,-88.5371,-94.4615,-88.5428,-62.2678,496,302.327,-59.4947,69.0353,18.2984,9.90305,4.74397,4.27951,-2.27918,-59.017,65.123,17.216,1.0594,9.94352,4.14416,3.62101,1.01119,3,-61.7768,57.1172,21.5473,9.5,3.47734,2.8341,design_1034,-32.1937,0.05299999999999727,22.962999999999994,-5.918700000000001,0.0,-4.318000000000012,-10.23701,-878.0700000000002,11.91810000000001,0.40305000000000035,-3.248899999999999,1.4454100000000003,Left,0.028877500655060433,1.0,1.4030500000000004,0.40305000000000035,0.35473,0.02984000000000009,0.3248899999999999,0.5710501782506232,0.6902650352700167,0.1192148570193935,0.47235,0.7132516666666667,0.24090166666666674,0.5833083316196782
LLLLLLLLYVLATLLIFLILI,103300210020031003032,000011001101100110000,LL--LL-LYV-AT-LIF-I--,1728010000.0,361.233,-374.197,-12.964,-58.9549,-58.8779,-58.8779,-58.9549,-233.056,-231.952,-233.056,-250.588,-368.367,4570.87,3847.74,3758.45,43.7222,0.000620174,-9.15771,-5.75998,30.7583,-82.1854,-86.695,-82.1923,-58.8234,488,471.669,-53.8342,84.7901,32.2313,9.67983,6.0218,5.79365,-10.1022,-56.0849,83.1353,31.7564,-5.75998,9.72134,6.13601,5.88304,-5.83013,4,-59.3359,70.5668,28.0,9.3632,4.9269,4.4854,design_747,-27.871599999999994,0.07700000000000529,18.635999999999996,-4.50269999999999,0.0,1.1040000000000134,-3.39773,-723.1300000000001,14.223299999999995,0.31662999999999997,4.231299999999997,1.3082500000000001,Left,0.17268001974321648,0.8632000000000009,1.1798300000000008,0.31662999999999997,1.0,1.4231299999999998,0.4231299999999998,0.7055843859656142,0.8478577916128179,0.1422734056472037,0.7475666666666667,0.9656083333333334,0.2180416666666667,0.5891327899185644
LLLVALLTLLILLLFSLLILI,13002200300230022031,000110011011001100000,LL-VA--TL-IL--FS--I-I,1728050000.0,376.839,-383.339,-6.50068,-68.6524,-70.6624,-68.6542,-74.3107,-222.818,-224.827,-222.815,-246.69,-382.974,4587.81,3762.98,3676.17,41.3623,0.000923933,-9.13706,-0.369644,34.8616,-91.8684,-96.6215,-91.8741,-61.9729,516,124.21,-99.4479,41.3432,26.8346,9.31529,6.99851,6.11866,-6.21938,-99.3647,39.3404,25.3207,-0.369644,9.47675,6.71567,5.80577,-0.365694,3,-93.6649,41.1224,21.9168,9.3657,6.10126,5.2181,design_1442,-34.648599999999995,3.648299999999992,21.863,-4.747399999999999,-2.008200000000002,-2.0120000000000005,-8.767416,-824.8300000000004,0.2208000000000041,-0.050410000000001176,4.9178,0.9005600000000005,Left,0.028877500655060433,0.8657000000000004,0.8152899999999992,0.050410000000001176,0.39167999999999986,0.8834599999999998,0.49177999999999994,0.41105674011419246,0.41326536736433156,0.0022086272501390947,0.8696833333333333,1.0197766666666668,0.15009333333333352,0.5166445811633383
LLLLVALTLLLTLLFILLILI,103300300220030023022,000011011001101100000,LL--VA-TL--TL-FI--I--,1728050000.0,372.049,-382.819,-10.7698,-72.7031,-72.7017,-72.7017,-72.7759,-234.148,-235.666,-234.147,-247.584,-381.129,4572.6,3903.84,3937.14,46.0625,0.000417668,-9.11255,-1.69332,35.2927,-75.9674,-81.8743,-75.9736,-60.7691,465,124.21,-65.8633,58.1942,38.3452,10.1801,4.23571,3.60863,-6.4955,-65.9167,56.405,37.6999,-1.69332,10.3654,4.00218,3.34825,-1.68947,4,-63.8201,47.2306,28.0,8.7037,2.44914,1.6576,design_1493,-21.105200000000004,0.0741999999999905,11.918000000000006,-5.9007000000000005,0.0,-1.5190000000000055,-7.419230000000001,-668.7600000000002,10.9636,1.4764,10.345199999999998,1.9510299999999998,Left,0.3152881961159488,0.20369999999999955,1.6800999999999995,1.4764,1.0,2.0345199999999997,1.0345199999999997,0.4721560923302219,0.5818232377995352,0.10966714546931328,0.27626666666666666,0.6014383333333333,0.32517166666666664,1.8351436145430593
LLLLYLLLLVLATLLSFLILI,103300310020021003022,000011001101100110000,LL--YL-LLV-AT-LSF-I--,1727980000.0,363.216,-371.826,-8.61001,-74.2109,-74.147,-74.147,-74.2109,-221.675,-221.848,-221.673,-248.481,-371.758,4572.35,3753.53,3642.87,46.7138,0.000374154,-9.10272,-0.00973611,38.1038,-75.9407,-84.8663,-75.9476,-49.0666,492,124.21,-57.4494,67.0663,16.6373,9.39028,4.17135,3.67735,-6.15522,-57.1676,65.1812,17.6668,-0.00973611,9.43768,3.87459,3.35231,-0.0678305,2,-58.5206,60.8961,19.5178,9.0988,3.49906,2.9125,design_134,-35.799699999999994,0.06389999999998963,26.63299999999998,-8.918700000000001,0.0,-0.17500000000001137,-9.09298389,-818.8200000000002,6.170200000000001,0.29147999999999996,-2.8805000000000014,0.76485,Left,0.35497571706264813,0.5988000000000007,0.8902800000000006,0.29147999999999996,0.1517800000000001,-0.13627000000000003,0.28805000000000014,0.6088499133753986,0.6705694417214488,0.06171952834605021,0.48541666666666666,0.6128916666666667,0.12747500000000006,0.43358109818609364
LLLLALLITLLFLLVSLLILI,103300300320020023022,000011011001101100000,LL--AL-IT--FL-VS--I--,1728040000.0,377.186,-381.829,-4.64277,-66.155,-68.7653,-66.1494,-74.2355,-220.17,-221.771,-220.166,-246.784,-380.726,4587.99,3605.1,3675.84,41.3623,0.000923933,-9.08997,-1.09957,36.7195,-95.504,-99.2791,-95.5097,-59.7067,493,124.21,-54.9128,80.462,13.1106,9.29725,5.59929,5.30622,-8.27755,-55.9206,79.0903,14.9829,-1.09957,9.30425,5.56528,5.25164,-1.10346,4,-60.2802,70.8965,20.6302,8.8113,5.11305,4.6765,design_1196,-39.5724,5.4702000000000055,25.013000000000005,-3.7694000000000045,-2.6158999999999963,-1.6049999999999898,-7.990399999999999,-982.8899999999999,9.5655,0.48595000000000077,-7.519599999999999,0.6297199999999998,Left,0.028877500655060433,0.31129999999999924,0.79725,0.48595000000000077,0.26301999999999987,-0.48894000000000004,0.75196,0.7088823225796126,0.804564496316954,0.09568217373734145,0.7794166666666666,0.88437,0.10495333333333334,0.9065106312939089
LLLLFALLTLLLILVSLLILI,103300300320020023022,000011011001101100000,LL--FA-LT--LI-VS--I--,1728000000.0,376.925,-380.353,-3.42768,-67.8922,-70.673,-67.8943,-74.2956,-223.687,-223.963,-223.684,-246.216,-381.05,4589.02,3708.27,3641.37,41.3623,0.000923933,-9.07866,0.691853,37.9346,-88.7736,-95.4922,-88.7797,-60.5384,487,394.796,-60.4186,54.8993,17.0719,9.96738,2.9742,2.29769,-7.70989,-60.9104,53.3853,17.1809,0.691853,10.0474,2.84358,2.14436,0.697063,4,-61.5515,46.3798,18.2502,9.5,1.994,1.1897,design_598,-34.953799999999994,3.6225999999999914,22.253000000000014,-6.7124999999999915,-2.7787000000000006,-0.27899999999999636,-9.770513,-880.7500000000005,8.519499999999994,0.46738000000000035,-1.1783000000000001,1.1079899999999998,Left,0.028877500655060433,1.0,1.4673800000000004,0.46738000000000035,0.025019999999999952,-0.09281000000000006,0.11783000000000002,0.4636456753718057,0.5488648776252456,0.08521920225343993,0.19828333333333334,0.3829483333333333,0.18466499999999994,0.5231552809230859
LLLVALLTILLLLLFSLLILI,13002200200330032021,000110011011001100000,LL-VA--TI-LL--FS--I-I,1728020000.0,377.177,-389.397,-12.2204,-68.6059,-70.6625,-68.6078,-74.3107,-226.171,-226.194,-226.168,-246.686,-386.574,4554.4,3758.01,3676.16,41.3623,0.000923933,-9.07254,-2.82741,29.1419,-94.6199,-98.7908,-94.6257,-65.578,478,394.796,-100.108,42.5717,26.5159,9.36402,7.26345,6.40203,-7.94103,-100.058,42.3196,25.4403,-2.82741,9.43747,7.22179,6.35658,-2.82255,3,-95.9055,38.9238,24.4134,9.4674,6.14054,5.2244,design_937,-33.2128,3.6482000000000028,20.49200000000002,-4.16510000000001,-2.054699999999997,-0.025999999999982037,-6.24513,-796.3899999999994,3.6479,-0.10337999999999958,2.102499999999999,1.1776299999999997,Left,0.028877500655060433,0.9673999999999996,0.86402,0.10337999999999958,0.6413399999999999,0.8515899999999998,0.21024999999999994,0.3890644943163859,0.42555385729547196,0.03648936297908606,0.8707333333333334,1.067005,0.19627166666666662,0.3078092390535581
LLLIALLLVLFLLLTSLLILI,13002200200230031032,000110011011001100000,LL-IA--LV-FL--TS-LI--,1728030000.0,377.899,-386.002,-8.10346,-74.1279,-74.1375,-74.1203,-74.2416,-224.182,-226.092,-224.18,-245.793,-384.694,4583.2,3769.2,3755.26,41.3623,0.000923933,-9.05817,-1.30357,33.2588,-87.6918,-93.5227,-87.6974,-64.6592,511,253.054,-109.157,24.8367,21.9449,9.71601,6.22652,5.09907,-5.44132,-110.123,21.5019,24.4876,-1.30357,9.50701,5.92114,4.74366,-1.30852,2,-109.256,17.1189,24.9032,9.5,5.19952,3.9563,design_980,-28.863500000000002,0.10410000000000252,19.700999999999993,-5.825299999999999,-0.017200000000002547,-1.9120000000000061,-7.754600000000001,-814.0,7.7178,0.2160100000000007,-2.9582999999999977,1.14277,Left,0.028877500655060433,1.0,1.2160100000000007,0.2160100000000007,0.6903199999999998,0.39449000000000006,0.29582999999999976,0.17095355080842958,0.24815347558706674,0.07719992477863716,0.6593833333333333,0.8498450000000001,0.19046166666666675,0.42001331390239505
LLLLLVLTALLYILFLLLILI,103300300320020023022,000011011001101100000,LL--LV-TA--YI-FL--I--,1728060000.0,362.521,-334.592,27.9291,-58.892,-58.8316,-58.8229,-58.9371,-229.89,-231.851,-229.89,-250.726,-366.942,4611.83,3784.94,3769.98,43.7222,0.000620174,-9.05332,32.4124,71.6513,-45.8101,-85.3125,-45.8168,-57.2785,512,1.89867,-59.04,61.2228,22.7886,10.1779,3.62108,3.03942,13.6369,-59.6919,56.6694,25.2907,32.4124,9.83952,3.10416,2.4542,32.35,1,-63.9618,46.3315,24.4136,8.6824,2.34903,1.544,design_1714,-28.034,0.10549999999999926,18.875,-39.4957,-0.008700000000004593,-1.9610000000000127,-41.46572,-826.8899999999999,14.891300000000001,1.4954999999999998,-1.625,1.4954199999999997,Left,0.17268001974321648,0.18239999999999945,1.6778999999999993,1.4954999999999998,0.6413599999999999,0.4788599999999999,0.16250000000000003,0.4631625381608377,0.6121178414669767,0.148955303306139,0.25733333333333336,0.50657,0.2492366666666666,1.5320682420813163
LLLALLLTILVLLLFSLLILI,13003200200230021032,000110011011001100000,LL-AL--TI-VL--FS-LI--,1728030000.0,376.7,-386.911,-10.2106,-74.1084,-70.5807,-74.1031,-74.2451,-223.516,-223.983,-223.509,-246.495,-383.239,4551.51,3725.67,3682.34,41.3623,0.000923933,-9.04104,-3.66541,31.1517,-89.2868,-97.717,-89.2924,-62.4992,511,9.41515,-106.139,9.63911,25.3973,9.75376,3.72211,2.3667,-7.13185,-106.998,6.90998,24.5604,-3.66541,10.0044,3.48254,2.08619,-3.67159,4,-99.8584,9.2683,21.3829,9.3043,2.72998,1.369,design_1025,-35.2178,3.6644000000000005,22.512,-8.424599999999998,3.5224000000000046,-0.47400000000001796,-5.375630000000001,-825.8400000000001,0.37081000000000053,0.4494600000000002,4.014400000000002,0.9976999999999998,Left,0.028877500655060433,0.8042999999999996,1.2537599999999998,0.4494600000000002,0.3382899999999999,0.7397300000000001,0.4014400000000002,0.09242524877065088,0.09613440217021636,0.0037091533995654846,0.22816666666666666,0.39444999999999997,0.1662833333333333,0.6251657939805938
LLLLVILLALLFLLLSTLILI,103300220020021003012,000011001101100110000,LL--VI--AL-FL-LST-IL-,1728030000.0,377.427,-383.6,-6.17309,-74.2559,-74.1467,-74.2,-74.2559,-220.675,-223.985,-220.675,-246.093,-384.509,4519.37,3715.38,3667.49,41.3623,0.000923933,-9.03361,0.959355,35.1892,-88.6692,-95.4113,-88.6751,-64.1602,481,162.201,-51.8336,76.3168,17.9967,9.57285,4.57781,4.22256,-2.14325,-51.7708,72.3473,18.9822,0.959355,9.88956,4.03251,3.61772,0.909476,3,-44.3118,75.9869,21.9771,9.4926,3.405,3.0448,design_1035,-31.251099999999994,0.1092000000000013,22.107999999999976,-6.736199999999997,0.05330000000000723,-3.3100000000000023,-9.992965,-803.9899999999998,0.329899999999995,0.08025000000000126,-3.9803999999999995,1.1777599999999997,Left,0.028877500655060433,0.9925999999999995,1.0728500000000007,0.08025000000000126,0.39771,-0.00032999999999994145,0.39803999999999995,0.759800783422492,0.7631007206046517,0.0032999371821597068,0.5074666666666666,0.7037599999999999,0.19629333333333332,0.4510186984998709
LLLLAILLLLLFVLASLLILI,13300300210030022031,000011011001101100000,LL--AI-LL-LFV-AS--I-I,1727990000.0,370.953,-372.68,-1.7273,-60.5031,-60.4377,-60.4377,-60.5031,-221.792,-224.815,-221.79,-243.439,-373.648,4528.57,3645.92,3658.75,40.8884,0.00100093,-8.99889,1.024,39.1611,-90.3856,-97.3937,-90.3963,-69.7054,500,6.59628,-95.5499,50.9908,28.4968,9.16109,7.71625,6.98111,-4.52525,-95.4537,47.9755,28.5941,1.024,9.03991,7.29474,6.51437,0.967135,4,-91.1821,44.0992,25.6758,9.1358,6.13071,5.2922,design_430,-27.688299999999998,0.0654000000000039,18.623999999999995,-6.997399999999999,0.0,-3.0250000000000057,-10.02289,-882.6499999999996,6.891599999999997,0.025290000000000035,2.8210000000000015,1.68891,Left,0.0,0.6357999999999997,0.6610899999999997,0.025290000000000035,0.7675799999999999,1.04968,0.2821,0.44083319662784237,0.5097687743319103,0.06893557770406789,0.8820333333333333,1.1635183333333334,0.2814850000000001,0.4052232880750977
LLLLFVLTALLLLLISLLILI,103300200230020033022,000011011001101100000,LL--FV-TA--LL-IS--I--,1728080000.0,375.46,-384.93,-9.46993,-74.2306,-73.9986,-74.1849,-74.323,-222.665,-219.371,-222.665,-245.421,-381.563,4536.35,3659.43,3669.62,41.3623,0.000923933,-8.95355,-3.32697,31.8924,-88.0337,-97.1471,-88.0399,-61.8183,479,124.21,-50.5245,93.2761,21.23,9.17193,6.67095,6.57009,-10.1835,-49.8474,95.7345,21.1331,-3.32697,9.24713,6.90126,6.83728,-3.36696,3,-48.6486,88.3401,27.8474,8.7613,5.7232,5.5483,design_1982,-35.328799999999994,0.32439999999999714,26.049999999999983,-9.107199999999992,0.1863000000000028,3.2939999999999827,-5.62658,-876.9200000000005,4.935999999999993,0.4106299999999994,-6.6174,1.0217900000000002,Left,0.028877500655060433,0.2613000000000003,0.6719299999999997,0.4106299999999994,0.9847400000000001,0.32300000000000006,0.66174,0.8833678764769195,0.9327418986992305,0.04937402222231102,0.9247166666666667,1.095015,0.17029833333333333,0.7987215665715555
LLLLVLLTALLFILLSLLILI,103300200230030023022,000011011001101100000,LL--VL-TA--FI-LS--I--,1728020000.0,375.906,-384.275,-8.36854,-74.2427,-74.2191,-74.1894,-74.2724,-224.851,-227.362,-224.851,-245.839,-383.826,4549.86,3773.5,3653.1,41.3623,0.000923933,-8.92108,-0.401797,32.9937,-85.1813,-91.166,-85.1873,-63.7149,483,162.201,-52.8022,70.4158,22.0032,9.77972,3.92646,3.4827,-7.53672,-52.8105,68.0277,22.6915,-0.401797,9.44581,3.60532,3.12573,-0.449087,2,-56.3184,56.1309,28.0,8.9505,2.52544,1.8674,design_933,-27.451099999999997,0.05330000000000723,18.477000000000004,-5.9787000000000035,-0.029699999999991178,-2.5109999999999957,-8.519283,-776.3599999999997,14.284900000000007,0.8292199999999994,-5.9968,1.6153,Left,0.028877500655060433,0.4504999999999999,1.2797199999999993,0.8292199999999994,1.0,0.40031999999999995,0.59968,0.5611843763628871,0.704073957003789,0.14288958064090196,0.3112333333333333,0.58045,0.2692166666666667,1.0677625937758088
LLLLLVLILLLFALTSLLILI,103300200230030023022,000011011001101100000,LL--LV-IL--FA-TS--I--,1728060000.0,376.602,-379.09,-2.4885,-74.3242,-74.2706,-74.2706,-74.3824,-220.66,-219.738,-220.66,-244.631,-380.062,4536.68,3651.96,3641.85,41.3623,0.000923933,-8.88262,1.01954,38.8738,-84.1059,-94.9361,-84.1119,-61.0489,482,302.327,-56.6728,63.216,18.8045,9.63535,3.53509,2.98333,-6.34535,-56.1149,63.0852,22.2517,1.01954,9.88032,3.43374,2.88002,0.972085,2,-61.5121,52.1772,26.5133,8.57,2.77074,2.0534,design_1770,-33.88719999999999,0.11180000000000234,24.893,-10.82419999999999,0.0,0.921999999999997,-9.902159999999999,-884.7200000000003,11.038800000000002,1.0653500000000005,-7.7088,0.9299300000000001,Left,0.028877500655060433,0.07000000000000028,1.1353500000000007,1.0653500000000005,0.8513300000000001,0.08045000000000009,0.77088,0.5216361446650849,0.6320555037630687,0.11041935909798384,0.34223333333333333,0.4972216666666667,0.15498833333333334,1.3286987676795123
LLLLYVLIALLLTLFSLLILI,103300200220030033022,000011011001101100000,LL--YV-IA--LT-FS--I--,1728050000.0,359.845,-371.549,-11.7035,-74.1783,-66.8783,-74.1252,-74.1783,-224.981,-223.183,-224.98,-248.301,-368.582,4523.05,3690.89,3622.09,45.9023,0.000429125,-8.87291,-2.9191,34.1988,-72.3894,-87.3944,-72.3962,-46.1031,536,12.2949,-58.4501,54.7658,13.1173,9.55402,2.6609,1.98239,-8.44467,-57.455,56.1881,13.8229,-2.9191,9.63804,2.70364,2.04646,-2.96629,3,-63.7548,41.6205,20.0048,8.747,1.68199,0.8063,design_1642,-41.29130000000001,7.299999999999997,25.117999999999995,-14.998200000000011,7.246900000000011,1.796999999999997,-5.953809999999999,-832.1600000000003,13.145299999999999,0.8070199999999996,-6.887499999999999,1.17609,Left,0.30552627249294656,0.2469999999999999,1.0540199999999995,0.8070199999999996,0.20047999999999994,-0.48827,0.68875,0.4160391551200541,0.5475294983775393,0.13149034325748515,0.13438333333333333,0.33039833333333335,0.19601500000000002,1.0869081992031207
LLLLVLLLATLFILLSLLILI,103300220020031003012,000011001101100110000,LL--VL--AT-FI-LSL-IL-,1728040000.0,376.355,-387.97,-11.6146,-74.2432,-74.1899,-74.1899,-74.273,-222.973,-224.187,-222.973,-246.06,-384.196,4515.64,3705.02,3637.93,41.3623,0.000923933,-8.86549,-3.72599,29.7476,-90.7537,-94.6855,-90.7594,-63.8637,471,361.194,-50.793,72.0243,20.1609,9.54367,3.84224,3.4226,-7.03501,-51.0675,70.8083,20.6498,-3.72599,9.63162,3.71925,3.28137,-3.77354,3,-49.3706,64.9567,18.0,9.0781,2.67475,2.1491,design_1301,-30.821800000000003,0.08310000000000173,21.87299999999999,-3.9261000000000053,0.0,-1.2139999999999986,-5.1395,-810.6200000000003,7.067599999999999,0.46557000000000137,2.1609000000000016,1.2735000000000003,Left,0.028877500655060433,0.5780999999999992,1.0436700000000005,0.46557000000000137,0.0,0.21609000000000017,0.21609000000000017,0.6494674487554465,0.7201635264415094,0.0706960776860629,0.3581833333333333,0.5704333333333333,0.21225000000000005,0.5599091987994081
LLLLVLLLYTLALLLSFLILI,103300220020031003012,000011001101100110000,LL--VL--YT-AL-LSF-IL-,1728010000.0,362.778,-368.83,-6.05198,-74.2781,-74.2109,-74.2109,-74.2781,-224.615,-225.482,-224.615,-249.124,-371.056,4595.76,3858.54,3722.58,46.7138,0.000374154,-8.8577,2.28639,40.6618,-69.9369,-80.2213,-69.944,-47.654,497,20.966,-50.3195,80.771,21.8132,9.62978,4.95201,4.66357,-1.84857,-47.9365,81.6335,23.2394,2.28639,10.0287,4.71099,4.43549,2.22631,1,-47.6323,76.7897,26.2623,9.3258,4.01145,3.6633,design_628,-32.567299999999996,0.0671999999999997,23.641999999999996,-10.277299999999997,0.0,-0.8669999999999902,-11.144089999999998,-737.2200000000003,3.9813000000000045,0.303980000000001,-4.449100000000001,1.00027,Left,0.35497571706264813,0.8257999999999992,1.1297800000000002,0.303980000000001,0.82623,0.3813199999999998,0.4449100000000002,0.7678310640221823,0.8076553741262519,0.039824310104069616,0.61055,0.7772616666666666,0.1667116666666666,0.5654445189212145
LLLLVLLLWFLATLLSILILI,103300210030032003012,000011001101100110000,LL--VL-LWF-AT--SI-IL-,1728050000.0,374.909,-382.345,-7.43641,-74.143,-74.0532,-74.0532,-74.143,-220.757,-221.878,-220.757,-250.954,-379.571,4545.91,3757.94,3559.01,49.2152,0.000245214,-8.83582,-2.69329,41.7788,-87.4452,-92.4752,-87.4535,-54.474,484,211.811,-50.7908,70.902,17.8606,9.30966,3.69039,3.25392,-3.69791,-49.505,71.5286,18.0178,-2.69329,9.54638,3.58212,3.15505,-2.7747,1,-46.8142,71.4038,18.6189,9.5,3.16164,2.7327,design_1549,-38.001200000000004,0.08979999999999677,29.076000000000022,-5.021699999999996,0.0,-1.120999999999981,-6.14253,-787.9699999999998,-0.5018000000000029,-0.19034000000000084,-0.7582999999999984,0.52122,Left,0.5074006593259278,1.0,0.8096599999999992,0.19034000000000084,0.06189,-0.013939999999999841,0.07582999999999984,0.7139567637208968,0.7089373382040499,0.005019425516846865,0.45544999999999997,0.54232,0.08687000000000006,0.2226007547887461
LLLLVILLFLLALLLSTLILI,103300220020031003012,000011001101100110000,LL--VI--FL-AL-LST-IL-,1728040000.0,377.988,-379.994,-2.00512,-74.1956,-74.1987,-74.1383,-74.2587,-218.61,-223.32,-218.61,-246.084,-381.472,4562.04,3725.22,3591.75,41.3623,0.000923933,-8.82203,1.52925,39.3572,-87.1882,-92.7749,-87.1941,-61.1293,484,231.516,-51.0675,70.8083,20.6498,9.63162,3.71925,3.28137,-2.48616,-51.7775,67.0914,20.9509,1.52925,9.42181,3.32397,2.83034,1.47817,2,-49.3706,64.9567,18.0,9.0781,2.67475,2.1491,design_1301,-31.6456,0.060000000000002274,22.76400000000001,-5.580799999999996,-0.06040000000000134,-4.7099999999999795,-10.35128,-836.8200000000002,5.851600000000005,0.5535200000000007,2.649799999999999,1.13227,Left,0.028877500655060433,0.5780999999999992,1.1316199999999998,0.5535200000000007,0.0,0.2649799999999999,0.2649799999999999,0.6494674487554465,0.7080000720204538,0.0585326232650073,0.3581833333333333,0.546895,0.18871166666666672,0.6446991173581635
LLLLLALLFILTYLLSVLILI,112300220030033003102,000011001101100110000,LL--LA--FI-TY--SV-IL-,1727990000.0,362.871,-361.574,1.29753,-66.3763,-71.0382,-66.3607,-74.1771,-225.167,-229.608,-225.166,-248.927,-370.112,4541.06,3870.49,3665.21,45.9023,0.000429125,-8.82161,8.54837,47.1998,-70.0302,-78.2877,-70.0375,-47.0082,487,253.054,-11.0036,97.9033,28.4319,9.30753,1.36749,1.33604,2.38141,-9.64254,95.1925,28.4369,8.54837,9.00485,0.797373,0.725261,8.53821,2,-11.6325,90.4248,27.7087,8.5,0.452228,0.3086,design_359,-31.2795,3.1388999999999925,19.31899999999999,-8.250200000000007,-4.677500000000009,-4.442000000000007,-17.369979999999998,-670.5700000000006,7.478499999999997,0.8075299999999999,0.7231999999999985,1.02744,Left,0.30552627249294656,0.0,0.8075299999999999,0.8075299999999999,0.97087,1.0431899999999998,0.07231999999999983,0.9042207987068328,0.9790270436804053,0.07480624497357247,0.05143333333333333,0.2226733333333333,0.17123999999999998,0.8320180257584844
LLLLAILTVLLLLLFSLLILI,113300300210030022031,000011011001101100000,LL--AI-TV-LLL-FS--I-I,1727980000.0,374.808,-384.573,-9.7655,-74.3107,-74.3028,-74.3028,-74.3107,-228.159,-229.106,-228.157,-246.508,-385.046,4540.15,3879.92,3815.49,41.3623,0.000923933,-8.82013,0.47672,31.5968,-82.1037,-90.4571,-82.1097,-64.2272,465,231.516,-104.393,16.944,30.8348,9.61595,4.44641,3.20057,-4.43143,-102.385,17.6407,31.5425,0.47672,9.79121,4.23931,3.00392,0.472825,4,-96.7803,14.891,27.9384,9.3089,3.02733,1.7507,design_272,-26.2299,0.007899999999992247,17.402000000000015,-8.347399999999993,0.0,-0.9489999999999839,-9.296850000000001,-660.2299999999996,2.052999999999999,0.30705000000000027,2.8964,1.44987,Left,0.028877500655060433,0.8088999999999995,1.1159499999999998,0.30705000000000027,0.9938400000000002,1.2834800000000002,0.28964,0.1486682217749841,0.16920405395132215,0.02053583217633806,0.29178333333333334,0.5334283333333333,0.24164499999999994,0.4868111117550368
LLLLAILTALLFLLVSLLILI,103300300230020023022,000011011001101100000,LL--AI-TA--FL-VS--I--,1728000000.0,367.525,-372.412,-4.88734,-73.8661,-74.161,-73.8029,-74.3107,-218.914,-217.713,-218.911,-242.275,-373.321,4495.2,3626.95,3616.05,43.6652,0.000626172,-8.7817,0.964455,38.7779,-79.6315,-90.2284,-79.6423,-56.735,472,276.595,-57.9927,50.0846,15.9605,8.96239,1.96032,1.21159,-8.67546,-57.3918,51.045,15.885,0.964455,8.88251,1.99984,1.26551,0.908594,3,-59.2101,43.1626,22.4036,8.5,1.20846,0.3559,design_558,-33.493399999999994,0.14969999999999573,24.562000000000012,-10.586099999999988,-0.3581000000000074,1.1980000000000075,-9.746155,-868.25,6.922000000000004,0.4623899999999992,-6.443100000000001,0.85569,Left,0.16920667613203583,0.0,0.4623899999999992,0.4623899999999992,0.4403600000000001,-0.20395000000000002,0.6443100000000002,0.4314645359282036,0.500704199992798,0.06923966406459442,0.05931666666666666,0.20193166666666665,0.142615,0.8087478330757848
LLLFALLLTLVILLLSLLILI,13003200200230021032,000110011011001100000,LL-FA--LT-VI--LS-LI--,1728050000.0,376.258,-385.768,-9.50934,-74.175,-74.1773,-74.1773,-74.2355,-227.182,-227.935,-227.178,-247.157,-382.286,4584.75,3743.01,3823.78,41.3623,0.000923933,-8.77578,-3.48538,31.8529,-84.4104,-88.9501,-84.4166,-60.8936,514,471.669,-110.802,19.0796,24.0694,10.0492,5.69611,4.48231,-6.70539,-110.513,18.6485,23.5626,-3.48538,10.2449,5.59443,4.37416,-3.48121,4,-103.491,20.4335,25.0645,9.4859,4.7822,3.5887,design_1362,-28.056500000000007,0.05819999999999936,19.22200000000001,-4.533500000000004,0.0,-0.757000000000005,-5.290399999999999,-841.7399999999998,-1.3538999999999994,0.5632999999999999,-0.9950999999999972,0.8936100000000002,Left,0.028877500655060433,0.9859000000000009,1.5492000000000008,0.5632999999999999,0.7064499999999999,0.6069400000000001,0.09950999999999977,0.20410896694661282,0.190566120778301,0.013542846168311806,0.5981166666666666,0.7470516666666667,0.14893500000000004,0.5912479792839367
LLLLVALLLILVTLLLFLILI,102300320020033003102,000011001101100110000,LL--VA--LI-VT--LF-IL-,1728040000.0,368.88,-370.853,-1.97248,-49.4703,-55.3474,-49.4599,-58.9201,-222.045,-223.373,-222.043,-247.224,-372.862,4566.1,3709.94,3692.16,42.2344,0.000797366,-8.77457,2.01565,40.262,-99.3376,-102.916,-99.3433,-66.7175,474,103.966,-17.6779,87.5577,20.0005,9.62765,0.971984,0.78535,-4.50411,-16.9852,85.4544,21.3753,2.01565,9.62468,0.584126,0.365942,2.00857,2,-15.856,85.056,19.3699,9.4176,0.36096,0.1368,design_1330,-36.198499999999996,3.5726999999999975,23.851,-3.5726999999999975,-5.887500000000003,-1.329999999999984,-10.790220000000001,-856.1600000000003,2.5016999999999996,0.21004999999999896,0.6305999999999976,0.64855,Left,0.08201965790612242,0.9176000000000002,1.1276499999999992,0.21004999999999896,0.1369900000000001,0.2000499999999999,0.06305999999999978,0.8505175469833433,0.8755416538296876,0.025024106846344374,0.0228,0.13089166666666666,0.10809166666666666,0.2457795362234915
LLLLYVLLALLFTLLSILILI,103300210020031003022,000011001101100110000,LL--YV-LAL-FT-LSI-I--,1728080000.0,362.291,-369.542,-7.25079,-74.1783,-74.1249,-74.1249,-74.1783,-218.528,-221.93,-218.527,-247.862,-368.324,4551.88,3671.83,3618.02,45.9023,0.000429125,-8.77437,-1.17044,38.6515,-76.8355,-81.0432,-76.8423,-46.2838,490,11.2484,-52.0732,79.671,19.5419,9.09584,5.06656,4.76163,-2.55437,-51.3051,77.968,20.7574,-1.17044,9.27872,4.72144,4.39096,-1.21819,1,-50.686,76.6527,22.4063,9.5,4.45101,4.1008,design_1962,-34.7594,0.05339999999999634,25.931999999999988,-4.200900000000004,0.0,-3.40300000000002,-7.603929999999999,-880.0500000000002,3.0183000000000106,-0.4041599999999992,-2.8644000000000034,0.6608300000000007,Left,0.30552627249294656,1.0,0.5958400000000008,0.4041599999999992,0.4406300000000002,0.15418999999999983,0.28644000000000036,0.7664606748316521,0.7966522492387839,0.030191574407131716,0.6834666666666666,0.793605,0.11013833333333345,0.5083651864896193
LLLLVLLLALLFILTSLLILI,103300300220030023012,000011011001101100000,LL--VL-LA--FI-TS--IL-,1728010000.0,376.323,-381.296,-4.9726,-74.1794,-74.0964,-74.1261,-74.2011,-224.263,-225.795,-224.264,-246.217,-383.998,4513.27,3682.65,3690.24,41.3623,0.000923933,-8.75331,2.74962,36.3897,-82.8529,-92.8597,-82.8587,-63.5803,494,276.595,-53.421,61.0193,20.8965,9.60151,2.75076,2.16605,-4.95469,-55.7112,56.3184,23.5228,2.74962,9.61005,2.45966,1.80444,2.70212,3,-53.9342,50.1545,25.0394,9.0912,1.36098,0.6133,design_627,-29.279400000000003,0.10469999999999402,20.422000000000025,-10.001000000000005,0.029699999999991178,-1.5309999999999775,-11.502930000000001,-830.6200000000003,10.864800000000002,0.5103099999999987,-4.142900000000001,1.5527499999999999,Left,0.028877500655060433,0.5912000000000006,1.1015099999999993,0.5103099999999987,0.70394,0.28964999999999996,0.41429000000000005,0.5014033985651926,0.6100822633627951,0.10867886479760258,0.10221666666666666,0.3610083333333333,0.25879166666666664,0.7147284257603062
LLLLALLLILTVLLFSLLILI,13002200200230031131,000110011011001100000,LL-LA--LI-TV--FS-LI-I,1728010000.0,373.757,-389.435,-15.6776,-74.2473,-74.2416,-74.2416,-74.2473,-224.105,-224.428,-224.102,-246.744,-383.683,4575.36,3811.36,3701.68,41.3623,0.000923933,-8.73835,-5.74917,25.6847,-91.0826,-93.7514,-91.0887,-62.6917,454,177.29,-106.837,38.4199,27.7948,9.62438,7.71229,6.78859,-8.68893,-106.94,38.1395,28.8413,-5.74917,9.62253,7.68976,6.76185,-5.75167,4,-109.225,30.3316,25.4032,9.5,6.97853,5.9335,design_685,-31.059700000000007,0.005699999999990268,22.316000000000003,-2.662700000000001,0.0,-0.3259999999999934,-2.98918,-763.9999999999995,8.088299999999997,0.12438000000000038,2.3916000000000004,0.8550899999999997,Left,0.028877500655060433,1.0,1.1243800000000004,0.12438000000000038,0.7403199999999999,0.9794799999999999,0.23916000000000004,0.3031180855362923,0.3840240628338448,0.0809059772975525,0.9889166666666668,1.1314316666666666,0.14251499999999984,0.31547455109322553
LLLLTVLLAILLALLSFLILI,103300210020031003022,000011001101100110000,LL--TV-LAI-LA-LSF-I--,1728040000.0,364.885,-368.64,-3.75515,-60.5288,-60.4189,-60.4189,-60.5288,-216.995,-218.087,-216.994,-242.865,-367.65,4493.71,3690.91,3616.82,43.6652,0.000626172,-8.68551,-0.890396,39.9101,-91.1168,-97.83,-91.1277,-64.2563,470,177.29,-53.5534,78.0232,17.8295,9.26085,5.06614,4.73649,-8.45686,-52.7227,79.4496,19.0278,-0.890396,9.01165,5.1341,4.82584,-0.989984,3,-51.4071,76.6816,21.371,9.0684,4.56308,4.2133,design_1219,-33.5737,0.10989999999999611,24.77800000000002,-6.702299999999994,0.0,-1.0929999999999893,-7.795114000000001,-802.8000000000002,1.3415999999999997,0.19244999999999912,-3.541499999999999,0.5231899999999996,Left,0.16920667613203583,0.5684000000000005,0.7608499999999996,0.19244999999999912,0.33709999999999984,-0.017050000000000055,0.3541499999999999,0.7667497569309684,0.7801695681573567,0.013419811226388356,0.7022166666666667,0.789415,0.08719833333333327,0.41260497533289947
LLLLITLLAVLFLLLSLLILI,102300320020033003102,000011001101100110000,LL--IT--AV-FL--SL-IL-,1728040000.0,376.486,-372.712,3.77433,-58.6462,-58.0522,-58.5815,-60.4659,-218.514,-220.147,-218.514,-245.983,-375.882,4552.95,3615.51,3628.1,41.3623,0.000923933,-8.66483,3.22961,45.1366,-95.5512,-106.347,-95.557,-69.4332,500,211.811,-12.7777,95.1956,16.3016,8.88107,1.26806,1.19599,-2.88287,-13.3066,90.1173,17.2927,3.22961,9.00872,0.661823,0.513583,3.17025,1,-15.3543,87.1164,18.0,9.0332,0.563854,0.3706,design_1294,-36.913799999999995,2.4136999999999986,25.836000000000013,-10.789999999999992,0.5292999999999992,-1.6329999999999814,-11.89444,-937.4399999999996,8.0792,-0.15213000000000143,-1.6983999999999995,0.8253900000000001,Left,0.028877500655060433,0.5332000000000008,0.38106999999999935,0.15213000000000143,0.0,-0.16983999999999994,0.16983999999999994,0.8711274001816516,0.9519423516278623,0.08081495144621076,0.061766666666666664,0.19933166666666668,0.13756500000000002,0.2782882464321011
LLLLALLLLVLTSLLFILILI,102300320020033003102,000011001101100110000,LL--AL--LV-TS--FI-IL-,1728040000.0,382.704,-381.993,0.711268,-74.3048,-74.2451,-74.2993,-74.3048,-221.064,-221.715,-221.058,-246.73,-383.326,4547.03,3682.39,3630.8,41.3623,0.000923933,-8.66184,1.33783,42.0735,-86.6249,-96.028,-86.6309,-62.2916,463,177.29,-12.1801,96.3801,22.1744,9.60143,1.33832,1.28402,-4.4566,-11.919,94.496,21.5916,1.33783,9.78635,1.0448,0.96224,1.33326,3,-13.4026,92.3201,19.5036,9.4704,0.973599,0.8584,design_1253,-33.7364,0.059700000000006526,25.014999999999986,-9.397100000000009,0.054200000000008686,-0.6570000000000107,-9.99967,-864.6399999999999,4.060000000000002,0.13103000000000087,2.6708,0.4256199999999999,Left,0.028877500655060433,0.9703999999999997,1.1014300000000006,0.13103000000000087,0.15035999999999988,0.41743999999999987,0.26708,0.9231791828879401,0.963790716563504,0.040611533675563916,0.14306666666666668,0.21400333333333332,0.07093666666666665,0.3085156311198177
LLLAALLFVLITLLLSLLILI,13002300200230021032,000110011011001100000,LL-AA--FV-IT--LS-LI--,1727980000.0,368.428,-375.227,-6.79873,-63.3665,-67.1555,-63.3611,-74.3048,-217.765,-217.435,-217.753,-243.52,-375.727,4525.62,3619.24,3666.33,43.6652,0.000626172,-8.65308,0.507644,36.8665,-94.0958,-99.7904,-94.1059,-57.9024,521,29.9257,-101.486,39.9977,25.1791,9.08486,7.12265,6.22262,-6.52773,-103.038,36.6338,25.4696,0.507644,9.2755,6.90129,5.9508,0.500442,0,-103.038,36.6338,25.4696,9.2755,6.90129,5.9508,design_208,-41.888000000000005,7.149299999999997,26.085000000000008,-5.6845,-3.794400000000003,0.31799999999998363,-9.160723999999998,-906.3800000000001,3.363900000000001,-0.19063999999999837,-0.29050000000000153,0.27181999999999995,Left,0.16920667613203583,0.7754999999999992,0.5848600000000008,0.19063999999999837,0.74696,0.7179099999999998,0.02905000000000013,0.3661579888688388,0.39980654505879676,0.033648556189957934,0.9918,1.0371033333333333,0.04530333333333325,0.20092816986370837
LLLLTYLLALLFVLISLLILI,103300200320020033022,000011011001101100000,LL--TY-LA--FV-IS--I--,1728030000.0,361.566,222.144,583.711,-60.5031,-60.4406,-60.4406,-60.5031,-223.486,-223.178,-223.484,-248.494,-360.74,4573.3,3702.7,3604.14,45.9023,0.000429125,-8.62471,582.942,629.613,506.133,-85.7468,506.126,-51.7434,473,79.6152,-58.9663,54.3125,18.143,9.63725,2.67714,1.99183,520.882,-63.5337,50.253,22.7476,582.942,9.1357,2.81421,2.068,582.885,0,-63.5337,50.253,22.7476,9.1357,2.81421,2.068,design_993,-34.00339999999999,0.0625,25.316000000000003,-591.8728,0.0,0.3060000000000116,-591.5667100000001,-870.6000000000004,4.0595,0.5015499999999999,-4.604599999999998,-0.07617000000000007,Left,0.30552627249294656,0.6356999999999999,1.1372499999999999,0.5015499999999999,0.47475999999999985,0.014300000000000068,0.46045999999999976,0.5023886783846613,0.5429952106398218,0.04060653225516053,0.3446666666666667,0.33197166666666666,0.012695000000000012,0.6821919580197271
LLLFALLLVLISLLLTLLILI,13002300200230031022,000110011011001100000,LL-FA--LV-IS--LT-LI--,1727980000.0,383.39,-387.467,-4.07735,-74.2307,-74.2328,-74.2328,-74.3095,-223.804,-222.964,-223.799,-247.194,-383.037,4565.26,3727.87,3676.96,41.3623,0.000923933,-8.61019,-4.43287,37.2849,-89.4319,-94.4498,-89.4381,-61.533,516,124.21,-109.053,27.155,20.7689,9.47373,6.5239,5.43122,-7.65869,-108.935,27.84,20.9905,-4.43287,9.39222,6.59872,5.51632,-4.43028,2,-108.523,26.4326,18.0,9.5,6.34681,5.2433,design_182,-32.916799999999995,0.07670000000000243,24.22999999999999,-5.0116999999999905,0.0,0.835000000000008,-4.177319999999999,-837.3900000000003,0.7224000000000004,-0.026270000000000238,2.7688999999999986,0.1879200000000001,Left,0.028877500655060433,1.0,0.9737299999999998,0.026270000000000238,0.0,0.27688999999999986,0.27688999999999986,0.2641170092306215,0.271343061429446,0.007226052198824495,0.8738833333333332,0.9052033333333332,0.031320000000000014,0.2799845410560734
LLLLLLLLFVLAILLSTLILI,103300210030031003022,000011001101100110000,LL--LL-LFV-AI-LST-I--,1728020000.0,377.375,-375.711,1.66419,-74.2281,-74.2063,-74.1662,-74.2508,-221.715,-225.751,-221.715,-244.941,-384.433,4484.49,3636.54,3536.06,41.3623,0.000923933,-8.59089,8.77812,43.0265,-79.7679,-93.0666,-79.774,-65.241,476,330.452,-52.6427,77.4541,19.8751,9.31949,4.85271,4.51452,-3.04593,-52.6814,74.783,21.7206,8.77812,9.16538,4.4979,4.11965,8.72229,2,-52.6824,67.6516,25.6825,9.1288,3.53533,3.0501,design_920,-27.825599999999994,0.04449999999999932,19.189999999999998,-13.292599999999993,-0.04009999999999536,-4.036000000000001,-17.36901,-847.9499999999998,9.802499999999995,0.19069000000000003,-5.807400000000001,1.46442,Left,0.028877500655060433,0.6288,0.81949,0.19069000000000003,0.7682500000000001,0.18750999999999998,0.5807400000000001,0.6764241044456626,0.7744769514542129,0.09805284700855033,0.50835,0.75242,0.24407,0.6654368109794365
LLLLVALILLLTLLFSLLILI,103300200220030033022,000011011001101100000,LL--VA-IL--TL-FS--I--,1727980000.0,374.579,-385.796,-11.2172,-74.1351,-74.1977,-74.1371,-74.2722,-229.605,-229.425,-229.603,-246.574,-384.191,4549.98,3788.11,3662.91,41.3623,0.000923933,-8.58589,-1.61173,30.145,-82.0568,-89.1544,-82.0627,-63.3454,474,471.669,-55.3589,64.6094,19.6215,9.97857,3.52611,2.99525,-8.69859,-56.2707,64.1245,20.8799,-1.61173,9.82283,3.5974,3.05927,-1.60522,4,-59.7951,50.2116,27.7332,9.4677,2.24783,1.501,design_98,-25.808999999999997,0.07450000000000045,17.149,-7.091699999999989,-0.06059999999999377,0.17799999999999727,-6.9741599999999995,-761.8699999999994,14.397799999999997,0.5108699999999988,-8.111699999999999,1.49425,Left,0.028877500655060433,0.9677000000000007,1.4785699999999995,0.5108699999999988,0.97332,0.1621500000000001,0.8111699999999998,0.5019745607752601,0.6459934621432486,0.14401890136798845,0.25016666666666665,0.4992083333333333,0.24904166666666666,1.0008736790861033
LLLLILLLWVLATLLSFLILI,103300210030021003022,000011001101100110000,LL--IL-LWV-AT-LSF-I--,1727980000.0,371.07,-372.454,-1.3846,-74.2109,-74.1119,-74.1119,-74.2109,-220.048,-222.061,-220.048,-250.443,-379.601,4581.26,3772.11,3625.93,49.2152,0.000245214,-8.57688,7.2366,47.8306,-78.1952,-92.0042,-78.2038,-54.9464,479,135.765,-50.4968,80.3035,20.0752,9.13467,4.91548,4.62003,-0.766246,-51.0762,76.9174,22.042,7.2366,9.24989,4.54527,4.19903,7.14633,3,-53.1199,72.8054,22.4593,9.221,4.29672,3.8888,design_5,-37.0578,0.09899999999998954,28.382000000000005,-13.800399999999996,0.0,-2.0130000000000052,-15.813479999999998,-809.1500000000001,7.498099999999994,-0.08633000000000024,-2.3841,0.73123,Left,0.5074006593259278,0.7210000000000001,0.6346699999999998,0.08633000000000024,0.4459299999999999,0.20751999999999987,0.23841,0.7279767453956925,0.8029790460490779,0.07500230065338542,0.6481333333333333,0.7700049999999999,0.1218716666666666,0.2911533019551933
LLLIALLLVLLTLLFSLLILI,13002300200230021131,000110011011001100000,LL-IA--LV-LT--FS-LI-I,1728040000.0,375.419,-387.469,-12.0505,-74.2364,-74.2286,-74.2286,-74.3048,-221.756,-223.483,-221.753,-245.8,-384.784,4565.4,3759.38,3689.94,41.3623,0.000923933,-8.54707,-2.68045,29.3118,-91.4773,-95.6194,-91.4829,-64.6791,480,124.21,-107.594,34.8076,29.2577,9.32508,7.33816,6.36027,-6.56709,-108.273,32.449,29.2828,-2.68045,9.30229,7.12163,6.10837,-2.68531,4,-112.982,22.6634,23.8746,9.4758,6.50685,5.3468,design_1131,-30.940299999999993,0.07620000000000005,22.317000000000007,-4.136499999999998,0.0,-1.7300000000000182,-5.866619999999999,-806.0199999999995,12.144200000000001,-0.15071999999999974,5.383099999999999,1.0134699999999999,Left,0.028877500655060433,0.9757999999999996,0.8250799999999998,0.15071999999999974,0.5874600000000001,1.12577,0.5383099999999998,0.2264143016616719,0.3478908009874805,0.12147649932580859,0.8911333333333333,1.060045,0.16891166666666657,0.5964745304910881
LLLATLLFVLIALLLSLLILI,13002300300220021032,000110011011001100000,LL-AT--FV-IA--LS-LI--,1728060000.0,368.684,-344.882,23.802,-60.4659,-60.402,-60.402,-60.4659,-219.972,-219.976,-219.962,-243.432,-368.779,4507.46,3595.05,3677.48,43.6652,0.000626172,-8.53686,23.9599,67.4673,-64.4441,-96.9378,-64.4545,-64.8808,499,55.7787,-110.726,-2.16513,26.5487,9.27383,2.81665,1.28418,19.9809,-107.361,-0.086498,23.7885,23.9599,9.28221,2.59245,1.09115,23.8967,1,-105.33,5.9704,21.0727,9.4689,3.10554,1.6951,design_1654,-32.057,0.06389999999999674,23.45599999999999,-32.4833,0.0,-0.014000000000010004,-32.49676,-912.4099999999999,-8.13553,-0.1950699999999994,5.475999999999999,-0.41091999999999995,Left,0.16920667613203583,0.9688999999999997,0.7738300000000002,0.1950699999999994,0.3072700000000001,0.85487,0.5475999999999999,0.059436880073941,-0.021941531394916156,0.08137841146885716,0.2825166666666667,0.21403000000000003,0.06848666666666667,0.5909576416836535
LLLAFLLTLLVILLLSLLILI,13003200200230021032,000110011011001100000,LL-AF--TL-VI--LS-LI--,1728050000.0,378.024,-386.507,-8.48377,-74.1522,-74.1546,-74.1546,-74.1843,-224.992,-227.159,-224.984,-247.48,-384.125,4561.71,3726.26,3746.38,41.3623,0.000923933,-8.5339,-2.38326,32.8785,-87.3635,-91.3449,-87.3693,-62.4605,489,148.395,-110.513,18.6485,23.5626,10.2449,5.59443,4.37416,-5.71604,-110.823,16.2734,23.3259,-2.38326,10.1022,5.32028,4.06438,-2.38269,3,-103.491,20.4335,25.0645,9.4859,4.7822,3.5887,design_1362,-28.884399999999992,0.029699999999991178,20.320999999999998,-3.9756,0.0,-2.174999999999983,-6.150639999999999,-835.4499999999998,-1.7850000000000001,0.7589999999999986,-1.5018999999999991,0.78546,Left,0.028877500655060433,0.9859000000000009,1.7448999999999995,0.7589999999999986,0.7064499999999999,0.55626,0.15018999999999993,0.20410896694661282,0.18625389610649423,0.017855070840118586,0.5981166666666666,0.7290266666666666,0.13090999999999997,0.7849167266371022
LLLLVVLLATLFILLLLLILI,103300310020031003022,000011001101100110000,LL--VV-LAT-FI-LLL-I--,1728050000.0,371.593,-376.2,-4.60711,-58.9097,-58.9116,-58.8511,-58.9702,-225.138,-225.342,-225.139,-247.046,-373.583,4560.5,3828.87,3777.77,42.2344,0.000797366,-8.51147,-2.56406,37.6273,-92.152,-97.8415,-92.1577,-67.5674,475,211.811,-58.4157,70.3879,34.0892,9.39359,4.76472,4.32053,-6.8804,-59.3102,68.3509,33.5377,-2.56406,9.51511,4.6239,4.14916,-2.61666,3,-60.3633,61.8007,28.0,9.3037,3.89759,3.3246,design_1501,-30.27409999999999,0.05859999999999843,21.70399999999998,-5.683799999999991,-0.060499999999997556,-0.20300000000000296,-5.94741,-731.6300000000001,8.587200000000003,0.08989000000000047,6.089199999999998,0.9959299999999995,Left,0.08201965790612242,0.8036999999999992,0.8935899999999997,0.08989000000000047,1.0,1.60892,0.6089199999999999,0.6178984831692201,0.7037948777452797,0.08589639457605958,0.5541,0.7200883333333333,0.1659883333333333,0.6432682923197317
LLLLLLLLAVLITLLSFLILI,103300220020031003012,000011001101100110000,LL--LL--AV-IT-LSF-IL-,1727990000.0,374.206,-384.875,-10.6684,-74.2109,-70.5195,-74.1512,-74.2109,-224.587,-228.406,-224.587,-245.325,-384.225,4529.94,3735.68,3718.37,41.3623,0.000923933,-8.5022,-0.596146,30.6938,-86.0769,-93.802,-86.0828,-64.6893,478,177.29,-50.345,75.2988,16.5961,9.75934,4.21708,3.84656,-3.88427,-48.9615,72.7246,17.1082,-0.596146,9.96978,3.66205,3.25292,-0.649915,2,-46.4571,68.4556,22.5254,9.4077,2.71007,2.2369,design_442,-29.112700000000004,3.6914000000000016,16.918999999999983,-7.719200000000001,3.6317000000000093,-3.819000000000017,-7.906054,-794.2599999999998,6.843199999999996,0.35163999999999973,-5.929300000000001,1.6096600000000003,Left,0.028877500655060433,0.9077000000000002,1.25934,0.35163999999999973,0.4525400000000001,-0.14039000000000001,0.5929300000000002,0.6844663884543211,0.7529178286633403,0.06845144020901928,0.37281666666666663,0.6410933333333334,0.2682766666666668,0.7428826583279938
LLLLILLLAVLTSLLFLLILI,102300320020033003102,000011001101100110000,LL--IL--AV-TS--FL-IL-,1728000000.0,382.123,-380.881,1.24214,-74.3702,-74.3074,-74.3074,-74.3702,-219.052,-219.166,-219.052,-245.56,-383.07,4527.43,3629.48,3573.88,41.3623,0.000923933,-8.49735,2.2462,42.6044,-87.4588,-98.0939,-87.4645,-63.1396,538,135.765,-10.1708,97.3024,19.1726,9.25084,1.16144,1.12098,-6.58727,-13.8843,92.032,21.2238,2.2462,9.13833,1.00697,0.887446,2.18924,1,-15.4674,86.8993,20.4362,8.9034,0.551511,0.355,design_610,-34.9543,0.06279999999999575,26.394000000000005,-10.629400000000004,0.0,-0.11400000000000432,-10.74355,-897.9500000000003,10.40310000000001,0.34744000000000064,-1.2636000000000003,0.7659800000000001,Left,0.028877500655060433,0.40339999999999954,0.7508400000000002,0.34744000000000064,0.24361999999999995,0.11725999999999992,0.12636000000000003,0.8689557834424976,0.9730163366396057,0.10406055319710816,0.059166666666666666,0.18683000000000002,0.12766333333333335,0.4047319219056812
LLLLAVLITLLFLLYSLLILI,103300300220020033022,000011011001101100000,LL--AV-IT--FL-YS--I--,1728030000.0,360.092,-370.741,-10.6493,-66.2608,-68.4018,-66.2519,-74.2681,-223.48,-222.758,-223.476,-249.737,-369.404,4586.05,3737.97,3698.79,45.9023,0.000429125,-8.49415,-1.33071,35.253,-81.0005,-86.7379,-81.0069,-45.3986,504,276.595,-53.8887,81.0825,14.5354,9.34709,5.52944,5.24568,-7.67939,-54.6067,80.0056,15.0659,-1.33071,9.39315,5.49175,5.19184,-1.33743,2,-57.8998,74.7335,21.3396,9.5,5.274,4.895,design_994,-41.339299999999994,5.86630000000001,26.978999999999985,-5.7309999999999945,-2.149899999999988,0.7179999999999893,-7.16344,-848.0800000000004,6.3489999999999895,-0.15291000000000032,-6.804200000000002,0.35068000000000055,Left,0.30552627249294656,1.0,0.8470899999999997,0.15291000000000032,0.3339600000000001,-0.3464600000000001,0.6804200000000002,0.7472632227552626,0.8107712590375666,0.06350803628230406,0.8158333333333333,0.8742800000000001,0.05844666666666676,0.7027105577809967
LLLLLFLILLLTVLASLLILI,103300200220030033022,000011011001101100000,LL--LF-IL--TV-AS--I--,1728060000.0,376.225,-370.187,6.03828,-74.1722,-74.1501,-74.1188,-74.3093,-222.638,-227.177,-222.637,-243.631,-381.913,4562.32,3761.53,3765.78,41.3623,0.000923933,-8.49337,11.7732,47.4006,-73.3769,-89.0791,-73.3834,-63.9727,475,253.054,-56.3952,63.4167,21.1898,9.96683,3.52054,2.97179,1.32406,-57.0642,57.6598,26.2515,11.7732,10.056,2.8437,2.2086,11.7258,1,-59.6597,51.275,27.3954,9.319,2.37108,1.6402,design_1778,-25.106399999999994,0.15919999999999845,16.454000000000008,-15.695700000000002,-0.03130000000000166,-4.539999999999992,-20.26657,-800.7899999999995,12.1417,0.647829999999999,-6.205599999999997,1.3315899999999998,Left,0.028877500655060433,0.8190000000000008,1.4668299999999999,0.647829999999999,0.9395399999999998,0.31898000000000015,0.6205599999999997,0.5126115816891997,0.6340630739129913,0.12145149222379159,0.2733666666666667,0.49529833333333334,0.22193166666666664,0.9320850562758898
LLLYLLLAVLTFLLASLLILI,13002200200230031032,000110011011001100000,LL-YL--AV-TF--AS-LI--,1728050000.0,353.409,-365.501,-12.0919,-74.3124,-74.1931,-74.1931,-74.3124,-222.829,-223.67,-222.827,-249.121,-363.331,4612.93,3750.88,3712.82,49.0167,0.000253574,-8.46832,-2.06019,36.9249,-68.3592,-73.9366,-68.3708,-39.8974,509,162.201,-110.644,17.733,21.8224,8.91657,5.4905,4.25649,-5.73361,-110.797,16.7102,21.0483,-2.06019,8.94696,5.37536,4.12601,-2.16986,2,-112.029,10.1635,22.1507,8.7264,4.67645,3.3289,design_1617,-34.0392,0.11929999999999552,25.451000000000022,-5.565799999999996,0.0,-0.8429999999999893,-6.40813,-862.0500000000002,7.5695,0.19017000000000017,-0.32830000000000226,0.9275900000000004,Left,0.49530489253962356,0.22639999999999993,0.4165700000000001,0.19017000000000017,0.41507000000000005,0.3822399999999998,0.03283000000000025,0.10137979186088851,0.1770962953478788,0.07571650348699029,0.5548166666666666,0.709415,0.1545983333333334,0.2586040822758604
LLLLVLLLALLFILLSTLILI,103300210030032003012,000011001101100110000,LL--VL-LAL-FI--ST-IL-,1728040000.0,376.957,-382.314,-5.35607,-74.1607,-74.1676,-74.1073,-74.2508,-218.633,-223.534,-218.633,-246.25,-384.228,4524.04,3722.86,3613.08,41.3623,0.000923933,-8.45586,1.96238,36.0062,-89.5202,-94.9824,-89.526,-63.7279,523,211.811,-48.7998,82.3097,17.4073,9.54381,4.93178,4.66642,-1.48761,-47.4558,80.1183,18.1258,1.96238,9.71105,4.43434,4.13612,1.91473,1,-42.4871,80.8476,18.0255,9.5,3.78749,3.5002,design_1306,-31.2545,0.08320000000000505,22.716000000000008,-5.456400000000002,-0.06029999999999802,-4.900999999999982,-10.418239999999999,-801.1799999999998,1.4621000000000066,0.04381000000000057,-0.6182000000000016,1.1662199999999996,Left,0.028877500655060433,1.0,1.0438100000000006,0.04381000000000057,0.0025500000000000965,-0.059270000000000066,0.06182000000000016,0.8084215917320519,0.8230467452756584,0.014625153543606495,0.5833666666666667,0.7777366666666666,0.19436999999999993,0.20912823940389808
LLLLALLLTILVSLLFLLILI,102300320030032003102,000011001101100110000,LL--AL--TI-VS--FL-IL-,1727990000.0,382.656,-380.063,2.59259,-74.0608,-70.5309,-74.0549,-74.2258,-219.864,-217.933,-219.859,-246.841,-381.176,4547.54,3591.46,3596.1,41.3623,0.000923933,-8.4124,1.11783,43.9549,-86.138,-101.124,-86.144,-60.1087,497,211.811,-11.0601,96.206,19.9752,9.02794,1.14681,1.0899,-5.13028,-14.3505,91.864,20.6018,1.11783,9.19936,1.05421,0.932169,1.11283,1,-17.8087,87.6206,19.8407,8.7536,1.00009,0.8144,design_285,-41.015299999999996,3.694900000000004,28.908000000000015,-14.97999999999999,3.524000000000001,1.9260000000000161,-9.53023,-956.0799999999999,8.585400000000007,0.2743399999999987,0.13450000000000273,0.2755000000000001,Left,0.028877500655060433,0.2536000000000005,0.5279399999999992,0.2743399999999987,0.18406999999999982,0.19752000000000008,0.013450000000000267,0.8761708325164346,0.9620492219790421,0.08587838946260751,0.13573333333333334,0.18165,0.04591666666666666,0.2914219898265544
LLLLILLLFTLAVLLSLLILI,103300220030021003012,000011001101100110000,LL--IL--FT-AV-LSL-IL-,1728030000.0,376.312,-373.189,3.12353,-74.3153,-74.2507,-74.2507,-74.3153,-219.3,-222.01,-219.3,-245.422,-381.498,4567.72,3709.89,3612.06,41.3623,0.000923933,-8.40636,8.36778,44.4858,-79.5736,-93.6432,-79.5796,-61.7606,496,515.548,-54.4985,70.3864,21.0029,9.38857,4.17695,3.73274,-1.65744,-53.2703,69.1793,22.1329,8.36778,9.21586,3.82975,3.36744,8.30942,1,-53.1276,64.4284,22.5619,8.7172,3.16697,2.6334,design_1022,-31.882599999999996,0.06459999999999866,23.412000000000006,-14.063599999999994,0.0,-2.7099999999999795,-16.77414,-857.8300000000004,5.957999999999998,0.6713699999999996,-1.559000000000001,1.0993400000000002,Left,0.028877500655060433,0.21720000000000006,0.8885699999999996,0.6713699999999996,0.45619000000000015,0.30029000000000006,0.1559000000000001,0.6441829479572198,0.7037798734840695,0.0595969255268497,0.4389,0.6221233333333334,0.18322333333333335,0.7156570898901443
LLLLALLTVLLFILASLLILI,13300200310030023021,000011011001101100000,LL--AL-TV-LFI-AS--I-I,1728040000.0,365.651,-363.036,2.61468,-74.3055,-70.5944,-74.2445,-74.3055,-223.267,-227.079,-223.264,-242.543,-374.232,4532.56,3800.47,3844.26,43.6652,0.000626172,-8.36361,11.2479,46.2799,-65.4639,-84.9221,-65.475,-57.3835,491,211.811,-95.292,48.0785,25.9393,9.47811,7.2844,6.50558,7.44908,-93.1862,44.0706,27.6975,11.2479,9.29923,6.42745,5.58851,11.1952,2,-91.0726,39.3281,18.9508,9.5,5.47018,4.5601,design_1132,-27.538600000000002,3.711100000000002,15.463999999999999,-19.447100000000006,3.650100000000009,-3.8149999999999977,-19.61151,-732.0900000000006,8.750399999999999,-0.021890000000000853,6.988499999999998,1.9454799999999999,Left,0.16920667613203583,1.0,0.9781099999999991,0.021890000000000853,0.0950800000000001,0.7939299999999999,0.6988499999999999,0.39310864285457076,0.4806375010502983,0.08752885819572753,0.7600166666666667,1.0842633333333334,0.3242466666666667,0.7756724156894403
LLLLAVLLLLLFTLYILLILI,103300200230020023032,000011011001101100000,LL--AV-LL--FT-YI--I--,1728040000.0,362.632,-365.759,-3.12741,-58.9223,-58.9083,-58.9083,-58.9223,-225.237,-231.05,-225.233,-251.833,-368.906,4578.72,3955.43,3740.38,43.7222,0.000620174,-8.34936,3.1578,40.5948,-81.6,-87.2971,-81.6065,-58.1507,489,162.201,-61.8253,76.1646,27.3128,9.95918,6.05603,5.6985,-1.50037,-62.5581,69.7258,28.1991,3.1578,9.90056,5.2967,4.84259,3.14651,4,-57.8172,74.3395,27.4495,9.5,5.20841,4.8235,design_1303,-29.1464,0.014000000000002899,20.782999999999987,-5.690600000000003,0.0,-5.817000000000007,-11.50716,-623.2900000000004,1.825099999999992,0.4591799999999999,-0.13670000000000115,0.875,Left,0.17268001974321648,1.0,1.45918,0.4591799999999999,0.9449500000000001,0.9312799999999999,0.013670000000000182,0.7433221034773876,0.7615782882338583,0.018256184756470728,0.8039166666666667,0.94975,0.14583333333333326,0.4823212525827298
LLLLLLLLAVLFYLLSTLILI,102300330020032003102,000011001101100110000,LL--LL--AV-FY--ST-IL-,1728060000.0,364.708,-362.368,2.33953,-66.9514,-66.6798,-66.8778,-74.1962,-222.407,-227.525,-222.406,-248.695,-372.883,4575.08,3629.31,3557.52,46.7138,0.000374154,-8.33908,10.5816,49.0533,-73.0104,-87.0176,-73.0175,-49.992,479,1.89867,-11.1497,101.821,16.872,8.94605,1.9183,1.94561,-1.85102,-11.8835,96.8869,16.4152,10.5816,8.59954,1.36226,1.31557,10.515,2,-14.6826,87.4327,18.0,8.5,0.50581,0.3173,design_1673,-37.025600000000004,7.516400000000004,21.169999999999987,-14.000100000000003,0.1979999999999933,-5.119,-18.920679999999997,-945.77,14.388300000000001,0.4460499999999996,-1.1280000000000001,1.62831,Left,0.35497571706264813,0.0,0.4460499999999996,0.4460499999999996,0.0,-0.11280000000000001,0.11280000000000001,0.8742912987288389,1.0182151731091629,0.14392387438032395,0.05288333333333334,0.3242683333333333,0.271385,0.5532163612382075
LLLLFLLSVLTALLYILLILI,13002300200230021032,000110011011001100000,LL-LF--SV-TA--YI-LI--,1728050000.0,364.912,-371.912,-6.99966,-72.2787,-72.8787,-72.2136,-74.2198,-220.252,-221.005,-220.251,-249.326,-368.252,4640.56,3636.16,3684.21,45.9023,0.000429125,-8.33245,-3.60062,38.9026,-79.3815,-82.7013,-79.3887,-44.7067,514,66.6396,-102.939,31.0881,31.294,9.0544,6.13778,5.1041,-6.12006,-103.446,30.1672,30.2842,-3.60062,9.08131,6.08952,5.04202,-3.65958,1,-106.23,25.0577,27.0803,9.5,5.81723,4.6931,design_1334,-37.994600000000005,1.3411000000000115,28.320999999999998,-3.3126000000000033,-0.6650999999999954,-0.7539999999999907,-4.7318299999999995,-1004.4000000000005,6.0304,-0.44560000000000066,4.213699999999999,0.4109999999999996,Left,0.30552627249294656,1.0,0.5543999999999993,0.44560000000000066,0.9080300000000001,1.3294000000000001,0.42137,0.25036410340536713,0.3106852346066283,0.06032113120126115,0.7821833333333333,0.8506833333333333,0.0685,0.6200346165895904
LLLLAVLTLLLAILFSLLILI,103300200320030023022,000011011001101100000,LL--AV-TL--AI-FS--I--,1728060000.0,364.702,-378.562,-13.8594,-74.3055,-74.2508,-74.2508,-74.3055,-224.567,-224.525,-224.564,-242.8,-374.598,4475.13,3725.6,3607.33,43.6652,0.000626172,-8.32822,-3.91697,29.8058,-79.6895,-84.1508,-79.7001,-57.4921,486,302.327,-52.8695,74.778,15.796,9.76321,4.52545,4.14712,-9.60039,-54.0366,73.6345,15.5772,-3.91697,9.60714,4.54614,4.15065,-3.96379,4,-60.0299,56.8654,19.5041,8.5832,3.18132,2.5343,design_1711,-26.658700000000003,0.05469999999999686,18.275000000000006,-4.450699999999998,0.0,0.03899999999998727,-4.41125,-749.5300000000002,17.912600000000005,1.1800100000000011,-3.7081000000000017,1.6128200000000001,Left,0.16920667613203583,0.08319999999999972,1.2632100000000008,1.1800100000000011,0.1504100000000001,-0.22040000000000007,0.3708100000000002,0.5685314629354737,0.7477083491711647,0.17917688623569095,0.42238333333333333,0.6911866666666667,0.2688033333333334,1.278390881057993
LLLLLLLLAVLFTLLIYLILI,103300310020031003022,000011001101100110000,LL--LL-LAV-FT-LIY-I--,1728050000.0,361.49,-370.383,-8.89274,-58.9549,-58.8794,-58.8794,-58.9549,-230.953,-231.786,-230.953,-250.028,-367.098,4583.42,3949.38,3823.94,43.7222,0.000620174,-8.23882,-3.21584,34.8295,-80.4746,-84.6709,-80.4809,-58.1145,488,29.9257,-59.3518,70.3391,34.2473,9.82324,4.89856,4.45365,-2.95313,-58.4157,70.3879,34.0892,-3.21584,9.39359,4.76472,4.32053,-3.28504,4,-60.3633,61.8007,28.0,9.3037,3.89759,3.3246,design_1501,-26.556400000000004,0.07550000000000523,18.24199999999999,-4.189999999999998,0.0,-0.8329999999999984,-5.0229800000000004,-634.04,8.538400000000003,0.519540000000001,6.247300000000003,1.1290499999999994,Left,0.17268001974321648,0.8036999999999992,1.3232400000000002,0.519540000000001,1.0,1.6247300000000002,0.6247300000000002,0.6178984831692201,0.7033067391139084,0.08540825594468826,0.5541,0.7422749999999999,0.18817499999999987,0.8383995379939774
LLLLALLYVLTFLLASLLILI,13002300200230021032,000110011011001100000,LL-LA--YV-TF--AS-LI--,1728050000.0,353.828,-365.57,-11.7422,-74.1951,-74.1209,-74.1209,-74.1951,-218.524,-219.125,-218.52,-243.779,-361.632,4538.27,3731.68,3649.52,49.0167,0.000253574,-8.23699,-3.87176,37.2746,-72.8515,-76.6231,-72.8633,-43.6582,486,35.7526,-107.002,10.1342,26.1486,8.79224,3.91848,2.57049,-8.79498,-107.211,9.88997,25.6344,-3.87176,8.7295,3.91682,2.56516,-3.93777,1,-104.147,9.626,23.7979,8.7977,3.42151,2.0659,design_1433,-32.96489999999999,0.0741999999999905,24.653999999999996,-3.7597999999999985,0.0,-0.6049999999999898,-4.36523,-806.5900000000006,0.5082000000000004,-0.005460000000001131,2.3507,0.5045899999999999,Left,0.49530489253962356,0.29770000000000074,0.2922399999999996,0.005460000000001131,0.5797899999999998,0.8148599999999998,0.23507,0.09600326492723935,0.10108670862524959,0.00508344369801024,0.34431666666666666,0.428415,0.08409833333333333,0.24977207123550724
LLLLLFLLLVLATLLSILILI,103300210020031003022,000011001101100110000,LL--LF-LLV-AT-LSI-I--,1727980000.0,377.028,-381.944,-4.91612,-74.2109,-74.1564,-74.1564,-74.2109,-219.118,-222.438,-219.117,-245.3,-382.347,4527.5,3775.85,3654.17,41.3623,0.000923933,-8.2145,0.451399,36.4462,-88.6158,-93.9672,-88.622,-62.8364,468,361.194,-51.9733,75.381,17.809,9.77729,4.47243,4.10315,-5.06529,-53.9275,70.8318,17.42,0.451399,9.58688,4.15142,3.7139,0.402456,3,-55.9049,65.1264,21.3066,9.1952,3.6778,3.1547,design_7,-31.130800000000008,0.05449999999999022,22.862000000000023,-5.3452000000000055,0.0,-3.320999999999998,-8.665899,-751.6500000000001,10.254599999999996,0.5820900000000009,-3.4975999999999985,0.9484500000000002,Left,0.028877500655060433,0.6951999999999998,1.2772900000000007,0.5820900000000009,0.33065999999999995,-0.019099999999999895,0.34975999999999985,0.6511649308403586,0.7537400621776584,0.10257513133729979,0.5257833333333334,0.6838583333333333,0.15807499999999997,0.7047483159922165
LLLLFLLLAVLLILLSTLILI,103300310020021003022,000011001101100110000,LL--FL-LAV-LI-LST-I--,1728040000.0,375.993,-383.066,-7.07215,-74.2508,-74.1979,-74.1979,-74.2508,-219.223,-220.272,-219.222,-244.636,-381.596,4532.38,3645.67,3638.61,41.3623,0.000923933,-8.20845,-1.42199,34.2901,-89.5915,-95.3342,-89.5976,-62.7094,460,51.0312,-57.7013,75.7433,11.2929,9.81143,5.38054,5.01668,-6.91745,-58.2741,73.3322,14.4126,-1.42199,9.66581,5.14096,4.74095,-1.46988,2,-60.0532,66.5601,18.0145,9.4128,4.4936,3.992,design_1068,-32.62479999999999,0.05289999999999395,24.364000000000004,-5.736599999999996,0.0,-1.049999999999983,-6.786459999999999,-886.71,9.1832,0.39862999999999893,-6.721600000000002,1.02468,Left,0.028877500655060433,0.9128000000000007,1.3114299999999997,0.39862999999999893,0.0014500000000001734,-0.67071,0.6721600000000002,0.6655060037050523,0.7573640914019582,0.09185808769690584,0.6653333333333333,0.8361133333333334,0.17078000000000004,0.805176166547006
LLLLAVLLFILATLLSLLILI,103300220020031003012,000011001101100110000,LL--AV--FI-AT-LSL-IL-,1728070000.0,366.73,-375.913,-9.18277,-74.1761,-74.1214,-74.1214,-74.1761,-219.993,-222.25,-219.99,-242.625,-373.88,4478.9,3703.43,3613.77,43.6652,0.000626172,-8.20787,-1.98613,34.4825,-81.744,-85.7163,-81.7547,-57.0792,460,124.21,-54.3052,81.3782,18.6619,9.43772,5.63185,5.35252,-4.97801,-52.5243,81.655,18.4473,-1.98613,9.34911,5.40207,5.12689,-2.03331,2,-50.5223,77.5984,19.578,9.0984,4.55412,4.2181,design_1947,-28.637100000000004,0.05470000000001107,20.375,-3.9616000000000042,0.0,-2.259999999999991,-6.22174,-775.4699999999998,3.7798000000000087,0.33932000000000073,-0.9161000000000001,1.1344200000000004,Left,0.16920667613203583,0.5983999999999998,0.9377200000000006,0.33932000000000073,0.15779999999999994,0.06618999999999993,0.09161000000000001,0.7759203613826327,0.8137290990641343,0.037808737681501614,0.7030166666666666,0.8920866666666667,0.18907000000000007,0.40088329978320264
LLLLLLLLFILAVLLSTLILI,103300210020031003022,000011001101100110000,LL--LL-LFI-AV-LST-I--,1728060000.0,377.932,-385.809,-7.877,-74.253,-74.2309,-74.1908,-74.2931,-223.876,-225.654,-223.876,-245.539,-385.513,4477.59,3718.69,3634.46,41.3623,0.000923933,-8.20081,-0.239572,33.4853,-87.6796,-93.8296,-87.6856,-65.6813,469,211.811,-52.7102,82.2093,20.4516,9.69275,5.50479,5.23793,-5.90173,-53.3261,80.1961,22.0413,-0.239572,9.55829,5.32539,5.02833,-0.295823,2,-55.6891,70.4209,26.7491,9.1577,4.36019,3.9165,design_1789,-28.148300000000006,0.06219999999999004,19.88499999999999,-6.1440000000000055,-0.04010000000000957,-1.7779999999999916,-7.961238000000001,-758.9000000000001,11.788399999999996,0.53505,-6.297499999999999,1.3214300000000003,Left,0.028877500655060433,0.6577000000000002,1.1927500000000002,0.53505,0.8749099999999999,0.2451599999999999,0.6297499999999999,0.7041249714919037,0.8220424600586567,0.11791748856675299,0.65275,0.8729883333333334,0.2202383333333333,0.8632919683278275
LLLAALLLVLTLLLFSLLILI,13002200200230031032,000110011011001100000,LL-AA--LV-TL--FS-LI--,1728040000.0,369.248,-380.762,-11.5142,-74.2473,-70.6749,-74.2394,-74.2473,-221.016,-221.746,-221.004,-243.61,-378.429,4563.86,3670.14,3713.52,44.4768,0.00054596,-8.17761,-2.32374,32.9625,-85.4989,-94.1856,-85.5093,-60.5722,484,0.597357,-106.588,37.6303,20.4115,9.68623,7.56829,6.63275,-6.25591,-107.898,34.1025,20.5656,-2.32374,9.83232,7.28857,6.30011,-2.333,2,-110.864,29.0516,20.7126,9.0658,7.05153,5.9873,design_1199,-33.61339999999999,3.572400000000002,21.864000000000004,-8.676299999999998,3.5645000000000095,-0.7420000000000186,-5.85387,-893.7199999999998,8.578699999999998,0.6204300000000007,-0.30109999999999815,0.6454499999999994,Left,0.21866221428701998,0.5657999999999994,1.1862300000000001,0.6204300000000007,0.27125999999999983,0.24115000000000003,0.030109999999999804,0.29031444930360223,0.3761258197328041,0.0858113704292019,0.9978833333333333,1.1054583333333332,0.10757499999999987,0.6362200632799461
LLLLLVLATLLFILLSLLILI,103300300230020023022,000011011001101100000,LL--LV-AT--FI-LS--I--,1728040000.0,376.363,-344.295,32.068,-64.5853,-70.6708,-64.5313,-74.2629,-224.892,-227.965,-224.892,-244.755,-382.388,4540.74,3777.03,3750.59,41.3623,0.000923933,-8.16948,38.1417,73.4303,-54.8171,-91.9221,-54.8232,-63.37,480,22.9165,-60.2273,60.6193,20.0946,10.1403,3.7177,3.12699,19.3312,-60.8567,57.0125,24.2143,38.1417,9.91457,3.3252,2.68038,38.0936,1,-65.1081,44.6486,23.6038,8.6862,2.29377,1.4635,design_1146,-28.552100000000003,3.592100000000002,16.789999999999992,-37.0989,-6.139499999999998,-3.0730000000000075,-46.31118,-763.7099999999996,15.9707,1.4541000000000004,-3.5092,1.6634900000000001,Left,0.028877500655060433,0.18619999999999948,1.6402999999999999,1.4541000000000004,0.56038,0.20945999999999998,0.35092,0.4463287573670923,0.6060811270400794,0.15975236967298712,0.24391666666666667,0.521165,0.2772483333333333,1.5296859528518416
LLLLLLLTVLAILLFSLLILI,023002200200230031031,000110011011001100000,L--LL--TV-AI--FS-LI-I,1728010000.0,373.61,-384.09,-10.4796,-74.0899,-74.1654,-74.0306,-74.2451,-224.609,-226.313,-224.609,-245.616,-383.207,4565.08,3767.09,3693.42,41.3623,0.000923933,-8.15497,-0.829951,30.8827,-85.3913,-90.8839,-85.3974,-63.3456,497,14.6888,-114.659,12.1364,23.0131,10.04,5.33723,4.01927,-2.58557,-113.764,12.0137,25.3509,-0.829951,9.63717,5.18652,3.86673,-0.883133,4,-114.889,1.9127,23.032,9.5,3.99161,2.5203,design_729,-27.5383,0.07969999999998834,19.303000000000026,-5.486499999999992,-0.13479999999999848,-1.7039999999999793,-7.325019,-797.9899999999998,10.223700000000001,0.5399999999999991,-0.018899999999998585,1.4989699999999995,Left,0.028877500655060433,1.0,1.5399999999999991,0.5399999999999991,0.5032,0.5013100000000001,0.0018899999999998363,0.018848352932232755,0.12111439648860277,0.10226604355637,0.42005000000000003,0.6698783333333332,0.2498283333333332,0.6037185701142408
LLLLAVLTILLFLLASLLILI,113300300210020023031,000011011001101100000,LL--AV-TI-LFL-AS--I-I,1728050000.0,366.06,-369.671,-3.6108,-74.3107,-74.2569,-74.2569,-74.3107,-228.649,-230.793,-228.648,-242.794,-374.091,4524.1,3883.84,3784.44,43.6652,0.000626172,-8.1402,4.46462,40.0544,-66.7107,-77.181,-66.7216,-56.9862,492,330.452,-102.618,19.2735,29.1442,9.87043,4.49455,3.28365,-0.0234188,-99.6611,20.3358,28.8561,4.46462,9.72866,4.1945,2.99954,4.42017,2,-93.0657,14.4816,20.8949,9.5,2.41488,1.1321,design_1610,-20.1948,0.05379999999999541,12.001000000000005,-10.459400000000002,0.0,-2.1450000000000102,-12.60482,-640.2600000000002,4.791899999999998,0.3704300000000007,8.249300000000002,2.1515500000000003,Left,0.16920667613203583,1.0,1.3704300000000007,0.3704300000000007,0.28948999999999997,1.1144200000000002,0.8249300000000002,0.14457305874868465,0.19250567161073742,0.047932612862052776,0.18868333333333334,0.5472750000000001,0.35859166666666675,0.9739678683501638
LLLLVLLLALLFTLLSILILI,103300210020031003022,000011001101100110000,LL--VL-LAL-FT-LSI-I--,1728010000.0,376.742,-378.913,-2.17108,-74.1783,-74.1249,-74.1249,-74.1783,-219.3,-223.061,-219.3,-245.699,-384.228,4515.16,3720.64,3680.59,41.3623,0.000923933,-8.13981,5.36266,39.1912,-85.4346,-95.1817,-85.4403,-64.3505,484,211.811,-53.4827,75.5157,20.1429,9.25553,4.71701,4.34975,-0.480037,-52.8151,71.9908,23.4128,5.36266,9.49789,4.14103,3.72089,5.31497,4,-54.3497,66.6776,26.4868,9.2584,3.65394,3.1541,design_623,-30.83120000000001,0.05339999999999634,22.638000000000005,-9.741400000000013,0.0,-3.7609999999999957,-13.50247,-794.52,8.838099999999997,-0.002869999999999706,-6.343899999999998,1.19565,Left,0.028877500655060433,0.7584,0.7555300000000003,0.002869999999999706,0.8486799999999999,0.2142900000000001,0.6343899999999998,0.6666813374998499,0.7550874448343329,0.08840610733448295,0.5256833333333334,0.7249583333333334,0.19927499999999998,0.6708092683013822
LLLLLVLLAILYTLLLFLILI,103300310020031003022,000011001101100110000,LL--LV-LAI-YT-LLF-I--,1728050000.0,362.464,-368.807,-6.34249,-58.9201,-58.8513,-58.8513,-58.9201,-228.041,-228.48,-228.041,-250.895,-367.562,4580.48,3864.3,3777.71,43.7222,0.000620174,-8.11673,-1.18223,37.3797,-81.8454,-88.3478,-81.8519,-57.7472,475,276.595,-59.4416,69.0453,33.3995,9.56507,4.73735,4.27303,-5.96706,-60.4266,66.9674,33.2871,-1.18223,9.56979,4.60459,4.1091,-1.24438,1,-60.3633,61.8007,28.0,9.3037,3.89759,3.3246,design_1501,-30.600600000000007,0.06879999999999598,22.41500000000002,-6.495900000000006,0.0,-0.43899999999999295,-6.934500000000001,-716.1799999999994,7.244599999999998,0.2613700000000012,5.399500000000003,0.9484300000000001,Left,0.17268001974321648,0.8036999999999992,1.0650700000000004,0.2613700000000012,1.0,1.5399500000000004,0.5399500000000004,0.6178984831692201,0.6903650636780846,0.07246658050886445,0.5541,0.7121716666666668,0.15807166666666672,0.6245785270832056
LLLLLALLFVLATLLLILILI,103300210020031003022,000011001101100110000,LL--LA-LFV-AT-LLI-I--,1727980000.0,369.549,-330.926,38.6226,-58.9549,-58.8878,-58.8878,-58.9549,-215.588,-222.961,-215.586,-243.406,-369.225,4521.77,3730.33,3614.14,41.4852,0.000904948,-8.11199,38.3581,80.1078,-56.383,-95.4886,-56.3939,-66.8641,486,103.966,-54.9701,75.8639,25.5124,9.87797,4.98714,4.6251,29.0919,-57.7764,67.2616,24.5839,38.3581,9.4846,4.24678,3.7557,38.2991,0,-57.7764,67.2616,24.5839,9.4846,4.24678,3.7557,design_92,-28.624500000000012,0.06710000000000349,20.444999999999993,-39.0947,0.0,-7.375,-46.47009,-791.4400000000005,8.6023,0.3933699999999991,0.9284999999999997,0.8693999999999997,Left,0.03636651696758832,0.9846000000000004,1.3779699999999995,0.3933699999999991,0.65839,0.7512399999999999,0.09284999999999988,0.6725229965310148,0.758570434003257,0.0860474374722422,0.62595,0.7708499999999999,0.14489999999999992,0.43790552736353844
LLLLVALLTILLALLFLLILI,112300320020032003102,000011001101100110000,LL--VA--TI-LA--FL-IL-,1728020000.0,367.968,-366.511,1.45696,-58.9928,-58.9339,-58.9339,-58.9928,-219.945,-220.78,-219.942,-244.59,-368.873,4521.88,3805.47,3674.63,41.4852,0.000904948,-8.06879,2.41207,42.9422,-87.5742,-97.2275,-87.5844,-65.2896,543,17.549,-8.18119,95.0782,28.5736,9.01571,0.562738,0.488911,-0.599065,-6.46247,94.8522,27.4718,2.41207,9.1274,0.274417,0.1972,2.36108,0,-6.46247,94.8522,27.4718,9.1274,0.274417,0.1972,design_812,-31.937900000000013,0.058900000000001285,23.810000000000002,-9.643100000000004,0.0,-0.8379999999999939,-10.48086,-716.4100000000003,0.2259999999999991,-0.1116899999999994,1.1017999999999972,0.291711,Left,0.03636651696758832,0.6273999999999997,0.5157100000000003,0.1116899999999994,0.9471800000000001,1.0573599999999999,0.11017999999999972,0.9485073760948108,0.9507680181171452,0.002260642022334336,0.03286666666666666,0.08148516666666666,0.0486185,0.16426550929700046
LLLLVALLLILTSLLFLLILI,102300320030032003102,000011001101100110000,LL--VA--LI-TS--FL-IL-,1727980000.0,382.416,-383.323,-0.906777,-74.1851,-74.1869,-74.1869,-74.2625,-219.917,-222.042,-219.914,-246.637,-383.226,4544.74,3749.04,3599.78,41.3623,0.000923933,-8.06412,-0.101801,40.4555,-89.2207,-95.0613,-89.2264,-62.3268,465,177.29,-12.9202,89.4306,25.1057,9.46493,0.511162,0.352621,-4.45395,-12.8774,86.9852,23.5215,-0.101801,9.34917,0.17461,-0.0206121,-0.0968838,1,-9.91693,90.5104,21.4559,9.3626,0.206444,0.0641,design_229,-32.734500000000004,0.07560000000000855,24.595,-5.834900000000005,0.0,-2.1280000000000143,-7.962319000000001,-795.6999999999998,-1.0798000000000059,0.10233000000000025,3.649799999999999,0.288521,Left,0.028877500655060433,0.8626000000000005,0.9649300000000007,0.10233000000000025,0.34558999999999995,0.7105699999999999,0.36497999999999997,0.9050770418798939,0.894275974376723,0.010801067503170891,0.010683333333333335,0.05877016666666667,0.048086833333333336,0.38224447137824746
LLLAVLLLILFLLLTSLLILI,13002200300230021032,000110011011001100000,LL-AV--LI-FL--TS-LI--,1728000000.0,379.249,-386.078,-6.82946,-74.1623,-74.1817,-74.1645,-74.2416,-222.272,-225.244,-222.265,-247.006,-386.19,4533.41,3755.5,3750.85,41.3623,0.000923933,-8.05384,0.1116,34.5328,-89.6439,-94.818,-89.6494,-64.9427,468,253.054,-116.174,-1.08373,20.0341,9.92762,3.77986,2.26361,-4.61153,-115.552,-3.64642,19.9454,0.1116,9.92805,3.34056,1.78586,0.112018,4,-107.84,2.5941,18.2142,9.3464,3.02619,1.5651,design_560,-29.875299999999996,0.059899999999998954,21.762,-5.168599999999998,-0.017200000000002547,-2.9790000000000134,-8.165439999999998,-777.9099999999999,-3.67783,0.5812200000000001,1.819899999999997,0.69851,Left,0.028877500655060433,0.8463999999999992,1.4276199999999992,0.5812200000000001,0.02142000000000017,0.20340999999999987,0.1819899999999997,0.02566428865797887,-0.011124459346454394,0.03678874800443326,0.26084999999999997,0.3772683333333333,0.11641833333333335,0.621163174066078
LLLVALLYFLLLLLTSLLILI,13002300200220031032,000110011011001100000,LL-VA--YF-LL--TS-LI--,1728000000.0,368.187,-374.971,-6.78362,-74.005,-74.1167,-73.9938,-74.1968,-221.638,-222.634,-221.633,-249.595,-370.842,4652.16,3694.41,3690.15,46.7138,0.000374154,-8.04943,-4.11987,39.9302,-79.3278,-82.1412,-79.3348,-47.0509,479,177.29,-104.063,32.1846,25.6414,9.37598,6.4543,5.43707,-8.26376,-103.285,32.7401,26.4298,-4.11987,8.8673,6.4126,5.4037,-4.12861,0,-103.285,32.7401,26.4298,8.8673,6.4126,5.4037,design_582,-35.0903,0.08010000000000161,26.961000000000013,-2.8063999999999965,-0.12290000000000134,-1.0009999999999764,-3.9295599999999995,-957.75,-0.555499999999995,0.50868,-0.7883999999999993,0.033370000000000566,Left,0.35497571706264813,0.3673000000000002,0.8759800000000002,0.50868,0.8429800000000001,0.76414,0.07884000000000002,0.32720992761944395,0.3216533495512726,0.005556578068171336,0.9006166666666666,0.9061783333333334,0.005561666666666798,0.5148134571822485
LLLAALLFVLTSLLYLLLILI,13002300200220032031,000110011011001100000,LL-AA--FV-TS--YL--I-I,1728040000.0,360.895,-340.833,20.0622,-74.2901,-74.2439,-74.2716,-74.2839,-222.998,-223.922,-222.988,-246.409,-364.54,4581.49,3633.28,3655.06,49.0167,0.000253574,-8.00332,23.7245,69.0789,-43.5448,-74.3772,-43.5559,-43.8473,488,32.7096,-99.375,39.0188,23.5787,9.23576,6.67378,5.75907,18.9858,-99.0701,38.0715,20.9174,23.7245,9.34784,6.50017,5.57124,23.7069,1,-98.685,33.7657,18.0061,9.2443,5.86111,4.8676,design_1057,-30.529900000000005,0.04000000000000625,22.486999999999995,-30.8213,0.02770000000001005,-0.9339999999999975,-31.72782,-948.2099999999996,5.253099999999996,-0.008539999999999992,5.572600000000001,0.89147,Left,0.49530489253962356,0.7443000000000008,0.7357600000000009,0.008539999999999992,0.0006099999999999994,0.5578700000000001,0.5572600000000001,0.33746884115088693,0.3900147641930308,0.052545923042143894,0.8112666666666667,0.9598450000000001,0.14857833333333337,0.5791789312159603
LLLLAVLLLILFTLLSYLILI,103300210020031003022,000011001101100110000,LL--AV-LLI-FT-LSY-I--,1728060000.0,360.475,-366.322,-5.84728,-74.1761,-74.1678,-74.1678,-74.1761,-223.99,-227.26,-223.986,-249.57,-372.079,4535.16,3793.37,3636.62,45.9023,0.000429125,-7.92102,5.76234,40.055,-68.1558,-78.5727,-68.1626,-48.3328,475,14.6888,-56.0125,69.5754,18.8694,9.65013,4.29456,3.83819,1.1654,-56.3368,66.536,20.033,5.76234,9.5309,3.93287,3.43091,5.75702,3,-55.1286,65.1987,22.4827,9.2055,3.57112,3.0491,design_1674,-30.2399,0.008300000000005525,22.310000000000002,-10.4101,0.0,-3.274000000000001,-13.68336,-741.79,4.3767,0.4446300000000001,-3.6133000000000024,0.7890899999999998,Left,0.30552627249294656,0.7055000000000007,1.1501300000000008,0.4446300000000001,0.4482700000000001,0.08693999999999988,0.36133000000000026,0.6518881362306895,0.6956675695897635,0.04377943335907397,0.5081833333333333,0.6396983333333334,0.13151500000000005,0.5894641972251087
LLLLFALLLLLTVLYILLILI,103300200320020033022,000011011001101100000,LL--FA-LL--TV-YI--I--,1728040000.0,361.351,-346.5,14.8503,-58.8848,-58.8921,-58.8711,-58.9652,-221.985,-224.19,-221.981,-251.871,-364.326,4655.44,3870.81,3675.82,43.7222,0.000620174,-7.89395,17.8366,58.5726,-65.631,-89.1383,-65.6377,-53.4902,497,253.054,-64.4821,52.7112,21.1739,10.1732,3.28832,2.57899,0.224119,-66.3458,48.3619,19.9924,17.8366,10.0937,2.98073,2.20616,17.8257,1,-63.5976,50.6697,22.7455,9.4863,2.88005,2.1401,design_1072,-35.6481,0.07310000000000372,27.68100000000001,-23.500600000000006,-0.021000000000000796,-2.209000000000003,-25.73055,-784.6299999999997,2.041499999999999,0.6868999999999996,-1.5716,0.4388900000000002,Left,0.17268001974321648,0.9863,1.6731999999999996,0.6868999999999996,0.47454999999999997,0.31738999999999995,0.15716000000000002,0.5065568621488503,0.5269776616559103,0.020420799507059995,0.3566833333333333,0.42983166666666667,0.07314833333333337,0.7087302472181862
LLLLAILTALLFVLLSLLILI,103300200220030033022,000011011001101100000,LL--AI-TA--FV-LS--I--,1727980000.0,366.479,-379.005,-12.5258,-74.3478,-74.2847,-74.2847,-74.3478,-219.362,-217.712,-219.359,-242.359,-374.43,4500.69,3667.63,3626.76,43.6652,0.000626172,-7.88874,-4.51904,31.1395,-85.2946,-90.3222,-85.3055,-57.7237,476,276.595,-50.9668,92.6009,17.602,9.21902,6.64614,6.53516,-8.92902,-51.0201,93.6144,16.9519,-4.51904,9.30431,6.79095,6.69517,-4.57472,4,-51.8031,86.3022,19.9242,8.6827,5.92127,5.7158,design_108,-32.598499999999994,0.06310000000000571,24.64700000000002,-5.0167,0.0,1.6470000000000198,-3.3697,-833.0599999999995,6.298699999999997,0.5363199999999999,-2.3221999999999987,0.8193600000000005,Left,0.16920667613203583,0.18270000000000053,0.7190200000000004,0.5363199999999999,0.1924199999999999,-0.03979999999999997,0.23221999999999987,0.8629830871967639,0.9259879805864866,0.0630048933897227,0.9526333333333333,1.0891933333333335,0.13656000000000013,0.6034761975347911
LLLLIVLLALLFLLLSTLILI,103300320020031003012,000011001101100110000,LL--IV--AL-FL-LST-IL-,1728050000.0,377.531,-379.191,-1.66058,-74.1689,-74.2,-74.113,-74.2559,-220.244,-221.664,-220.244,-245.834,-384.309,4524.25,3713.35,3688.2,41.3623,0.000923933,-7.88408,5.16694,39.7017,-84.7787,-96.3288,-84.7845,-64.2184,484,177.29,-50.2452,81.1405,19.6861,9.602,4.99075,4.70786,1.19388,-50.9472,76.7578,22.7702,5.16694,9.90633,4.50438,4.15575,5.11718,1,-46.0948,78.3079,26.7485,9.494,3.98578,3.6604,design_1373,-32.1104,0.055899999999994066,24.170000000000016,-11.544300000000007,-0.0870000000000033,-1.4199999999999875,-13.051020000000001,-810.9000000000001,2.8325999999999993,0.10800000000000054,-7.0624,1.04746,Left,0.028877500655060433,0.9939999999999998,1.1020000000000003,0.10800000000000054,0.87485,0.16860999999999998,0.70624,0.7830173769350496,0.8113514238043604,0.028334046869310847,0.6100666666666666,0.7846433333333334,0.1745766666666667,0.73601546747092
LLLLYALVTLLLILFSLLILI,103300200230030023022,000011011001101100000,LL--YA-VT--LI-FS--I--,1727980000.0,359.388,-364.163,-4.77499,-68.6286,-71.818,-68.6231,-74.2956,-224.527,-226.653,-224.524,-248.455,-369.414,4569.61,3698.34,3672.08,45.9023,0.000429125,-7.87306,5.253,41.1273,-71.007,-78.8165,-71.0139,-46.6639,487,51.0312,-56.7406,80.0989,16.9065,10.0659,5.82445,5.52593,-4.85602,-58.2124,77.0614,18.6991,5.253,9.93469,5.63515,5.29107,5.25113,2,-59.5624,70.8383,23.7924,9.4709,4.99753,4.5601,design_215,-32.15260000000001,2.4775999999999954,21.80200000000002,-7.802599999999998,-3.194900000000004,-2.1289999999999907,-13.126059999999999,-871.2699999999995,9.260599999999997,0.5949999999999989,-6.8858999999999995,0.9658299999999995,Left,0.30552627249294656,0.9709000000000003,1.5658999999999992,0.5949999999999989,0.5792400000000001,-0.10934999999999988,0.6885899999999999,0.7083001572446576,0.8009324648200089,0.09263230757535135,0.7600166666666667,0.9209883333333333,0.16097166666666662,0.9288023524820431
LLLVTLLLILALLLFSLLILI,13003200200220031032,000110011011001100000,LL-VT--LI-AL--FS-LI--,1728060000.0,376.632,-382.487,-5.85476,-60.4659,-60.4121,-60.4121,-60.4659,-225.921,-226.324,-225.92,-246.515,-378.224,4598.46,3794.31,3731.47,41.3623,0.000923933,-7.73161,-4.21455,35.5075,-96.0999,-99.2195,-96.1059,-71.2429,467,804.321,-109.944,7.61015,29.079,9.84061,4.01902,2.63318,-0.561689,-108.923,8.40283,28.6635,-4.21455,9.85999,3.97279,2.59883,-4.26326,4,-107.499,6.7065,26.7755,9.3626,3.5303,2.1309,design_1730,-27.97659999999999,0.05379999999999541,20.190999999999974,-3.113599999999991,0.0,-0.4040000000000248,-3.51706,-804.1500000000001,0.9036499999999998,0.4780099999999994,2.3034999999999997,0.5022799999999998,Left,0.028877500655060433,0.8626000000000005,1.3406099999999999,0.4780099999999994,0.87755,1.1079,0.23035000000000005,0.06679997119181848,0.07583903828687347,0.00903906709505499,0.35515,0.4388633333333333,0.0837133333333333,0.5372562791738466
LLLLIALLLTLVSLLLFLILI,102300320030032003102,000011001101100110000,LL--IA--LT-VS--LF-IL-,1728040000.0,382.037,-378.233,3.80455,-74.1611,-74.2139,-74.1534,-74.2216,-219.916,-222.731,-219.914,-245.924,-383.076,4534.24,3770.09,3677.12,41.3623,0.000923933,-7.73061,4.84805,45.1668,-84.155,-93.8617,-84.1607,-62.9309,512,95.1175,-15.5881,91.3617,23.0601,9.46829,1.17206,1.04248,-0.924875,-16.9063,85.2844,23.8698,4.84805,9.4389,0.549334,0.3286,4.84388,0,-16.9063,85.2844,23.8698,9.4389,0.549334,0.3286,design_1220,-30.930799999999998,0.007699999999999818,23.193000000000012,-9.700999999999993,-0.06049999999999045,-2.8170000000000073,-12.57866,-764.1499999999996,6.077299999999994,0.02938999999999936,-0.809700000000003,0.7138800000000001,Left,0.028877500655060433,0.9389000000000003,0.9682899999999997,0.02938999999999936,0.5869800000000002,0.5060099999999998,0.08097000000000032,0.8528021958236139,0.9135924602587134,0.060790264435099495,0.054766666666666665,0.1737466666666667,0.11898000000000003,0.15897046785516278
LLLLVFLTWLLALLISLLILI,103300300220020033012,000011011001101100000,LL--VF-TW--AL-IS--IL-,1728040000.0,374.808,-360.662,14.1454,-74.2776,-74.1722,-74.1952,-74.2776,-221.259,-224.045,-221.258,-250.197,-378.322,4620.95,3704.17,3661.06,49.2152,0.000245214,-7.67394,17.7345,63.3606,-65.126,-87.7792,-65.1346,-53.8476,485,361.194,-46.2303,96.037,19.3115,9.34791,6.39953,6.34009,4.7256,-44.3956,93.8671,19.2336,17.7345,9.5,5.83139,5.7394,17.6598,0,-44.3956,93.8671,19.2336,9.5,5.83139,5.7394,design_1210,-33.9316,0.10540000000000305,26.152000000000015,-22.644599999999997,0.022999999999996135,-2.7869999999999777,-25.40844,-916.7799999999997,2.1699000000000126,-0.1520899999999994,0.07789999999999964,0.6006900000000002,Left,0.5074006593259278,1.0,0.8479100000000006,0.1520899999999994,0.12335999999999991,0.13114999999999988,0.007789999999999964,0.9386535776160428,0.9603587418826948,0.021705164266651922,0.9565666666666667,1.0566816666666667,0.10011500000000007,0.1835379513366164
LLLLTVLLAILYLLLLFLILI,103300210030021003022,000011001101100110000,LL--TV-LAI-YL-LLF-I--,1728030000.0,363.25,-274.469,88.7816,-45.1579,-45.0874,-45.0874,-45.1579,-225.392,-232.734,-225.392,-251.554,-360.258,4579.72,3960.37,3684.94,43.7222,0.000620174,-7.66496,85.8537,132.504,-3.91836,-90.1013,-3.92492,-63.5452,488,211.811,-60.3216,68.1381,20.9946,10.3194,4.74688,4.26896,85.8018,-61.4399,60.5881,25.116,85.8537,9.5,3.89538,3.3042,85.789,0,-61.4399,60.5881,25.116,9.5,3.89538,3.3042,design_1030,-26.556099999999994,0.07049999999999557,18.819999999999993,-86.17638,0.0,-7.342000000000013,-93.51866,-619.3500000000004,7.549999999999997,0.8193999999999999,-4.121400000000001,0.9647600000000001,Left,0.17268001974321648,1.0,1.8194,0.8193999999999999,0.7116,0.29945999999999984,0.4121400000000002,0.6057690384069075,0.6812904864981654,0.07552144809125783,0.5507,0.7114933333333333,0.16079333333333334,0.9342557063064935
LLLLLALLSVLYTLLLFLILI,103300310030021003022,000011001101100110000,LL--LA-LSV-YT-LLF-I--,1728060000.0,370.552,-369.659,0.89308,-74.3286,-74.3105,-74.3105,-74.3286,-223.184,-225.354,-223.182,-248.949,-374.631,4570.36,3808.02,3633.68,46.7138,0.000374154,-7.63204,4.98537,47.6069,-72.1457,-82.5986,-72.1527,-51.3533,490,148.395,-53.4795,78.2179,25.7468,9.60563,5.08135,4.75462,-5.31718,-53.4198,76.7199,24.4006,4.98537,9.52452,4.87016,4.52096,4.97199,1,-52.37,75.6987,26.0846,9.2813,4.57482,4.2103,design_1798,-31.245300000000007,0.01809999999998979,23.595,-10.445900000000009,0.0,-2.1720000000000255,-12.61741,-762.3399999999997,2.519199999999998,0.3243299999999998,-0.3377999999999979,0.5443199999999999,Left,0.35497571706264813,0.7812999999999999,1.1056299999999997,0.3243299999999998,0.8084599999999998,0.77468,0.03377999999999981,0.7569179647019754,0.7821171212624385,0.02519915656046312,0.7017166666666667,0.7924366666666667,0.09072000000000002,0.33940558803790866
LLLLVALLITLLSLLFLLILI,112300320020023003102,000011001101100110000,LL--VA--IT-LS--FL-IL-,1727980000.0,383.147,-380.346,2.80113,-74.1611,-66.9497,-74.1628,-74.2216,-224.228,-226.23,-224.226,-246.659,-382.981,4525.63,3866.71,3746.54,41.3623,0.000923933,-7.62785,2.62937,44.1634,-81.9569,-97.4288,-81.9627,-62.1001,499,148.395,-8.97508,98.1652,27.7392,9.63487,1.09856,1.07103,-1.65797,-5.96828,98.7156,27.1886,2.62937,9.85331,0.721847,0.702581,2.63489,1,-3.92537,98.6593,25.7769,9.5,0.40781,0.3877,design_175,-35.3287,7.271899999999988,20.429000000000002,-15.466099999999997,7.213099999999997,-2.0039999999999907,-10.25722,-658.9200000000001,-0.4941000000000031,0.13486999999999938,1.962299999999999,0.68333,Left,0.028877500655060433,1.0,1.1348699999999994,0.13486999999999938,0.7776900000000001,0.97392,0.1962299999999999,0.9865891913303378,0.9816467876877033,0.004942403642634541,0.06461666666666667,0.178505,0.11388833333333333,0.2639907377602687
LLLTALLLFLVALLLSLLILI,13002200300230023121,000110011011001100000,LL-TA--LF-VA--LS--I-I,1728040000.0,371.761,-371.272,0.489622,-60.4659,-60.3999,-60.3999,-60.4659,-219.803,-220.032,-219.799,-246.073,-374.155,4565.43,3603.46,3689.36,44.4768,0.00054596,-7.61879,2.94302,44.9664,-91.0025,-101.342,-91.0131,-67.6159,498,193.783,-101.256,38.463,24.7509,8.88195,6.88096,5.95791,0.489463,-98.8595,41.2174,27.3053,2.94302,9.21907,6.89327,6.01154,2.8831,1,-92.4987,47.4966,27.7343,9.4847,6.78685,5.9993,design_1234,-33.7261,0.0659999999999954,26.040999999999997,-10.328900000000004,0.0,-0.2330000000000041,-10.56181,-961.9700000000003,-9.0336,-0.6027500000000003,-2.9833999999999996,-0.041389999999999816,Left,0.21866221428701998,0.9847000000000001,0.3819499999999998,0.6027500000000003,0.9734300000000001,0.6750900000000002,0.29833999999999994,0.47481684798482776,0.38445518527261746,0.0903616627122103,0.9998833333333333,0.992985,0.00689833333333334,0.6786214962634867
LLLLLALLFVLTILLSLLILI,103300210030031003022,000011001101100110000,LL--LA-LFV-TI-LSL-I--,1728030000.0,376.53,-385.351,-8.8203,-74.2144,-74.2092,-74.2092,-74.2316,-229.662,-231.064,-229.661,-245.995,-384.811,4521.65,3780.66,3761.64,41.3623,0.000923933,-7.61551,-0.539142,32.542,-81.4746,-87.1542,-81.4808,-64.5851,478,193.783,-51.5433,89.0879,24.1551,10.1531,6.25836,6.09467,-1.68295,-49.8662,89.8243,25.8985,-0.539142,10.0601,6.1062,5.95357,-0.539329,2,-52.2651,77.3882,26.861,9.4045,4.78718,4.448,design_951,-22.569100000000006,0.02240000000000464,14.931000000000012,-5.673400000000001,0.0,-1.4029999999999916,-7.0763679999999995,-740.9899999999998,11.699700000000007,0.7485999999999997,-2.7058999999999997,1.6466699999999994,Left,0.028877500655060433,0.9045000000000005,1.6531000000000002,0.7485999999999997,0.8861000000000001,0.6155100000000001,0.27059,0.7738177642450456,0.8908480008322364,0.1170302365871908,0.7413333333333334,1.0157783333333332,0.27444499999999983,0.8500806093545795
LLLAALLYVLLFLLSTLLILI,13002300200320022031,000110011011001100000,LL-AA--YV-LF--ST--I-I,1728070000.0,364.254,-333.67,30.584,-74.0937,-74.152,-74.0749,-74.204,-221.585,-224.304,-221.573,-249.66,-366.56,4586.73,3739.75,3676.64,49.0167,0.000253574,-7.6052,32.9094,79.6008,-37.9913,-75.7084,-38.0026,-42.6956,474,361.194,-99.9795,37.0245,22.9585,9.44646,6.49523,5.5506,31.0522,-98.8446,32.6123,21.7106,32.9094,9.32356,5.72935,4.71853,32.8897,1,-96.3201,34.7199,20.3353,9.2265,5.6352,4.656,design_1895,-33.0128,0.0519999999999925,25.355999999999995,-37.705799999999996,-0.0771000000000015,-2.7309999999999945,-40.5146,-846.9799999999996,2.3046000000000006,0.21996000000000038,2.6232000000000006,0.8946000000000005,Left,0.49530489253962356,0.7264999999999997,0.9464600000000001,0.21996000000000038,0.23353000000000002,0.49585000000000007,0.26232000000000005,0.3470135518487251,0.3700660987720513,0.0230525469233262,0.7759999999999999,0.9251,0.14910000000000012,0.37410748979357844
LLLTALLLVLFLLLASLLILI,13002200200230031032,000110011011001100000,LL-TA--LV-FL--AS-LI--,1728070000.0,371.245,-358.343,12.9025,-60.4659,-60.4011,-60.4011,-60.4659,-222.928,-224.782,-222.923,-246.082,-374.349,4539.46,3729.91,3676.3,44.4768,0.00054596,-7.58968,16.066,57.3792,-74.9486,-96.756,-74.9592,-67.8007,451,162.201,-110.98,10.5745,21.0749,9.51573,4.57451,3.23313,9.92969,-111.619,5.7512,18.5361,16.066,9.3412,4.01923,2.6055,16.0061,0,-111.619,5.7512,18.5361,9.3412,4.01923,2.6055,design_1870,-28.955299999999994,0.06479999999999819,21.299999999999983,-21.796800000000005,0.0,-1.8590000000000089,-23.65568,-809.5500000000002,4.823300000000001,0.17452999999999896,2.5387999999999984,0.6276299999999999,Left,0.21866221428701998,0.8412000000000006,1.0157299999999996,0.17452999999999896,0.053610000000000116,0.30748999999999993,0.25387999999999983,0.05724425736909282,0.10549095943247884,0.04824670206338602,0.43425,0.538855,0.10460499999999995,0.3289159856026956
LLLLIALTYLLSVLFLLLILI,103300300220020033022,000011011001101100000,LL--IA-TY--SV-FL--I--,1727980000.0,365.644,-360.719,4.92488,-72.6224,-72.728,-72.604,-74.2821,-218.869,-222.214,-218.867,-248.466,-367.251,4600.39,3716.77,3667.59,45.9023,0.000429125,-7.53762,6.54518,50.8272,-69.2276,-79.8464,-69.2348,-44.5029,527,193.783,-50.734,85.48,21.8572,9.57818,5.6499,5.4321,-0.148378,-49.5928,83.2846,22.6507,6.54518,9.53827,5.18234,4.93161,6.53151,2,-50.0474,81.8699,24.7367,9.325,5.05955,4.7876,design_185,-35.343500000000006,1.5541000000000054,26.25200000000001,-10.611599999999996,-0.12399999999999523,-3.3470000000000084,-14.0828,-883.6200000000003,3.6101000000000028,0.2531800000000004,-2.8795,0.6444999999999999,Left,0.30552627249294656,0.8249999999999993,1.0781799999999997,0.2531800000000004,0.6736699999999999,0.3857199999999999,0.28795,0.8186474958888325,0.8547587514854219,0.03611125559658945,0.7979333333333334,0.90535,0.1074166666666666,0.3998220578689227
LLLLVILTFLLLLLASLLILI,103300200220030033022,000011011001101100000,LL--VI-TF--LL-AS--I--,1728070000.0,376.974,-371.604,5.36987,-74.1482,-74.0922,-74.0922,-74.2776,-227.321,-230.658,-227.322,-245.143,-380.977,4547.22,3759.29,3796.35,41.3623,0.000923933,-7.49849,9.42229,46.7321,-70.1347,-83.7258,-70.1411,-61.5562,490,162.201,-55.1383,67.5301,28.885,10.1958,3.88731,3.40026,-1.76141,-56.4495,62.4312,28.184,9.42229,10.1994,3.39564,2.83211,9.37298,4,-60.1843,50.023,28.0,9.1155,2.28076,1.5311,design_1906,-22.16960000000001,0.18540000000000134,14.485000000000014,-13.584700000000012,0.0,-3.3359999999999843,-16.92078,-787.9300000000003,17.5071,1.0802999999999994,0.8850000000000016,1.86916,Left,0.028877500655060433,0.6155000000000008,1.6958000000000002,1.0802999999999994,1.0,1.0885000000000002,0.08850000000000025,0.5000880249990999,0.6752087592876377,0.1751207342885378,0.2551833333333333,0.5667099999999999,0.3115266666666666,1.1413134870061774
LLLLVFLLATLYLLLSILILI,103300210030032003012,000011001101100110000,LL--VF-LAT-YL--SI-IL-,1728050000.0,361.31,-319.568,41.7415,-74.2249,-74.1681,-74.1681,-74.2781,-218.174,-223.819,-218.173,-247.863,-368.022,4572.14,3805.1,3631.51,45.9023,0.000429125,-7.4984,48.5047,87.6438,-27.1696,-77.5337,-27.1763,-45.881,476,231.516,-48.1791,79.686,20.1551,9.49715,4.48447,4.17976,7.97059,-47.1796,76.7117,21.2412,48.5047,9.5,3.93302,3.5837,48.454,0,-47.1796,76.7117,21.2412,9.5,3.93302,3.5837,design_1331,-31.652699999999996,0.10999999999999943,24.04400000000001,-50.3574,0.0,-5.645999999999987,-56.0031,-767.0400000000004,2.9743000000000137,-0.0028500000000004633,-1.0860999999999983,0.59606,Left,0.30552627249294656,1.0,0.9971499999999995,0.0028500000000004633,0.3241199999999999,0.2155100000000001,0.10860999999999982,0.7670508424392527,0.7968022918508857,0.02975144941163299,0.5972833333333333,0.6966266666666666,0.09934333333333334,0.1501948774754675
LLLYALLVLLTSLLFLLLILI,13002300200220031032,000110011011001100000,LL-YA--VL-TS--FL-LI--,1727990000.0,369.273,-338.485,30.7887,-73.5951,-74.2038,-73.5872,-74.3143,-226.544,-229.392,-226.538,-254.176,-373.6,4696.82,3866.69,3782.03,46.7138,0.000374154,-7.47252,35.1226,77.5025,-38.3453,-77.476,-38.3522,-45.1089,471,46.6879,-104.239,16.4692,26.5832,9.0326,4.35916,3.1062,31.5732,-100.583,16.5964,24.9099,35.1226,8.8607,3.82795,2.5769,35.115,0,-100.583,16.5964,24.9099,8.8607,3.82795,2.5769,design_346,-32.3671,0.11050000000000182,24.783999999999992,-39.123799999999996,-0.6166000000000054,-2.853999999999985,-42.59512,-830.1299999999997,-0.12719999999999843,0.17190000000000083,1.6733000000000011,0.5292999999999997,Left,0.35497571706264813,0.3606999999999996,0.5326000000000004,0.17190000000000083,0.69099,0.8583200000000002,0.1673300000000002,0.16572706648688226,0.1644547051362587,0.0012723613506235576,0.4294833333333334,0.5176999999999999,0.08821666666666655,0.25560269576274947
LLLLFVLIALLTLLLSLLILI,103300200230030023012,000011011001101100000,LL--FV-IA--TL-LS--IL-,1728040000.0,375.964,-381.637,-5.67374,-74.3376,-70.6337,-74.292,-74.3376,-221.472,-222.062,-221.472,-245.019,-381.368,4524.26,3707.18,3689.04,41.3623,0.000923933,-7.46908,-0.22922,35.6885,-85.8274,-96.1415,-85.8334,-62.0117,490,17.549,-47.6036,96.2455,17.2919,9.47337,6.63369,6.57737,-5.36827,-46.1709,97.5621,18.3201,-0.22922,9.56655,6.59651,6.55994,-0.269471,3,-47.5649,88.1811,21.7888,9.5,5.53918,5.3619,design_1315,-34.129799999999996,3.70389999999999,22.956999999999994,-10.308099999999996,3.658299999999997,-0.5900000000000034,-7.23986,-817.0800000000004,8.064400000000006,-0.02663000000000082,-4.4969,1.2154699999999998,Left,0.028877500655060433,1.0,0.9733699999999992,0.02663000000000082,0.37887999999999983,-0.07081000000000018,0.44969000000000003,0.88177742478864,0.9624443341909102,0.08066690940227028,0.89365,1.0962283333333334,0.2025783333333333,0.5004751586328988
LLLLVLLLTILLALLSFLILI,102300230020033003102,000011001101100110000,LL--VL--TI-LA--SF-IL-,1727990000.0,374.047,-381.458,-7.41104,-74.233,-70.6691,-74.1799,-74.2984,-224.868,-228.438,-224.868,-246.303,-384.152,4517.98,3772.74,3718.37,41.3623,0.000923933,-7.45773,2.74055,33.9512,-82.3567,-92.5021,-82.3628,-63.5501,458,361.194,-5.51399,108.964,18.099,9.89142,2.03725,2.17172,-4.39833,-6.07549,105.774,18.3395,2.74055,9.92464,1.69086,1.77747,2.69356,4,-7.00423,96.9391,20.3201,9.431,0.637414,0.5915,design_324,-28.951999999999998,3.6293000000000006,17.86500000000001,-10.139300000000006,3.5108000000000033,-3.569999999999993,-10.19828,-745.2399999999998,12.024900000000002,0.46042000000000094,-2.2211,1.5802200000000002,Left,0.028877500655060433,0.9309999999999992,1.39142,0.46042000000000094,0.23201,0.00990000000000002,0.22210999999999997,0.9693823045744991,1.0896654649920576,0.12028316041755849,0.09858333333333334,0.36195333333333335,0.26337,0.5874957226057369
LLLIALLLVLTLLLFSLLILI,13002200300230031022,000110011011001100000,LL-IA--LV-TL--FS-LI--,1728020000.0,374.844,-384.532,-9.68844,-74.2473,-74.2394,-74.2394,-74.2473,-222.888,-226.167,-222.885,-245.751,-384.416,4598.07,3772.91,3702.24,41.3623,0.000923933,-7.44806,-0.110932,31.6738,-87.3968,-91.4577,-87.4024,-64.4176,486,193.783,-106.168,38.7504,21.5904,9.92508,7.65648,6.73774,-4.06397,-105.066,36.4928,21.6404,-0.110932,9.59056,7.18644,6.23383,-0.116368,2,-103.669,33.0404,19.8474,9.4595,6.51079,5.5064,design_804,-27.04010000000001,0.007899999999992247,19.584000000000003,-4.055300000000003,0.0,-3.2820000000000107,-7.337128,-825.1599999999999,5.710000000000001,0.4655799999999992,1.7429999999999986,1.2313399999999994,Left,0.028877500655060433,0.9595000000000002,1.4250799999999995,0.4655799999999992,0.18474000000000004,0.3590399999999999,0.17429999999999987,0.3302137807137227,0.38733000172048865,0.057116221006765944,0.9177333333333334,1.1229566666666666,0.2052233333333332,0.5408549765385702
LLLLAILVLLLLTLFSLLILI,113300300210020023031,000011011001101100000,LL--AI-VL-LLT-FS--I-I,1728040000.0,375.259,-383.488,-8.22916,-74.1783,-74.1704,-74.1704,-74.1783,-226.926,-229.225,-226.924,-246.527,-385.206,4544.19,3805.23,3727.12,41.3623,0.000923933,-7.4382,1.72165,33.1331,-82.384,-89.2489,-82.39,-64.501,476,394.796,-100.589,36.5041,27.3712,9.87144,6.51634,5.56391,-3.41127,-99.0743,35.4557,27.7724,1.72165,9.93964,6.14767,5.17951,1.71758,2,-91.8986,34.1614,24.0282,9.5,4.89658,3.909,design_1327,-24.7479,0.007899999999992247,17.301999999999992,-6.8589000000000055,0.0,-2.3009999999999877,-9.15985,-738.9599999999996,2.3427000000000007,0.37143999999999977,3.3430000000000035,1.65491,Left,0.028877500655060433,1.0,1.3714399999999998,0.37143999999999977,0.6028199999999998,0.9371200000000002,0.3343000000000004,0.3414269652581334,0.36486062041619827,0.023433655158064892,0.6515,0.9273183333333334,0.2758183333333334,0.5712696848221906
LLLLLVLLALLFTLISLLILI,103300300220020033022,000011011001101100000,LL--LV-LA--FT-IS--I--,1728050000.0,376.911,-381.288,-4.37673,-74.1783,-74.125,-74.125,-74.1783,-221.105,-225.034,-221.105,-245.972,-384.948,4498.78,3727.42,3687.91,41.3623,0.000923933,-7.41973,3.70668,36.9855,-86.0048,-93.2081,-86.0107,-64.7975,467,276.595,-56.4811,64.953,17.2614,9.86285,3.74083,3.21513,-1.19162,-56.7281,60.3018,19.4102,3.70668,9.80611,3.14996,2.55449,3.65936,4,-64.7731,47.2509,26.0535,9.1893,2.59484,1.8036,design_1370,-28.410600000000002,0.05329999999999302,20.938000000000017,-7.197400000000002,0.0,-3.929000000000002,-11.12641,-771.3599999999997,17.7021,0.6735500000000005,-8.792100000000001,1.4115299999999997,Left,0.028877500655060433,0.6892999999999994,1.36285,0.6735500000000005,0.80535,-0.07386000000000018,0.8792100000000002,0.4723591499985997,0.6494304382444614,0.17707128824586177,0.30060000000000003,0.535855,0.23525499999999994,1.1460274790536438
LLLLLLLAFLLTVLISLLILI,103300200330020023022,000011011001101100000,LL--LL-AF--TV-IS--I--,1727980000.0,376.125,-381.692,-5.56639,-74.2161,-74.1667,-74.1551,-74.2739,-227.209,-229.83,-227.209,-244.73,-383.248,4533.3,3798.75,3815.24,41.3623,0.000923933,-7.41455,1.61139,35.7959,-80.2663,-86.6661,-80.2725,-64.244,476,253.054,-57.1106,70.2844,25.166,10.3568,4.55499,4.10926,-4.56364,-58.3106,67.0154,24.4214,1.61139,10.4102,4.29367,3.7989,1.55631,3,-60.6875,54.8652,25.5985,8.9175,3.00992,2.3329,design_33,-22.4221,0.10719999999999175,14.899999999999977,-6.393600000000006,-0.011600000000001387,-2.6210000000000093,-9.02594,-734.5500000000002,15.419200000000004,1.4392999999999994,-0.432500000000001,1.77636,Left,0.028877500655060433,0.4175000000000004,1.8567999999999998,1.4392999999999994,0.7598500000000001,0.7166,0.04325000000000012,0.5485237807537341,0.702759583721777,0.15423580296804296,0.38881666666666664,0.6848766666666667,0.29606000000000005,1.4781391203189216
LLLLTLLLAILFLLLSVLILI,103300320020021003012,000011001101100110000,LL--TL--AI-FL-LSV-IL-,1728010000.0,378.438,-378.47,-0.0319486,-60.3932,-60.3505,-60.3311,-60.4659,-219.719,-218.478,-219.718,-246.488,-377.045,4560.98,3657.22,3656.4,41.3623,0.000923933,-7.41209,-1.36725,41.3303,-98.3575,-105.629,-98.3634,-70.0912,485,231.516,-50.6225,74.7935,17.4535,9.23863,4.1905,3.8124,-5.65765,-52.4148,73.2281,16.9561,-1.36725,8.77425,4.24801,3.84644,-1.42437,1,-52.9432,71.8941,18.0,8.5539,4.14719,3.7256,design_659,-35.537800000000004,0.11540000000000106,28.00999999999999,-7.265600000000006,-0.01939999999999742,1.2399999999999807,-6.04484,-903.7599999999998,2.8994,0.6847300000000001,-0.5465000000000018,0.08679999999999977,Left,0.028877500655060433,0.0539000000000005,0.7386300000000006,0.6847300000000001,0.0,-0.05465000000000018,0.05465000000000018,0.7188611565684654,0.7478633932036698,0.029002236635204404,0.6209333333333333,0.6354,0.014466666666666628,0.6876715855510456
LLLLAVLLLILFALLSTLILI,103300310020021003022,000011001101100110000,LL--AV-LLI-FA-LST-I--,1728040000.0,367.925,-378.479,-10.5533,-74.3188,-74.265,-74.265,-74.3188,-222.084,-223.312,-222.081,-242.886,-375.398,4463.08,3626.98,3639.93,43.6652,0.000626172,-7.39453,-3.03414,33.112,-82.0755,-85.2158,-82.0862,-58.1926,467,563.509,-57.8485,77.1975,10.9448,9.87268,5.59893,5.2569,-5.59199,-57.7013,75.7433,11.2929,-3.03414,9.81143,5.38054,5.01668,-3.08073,3,-60.0532,66.5601,18.0145,9.4128,4.4936,3.992,design_1068,-27.023200000000003,0.05379999999999541,19.573999999999984,-3.1295999999999964,0.0,-1.231000000000023,-4.36039,-836.0999999999999,10.6374,0.45988000000000007,-7.069700000000001,1.2649,Left,0.16920667613203583,0.9128000000000007,1.3726800000000008,0.45988000000000007,0.0014500000000001734,-0.7055199999999999,0.7069700000000001,0.6655060037050523,0.771910222503191,0.10640421879813866,0.6653333333333333,0.87615,0.21081666666666665,0.8758205980807295
LLLLAVLLLLLAILTSLLILI,103300200220030033022,000011011001101100000,LL--AV-LL--AI-TS--I--,1727990000.0,385.274,1121.24,1506.51,-74.6512,-74.2545,-74.604,-74.3017,-212.633,-221.637,-212.629,-241.733,-391.618,4467.5,3648.13,3617.07,43.2287,0.000674094,-7.39387,1512.9,1549.74,1408.52,-103.12,1408.51,-75.5831,465,471.669,-65.8188,52.8848,12.9671,9.44078,3.51226,2.80554,1024.55,-64.5014,46.2639,18.5014,1512.9,8.808,2.42084,1.6148,1512.85,0,-64.5014,46.2639,18.5014,8.808,2.42084,1.6148,design_407,-27.536900000000003,0.04720000000000368,20.096000000000004,-1511.63,0.34950000000000614,-9.00800000000001,-1520.2938700000002,-819.3699999999999,6.620899999999999,0.6327800000000003,-5.5343,1.1907400000000001,Left,0.14260817637273276,0.30799999999999983,0.9407800000000002,0.6327800000000003,0.05014000000000003,-0.50329,0.5534300000000001,0.4624863461222988,0.5287141548199689,0.06622780869767009,0.26913333333333334,0.46759,0.19845666666666667,0.8662946753208981
LLLLTVLLWLLAILFSLLILI,103300200320020033022,000011011001101100000,LL--TV-LW--AI-FS--I--,1728030000.0,371.701,-367.603,4.09725,-60.4781,-60.3865,-60.3865,-60.4607,-220.335,-224.623,-220.335,-251.704,-373.598,4552.12,3726.92,3641.45,49.2152,0.000245214,-7.38656,6.07901,53.3124,-86.7897,-95.9746,-86.7978,-61.4329,506,4.62137,-55.0378,54.1011,18.5842,9.0403,2.05931,1.37082,-0.67128,-56.3894,47.983,18.428,6.07901,9.04576,1.43611,0.655857,5.99472,3,-60.1144,47.3289,21.9291,8.6228,1.90657,1.1165,design_1010,-34.5417,0.0742000000000047,27.081000000000017,-9.1768,0.0,-4.2879999999999825,-13.46557,-825.1999999999998,6.772200000000005,0.4175000000000004,-3.344899999999999,0.2543199999999999,Left,0.5074006593259278,0.1227999999999998,0.5403000000000002,0.4175000000000004,0.3929099999999998,0.058419999999999916,0.3344899999999999,0.4731393715815292,0.5408806100932666,0.06774123851173741,0.18608333333333335,0.22846999999999998,0.04238666666666663,0.5409023155859248
LLLLFVLTALLWLLISLLILI,103300300220030023111,000011011001101100000,LL--FV-TA--WL-IS--ILI,1728070000.0,372.778,-380.535,-7.75708,-74.0564,-73.9745,-73.9745,-74.2218,-229.272,-229.491,-229.271,-251.699,-379.456,4591.3,3768.14,3755.23,49.2152,0.000245214,-7.38079,-1.0035,41.4581,-77.2069,-83.3717,-77.2144,-53.5355,481,135.765,-48.5798,56.8423,31.1211,9.53246,1.46068,0.81331,-4.08312,-48.5862,54.4061,33.0184,-1.0035,9.53588,1.13276,0.448848,-1.07859,4,-41.1626,59.5701,26.296,9.4713,0.716349,0.1099,design_1822,-29.836200000000005,0.24729999999999563,22.208,-6.157300000000006,0.0,-0.22000000000002728,-6.37729,-823.1600000000003,-2.727799999999995,0.06116000000000099,4.825099999999999,0.70341,Left,0.5074006593259278,0.9712999999999994,1.0324600000000004,0.06116000000000099,0.8295999999999999,1.3121099999999999,0.48251,0.5955861464655963,0.5683003973128369,0.027285749152759387,0.018316666666666665,0.13555166666666665,0.11723499999999999,0.5010439132768978
LLLLAYLTILLLVLFSLLILI,103300300220020033022,000011011001101100000,LL--AY-TI--LV-FS--I--,1728060000.0,360.133,-359.792,0.340519,-74.3478,-67.0421,-74.3424,-74.3478,-225.514,-227.709,-225.509,-249.166,-369.126,4584.74,3763.6,3683.31,45.9023,0.000429125,-7.37482,9.33742,46.2428,-59.9301,-81.7496,-59.9367,-45.6114,479,72.839,-63.4899,64.3449,15.315,9.99689,4.71004,4.17521,-1.41197,-64.1466,59.6696,17.0949,9.33742,9.93687,4.17738,3.57243,9.33352,1,-63.0624,57.7756,20.1626,9.5,3.75907,3.1257,design_1713,-36.1382,7.305700000000002,21.456999999999994,-21.8129,7.300299999999993,-2.200000000000017,-16.71224,-821.1399999999999,6.569299999999998,0.4968900000000005,-4.847600000000002,1.0495099999999997,Left,0.30552627249294656,1.0,1.4968900000000005,0.4968900000000005,0.21626000000000012,-0.26850000000000007,0.4847600000000002,0.5776360486378131,0.6433477107498529,0.06571166211203971,0.52095,0.6958683333333333,0.1749183333333333,0.718892464540865
LLLLYALTILLFLLVSLLILI,103300300320020023022,000011011001101100000,LL--YA-TI--FL-VS--I--,1728070000.0,362.385,-373.533,-11.1475,-74.2031,-74.1802,-74.1975,-74.1927,-229.011,-228.84,-229.009,-248.338,-367.852,4610.21,3862.59,3807.72,45.9023,0.000429125,-7.36246,-5.67926,34.7547,-70.3182,-72.1944,-70.3251,-45.321,484,211.811,-66.6996,60.7973,30.2008,10.661,4.71257,4.12453,-6.86458,-66.8822,60.6679,28.549,-5.67926,10.077,4.72249,4.13251,-5.68047,4,-63.9738,56.5629,25.8588,9.1246,3.73206,3.0805,design_1867,-26.873400000000004,0.012500000000002842,19.49799999999999,-1.8692999999999955,0.017300000000005866,0.16899999999998272,-1.6831999999999994,-747.6199999999999,4.234400000000001,1.5364000000000004,4.342000000000002,1.0440300000000002,Left,0.30552627249294656,0.6245999999999992,2.1609999999999996,1.5364000000000004,0.7858799999999999,1.22008,0.43420000000000014,0.56550560359142,0.6078616327036879,0.04235602911226788,0.5134166666666666,0.6874216666666667,0.17400500000000008,1.606588426830954
LLLVYLLILLTALLFSLLILI,113002200200230032031,000110011011001100000,LL-VY--IL-TA--FS--I-I,1727980000.0,361.72,-369.142,-7.4223,-74.245,-74.1902,-74.1902,-74.245,-225.388,-226.966,-225.387,-248.379,-368.381,4589.79,3923.18,3855.94,45.9023,0.000429125,-7.3598,-0.711473,38.48,-69.5089,-74.5849,-69.5158,-45.7572,491,148.395,-104.261,4.50046,37.4631,9.21806,2.74666,1.31416,-3.95386,-104.67,2.24789,36.0396,-0.711473,9.44726,2.50396,1.03768,-0.76055,4,-98.8508,7.4272,28.0,9.5,2.33029,0.9417,design_57,-28.827700000000007,0.05480000000000018,21.412999999999982,-5.069100000000006,0.0,-1.5790000000000077,-6.648327,-666.6100000000001,-2.9267399999999997,-0.2819400000000005,9.463099999999997,0.37246,Left,0.30552627249294656,1.0,0.7180599999999995,0.2819400000000005,1.0,1.9463099999999998,0.9463099999999998,0.0740090185612714,0.04473330425840939,0.029275714302862008,0.15695,0.21902666666666668,0.06207666666666667,0.9897996563408108
LLLLLFLLLILATLLSVLILI,103300210030021003022,000011001101100110000,LL--LF-LLI-AT-LSV-I--,1728050000.0,377.75,-378.052,-0.302703,-74.1761,-74.1316,-74.1219,-74.1761,-221.067,-225.022,-221.067,-242.184,-380.815,4559.25,3800.34,3635.91,41.3623,0.000923933,-7.35656,2.81058,41.0596,-82.8091,-89.0178,-82.8154,-64.454,484,162.201,-55.5231,79.8957,22.5945,9.60042,5.61439,5.31283,-5.67432,-55.9062,77.0204,21.8189,2.81058,9.39453,5.28368,4.93898,2.76219,2,-55.3439,71.3721,27.9551,9.0365,4.43682,4.0074,design_1461,-24.5638,0.04449999999999932,17.162000000000006,-6.202399999999997,-0.009700000000009368,-3.954999999999984,-10.16714,-758.9099999999999,8.523600000000002,0.5639199999999995,-5.360600000000002,1.3054300000000003,Left,0.028877500655060433,0.5365000000000002,1.1004199999999997,0.5639199999999995,0.9955100000000001,0.45945,0.5360600000000001,0.7136396736673215,0.7988998875680694,0.0852602139007479,0.6678999999999999,0.8854716666666667,0.21757166666666672,0.812387114749189
LLLFALLTVLLSLLYILLILI,13002200200230031032,000110011011001100000,LL-FA--TV-LS--YI-LI--,1727980000.0,365.188,-369.376,-4.18873,-74.3825,-70.6846,-74.3741,-74.3825,-225.17,-227.057,-225.164,-249.994,-370.789,4609.65,3784.44,3766.29,45.9023,0.000429125,-7.28419,1.41977,41.7135,-69.824,-80.3321,-69.8309,-46.4121,505,35.7526,-105.207,17.1715,27.748,9.16263,4.59914,3.35671,-1.95003,-103.445,16.3481,27.6195,1.41977,9.3988,4.22368,2.9689,1.41269,0,-103.445,16.3481,27.6195,9.3988,4.22368,2.9689,design_60,-33.919999999999995,3.69789999999999,22.937000000000012,-10.501199999999997,3.6894999999999953,-1.8930000000000007,-8.70396,-825.2099999999996,0.823400000000003,-0.23616999999999955,0.1285000000000025,0.38781,Left,0.30552627249294656,0.8987999999999996,0.66263,0.23616999999999955,0.9619499999999999,0.9748000000000001,0.01285000000000025,0.1632433611145565,0.17147970023486672,0.008236339120310215,0.4948166666666667,0.5594516666666667,0.064635,0.2453302099357202
LLLLLLLTYLLAVLFSLLILI,103300200230020033022,000011011001101100000,LL--LL-TY--AV-FS--I--,1728080000.0,362.379,-371.764,-9.38466,-74.3373,-74.1697,-74.2622,-74.2822,-225.277,-226.862,-225.277,-248.437,-375.591,4534.81,3688.98,3651.99,46.7138,0.000374154,-7.28211,3.89536,37.3291,-72.1492,-81.841,-72.1564,-52.8719,493,148.395,-49.8474,95.7345,21.1331,9.24713,6.90126,6.83728,-5.43055,-50.6385,93.7413,21.5515,3.89536,9.28114,6.75084,6.65696,3.82737,2,-48.6486,88.3401,27.8474,8.7613,5.7232,5.5483,design_1982,-28.969099999999997,0.11249999999999716,21.575000000000017,-9.684599999999989,0.09250000000000114,-1.585000000000008,-11.17747,-845.8300000000004,7.39439999999999,0.48583,-6.7143000000000015,1.2889799999999996,Left,0.35497571706264813,0.2613000000000003,0.7471300000000003,0.48583,0.9847400000000001,0.31330999999999987,0.6714300000000002,0.8833678764769195,0.9573328825386409,0.0739650060617214,0.9247166666666667,1.1395466666666667,0.21482999999999997,0.8593438106030151
LLLLLVLLLTLAFLLSILILI,103300210030021003022,000011001101100110000,LL--LV-LLT-AF-LSI-I--,1728010000.0,376.379,-379.39,-3.01068,-74.3331,-74.1831,-74.2782,-74.238,-220.58,-227.33,-220.58,-245.072,-383.662,4510.4,3832.82,3664.74,41.3623,0.000923933,-7.27259,4.32097,38.3516,-84.4764,-89.4212,-84.4824,-64.3519,486,148.395,-58.3538,80.8809,18.6943,10.3092,6.17199,5.8852,-4.35247,-58.3876,75.9672,17.8587,4.32097,9.86059,5.51371,5.15321,4.27215,3,-60.6709,65.7431,20.4901,9.5,4.47595,3.9621,design_678,-25.0693,0.0549000000000035,17.74199999999999,-4.9388000000000005,0.09510000000000218,-6.75,-11.59356,-677.5799999999995,15.137799999999999,0.8092000000000006,-1.7958000000000034,1.9231000000000003,Left,0.028877500655060433,1.0,1.8092000000000006,0.8092000000000006,0.24901000000000018,0.06942999999999984,0.17958000000000035,0.6573336827659055,0.808754686330918,0.15142100356501242,0.66035,0.9808666666666667,0.32051666666666667,0.9015058903477823
LLLLLALLTVLFILLSLLILI,103300210020031003032,000011001101100110000,LL--LA-LTV-FI-LSL-I--,1728010000.0,377.224,-380.686,-3.46188,-62.9913,-67.0409,-62.9859,-74.2956,-224.989,-228.758,-224.987,-245.524,-384.844,4495.78,3817.06,3790.38,41.3623,0.000923933,-7.26895,4.15906,37.9004,-92.7063,-96.3147,-92.7124,-65.0252,521,177.29,-56.0849,83.1353,31.7564,9.72134,6.13601,5.88304,-3.2181,-56.9452,78.5516,31.7644,4.15906,9.7697,5.64625,5.32453,4.158,3,-59.3359,70.5668,28.0,9.3632,4.9269,4.4854,design_747,-31.289500000000004,7.2547,16.76599999999999,-3.6022999999999996,-4.054999999999993,-3.771000000000015,-11.42801,-678.7199999999998,12.5685,0.3581399999999988,3.7563999999999993,1.39764,Left,0.028877500655060433,0.8632000000000009,1.2213399999999996,0.3581399999999988,1.0,1.37564,0.37564,0.7055843859656142,0.8313050906457434,0.1257207046801292,0.7475666666666667,0.9805066666666667,0.23294000000000004,0.5826117132235391
LLLLAVLLFILALLLSTLILI,103300210020031003022,000011001101100110000,LL--AV-LFI-AL-LST-I--,1728040000.0,367.772,-370.409,-2.63679,-74.2159,-74.2011,-74.161,-74.2559,-216.109,-220.618,-216.105,-242.854,-373.615,4497.51,3666.32,3583.43,43.6652,0.000626172,-7.25024,3.25427,41.0285,-80.0835,-86.0454,-80.0942,-56.5046,470,361.194,-53.6428,73.5823,18.1494,9.28084,4.48004,4.08377,-2.82663,-54.9481,68.3177,19.191,3.25427,9.36943,3.9651,3.48986,3.20623,3,-54.6802,66.0811,22.4372,8.9954,3.62298,3.1142,design_1186,-29.540799999999997,0.05480000000000018,22.23600000000002,-5.9512,-0.04009999999999536,-4.513000000000005,-10.50451,-831.19,7.501199999999997,0.28543999999999947,-4.287800000000001,0.9695700000000005,Left,0.16920667613203583,0.49540000000000006,0.7808399999999995,0.28543999999999947,0.44372000000000006,0.014939999999999998,0.42878000000000005,0.6607146429586003,0.7357479524184869,0.07503330945988662,0.5190333333333333,0.6806283333333334,0.16159500000000004,0.5450424052800873
LLLLLALLLILFTLLSVLILI,103300320020031003012,000011001101100110000,LL--LA--LI-FT-LSV-IL-,1728050000.0,378.887,-382.074,-3.18732,-74.1761,-74.1708,-74.1708,-74.1761,-220.911,-223.85,-220.908,-245.927,-384.958,4532.31,3694.0,3623.29,41.3623,0.000923933,-7.24032,2.88545,38.175,-86.9876,-94.1781,-86.9939,-64.8555,492,394.796,-52.1005,79.2832,22.6671,9.89757,5.01831,4.70756,-3.52695,-51.8903,76.2706,21.586,2.88545,9.73876,4.58007,4.22413,2.88426,3,-46.2254,80.0626,26.8386,9.3536,4.24226,3.9432,design_1392,-29.322599999999994,0.0053000000000054115,22.076999999999998,-7.184200000000004,0.0,-2.9420000000000073,-10.12577,-838.3100000000004,-0.7794000000000096,0.5439699999999998,-4.171499999999998,0.7643599999999999,Left,0.028877500655060433,0.8536000000000001,1.39757,0.5439699999999998,0.88386,0.4667100000000001,0.41714999999999985,0.8005693616987225,0.7927731475739109,0.0077962141248115735,0.6572,0.7845933333333334,0.12739333333333336,0.6972856844453766
LLLLALLTILLWVLFSLLILI,113300200210030023031,000011011001101100000,LL--AL-TI-LWV-FS--I-I,1728000000.0,372.164,-350.457,21.7068,-74.3478,-74.3061,-74.3061,-74.3478,-230.93,-235.001,-230.927,-251.481,-383.803,4576.05,3834.9,3665.05,49.2152,0.000245214,-7.22335,33.3815,70.922,-45.1794,-81.7194,-45.1879,-57.9738,494,113.638,-102.894,14.4556,28.7735,9.36419,3.88556,2.60239,27.4843,-101.985,10.4917,25.2898,33.3815,9.47019,3.21417,1.87155,33.3452,2,-95.1629,11.8831,21.224,9.5,2.37865,1.0569,design_567,-23.745599999999996,0.041700000000005844,16.47999999999999,-36.531499999999994,0.0,-4.074000000000012,-40.60485,-741.1500000000001,2.5725,-0.13580999999999932,7.549499999999998,1.5454900000000003,Left,0.5074006593259278,1.0,0.8641900000000007,0.13580999999999932,0.3224,1.0773499999999998,0.7549499999999998,0.1185806769122431,0.14431298488770813,0.025732307975465038,0.17615,0.4337316666666667,0.2575816666666667,0.8095704572651607
LLLLALLVLLTALLFSLLILI,113002200200230031032,000110011011001100000,LL-LA--VL-TA--FS-LI--,1728050000.0,367.302,-349.122,18.1793,-74.2797,-74.215,-74.215,-74.2797,-218.606,-220.753,-218.602,-242.545,-375.767,4568.51,3849.45,3768.95,44.4768,0.00054596,-7.20988,26.702,62.656,-56.2365,-88.0087,-56.2475,-58.942,478,11.2484,-105.818,4.54348,31.173,8.97478,2.98608,1.55423,26.8364,-103.723,3.9347,27.5002,26.702,9.1841,2.58958,1.1486,26.6443,0,-103.723,3.9347,27.5002,9.1841,2.58958,1.1486,design_1450,-29.066700000000004,0.06470000000000198,21.792,-31.761200000000002,0.0,-2.150999999999982,-33.911880000000004,-719.0600000000004,0.6087799999999999,-0.20931999999999995,3.6727999999999987,0.40562999999999994,Left,0.21866221428701998,0.6841000000000008,0.47478000000000087,0.20931999999999995,0.95002,1.3173,0.36727999999999994,0.03907409704356037,0.04516362646991745,0.006089529426357078,0.19143333333333334,0.2590383333333333,0.06760499999999997,0.4281553213421905
LLLLALLLVLTALLFILLILI,13002200200330021032,000110011011001100000,LL-LA--LV-TA--FI-LI--,1728050000.0,365.713,-371.669,-5.95622,-58.9393,-58.8721,-58.8721,-58.9393,-219.093,-220.237,-219.088,-244.688,-368.992,4562.93,3721.38,3701.68,41.4852,0.000904948,-7.18766,-2.61629,35.529,-93.6368,-97.0701,-93.6477,-65.364,520,2.07531,-113.396,-0.110391,23.4798,9.43267,3.49446,1.9928,-6.36158,-114.235,-2.3474,23.3871,-2.61629,9.40082,3.31837,1.78315,-2.67727,2,-112.389,0.4403,23.3953,9.4501,3.4178,1.9244,design_1459,-31.706099999999992,0.0671999999999997,24.450999999999993,-3.422399999999996,0.0,-1.149000000000001,-4.57137,-841.5500000000002,-0.550691,-0.017430000000000945,0.08450000000000202,0.0683999999999998,Left,0.03636651696758832,0.9501000000000008,0.9326699999999999,0.017430000000000945,0.5395299999999998,0.5479800000000001,0.00845000000000029,0.004120170128316443,-0.00138830427841507,0.005508474406731512,0.32073333333333337,0.33213333333333334,0.011399999999999966,0.02314110391251146
LLLLLALLLILTVLLSFLILI,103300310020021003022,000011001101100110000,LL--LA-LLI-TV-LSF-I--,1728060000.0,374.516,-379.778,-5.26155,-74.2438,-70.6937,-74.2388,-74.3093,-225.045,-225.931,-225.043,-246.015,-381.649,4553.88,3825.68,3758.35,41.3623,0.000923933,-7.18497,1.87192,36.1007,-80.4884,-92.2091,-80.4948,-61.3249,481,394.796,-53.7009,75.9878,22.1006,9.7678,4.81348,4.4533,-2.77148,-56.2336,71.2734,21.7088,1.87192,10.016,4.55696,4.12606,1.87125,3,-59.7614,61.6306,25.2452,9.5,3.78434,3.2088,design_1784,-30.884200000000007,3.6155999999999864,20.083999999999975,-11.714300000000009,3.545099999999991,-0.8880000000000052,-9.05689,-728.2000000000003,14.357199999999992,0.26779999999999937,-3.1446000000000005,1.2444999999999995,Left,0.028877500655060433,1.0,1.2677999999999994,0.26779999999999937,0.72452,0.41006,0.3144600000000001,0.6161969999479853,0.759809785979218,0.14361278603123273,0.5348,0.7422166666666666,0.20741666666666658,0.483991980845513
LLLLLFLLALLTILLSVLILI,103300220030032003011,000011001101100110000,LL--LF--AL-TI--SV-ILI,1727980000.0,377.605,-383.765,-6.16017,-74.3324,-74.2799,-74.2799,-74.3324,-224.866,-226.502,-224.865,-243.72,-381.368,4547.73,3786.7,3673.06,41.3623,0.000923933,-7.15021,-2.35051,35.2021,-84.5675,-87.7369,-84.5737,-63.316,488,431.524,-48.2567,78.1481,16.1456,9.93435,4.2885,3.96072,-5.57527,-46.8696,79.1283,17.0967,-2.35051,9.80848,4.21276,3.89968,-2.39737,2,-41.3973,77.4947,19.281,9.3778,3.17138,2.8338,design_225,-24.420900000000003,0.052500000000009095,17.21799999999999,-3.1632000000000033,0.0,-1.6370000000000005,-4.7997000000000005,-761.0299999999997,0.6534000000000049,0.5565499999999997,-3.135399999999997,1.1269199999999997,Left,0.028877500655060433,0.8778000000000006,1.4343500000000002,0.5565499999999997,0.12809999999999988,-0.18543999999999983,0.3135399999999997,0.7748830667909685,0.7814189229741246,0.006535856183156108,0.4723,0.6601199999999999,0.18781999999999993,0.6658635775562787
LLLLVFLLWLLATLISLLILI,103300300220030023012,000011011001101100000,LL--VF-LW--AT-IS--IL-,1728040000.0,374.004,-375.278,-1.27378,-74.1793,-74.0969,-74.0969,-74.1793,-223.703,-224.839,-223.702,-251.453,-377.26,4591.04,3768.79,3636.24,49.2152,0.000245214,-7.14514,2.05703,47.9414,-77.3957,-85.4699,-77.4041,-51.6279,471,162.201,-55.2154,53.7057,22.4643,9.22394,2.03257,1.33816,-5.1513,-55.9497,51.3169,21.6499,2.05703,9.24959,1.82023,1.08998,1.98248,1,-54.6517,51.9783,25.202,8.7401,1.71483,0.9945,design_1302,-33.842,0.0823999999999927,26.614000000000004,-8.065799999999996,0.0,-1.1370000000000005,-9.202169999999999,-822.25,1.727400000000003,0.4838400000000007,-2.7377000000000002,0.34365999999999997,Left,0.5074006593259278,0.24009999999999998,0.7239400000000007,0.4838400000000007,0.7202000000000002,0.44643000000000016,0.27377,0.5196465796286146,0.5369254868382621,0.01727890720964753,0.16575,0.22302666666666668,0.05727666666666667,0.5591335579973757
LLLLIVLLFTLALLLSLLILI,103300310020031003022,000011001101100110000,LL--IV-LFT-AL-LSL-I--,1728040000.0,376.242,-378.383,-2.14085,-74.2177,-74.221,-74.1605,-74.2809,-217.543,-221.137,-217.543,-245.786,-380.967,4578.14,3706.52,3646.88,41.3623,0.000923933,-7.13183,2.6348,39.2214,-86.622,-92.7407,-86.6279,-60.9001,475,79.6152,-52.7417,67.9879,22.1866,9.51786,3.58963,3.10945,-1.57288,-52.3219,64.6444,22.4904,2.6348,9.62828,3.07527,2.54494,2.58393,1,-54.5803,60.349,25.2446,9.5,2.83416,2.2394,design_1258,-31.840600000000002,0.059899999999998954,24.649,-6.112800000000007,-0.06050000000000466,-3.593999999999994,-9.76663,-871.6200000000003,7.6389,0.017860000000000653,-3.058,0.87005,Left,0.028877500655060433,1.0,1.0178600000000007,0.017860000000000653,0.7244599999999999,0.41865999999999987,0.3058,0.6033773591700043,0.6797880598089857,0.07641070063898137,0.3732333333333333,0.5182416666666666,0.1450083333333333,0.34741708580357866
LLLYALLTVLLLLLFSLLILI,13002200300330022021,000110011011001100000,LL-YA--TV-LL--FS--I-I,1728050000.0,362.443,-374.772,-12.3292,-68.6059,-70.6527,-68.598,-74.3107,-227.75,-229.047,-227.745,-254.191,-375.032,4667.55,3880.84,3752.77,46.7138,0.000374154,-7.12513,0.266103,34.3846,-78.4166,-82.4581,-78.4235,-46.5302,485,193.783,-99.3066,44.6564,26.3131,9.33984,7.4246,6.59445,-3.00133,-99.5526,43.0949,26.0499,0.266103,9.15705,7.25071,6.39713,0.259869,2,-98.3087,40.4273,24.8804,9.3751,6.70399,5.8104,design_1336,-35.9279,3.6580000000000013,25.144000000000005,-4.0345999999999975,-2.054699999999997,-1.3019999999999925,-7.391233000000001,-786.71,4.229099999999995,-0.03525999999999918,1.432699999999997,0.7840500000000006,Left,0.35497571706264813,0.8750999999999998,0.8398400000000006,0.03525999999999918,0.6880400000000002,0.8313099999999999,0.14326999999999968,0.40410376546939336,0.4464067795253852,0.04230301405599185,0.9683999999999999,1.099075,0.1306750000000001,0.20158140073732328
LLLLLLLLAVLTFLLAILILI,102300320030032003102,000011001101100110000,LL--LL--AV-TF--AI-IL-,1728050000.0,368.882,-340.981,27.9005,-59.0296,-58.9079,-58.9079,-59.0296,-212.014,-216.866,-212.014,-243.711,-368.491,4528.29,3562.22,3548.57,41.4852,0.000904948,-7.11211,27.6208,69.3857,-69.9377,-99.8288,-69.9482,-65.7506,513,162.201,-11.3244,107.899,17.8265,8.74561,2.76501,2.88349,16.9849,-14.353,98.6037,20.0763,27.6208,8.5846,1.96444,1.9435,27.5095,0,-14.353,98.6037,20.0763,8.5846,1.96444,1.9435,design_1482,-34.078199999999995,0.12170000000000414,26.845,-29.8806,0.0,-4.852000000000004,-34.73291,-966.0700000000002,9.295299999999997,0.1610099999999992,-2.2498000000000005,0.9399900000000001,Left,0.03636651696758832,0.08460000000000001,0.24560999999999922,0.1610099999999992,0.20762999999999998,-0.017350000000000067,0.22498000000000004,0.9860330333814804,1.0790124395328273,0.09297940615134692,0.3239166666666667,0.4805816666666667,0.156665,0.3312541512090934
LLLLIFLLATLYVLLSLLILI,103300320030021003012,000011001101100110000,LL--IF--AT-YV-LSL-IL-,1728080000.0,360.829,-299.723,61.1065,-74.2548,-74.2489,-74.1884,-74.3153,-217.999,-221.749,-217.998,-246.585,-368.636,4551.83,3807.67,3747.68,45.9023,0.000429125,-7.10251,68.9734,107.009,-7.46905,-79.7405,-7.47587,-47.7357,469,113.638,-50.5307,62.2301,18.1047,9.45137,2.48067,1.91412,36.9975,-47.5614,60.8613,19.2779,68.9734,9.4842,1.85048,1.2634,68.9132,0,-47.5614,60.8613,19.2779,9.4842,1.85048,1.2634,design_1973,-32.004799999999996,0.06639999999998736,24.836000000000013,-72.26463,-0.06050000000000466,-3.7510000000000048,-76.07591,-744.1599999999999,1.3688000000000002,-0.032829999999998805,-1.1731999999999978,0.65072,Left,0.30552627249294656,0.9841999999999995,0.9513700000000007,0.032829999999998805,0.1277899999999999,0.010470000000000113,0.11731999999999979,0.6085018145153224,0.6221937030116553,0.01369188849633296,0.21056666666666668,0.31902,0.10845333333333335,0.16368073992289686
LLLLFALLTVLLYLLSLLILI,102300230030032003102,000011001101100110000,LL--FA--TV-LY--SL-IL-,1728030000.0,363.661,-369.614,-5.95307,-71.0802,-67.4375,-71.0695,-74.241,-226.026,-229.096,-226.023,-249.928,-370.667,4672.95,3738.65,3635.32,46.7138,0.000374154,-7.09227,1.05938,40.7607,-72.5079,-81.2264,-72.5156,-46.498,497,113.638,-9.19004,102.94,19.9026,9.27201,1.77538,1.81948,-6.69559,-8.58673,100.284,20.8367,1.05938,9.04767,1.32629,1.33054,1.05352,1,-6.22357,98.8491,21.7061,9.0889,0.778163,0.7609,design_998,-34.7284,6.8035,20.831999999999994,-8.710799999999992,3.632000000000005,-3.0730000000000075,-8.15165,-934.2999999999997,4.090899999999991,0.18310999999999922,-1.8034999999999997,1.05858,Left,0.35497571706264813,0.5889000000000006,0.7720099999999999,0.18310999999999922,0.37060999999999994,0.19025999999999996,0.18034999999999998,0.9884877305154665,1.0294083519719601,0.04092062145649367,0.12681666666666666,0.30324666666666666,0.17643,0.31441602497389565
LLLLALLLLVLTLLLSFLILI,102300320030023003102,000011001101100110000,LL--AL--LV-TL--SF-IL-,1727980000.0,377.822,-387.262,-9.4404,-74.1981,-70.6415,-74.1909,-74.2722,-225.195,-225.154,-225.191,-246.594,-386.806,4589.04,3766.0,3672.19,44.5741,0.000537052,-7.08407,-0.451598,35.1337,-87.8689,-98.0944,-87.8752,-65.9397,469,211.811,-14.6615,93.2071,29.4058,9.98956,1.28218,1.18029,-5.79483,-12.3547,94.7192,27.9814,-0.451598,9.89756,1.14029,1.06108,-0.456453,3,-12.9966,90.6954,24.558,9.3303,0.693369,0.5538,design_97,-32.15469999999999,3.6307000000000045,21.439999999999998,-10.219199999999987,3.5494000000000057,0.03700000000000614,-6.632472,-823.04,2.5116999999999905,0.6592600000000015,4.847799999999999,0.6264900000000001,Left,0.22459127276715818,0.8302999999999994,1.4895600000000009,0.6592600000000015,0.6557999999999999,1.14058,0.48478,0.9069275674291499,0.9320517026835621,0.02512413525441215,0.0923,0.196715,0.10441500000000001,0.8253296979978874
LLLLAYLVILLLTLFSLLILI,103300300220030023022,000011011001101100000,LL--AY-VI--LT-FS--I--,1727980000.0,360.384,-363.372,-2.98791,-74.1783,-74.1728,-74.1728,-74.1783,-225.317,-226.374,-225.312,-249.181,-369.137,4577.75,3821.85,3680.19,45.9023,0.000429125,-7.08381,5.76867,42.9144,-63.877,-75.6735,-63.8836,-45.7775,497,103.966,-63.3228,58.0062,16.93,10.1997,3.82926,3.19935,-3.39557,-64.4328,53.6334,16.8272,5.76867,10.1204,3.40542,2.70992,5.76448,1,-64.2673,52.2067,21.3262,9.4491,3.188,2.4711,design_36,-29.896,0.00549999999999784,22.807000000000016,-11.789900000000003,0.0,-1.0619999999999834,-12.85248,-755.9000000000001,5.799500000000002,0.7506000000000004,-4.3962,0.7282500000000001,Left,0.30552627249294656,0.9490999999999996,1.6997,0.7506000000000004,0.33262,-0.10700000000000003,0.43962000000000007,0.5219312284688852,0.5799427037278587,0.058011475258973544,0.41185,0.533225,0.12137499999999996,0.8802064111824699
LLLLVLLLAILYTLLSFLILI,103300310020021003022,000011001101100110000,LL--VL-LAI-YT-LSF-I--,1728070000.0,359.442,-374.331,-14.8886,-74.1761,-74.1125,-74.1125,-74.1761,-225.612,-228.029,-225.612,-249.126,-372.422,4540.23,3861.2,3703.35,45.9023,0.000429125,-7.05779,-1.85226,31.0137,-74.5428,-77.3382,-74.5495,-49.1191,476,162.201,-48.3911,88.4155,22.6648,9.66047,5.69475,5.52099,-5.48025,-48.751,85.8358,21.4487,-1.85226,9.58284,5.40047,5.18801,-1.90908,4,-56.6384,70.3623,26.5287,9.5,4.49467,4.0501,design_1876,-28.219099999999997,0.0636000000000081,21.09700000000001,-2.7887000000000057,0.0,-2.4170000000000016,-5.2055299999999995,-679.0299999999997,18.05319999999999,0.1604700000000001,-3.863900000000001,1.4708900000000007,Left,0.30552627249294656,1.0,1.1604700000000001,0.1604700000000001,0.85287,0.46647999999999995,0.38639000000000007,0.7035388050206259,0.8841220906737512,0.18058328565312531,0.6750166666666666,0.920165,0.2451483333333334,0.5174513323911627
LLLLVILTYLLALLFSLLILI,103300300220030023022,000011011001101100000,LL--VI-TY--AL-FS--I--,1728020000.0,359.403,-364.219,-4.81583,-74.2435,-74.2099,-74.1758,-74.2776,-225.755,-226.353,-225.755,-248.878,-368.171,4583.5,3778.48,3675.16,45.9023,0.000429125,-7.05544,4.01296,41.0864,-64.2209,-74.6642,-64.2278,-45.0157,477,60.9677,-56.5128,55.1229,21.8312,9.63717,2.41851,1.74535,-4.00557,-56.5766,53.5221,22.9052,4.01296,9.53226,2.21197,1.5148,3.95224,2,-58.192,46.4987,23.5706,9.5,1.50612,0.7036,design_943,-29.64849999999999,0.06770000000000209,22.524999999999977,-10.436399999999992,-0.034100000000009345,-0.5980000000000132,-11.0684,-805.02,8.624200000000002,0.13716999999999935,-1.7393999999999998,1.04175,Left,0.30552627249294656,1.0,1.1371699999999993,0.13716999999999935,0.5570599999999999,0.3831199999999999,0.17393999999999998,0.4648350131437329,0.5511015128296437,0.08626649968591082,0.11726666666666667,0.29089166666666666,0.17362499999999997,0.2943777880429484
LLLFALLLVLTSLLLILLILI,13002300200230031022,000110011011001100000,LL-FA--LV-TS--LI-LI--,1727980000.0,383.101,-378.061,5.04026,-74.2402,-74.2746,-74.2424,-74.3191,-221.405,-222.639,-221.399,-247.174,-382.933,4566.01,3684.73,3680.94,41.3623,0.000923933,-7.05222,4.87051,46.4025,-82.4152,-93.0715,-82.4213,-61.4406,481,231.516,-110.006,25.5164,19.9196,9.52143,6.44555,5.3283,1.85529,-108.523,26.4326,18.0,4.87051,9.5,6.34681,5.2433,4.87247,0,-108.523,26.4326,18.0,9.5,6.34681,5.2433,design_182,-31.630899999999997,0.04449999999999932,24.534999999999997,-10.650199999999998,-0.032200000000003115,-1.240000000000009,-11.922730000000001,-881.2800000000002,-0.9161999999999999,0.021430000000000504,1.919599999999999,0.08499999999999996,Left,0.028877500655060433,1.0,1.0214300000000005,0.021430000000000504,0.0,0.1919599999999999,0.1919599999999999,0.2641170092306215,0.2549524064834413,0.009164602747180173,0.8738833333333332,0.8880499999999999,0.01416666666666666,0.19388803699031576
LLLLVFLTALLYLLISLLILI,103300200320030023012,000011011001101100000,LL--VF-TA--YL-IS--IL-,1728000000.0,360.491,-362.563,-2.07181,-74.2243,-74.1678,-74.1678,-74.2776,-219.573,-223.029,-219.572,-249.245,-367.697,4598.67,3738.52,3652.18,45.9023,0.000429125,-7.03882,5.18428,43.8305,-68.7656,-77.5386,-68.7726,-44.1738,474,60.9677,-54.6564,50.2498,19.4668,9.4975,1.48218,0.735927,-0.104765,-54.4023,47.519,20.2113,5.18428,9.2974,1.07542,0.2882,5.13386,0,-54.4023,47.519,20.2113,9.2974,1.07542,0.2882,design_579,-33.3648,0.109800000000007,26.216000000000008,-8.766000000000005,0.0,-3.4569999999999936,-12.2231,-860.1500000000001,2.730800000000002,0.20010000000000083,-0.7445000000000022,0.447727,Left,0.30552627249294656,0.7973999999999997,0.9975000000000005,0.20010000000000083,0.22113000000000013,0.14667999999999992,0.07445000000000021,0.4750409116188998,0.5023566692940795,0.02731575767517974,0.04803333333333334,0.1226545,0.07462116666666666,0.22780974876432297
LLLFALLTILLLLLASLLILI,13002200200330021032,000110011011001100000,LL-FA--TI-LL--AS-LI--,1728060000.0,373.558,-378.853,-5.2943,-74.2642,-70.6145,-74.2181,-74.3107,-222.675,-221.935,-222.67,-244.498,-379.167,4601.15,3744.03,3753.63,44.7165,0.000524295,-7.03789,0.354394,39.4222,-81.9136,-93.6563,-81.9247,-60.3586,531,8.61381,-107.845,8.32838,27.582,9.04458,3.80108,2.426,-5.84255,-106.446,9.98657,30.4812,0.354394,8.95609,3.81509,2.46489,0.314898,2,-104.316,8.719,27.7037,9.2666,3.32442,1.9552,design_1677,-33.2977,3.6961999999999904,22.562999999999988,-11.7316,3.6036,0.7349999999999852,-7.392284,-857.1199999999994,-0.3906200000000002,-0.22202000000000055,-0.12170000000000059,0.4708000000000001,Left,0.23326853820982682,0.7666000000000004,0.5445799999999998,0.22202000000000055,0.9703700000000002,0.9582,0.012170000000000125,0.0869306883154816,0.08302337863953363,0.003907309675947976,0.3258666666666667,0.4043333333333334,0.07846666666666668,0.2358246682318917
LLLLALLLTILVSLLLFLILI,102300320020033003102,000011001101100110000,LL--AL--TI-VS--LF-IL-,1728070000.0,381.882,-386.938,-5.05559,-74.0958,-73.9866,-74.0905,-74.2258,-225.746,-225.419,-225.742,-246.785,-384.272,4533.92,3686.86,3625.82,41.3623,0.000923933,-7.01859,-2.66271,36.3067,-87.0964,-91.8858,-87.1026,-63.2619,460,148.395,-13.9159,99.2615,20.1104,9.24425,1.9877,1.97662,-7.08765,-13.9692,98.3056,21.7756,-2.66271,9.39567,1.86663,1.84122,-2.6656,2,-15.5905,90.3928,19.7114,9.1389,1.04161,0.8975,design_1922,-28.623900000000006,0.23920000000001096,21.365999999999985,-4.783200000000008,0.1039000000000101,0.3229999999999791,-4.355879999999999,-847.06,8.868700000000004,0.10534999999999961,0.39899999999999736,1.07912,Left,0.028877500655060433,0.6388999999999996,0.7442499999999992,0.10534999999999961,0.17114000000000013,0.21103999999999984,0.039899999999999713,0.9039007078010154,0.9926129020641862,0.08871219426317078,0.14958333333333332,0.32943666666666666,0.17985333333333334,0.23001675465517193
LLLYALLTLLLSLLFVLLILI,13002300300230021022,000110011011001100000,LL-YA--TL-LS--FV-LI--,1728040000.0,369.293,-347.918,21.3756,-73.6592,-70.554,-73.6513,-74.3453,-226.603,-229.124,-226.596,-254.132,-374.484,4670.93,3962.51,3802.56,46.7138,0.000374154,-6.96601,26.5733,68.0894,-47.6558,-81.7717,-47.6626,-46.0063,444,135.765,-100.768,25.9177,29.5182,8.96968,5.11402,4.00278,31.3209,-98.8127,24.0686,26.7549,26.5733,8.7734,4.57117,3.4322,26.5656,0,-98.8127,24.0686,26.7549,8.7734,4.57117,3.4322,design_1158,-35.76539999999999,3.7912999999999926,25.00800000000001,-34.1091,3.097300000000004,-2.5279999999999916,-33.53931,-708.4200000000001,1.8491,0.1962799999999998,2.763300000000001,0.5705799999999996,Left,0.35497571706264813,0.27340000000000053,0.4696800000000003,0.1962799999999998,0.8754899999999999,1.15182,0.2763300000000002,0.240470293563372,0.25896654649920575,0.018496252935833762,0.5720333333333333,0.6671299999999999,0.09509666666666661,0.3525189281212818
LLLLFLLLATLLVLLSILILI,103300310020021003022,000011001101100110000,LL--FL-LAT-LV-LSI-I--,1728040000.0,375.74,-377.945,-2.20462,-74.1761,-74.1834,-74.1229,-74.3153,-218.151,-219.288,-218.15,-243.927,-380.475,4505.32,3624.02,3635.65,41.3623,0.000923933,-6.90621,2.57853,39.1577,-85.6173,-93.9096,-85.6233,-62.2325,464,302.327,-58.2741,73.3322,14.4126,9.66581,5.14096,4.74095,-4.69933,-58.9317,71.2573,15.0366,2.57853,9.60965,4.95949,4.52835,2.5302,1,-60.0532,66.5601,18.0145,9.4128,4.4936,3.992,design_1068,-31.677099999999996,0.13189999999998747,24.63899999999998,-8.286299999999997,-0.06050000000000466,-1.1380000000000052,-9.48474,-881.2999999999997,6.772099999999995,0.25300999999999974,-3.6019000000000023,0.7489499999999998,Left,0.028877500655060433,0.9128000000000007,1.1658100000000005,0.25300999999999974,0.0014500000000001734,-0.35874000000000006,0.36019000000000023,0.6655060037050523,0.7332462419327089,0.06774023822765662,0.6653333333333333,0.7901583333333333,0.12482499999999996,0.4625158556202584
LLLLVALLILLLFLLSTLILI,111300320020032003202,000011001101100110000,LLL-VA--IL-LF--ST--L-,1727980000.0,376.991,-376.341,0.649937,-72.5761,-72.618,-72.578,-74.1477,-221.153,-223.073,-221.15,-246.693,-380.343,4622.77,3712.59,3625.59,41.3623,0.000923933,-6.90578,3.99629,42.0122,-82.6124,-91.5575,-82.6184,-59.502,442,471.669,-6.79821,98.7626,22.834,9.26832,0.852688,0.834128,-0.746786,-5.71954,96.6506,24.3734,3.99629,9.23043,0.405761,0.35552,4.0019,2,-3.25933,98.77,22.3804,9.4501,0.32285,0.3044,design_107,-32.0555,1.5297000000000054,23.620000000000005,-8.93910000000001,-0.03999999999999204,-1.9230000000000018,-10.90207,-910.1800000000003,-0.007399999999989859,-0.1817800000000016,0.453599999999998,0.529728,Left,0.028877500655060433,0.9501000000000008,0.7683199999999992,0.1817800000000016,0.43804000000000015,0.48339999999999994,0.04535999999999979,0.9876965058076493,0.9876224847856792,7.402102197018312e-05,0.05073333333333333,0.13902133333333333,0.088288,0.20711415794945612
LLLLAVLTSLLFALYLLLILI,103300300220030023022,000011011001101100000,LL--AV-TS--FA-YL--I--,1727990000.0,360.904,-234.411,126.494,-79.014,-74.2844,-78.9471,-74.3512,-215.388,-220.136,-215.384,-245.139,-364.298,4529.34,3795.61,3602.03,49.0167,0.000253574,-6.90122,129.947,175.511,59.9914,-76.7781,59.9799,-44.8076,490,87.0218,-51.6375,91.4667,22.9926,9.24754,6.59362,6.46562,105.125,-51.0504,88.9496,24.2236,129.947,8.6299,6.16576,6.0,129.887,0,-51.0504,88.9496,24.2236,8.6299,6.16576,6.0,design_428,-31.970499999999994,0.06680000000000064,25.003000000000014,-136.75799999999998,4.662700000000001,-4.7520000000000095,-136.84822,-733.73,2.5170999999999992,0.6176400000000015,-1.2310000000000016,0.46562000000000037,Left,0.49530489253962356,0.12989999999999924,0.7475400000000008,0.6176400000000015,0.6223600000000001,0.4992599999999999,0.12310000000000021,0.8894646079486574,0.9146427585434264,0.02517815059476891,1.0,1.0776033333333335,0.07760333333333347,0.6350503887187372
LLLAALLFVLLLLLTSLLILI,13002300200230021032,000110011011001100000,LL-AA--FV-LL--TS-LI--,1728040000.0,372.162,-381.622,-9.46027,-74.1279,-74.12,-74.12,-74.2416,-218.73,-216.865,-218.718,-243.535,-377.821,4557.42,3759.63,3704.47,44.4768,0.00054596,-6.89567,-3.79175,35.0165,-88.7643,-93.7318,-88.7747,-60.044,499,2.96218,-104.782,31.9712,24.4358,9.58344,6.53341,5.51298,-7.77993,-104.818,32.6551,25.5597,-3.79175,9.5,6.63107,5.6209,-3.8011,0,-104.818,32.6551,25.5597,9.5,6.63107,5.6209,design_1087,-33.68780000000001,0.12160000000000082,26.669999999999987,-4.957100000000011,0.0,1.8529999999999802,-3.10392,-797.79,-0.6838999999999977,0.08343999999999951,-1.123899999999999,-0.10792000000000002,Left,0.21866221428701998,1.0,1.0834399999999995,0.08343999999999951,0.7559699999999999,0.64358,0.11238999999999988,0.32635968615086686,0.31951874332310376,0.006840942827763097,0.9368166666666666,0.9188299999999999,0.017986666666666706,0.1412942474998554
LLLVALLILLTSLLFLLLILI,13002300300220022031,000110011011001100000,LL-VA--IL-TS--FL--I-I,1727990000.0,383.9,-352.595,31.3052,-74.1574,-74.308,-74.1594,-74.3735,-220.851,-224.427,-220.847,-246.634,-384.83,4599.4,3661.36,3653.15,41.3623,0.000923933,-6.885,32.2316,72.6675,-57.5862,-92.9792,-57.5918,-63.8222,493,103.966,-99.7444,29.8283,26.6076,9.25815,5.48848,4.4359,25.0605,-98.2241,28.3897,24.0269,32.2316,9.27034,5.06622,3.99207,32.235,2,-96.2594,28.3853,22.3166,9.3909,4.77092,3.6967,design_331,-29.157000000000004,0.06550000000000011,22.206999999999994,-35.38740000000001,-0.14860000000000184,-3.579999999999984,-39.1166,-938.0399999999995,1.4429999999999978,-0.1327499999999997,4.291,0.7392000000000003,Left,0.028877500655060433,0.8909000000000002,0.7581500000000005,0.1327499999999997,0.4316600000000001,0.8607600000000002,0.4291000000000001,0.2836495564740386,0.2980836557582353,0.0144340992841967,0.6161166666666666,0.7393166666666667,0.12320000000000009,0.46597849276779507
LLLLAVLTLLLTILFLLLILI,103300300320020023022,000011011001101100000,LL--AV-TL--TI-FL--I--,1727990000.0,372.852,-381.913,-9.06111,-72.7363,-72.7487,-72.7348,-72.809,-230.183,-230.24,-230.181,-247.288,-381.032,4553.93,3872.0,3932.67,46.0625,0.000417668,-6.85745,-0.883778,37.0014,-78.9938,-84.9,-78.9999,-60.9347,483,193.783,-64.7681,59.5619,30.4054,10.2784,4.25606,3.64949,-5.73852,-62.6897,60.8769,32.3973,-0.883778,10.2638,4.12184,3.53499,-0.881509,4,-64.6862,51.6158,27.4927,9.5,3.17106,2.4453,design_292,-23.965300000000006,0.06029999999999802,17.048000000000002,-5.900100000000009,-0.013899999999992474,-0.0589999999999975,-5.9736720000000005,-681.9300000000003,7.946100000000001,0.7783999999999995,2.912700000000001,1.20419,Left,0.3152881961159488,1.0,1.7783999999999995,0.7783999999999995,0.94927,1.24054,0.29127000000000003,0.5160205498361535,0.5955041231709807,0.07948357333482714,0.40755,0.6082483333333334,0.20069833333333337,0.8586863410657293
LLLLVLLTALLYLLFSLLILI,103300200320030023022,000011011001101100000,LL--VL-TA--YL-FS--I--,1728020000.0,362.55,-371.751,-9.20099,-74.2243,-74.2111,-74.1578,-74.2776,-223.22,-224.029,-223.22,-248.949,-373.531,4597.59,3793.63,3674.33,46.7138,0.000374154,-6.83637,1.83965,37.5128,-74.3069,-82.1278,-74.3139,-50.3041,485,42.7142,-54.5444,53.0598,19.7879,9.76269,1.84473,1.14063,-3.85285,-54.3432,51.6029,21.6142,1.83965,9.51195,1.61787,0.891914,1.78007,3,-58.9545,42.5975,28.0,8.5413,1.09384,0.2328,design_913,-31.823699999999995,0.06650000000000489,24.920000000000016,-7.81389999999999,-0.05330000000000723,-0.8089999999999975,-8.67602,-803.96,10.462300000000006,1.2213899999999995,-8.2121,0.90783,Left,0.35497571706264813,0.04129999999999967,1.2626899999999992,1.2213899999999995,1.0,0.17879000000000006,0.82121,0.4258119305882871,0.530464651961157,0.1046527213728699,0.0388,0.190105,0.151305,1.4832480545464222
LLLYLLLTILLALLFVLLILI,13002200200330021032,000110011011001100000,LL-YL--TI-LA--FV-LI--,1728040000.0,361.412,-330.566,30.8465,-58.8071,-58.6457,-58.7397,-58.9371,-224.441,-229.362,-224.438,-255.103,-367.294,4660.96,3872.45,3772.45,43.7222,0.000620174,-6.81409,36.7908,74.5687,-47.3182,-86.1,-47.3245,-53.2531,485,103.966,-107.699,30.3916,20.6327,9.38664,6.75772,5.7136,31.8615,-105.145,27.6192,18.0,36.7908,9.5,6.00031,4.9146,36.7276,0,-105.145,27.6192,18.0,9.5,6.00031,4.9146,design_1291,-32.84689999999999,0.291400000000003,25.741000000000014,-38.775499999999994,0.0940000000000012,-4.924000000000007,-43.60489,-788.5100000000002,2.772400000000001,-0.11336000000000013,2.6327,0.7989999999999995,Left,0.17268001974321648,1.0,0.8866399999999999,0.11336000000000013,0.0,0.26327,0.26327,0.2759863801319575,0.30371825598469965,0.02773187585274217,0.8191,0.9522666666666666,0.13316666666666654,0.3172759060335704
LLLLVLLLALLYTLFSLLILI,103300300220030023012,000011011001101100000,LL--VL-LA--YT-FS--IL-,1728060000.0,363.232,-368.561,-5.32824,-74.1783,-74.1119,-74.1119,-74.1783,-223.306,-222.947,-223.306,-249.114,-374.55,4548.6,3797.61,3730.7,46.7138,0.000374154,-6.81147,6.04938,41.3855,-71.0763,-84.3024,-71.0831,-51.2579,472,27.3786,-53.2447,56.0388,18.7237,9.43625,2.05194,1.39252,1.74644,-50.9443,56.589,19.4807,6.04938,9.84048,1.78116,1.13,5.98962,1,-50.9448,53.1205,23.641,9.3588,1.31299,0.6098,design_1703,-33.044500000000006,0.06639999999998736,26.167,-13.219300000000004,0.0,0.35900000000000887,-12.86085,-750.9900000000002,2.918300000000002,0.07744999999999891,-4.917299999999997,0.78272,Left,0.35497571706264813,0.8588000000000005,0.9362499999999994,0.07744999999999891,0.5640999999999998,0.07237000000000009,0.4917299999999997,0.5310718243981292,0.5602631147245819,0.029191290326452735,0.10163333333333334,0.23208666666666666,0.1304533333333333,0.5154290436216227
LLLLAVLLLILFLLLSTLILI,103300320020032003102,000011001101100110000,LL--AV--LI-FL--ST-IL-,1727990000.0,378.097,-380.749,-2.65223,-72.5844,-74.1848,-72.5859,-74.2559,-220.867,-222.804,-220.862,-247.079,-384.186,4542.85,3741.85,3697.23,41.3623,0.000923933,-6.80013,3.43409,38.71,-87.2972,-93.9968,-87.3032,-62.8508,469,211.811,-18.8423,90.9877,19.2005,9.79814,1.60969,1.47451,-2.90101,-18.2308,88.6789,20.1136,3.43409,9.65696,1.20627,1.03645,3.43685,2,-16.2744,89.8543,20.6107,9.5,1.07149,0.9193,design_459,-31.145999999999994,0.07110000000000127,24.275000000000006,-6.693599999999989,-1.5989000000000004,-1.9420000000000073,-10.23422,-801.0000000000005,1.1334000000000088,0.29814000000000007,-1.4101999999999997,0.55521,Left,0.028877500655060433,1.0,1.29814,0.29814000000000007,0.26107000000000014,0.12005000000000017,0.14101999999999998,0.8985141780265595,0.9098513977969743,0.011337219770414797,0.15321666666666667,0.24575166666666667,0.092535,0.3427321968784414
LLLLALLLLFLTVLLSILILI,103300310020021003022,000011001101100110000,LL--AL-LLF-TV-LSI-I--,1728010000.0,377.677,-384.513,-6.83609,-74.1339,-70.6933,-74.1286,-74.3093,-220.892,-221.564,-220.888,-246.579,-384.917,4531.42,3752.79,3635.37,41.3623,0.000923933,-6.78763,0.407456,34.5262,-89.4876,-99.4476,-89.4935,-64.0287,491,95.1175,-53.8012,69.7637,15.9065,9.6044,3.98829,3.53475,-4.77937,-55.1274,67.2113,15.304,0.407456,9.57483,3.84264,3.35081,0.40404,3,-57.4607,60.5733,18.0,9.255,3.2965,2.7051,design_687,-35.418899999999994,3.6159999999999997,25.015000000000015,-9.954099999999997,3.4353000000000122,-0.6759999999999877,-7.195086,-778.6300000000001,9.190399999999997,0.34939999999999927,-2.0935000000000006,0.82965,Left,0.028877500655060433,0.7550000000000008,1.1044,0.34939999999999927,0.0,-0.20935000000000006,0.20935000000000006,0.6056209963629672,0.6975511045136819,0.09193010815071467,0.45085,0.589125,0.13827500000000004,0.4398623681444022
LLLLALLLFTLVALLSILILI,102300320030032003102,000011001101100110000,LL--AL--FT-VA--SI-IL-,1728040000.0,366.442,-367.225,-0.783509,-72.6968,-74.2798,-72.6357,-74.341,-215.524,-221.086,-215.519,-242.659,-372.91,4487.36,3689.24,3604.22,43.6652,0.000626172,-6.72585,5.7397,42.8817,-79.0043,-84.2697,-79.015,-55.9094,488,6.59628,-8.45891,103.875,23.4136,9.61546,1.79196,1.85008,1.1711,-8.95886,98.4531,19.695,5.7397,9.4065,1.13499,1.11179,5.68426,1,-11.4105,94.4842,18.1282,9.2875,0.966937,0.8842,design_1142,-28.360300000000002,0.06119999999999948,21.57299999999998,-5.2547,-1.6440999999999946,-5.567000000000007,-12.46555,-798.1199999999999,9.390799999999999,0.3279600000000009,5.285399999999999,0.96588,Left,0.16920667613203583,0.7874999999999996,1.1154600000000006,0.3279600000000009,0.012819999999999965,0.5413599999999998,0.5285399999999999,0.9448263306779126,1.038761008126308,0.09393467744839534,0.14736666666666667,0.30834666666666666,0.16097999999999998,0.6493462691255988
LLLLYALITLLLVLFSLLILI,103300200230020033022,000011011001101100000,LL--YA-IT--LV-FS--I--,1728000000.0,359.388,-360.047,-0.658482,-70.2065,-72.1001,-70.2011,-74.3379,-221.015,-225.139,-221.01,-248.772,-369.03,4572.9,3725.42,3664.79,45.9023,0.000429125,-6.71769,8.98599,45.2438,-68.8258,-78.5091,-68.8327,-45.9197,475,231.516,-62.5369,56.548,15.9719,10.1673,3.51452,2.86274,-2.96267,-62.464,53.1209,16.6331,8.98599,10.0872,3.04092,2.33773,8.98321,3,-65.8769,48.6558,20.8808,9.2706,2.95006,2.1799,design_509,-32.589400000000005,2.237800000000007,23.63299999999998,-9.676400000000001,-1.899000000000001,-4.129000000000019,-15.703679999999999,-847.4799999999996,7.8922000000000025,0.8966999999999992,-4.908900000000001,0.6828400000000001,Left,0.30552627249294656,0.7706,1.6672999999999991,0.8966999999999992,0.28808000000000006,-0.20281000000000002,0.49089000000000005,0.4864121410480577,0.5653565612633988,0.07894442021534115,0.3633166666666667,0.47712333333333334,0.11380666666666667,1.0316142985442345
LLLLLALTSLLFLLVILLILI,103300200220020033032,000011011001101100000,LL--LA-TS--FL-VI--I--,1728030000.0,384.231,-378.28,5.95133,-74.2435,-74.2379,-74.2379,-74.3108,-220.814,-223.269,-220.812,-245.935,-384.249,4567.51,3801.62,3684.49,41.3623,0.000923933,-6.67941,5.97153,47.3136,-83.222,-93.422,-83.228,-64.0028,470,231.516,-54.6638,86.149,25.0865,10.1036,6.32968,6.12191,-6.62069,-54.4019,84.1926,25.2147,5.97153,9.78657,6.0263,5.78919,5.96956,1,-55.688,80.176,27.7609,9.5,5.67696,5.3796,design_1012,-29.419200000000004,0.07290000000000418,22.665999999999997,-10.194000000000003,0.0,-2.4569999999999936,-12.650939999999999,-765.8900000000003,5.972999999999999,0.6036000000000001,-2.6743999999999986,0.7423099999999998,Left,0.028877500655060433,1.0,1.6036000000000001,0.6036000000000001,0.9760899999999999,0.7086500000000001,0.2674399999999998,0.8017036838462124,0.8614506519851638,0.05974696813895142,0.8966,1.0203183333333332,0.12371833333333326,0.6743389650647326
LLLLFVLLATLLILLSLLILI,103300310020021003022,000011001101100110000,LL--FV-LAT-LI-LSL-I--,1728000000.0,375.615,-377.587,-1.97191,-74.2125,-74.2273,-74.1668,-74.273,-216.592,-220.954,-216.591,-246.362,-380.78,4612.71,3698.66,3666.45,41.3623,0.000923933,-6.65829,3.23307,39.3904,-86.7827,-92.257,-86.7887,-60.1447,495,72.839,-61.3777,69.2166,18.5725,9.84914,5.05089,4.58914,-2.25881,-59.7862,67.0057,16.5126,3.23307,9.77118,4.51369,4.01878,3.19248,1,-59.0192,64.1068,18.558,9.2849,4.0073,3.4689,design_525,-32.112300000000005,0.04569999999999652,25.407999999999987,-5.468299999999999,-0.06050000000000466,-4.3629999999999995,-9.89136,-914.0500000000002,5.109799999999993,0.5642399999999999,0.014500000000001734,1.1202400000000003,Left,0.028877500655060433,0.7849000000000004,1.3491400000000002,0.5642399999999999,0.05579999999999998,0.057250000000000155,0.0014500000000001734,0.6409660343537565,0.6920785503082876,0.051112515954531035,0.57815,0.7648566666666667,0.1867066666666667,0.5965238878410317
LLLLAVLTYLLALLFSLLILI,103300300320020023022,000011011001101100000,LL--AV-TY--AL-FS--I--,1728030000.0,352.816,-362.869,-10.0528,-74.3107,-74.243,-74.243,-74.3107,-224.81,-224.081,-224.807,-245.674,-364.037,4537.85,3714.33,3663.19,49.0167,0.000253574,-6.6506,1.22725,38.9639,-63.7474,-72.3632,-63.7592,-44.0523,488,330.452,-56.2981,64.5845,19.0599,9.40791,3.66362,3.13239,-5.99896,-56.5065,64.0806,18.9136,1.22725,9.34121,3.62686,3.08807,1.16819,3,-60.3987,52.97,18.0,9.5,2.71075,2.0053,design_956,-28.310900000000004,0.06770000000000209,21.593000000000018,-8.604000000000006,0.0,0.7259999999999991,-7.87785,-823.5200000000004,11.614500000000007,-0.09209000000000067,1.059899999999999,1.12709,Left,0.49530489253962356,1.0,0.9079099999999993,0.09209000000000067,0.0,0.10598999999999989,0.10598999999999989,0.5295663968567074,0.6457443914071597,0.1161779945504523,0.33421666666666666,0.522065,0.18784833333333334,0.26172269858358893
LLLLAVLLWLLATLLSFLILI,103300220030031003012,000011001101100110000,LL--AV--WL-AT-LSF-IL-,1728000000.0,364.726,-377.42,-12.6941,-74.1783,-74.0865,-74.0865,-74.1783,-222.469,-221.679,-222.466,-247.573,-375.164,4522.07,3794.64,3610.72,52.3297,0.000144899,-6.64077,-2.17398,39.6355,-80.7725,-86.0394,-80.7858,-53.4125,485,1.33022,-51.3938,80.8985,17.4417,9.01739,5.13037,4.84385,-6.70967,-51.193,81.9646,17.0719,-2.17398,9.20169,5.24417,4.97364,-2.2562,3,-46.7812,82.2688,20.3303,9.2984,4.62347,4.3575,design_574,-32.6269,0.09179999999999211,25.894000000000005,-5.253600000000006,0.0,0.7870000000000061,-4.46679,-727.4299999999998,-1.3703000000000003,-0.2810100000000002,-2.8886000000000003,0.48634999999999984,Left,0.6971853729578873,0.7984000000000009,0.5173900000000007,0.2810100000000002,0.23303000000000013,-0.055829999999999914,0.28886000000000006,0.8226376290866606,0.8089307363291175,0.01370689275754311,0.72625,0.8073083333333333,0.08105833333333334,0.4112967930969615
LLLVALLLILTSLLLFLLILI,13002200200230032031,000110011011001100000,LL-VA--LI-TS--LF--I-I,1728030000.0,385.512,-388.986,-3.47342,-74.1997,-74.2015,-74.2015,-74.2766,-223.427,-223.336,-223.423,-246.555,-385.872,4555.63,3732.05,3697.68,41.3623,0.000923933,-6.61663,-3.11683,37.8889,-91.3593,-94.9517,-91.3651,-65.0404,490,361.194,-106.972,28.3274,22.8482,9.48176,6.37002,5.29493,-6.33872,-106.364,29.0142,23.3762,-3.11683,9.49323,6.37145,5.30666,-3.11308,4,-99.4191,32.4049,18.2583,9.5,5.78753,4.7736,design_967,-29.911299999999997,0.07510000000000616,23.218999999999994,-3.5866000000000042,0.0,0.08699999999998909,-3.4997999999999996,-823.5799999999999,-4.077499999999997,-0.018240000000000478,4.5899,0.5213299999999998,Left,0.028877500655060433,1.0,0.9817599999999995,0.018240000000000478,0.025829999999999843,0.48481999999999986,0.45899,0.3238569753810082,0.28307039199132555,0.04078658338968266,0.7956,0.8824883333333333,0.08688833333333335,0.4692735295688944
LLLLFVLTALLILLYSLLILI,103300200220030033012,000011011001101100000,LL--FV-TA--IL-YS--IL-,1728030000.0,358.588,-364.757,-6.16841,-74.1022,-74.0126,-74.0461,-74.323,-228.138,-231.734,-228.137,-247.317,-367.598,4536.46,3867.73,3809.86,45.9023,0.000429125,-6.59574,2.89095,39.7339,-62.5165,-68.4473,-62.5237,-45.9582,501,79.6152,-46.6728,68.3876,31.8077,9.52018,2.73324,2.25905,-1.62823,-46.5453,64.2522,33.5602,2.89095,9.6316,2.15584,1.61962,2.8413,4,-48.8456,56.3597,26.5476,9.2615,1.4354,0.7808,design_963,-22.4891,0.31039999999998713,15.582999999999998,-5.9236,0.03349999999998943,-3.5970000000000084,-9.48669,-668.73,12.02790000000001,0.25868,5.260100000000001,1.4782499999999996,Left,0.30552627249294656,0.7614999999999998,1.0201799999999999,0.25868,0.85476,1.38077,0.5260100000000001,0.5634730263394804,0.6837861952794594,0.12031316893997901,0.13013333333333335,0.3765083333333333,0.24637499999999993,0.647130405517605
LLLLFLLVLLLTILASLLILI,103300300220020033022,000011011001101100000,LL--FL-VL--TI-AS--I--,1728040000.0,375.624,-378.679,-3.05514,-74.1531,-74.1418,-74.0997,-74.268,-221.153,-224.448,-221.152,-246.457,-382.499,4562.77,3754.25,3680.29,41.3623,0.000923933,-6.51897,3.86835,38.3071,-83.3725,-90.4282,-83.3786,-61.7736,429,361.194,-59.0667,63.4533,19.2442,10.1418,3.92621,3.378,-2.22041,-59.5614,58.6372,17.6441,3.86835,10.226,3.35023,2.72979,3.82014,2,-62.6015,51.4692,20.7952,9.4319,2.83856,2.1106,design_1058,-28.654600000000002,0.1261999999999972,22.008999999999986,-7.049599999999998,-0.04210000000000491,-3.2960000000000207,-10.38732,-808.5200000000004,11.984099999999998,0.7098999999999993,-1.551000000000002,1.2674000000000003,Left,0.028877500655060433,0.9319000000000006,1.6418,0.7098999999999993,0.2795200000000001,0.12441999999999993,0.15510000000000018,0.5145541333738782,0.6344291778865198,0.11987504451264153,0.3517666666666666,0.5630000000000001,0.21123333333333344,0.7661615804828756
LLLLAILTLLLAVLFSLLILI,103300300320020023022,000011011001101100000,LL--AI-TL--AV-FS--I--,1728010000.0,364.491,-374.328,-9.83692,-74.3478,-74.2832,-74.2832,-74.3478,-223.108,-224.653,-223.105,-242.455,-374.841,4480.97,3733.03,3649.11,43.6652,0.000626172,-6.45152,0.56997,33.8283,-76.872,-82.356,-76.8825,-58.0374,491,148.395,-56.9945,64.8846,15.7065,9.88564,3.80859,3.28186,-4.64693,-57.615,61.7095,15.8372,0.56997,9.54206,3.47303,2.89867,0.512866,4,-57.9523,53.087,18.0,9.4741,2.35959,1.6559,design_752,-24.318599999999996,0.06460000000001287,17.80200000000002,-5.473500000000001,0.0,-1.5480000000000018,-7.02149,-747.94,11.797600000000003,0.41154000000000046,-2.2935,1.62596,Left,0.16920667613203583,0.9741,1.3856400000000004,0.41154000000000046,0.0,-0.22935,0.22935,0.5307367292311017,0.6487462439332771,0.11800951470217536,0.2759833333333333,0.5469766666666667,0.27099333333333336,0.556174636576817
LLLLFLLTVLIALLLSLLILI,13002200200330022031,000110011011001100000,LL-LF--TV-IA--LS--I-I,1728030000.0,376.151,-384.82,-8.6685,-74.1289,-74.1207,-74.0742,-74.1522,-224.267,-225.728,-224.266,-246.455,-382.326,4605.45,3835.96,3780.11,41.3623,0.000923933,-6.45152,-2.44455,32.6938,-86.4244,-88.9293,-86.4306,-61.7185,511,51.0312,-107.191,17.9622,26.2242,10.0824,5.00357,3.773,-6.13325,-106.488,19.5501,23.8509,-2.44455,10.1861,5.11247,3.90572,-2.49365,3,-101.498,15.2108,20.1514,9.5,3.77814,2.5063,design_977,-27.2108,0.03149999999999409,20.727000000000004,-2.4986999999999995,-0.04649999999999466,-1.4620000000000175,-4.006970000000001,-769.4899999999998,2.7513999999999985,0.5823999999999998,6.072800000000001,1.2667000000000002,Left,0.028877500655060433,1.0,1.5823999999999998,0.5823999999999998,0.2151399999999999,0.8224199999999999,0.60728,0.15186713026499526,0.17938894646079484,0.027521816195799575,0.4177166666666667,0.6288333333333334,0.21111666666666667,0.8679322875150801
LLLLLVLLFTLALLLSILILI,103300210020031003022,000011001101100110000,LL--LV-LFT-AL-LSI-I--,1727990000.0,377.632,-377.695,-0.0631471,-74.2781,-74.2233,-74.2233,-74.2781,-220.466,-224.288,-220.466,-245.306,-384.422,4501.59,3728.74,3651.24,41.3623,0.000923933,-6.44724,6.77606,41.2991,-82.9511,-92.3586,-82.9572,-64.8385,470,431.524,-54.8646,74.4919,20.2841,9.7966,4.7861,4.40348,-0.799194,-55.8804,69.8046,23.1251,6.77606,9.87293,4.30569,3.85276,6.72735,4,-58.8797,61.869,28.0,9.4923,3.68426,3.1123,design_340,-27.5201,0.05480000000000018,21.018,-9.401399999999995,0.0,-3.8220000000000027,-13.2233,-772.8500000000004,12.622900000000001,0.30429999999999957,-7.715900000000001,1.2911800000000002,Left,0.028877500655060433,0.9923000000000002,1.2965999999999998,0.30429999999999957,1.0,0.22840999999999986,0.7715900000000001,0.6185816771963238,0.7448465364163422,0.1262648592200184,0.5187166666666666,0.7339133333333333,0.2151966666666667,0.8661420426917836
LLLLFLLSTLALLLYVLLILI,13002300200220031032,000110011011001100000,LL-LF--ST-AL--YV-LI--,1728020000.0,368.402,-370.172,-1.77026,-74.0905,-74.0095,-74.0254,-74.1372,-223.058,-223.339,-223.057,-249.312,-370.174,4690.64,3806.79,3740.46,46.7138,0.000374154,-6.419,0.0609864,44.9435,-73.0234,-79.2448,-73.0306,-46.7246,507,253.054,-105.02,11.311,29.7331,9.62916,3.78005,2.44972,-6.37475,-106.125,10.2226,28.2224,0.0609864,9.60458,3.79881,2.45215,0.00194948,1,-106.919,8.4349,26.3181,9.2773,3.67658,2.3031,design_872,-32.520199999999996,0.12770000000000437,25.973000000000013,-6.214199999999991,0.015900000000002024,-0.2820000000000107,-6.4799864,-883.8500000000004,2.876099999999999,0.3518600000000003,3.414999999999999,0.14661999999999997,Left,0.35497571706264813,0.7773000000000003,1.1291600000000006,0.3518600000000003,0.8318100000000002,1.17331,0.3414999999999999,0.08408888124227282,0.11285805168667902,0.028769170444406203,0.38385,0.4082866666666667,0.024436666666666662,0.49178503987599825
LLLLAVLLAILLTLLSFLILI,103300310020021003022,000011001101100110000,LL--AV-LAI-LT-LSF-I--,1728050000.0,364.87,-376.771,-11.901,-74.1761,-74.1234,-74.1234,-74.1761,-218.19,-219.987,-218.186,-242.975,-375.158,4474.9,3746.17,3683.48,43.6652,0.000626172,-6.41421,-1.56722,31.7643,-84.4053,-87.4623,-84.4161,-58.0066,468,148.395,-56.5923,79.2347,14.5217,9.47527,5.68553,5.37405,-3.03306,-56.5996,76.8259,12.678,-1.56722,9.41119,5.36143,5.01382,-1.6132,3,-61.9293,66.8114,20.1004,8.8722,4.80893,4.3111,design_1584,-29.4557,0.05270000000000152,22.988,-3.046199999999999,0.0,-1.8009999999999877,-4.84699,-728.7299999999996,12.423299999999998,0.6030700000000007,-5.578700000000001,1.0629500000000007,Left,0.16920667613203583,0.3721999999999994,0.9752700000000001,0.6030700000000007,0.21004000000000006,-0.3478300000000001,0.5578700000000001,0.6680197175997984,0.7922880097947818,0.12426829219498337,0.7185166666666666,0.8956750000000001,0.17715833333333353,0.8495528502185742
LLLLLALLYVLTLLLSFLILI,103300210020031003022,000011001101100110000,LL--LA-LYV-TL-LSF-I--,1727980000.0,363.246,-367.856,-4.61027,-74.1621,-70.5591,-74.1444,-74.2197,-228.09,-230.194,-228.088,-248.949,-374.873,4549.85,3870.4,3744.73,46.7138,0.000374154,-6.38773,7.02972,42.1035,-65.6038,-80.5079,-65.6111,-51.7047,468,302.327,-53.4405,80.0024,24.3049,9.81655,5.3164,5.01643,-2.50781,-54.9701,75.8639,25.5124,7.02972,9.87797,4.98714,4.6251,7.01748,1,-57.7764,67.2616,24.5839,9.4846,4.24678,3.7557,design_92,-28.803200000000004,3.6606000000000023,18.755000000000024,-14.896800000000013,3.5853000000000037,-2.1059999999999945,-13.41745,-679.4500000000003,12.740799999999993,0.3319499999999991,-0.2789999999999999,1.2607299999999997,Left,0.35497571706264813,0.9846000000000004,1.3165499999999994,0.3319499999999991,0.65839,0.63049,0.027900000000000036,0.6725229965310148,0.7999671906821537,0.12744419415113895,0.62595,0.8360716666666667,0.21012166666666665,0.4139593578186274
LLLLLALLALLFVLTSLLILI,103300200320020033022,000011011001101100000,LL--LA-LA--FV-TS--I--,1728040000.0,370.273,-359.319,10.9538,-74.2496,-74.1864,-74.1864,-74.2434,-212.455,-216.842,-212.452,-241.719,-376.645,4483.17,3657.61,3576.13,44.4768,0.00054596,-6.35088,17.3813,55.4305,-72.6138,-91.9672,-72.6249,-60.6823,487,103.966,-58.302,48.958,18.829,9.39907,1.85462,1.08899,16.6295,-59.9361,43.5266,20.4204,17.3813,9.2057,1.3665,0.5194,17.3261,0,-59.9361,43.5266,20.4204,9.2057,1.3665,0.5194,design_1077,-31.284900000000007,0.05699999999998795,24.87699999999998,-19.34230000000001,0.0,-4.390000000000015,-23.73218,-825.56,5.4313999999999965,0.19336999999999982,-1.5914000000000001,0.5695899999999999,Left,0.21866221428701998,0.7057000000000002,0.89907,0.19336999999999982,0.2420400000000001,0.08290000000000006,0.15914000000000003,0.43510556998187494,0.48943499953986935,0.05432942955799441,0.08656666666666667,0.18149833333333332,0.09493166666666665,0.2732786211034594
LLLLALLLLILFVLLSTLILI,103300210020032003012,000011001101100110000,LL--AL-LLI-FV--ST-IL-,1728040000.0,377.923,-383.672,-5.74902,-74.253,-74.2872,-74.2472,-74.2931,-221.787,-223.768,-221.783,-246.473,-385.128,4509.03,3690.46,3606.15,41.3623,0.000923933,-6.34797,1.46003,35.6133,-87.6312,-93.4204,-87.6372,-64.362,494,211.811,-55.1383,66.2162,15.8513,9.74146,3.70993,3.20317,-4.9549,-55.7128,64.5408,16.8202,1.46003,9.53153,3.56993,3.03804,1.45606,3,-52.1497,65.397,18.0,9.5,3.15104,2.632,design_1312,-29.058400000000006,0.005899999999996908,22.705000000000013,-5.783199999999994,-0.03999999999999204,-1.9850000000000136,-7.808,-818.5699999999997,0.819199999999995,0.24146,-2.1487,0.57117,Left,0.028877500655060433,1.0,1.24146,0.24146,0.0,-0.21486999999999998,0.21486999999999998,0.6538716995626759,0.6620660267515974,0.008194327188921546,0.4386666666666667,0.5338616666666667,0.09519499999999997,0.33704789499873616
LLLLAVLLSILFLLLSTLILI,103300220030021003012,000011001101100110000,LL--AV--SI-FL-LST-IL-,1728030000.0,382.773,-325.394,57.3792,-88.8756,-89.5578,-88.8822,-89.6044,-214.291,-221.62,-214.287,-244.691,-389.209,4461.37,3710.52,3544.53,47.6458,0.000319654,-6.34063,63.8071,105.025,-22.2272,-84.3716,-22.2332,-54.9138,462,431.524,-53.2703,69.1793,22.1329,9.21586,3.82975,3.36744,28.9142,-53.1276,64.4284,22.5619,63.8071,8.7172,3.16697,2.6334,63.8154,0,-53.1276,64.4284,22.5619,8.7172,3.16697,2.6334,design_1022,-29.4578,0.046599999999997976,23.070999999999998,-62.138400000000004,-0.6756000000000029,-7.332999999999998,-70.14773,-750.8499999999999,4.7509000000000015,0.4986599999999992,-0.42900000000000205,0.7340400000000002,Left,0.41176793189809097,0.21720000000000006,0.7158599999999993,0.4986599999999992,0.45619000000000015,0.41328999999999994,0.042900000000000216,0.6441829479572198,0.6917054443461943,0.047522496388974544,0.4389,0.5612400000000001,0.12234000000000006,0.5174240706258643
LLLLLVLALLLFTLISLLILI,103300300320020023022,000011011001101100000,LL--LV-AL--FT-IS--I--,1728040000.0,376.208,-375.516,0.691763,-74.1382,-74.1244,-74.0843,-74.1783,-218.337,-222.82,-218.337,-245.85,-383.455,4573.91,3716.36,3656.51,41.3623,0.000923933,-6.32936,7.98651,42.054,-83.0413,-92.8398,-83.0474,-63.427,490,87.0218,-55.5322,65.4219,23.7565,9.78637,3.66179,3.14312,-2.26204,-55.8578,60.4222,21.9867,7.98651,9.70656,3.03567,2.44201,7.93839,3,-64.6135,48.5505,24.2089,9.453,2.74634,1.9746,design_1104,-29.412799999999997,0.05389999999999873,23.03,-9.7924,-0.04009999999999536,-4.483000000000004,-14.31587,-857.5499999999997,16.871399999999994,0.3333700000000004,-0.4524000000000008,1.1685200000000002,Left,0.028877500655060433,0.9529999999999994,1.2863699999999998,0.3333700000000004,0.6208899999999999,0.5756499999999999,0.04524000000000006,0.4853588419111028,0.6541207702987648,0.16876192838766202,0.3291,0.5238533333333334,0.1947533333333334,0.4237825666749012
LLLALLLTVLLSLLFILLILI,13002300200230021032,000110011011001100000,LL-AL--TV-LS--FI-LI--,1728040000.0,383.015,-355.027,27.9879,-74.1869,-74.0876,-74.1816,-74.3169,-220.009,-224.045,-220.001,-246.477,-386.508,4521.07,3680.0,3682.67,41.3623,0.000923933,-6.28475,31.4888,69.3502,-60.8305,-94.6598,-60.8361,-65.7143,464,113.638,-109.251,24.5456,20.8761,9.4677,6.20136,5.06955,27.2664,-106.425,22.7905,19.2052,31.4888,9.5,5.54044,4.3823,31.481,0,-106.425,22.7905,19.2052,9.5,5.54044,4.3823,design_1170,-28.94550000000001,0.22930000000000916,22.432000000000016,-33.8237,0.0940000000000083,-4.043999999999983,-37.77355,-841.0699999999997,1.7550999999999988,-0.03229999999999933,1.6708999999999996,0.6872499999999997,Left,0.028877500655060433,1.0,0.9677000000000007,0.03229999999999933,0.12052000000000014,0.2876100000000001,0.16708999999999996,0.22768566272821483,0.2452416486282104,0.017555985899995574,0.7303833333333333,0.8449249999999999,0.11454166666666665,0.205889203562738
LLLLFALILLLTLLVSLLILI,103300200230020033022,000011011001101100000,LL--FA-IL--TL-VS--I--,1728000000.0,377.325,-381.565,-4.24026,-74.2169,-67.1443,-74.2191,-74.2722,-220.442,-217.178,-220.439,-247.086,-381.093,4580.82,3687.13,3659.76,41.3623,0.000923933,-6.24955,-0.4771,37.122,-86.906,-103.021,-86.9121,-59.7351,470,361.194,-61.2419,54.9893,13.58,9.9037,3.10984,2.43468,-5.50266,-62.5369,56.548,15.9719,-0.4771,10.1673,3.51452,2.86274,-0.472204,4,-65.8769,48.6558,20.8808,9.2706,2.95006,2.1799,design_509,-43.2859,7.127899999999997,29.908000000000015,-16.108900000000006,7.074799999999996,3.2609999999999957,-5.77245,-893.6899999999996,6.333500000000001,0.6331000000000007,-7.300800000000001,0.25478000000000023,Left,0.028877500655060433,0.7706,1.4037000000000006,0.6331000000000007,0.28808000000000006,-0.442,0.7300800000000001,0.4864121410480577,0.5497651332978566,0.0633529922497989,0.3633166666666667,0.40578000000000003,0.04246333333333335,0.9693550189196845
LLLLIVLALLLLTLFSLLILI,103300200230030023022,000011011001101100000,LL--IV-AL--LT-FS--I--,1728060000.0,374.681,-380.372,-5.6909,-74.1783,-74.1221,-74.1221,-74.1783,-229.52,-230.209,-229.52,-245.628,-384.221,4522.98,3818.09,3781.78,41.3623,0.000923933,-6.23354,3.89916,35.6714,-76.6732,-86.1232,-76.6792,-64.4145,475,431.524,-59.6153,55.3089,21.0718,10.4856,2.909,2.23863,-3.09061,-60.5515,52.9035,24.2996,3.89916,10.5014,2.72469,2.01825,3.84893,3,-66.1545,36.3342,26.6162,8.9139,1.32829,0.3733,design_1791,-21.708699999999993,0.056199999999989814,15.418999999999983,-9.444000000000003,0.0,-0.688999999999993,-10.1327,-704.8899999999994,18.9747,1.5716999999999999,-5.5443999999999996,1.8653300000000002,Left,0.028877500655060433,0.41389999999999993,1.9855999999999998,1.5716999999999999,0.8616199999999999,0.30717999999999995,0.55444,0.3631611377631248,0.5529620412197065,0.18980090345658168,0.06221666666666667,0.373105,0.3108883333333333,1.705966160964429
LLLLLVLLATLFLLLSILILI,103300210020031003022,000011001101100110000,LL--LV-LAT-FL-LSI-I--,1728060000.0,377.164,-374.159,3.00498,-74.2249,-74.1713,-74.1713,-74.2781,-216.049,-221.496,-216.049,-245.848,-384.671,4509.14,3745.05,3613.57,41.3623,0.000923933,-6.21704,10.5594,44.3673,-83.8854,-95.2206,-83.8913,-64.5445,470,103.966,-53.3261,80.1961,22.0413,9.55829,5.32539,5.02833,1.67846,-55.3109,73.4921,23.4042,10.5594,9.6603,4.71807,4.32045,10.5118,1,-55.6891,70.4209,26.7491,9.1577,4.36019,3.9165,design_1789,-30.676100000000005,0.10679999999999268,24.352000000000004,-11.329300000000003,0.0,-5.447000000000003,-16.77644,-764.0900000000001,9.775199999999998,0.40058999999999934,-4.707799999999999,1.1118300000000003,Left,0.028877500655060433,0.6577000000000002,1.0582899999999995,0.40058999999999934,0.8749099999999999,0.40413,0.47077999999999987,0.7041249714919037,0.8019047409464288,0.09777976945452516,0.65275,0.8380550000000001,0.18530500000000005,0.6526905720474132
LLLTALLLILVLLLFSLLILI,13002200200320031032,000110011011001100000,LL-TA--LI-VL--FS-LI--,1728030000.0,376.202,-371.976,4.22503,-60.4194,-60.4589,-60.4124,-60.4659,-224.463,-225.442,-224.458,-250.274,-378.547,4597.5,3756.72,3709.33,41.3623,0.000923933,-6.21326,6.57705,45.5873,-87.0937,-98.8589,-87.0993,-67.8072,467,276.595,-103.874,23.7068,24.0729,9.83687,5.28153,4.13713,3.88553,-102.11,23.9492,23.284,6.57705,9.86282,5.04959,3.90883,6.57046,2,-98.208,28.486,18.0,8.9124,5.07681,4.0041,design_1017,-31.05170000000001,0.006999999999997897,24.831999999999994,-11.759600000000006,-0.04650000000000176,-0.9840000000000089,-12.79031,-840.7800000000002,-4.7791999999999994,0.9244699999999995,6.072900000000001,0.13302999999999976,Left,0.028877500655060433,0.4123999999999999,1.3368699999999993,0.9244699999999995,0.0,0.6072900000000001,0.6072900000000001,0.2846568425432823,0.2368512657594757,0.047805576783806564,0.66735,0.6895216666666667,0.0221716666666667,1.1073494845686294
LLLLAVLTWLLALLFSLLILI,103300300320020023022,000011011001101100000,LL--AV-TW--AL-FS--I--,1728020000.0,365.812,-373.612,-7.7991,-74.3107,-74.2183,-74.2183,-74.3107,-222.543,-222.294,-222.539,-247.509,-374.821,4525.0,3661.21,3656.18,52.3297,0.000144899,-6.19023,1.29302,44.5306,-76.7574,-84.4989,-76.7707,-53.0018,472,302.327,-57.1042,49.3177,16.5318,9.09514,1.72351,0.963279,-4.06701,-57.4597,48.8486,16.3809,1.29302,9.00915,1.71351,0.946243,1.20996,1,-60.224,42.1613,18.8493,8.5894,1.22538,0.3578,design_764,-31.497100000000003,0.09239999999999782,25.214999999999975,-7.728200000000001,0.0,0.24499999999997613,-7.48325,-863.79,7.156400000000005,0.5057400000000012,-2.317499999999999,0.605479,Left,0.6971853729578873,0.08939999999999948,0.5951400000000007,0.5057400000000012,0.08492999999999995,-0.14681999999999995,0.2317499999999999,0.42144869142836566,0.4930330213780714,0.07158432994970576,0.05963333333333334,0.1605465,0.10091316666666666,0.5699024421785223
LLLLIVLLLLLFTLASLLILI,103300200320030023012,000011011001101100000,LL--IV-LL--FT-AS--IL-,1728000000.0,376.644,-382.602,-5.95807,-74.1382,-74.1221,-74.082,-74.1783,-222.309,-219.873,-222.31,-245.502,-384.613,4487.13,3659.18,3625.56,41.3623,0.000923933,-6.16536,2.05973,35.4042,-86.1548,-96.783,-86.161,-64.9322,464,87.0218,-56.7765,52.9064,18.9371,9.70043,2.15884,1.45244,-7.16945,-56.8612,53.8033,21.7232,2.05973,9.703,2.29262,1.59967,2.01014,4,-54.2004,50.1516,26.2942,9.153,1.40053,0.6528,design_533,-31.850800000000007,0.056199999999989814,25.62900000000002,-10.622,-0.04010000000000957,2.437000000000012,-8.22509,-827.9500000000003,2.754799999999996,0.5474300000000003,-7.357099999999999,0.7996399999999999,Left,0.028877500655060433,0.6530000000000005,1.2004300000000008,0.5474300000000003,0.82942,0.0937100000000001,0.73571,0.5013743903268529,0.5289302161813956,0.027555825854542637,0.10880000000000001,0.24207333333333333,0.13327333333333333,0.9270760022329906
LLLLIALLLLLTVLFSLLILI,103300200230020033022,000011011001101100000,LL--IA-LL--TV-FS--I--,1728040000.0,374.378,-382.032,-7.6541,-74.2129,-70.6908,-74.205,-74.3093,-224.966,-223.196,-224.965,-245.871,-384.454,4532.94,3738.88,3716.99,41.3623,0.000923933,-6.14223,2.42555,33.7082,-82.8529,-96.7098,-82.8588,-64.2743,493,162.201,-54.7656,65.33,19.6841,9.69197,3.5344,3.01435,-2.9905,-53.704,67.4483,22.6701,2.42555,9.86245,3.66113,3.17285,2.42197,3,-56.141,56.9997,27.7353,9.5,2.6161,1.9711,design_1254,-32.435500000000005,3.6184999999999974,22.67500000000001,-13.850999999999999,3.5142000000000024,1.7690000000000055,-8.567779999999999,-794.0599999999995,8.330300000000001,0.19196999999999953,-8.051199999999998,1.0432499999999998,Left,0.028877500655060433,1.0,1.1919699999999995,0.19196999999999953,0.9735299999999999,0.1684100000000001,0.8051199999999998,0.5698748444558255,0.6532015092286209,0.08332666477279538,0.3285166666666667,0.5023916666666667,0.173875,0.8498508951499417
LLLLFLLAILVLLLTSLLILI,13002300200230022031,000110011011001100000,LL-LF--AI-VL--TS--I-I,1728050000.0,375.277,-381.37,-6.09309,-74.1048,-74.0513,-74.0513,-74.2416,-224.216,-225.585,-224.215,-245.207,-380.639,4551.35,3801.2,3684.12,41.3623,0.000923933,-6.10436,-0.682744,35.2692,-83.0486,-87.107,-83.0547,-61.1903,481,66.6396,-103.759,21.7068,27.6585,9.65254,4.99423,3.81983,-4.91154,-104.68,19.6856,25.877,-0.682744,9.61221,4.85961,3.6549,-0.731068,2,-99.5393,18.586,23.6355,9.5,3.94001,2.7188,design_1636,-25.9167,0.19030000000000769,19.621999999999986,-4.0523000000000025,0.0,-1.3700000000000045,-5.421616,-750.1500000000005,3.1208000000000027,0.15254000000000012,4.023,1.1010300000000002,Left,0.028877500655060433,1.0,1.1525400000000001,0.15254000000000012,0.56355,0.96585,0.4023,0.1856287185560699,0.21684558414589744,0.03121686558982753,0.45313333333333333,0.6366383333333333,0.18350499999999997,0.4687881390588433
LLLLAYLLATLFVLLSLLILI,103300310020021003022,000011001101100110000,LL--AY-LAT-FV-LSL-I--,1728000000.0,354.584,-346.724,7.86003,-74.2548,-74.252,-74.1916,-74.3153,-218.001,-220.587,-217.995,-243.372,-361.633,4538.87,3755.95,3612.42,49.0167,0.000253574,-6.09848,14.9663,56.8768,-54.4684,-72.8927,-54.48,-43.9459,477,29.9257,-59.7862,67.0057,16.5126,9.77118,4.51369,4.01878,5.47479,-59.0192,64.1068,18.558,14.9663,9.2849,4.0073,3.4689,14.9089,0,-59.0192,64.1068,18.558,9.2849,4.0073,3.4689,design_525,-28.946800000000003,0.06329999999999814,22.785000000000025,-18.412700000000008,-0.06040000000000134,-2.5919999999999845,-21.06478,-782.9200000000001,2.8988999999999976,0.48627999999999894,-2.0454000000000008,0.5498799999999995,Left,0.49530489253962356,0.7849000000000004,1.2711799999999993,0.48627999999999894,0.05579999999999998,-0.1487400000000001,0.20454000000000008,0.6409660343537565,0.6699632695685575,0.02899723521480091,0.57815,0.6697966666666666,0.09164666666666654,0.5362320404090123
LLLLIVLLALLYTLLSFLILI,103300320020031003012,000011001101100110000,LL--IV--AL-YT-LSF-IL-,1728050000.0,359.531,-367.47,-7.93943,-74.1783,-74.1124,-74.1124,-74.1783,-223.532,-224.948,-223.533,-248.699,-371.588,4534.23,3836.2,3728.82,45.9023,0.000429125,-6.09641,4.17722,37.9628,-69.7596,-78.6248,-69.7663,-48.7108,507,162.201,-52.6343,71.0704,22.3323,9.42331,3.98965,3.5557,-1.82938,-52.7018,69.2075,23.8533,4.17722,9.45542,3.74828,3.28639,4.11819,1,-51.2293,66.1027,23.4186,9.2593,3.10826,2.5998,design_1457,-29.913999999999994,0.06589999999999918,23.751000000000005,-8.858499999999992,0.0,-1.4150000000000205,-10.27363,-698.0299999999997,4.967700000000008,0.1640100000000011,-1.0863000000000014,0.9558999999999997,Left,0.30552627249294656,0.7592999999999996,0.9233100000000007,0.1640100000000011,0.5418600000000001,0.43323,0.10863000000000012,0.6609307043200269,0.7106218165959133,0.04969111227588641,0.4333,0.5926166666666667,0.15931666666666666,0.25797434740104086
LLLLYLLITLLAVLFSLLILI,103300300220020033022,000011011001101100000,LL--YL-IT--AV-FS--I--,1728050000.0,358.773,-363.995,-5.22283,-65.9907,-68.8234,-65.9286,-74.2727,-221.775,-219.743,-221.774,-247.988,-367.86,4543.85,3672.96,3678.41,45.9023,0.000429125,-6.04459,3.92146,40.6794,-76.23,-85.3384,-76.2366,-45.5992,464,471.669,-59.6233,52.581,15.7992,9.39156,2.54193,1.83064,-4.66188,-58.9976,54.2531,16.7507,3.92146,9.46309,2.67382,1.98761,3.86489,2,-62.4072,46.8615,19.8661,8.7128,2.18738,1.3903,design_1583,-39.73919999999999,5.449299999999994,28.245000000000005,-9.101799999999997,-2.8948000000000036,2.031000000000006,-9.966050000000001,-870.8900000000003,5.719500000000004,0.6787600000000005,-4.066899999999999,0.44033999999999995,Left,0.30552627249294656,0.21279999999999966,0.8915600000000001,0.6787600000000005,0.18660999999999994,-0.22007999999999991,0.4066899999999999,0.468464043788436,0.5256752917828664,0.05721124799443045,0.23171666666666668,0.3051066666666667,0.07339000000000001,0.7967252429144446
LLLLLVLTFLLLALISLLILI,103300300220030023022,000011011001101100000,LL--LV-TF--LA-IS--I--,1728080000.0,376.822,-381.644,-4.8221,-74.2776,-74.2365,-74.2243,-74.3079,-222.863,-222.584,-222.863,-245.004,-384.583,4496.61,3677.4,3659.09,41.3623,0.000923933,-6.02813,2.98604,36.5402,-84.5035,-93.7907,-84.5098,-65.2709,463,330.452,-55.4075,60.8312,19.1447,10.0312,3.02334,2.43581,-3.66368,-56.0405,59.2922,21.281,2.98604,9.98301,2.91053,2.29992,2.93904,4,-64.2055,44.7118,27.6236,9.0967,2.16692,1.3376,design_1999,-28.519800000000004,0.07139999999999702,22.419999999999987,-9.280900000000003,-0.012200000000007094,0.27899999999999636,-9.01417,-819.2099999999996,16.119400000000006,0.9344999999999999,-8.4789,1.0982100000000001,Left,0.028877500655060433,0.5967000000000002,1.5312000000000001,0.9344999999999999,0.96236,0.11447000000000003,0.8478899999999999,0.44696093690608135,0.608200729007038,0.16123979210095668,0.22293333333333332,0.4059683333333333,0.183035,1.285187839921371
LLLLFLLAVLILLLTSLLILI,13002300200220031032,000110011011001100000,LL-LF--AV-IL--TS-LI--,1728020000.0,375.662,-377.78,-2.11731,-74.1048,-74.0823,-74.0511,-74.2416,-223.187,-224.556,-223.186,-246.495,-380.675,4642.08,3799.92,3760.82,41.3623,0.000923933,-6.01646,2.94406,39.245,-80.488,-88.0535,-80.4941,-59.9388,487,253.054,-104.691,17.5453,27.6623,9.53293,4.57233,3.33551,-2.58155,-105.224,13.9677,28.6541,2.94406,9.77047,4.16917,2.87869,2.89541,3,-106.919,8.4349,26.3181,9.2773,3.67658,2.3031,design_872,-28.1147,0.15930000000000177,21.938999999999993,-7.559399999999997,-0.03119999999999834,-1.3700000000000045,-8.96052,-842.1599999999999,9.1104,0.25563,1.3441999999999972,1.03241,Left,0.028877500655060433,0.7773000000000003,1.0329300000000003,0.25563,0.8318100000000002,0.9662299999999998,0.13441999999999965,0.08408888124227282,0.17521876212844448,0.09112988088617166,0.38385,0.5559183333333334,0.17206833333333338,0.34832111596404675
LLLLVLLLFILATLLSLLILI,103300320020031003012,000011001101100110000,LL--VL--FI-AT-LSL-IL-,1728050000.0,377.086,-373.626,3.45986,-74.1761,-74.1214,-74.1214,-74.1761,-217.927,-222.006,-217.927,-245.779,-381.875,4576.44,3711.42,3649.64,41.3623,0.000923933,-5.98126,8.29735,44.8221,-81.5233,-91.7286,-81.5292,-61.9197,492,20.966,-54.3964,67.4405,21.2926,9.37947,3.76392,3.27553,1.61194,-54.0122,62.1641,22.1396,8.29735,9.37262,2.99399,2.42645,8.24863,2,-53.8932,62.0075,22.5561,9.1861,2.95499,2.3851,design_1455,-29.8089,0.05470000000001107,23.772999999999996,-10.199399999999997,0.0,-4.079000000000008,-14.27861,-865.0199999999995,5.433,0.19336999999999982,-1.2635000000000005,0.8904299999999998,Left,0.028877500655060433,0.6860999999999997,0.8794699999999995,0.19336999999999982,0.45561000000000007,0.32926,0.12635000000000007,0.6199670706480641,0.6743125047513494,0.054345434103285295,0.3975166666666667,0.5459216666666666,0.14840499999999995,0.27988167076976384
LLLLAYLLVLLLSLLFTLILI,112300320020032003102,000011001101100110000,LL--AY--VL-LS--FT-IL-,1728050000.0,371.947,-375.082,-3.1351,-74.158,-74.1139,-74.15,-74.2514,-225.576,-224.101,-225.57,-247.623,-369.871,4628.36,3815.53,3658.4,46.7138,0.000374154,-5.93762,-5.20535,43.5787,-75.3487,-77.593,-75.3559,-47.9964,505,361.194,-7.92593,95.2052,30.2092,9.30733,0.541592,0.46967,-9.2822,-7.46127,97.2494,27.9329,-5.20535,9.5,0.747859,0.7066,-5.21172,0,-7.46127,97.2494,27.9329,9.5,0.747859,0.7066,design_1472,-29.596600000000002,0.13750000000000284,23.52199999999999,-2.237099999999998,0.036100000000004684,1.468999999999994,-0.7322699999999998,-812.8299999999995,-2.0441999999999894,-0.19266999999999967,2.276299999999999,-0.23693000000000003,Left,0.35497571706264813,1.0,0.8073300000000003,0.19266999999999967,0.99329,1.22092,0.22763,0.9724861860768458,0.9520383788996075,0.020447807177238264,0.11776666666666667,0.07827833333333332,0.03948833333333335,0.30152045882129097
LLLLVFLLALLYTLISLLILI,103300200330020023012,000011011001101100000,LL--VF-LA--YT-IS--IL-,1728050000.0,361.15,-365.71,-4.56066,-74.1382,-74.1219,-74.0817,-74.1783,-219.55,-222.672,-219.549,-246.627,-367.793,4585.66,3807.68,3704.15,45.9023,0.000429125,-5.89988,2.13288,41.3416,-72.0221,-76.8992,-72.029,-46.9872,473,103.966,-52.4509,60.7452,20.282,9.39489,2.56824,1.97942,-2.56202,-53.4087,57.0913,20.1028,2.13288,9.5,2.21863,1.575,2.08239,0,-53.4087,57.0913,20.1028,9.5,2.21863,1.575,design_1519,-29.911999999999992,0.05639999999999645,23.955000000000013,-4.870199999999997,-0.04019999999999868,-3.1229999999999905,-8.03276,-777.98,3.6539,-0.10510999999999981,0.17920000000000158,0.40442,Left,0.30552627249294656,1.0,0.8948900000000002,0.10510999999999981,0.21027999999999986,0.22820000000000001,0.017920000000000158,0.5707911046737274,0.6073404846976541,0.036549380023926714,0.2625,0.3299033333333333,0.06740333333333332,0.1313328025459665
LLLLLILATLLFLLVSLLILI,103300200320020033022,000011011001101100000,LL--LI-AT--FL-VS--I--,1728030000.0,377.053,-380.411,-3.35793,-74.3009,-74.2216,-74.2371,-74.2332,-221.594,-223.346,-221.593,-244.961,-382.716,4550.83,3776.58,3803.83,41.3623,0.000923933,-5.89173,2.36361,38.0044,-84.5164,-91.0405,-84.5223,-63.5224,487,193.783,-66.1444,76.7974,26.9354,9.98389,6.78931,6.44127,-2.64477,-64.6356,76.939,27.5737,2.36361,9.99349,6.5821,6.23619,2.30556,2,-63.0338,71.0042,23.361,9.4488,5.54064,5.1057,design_1047,-27.518099999999997,0.011600000000001387,21.61500000000001,-6.518199999999993,0.015500000000002956,-1.7530000000000143,-8.25534,-774.25,5.793199999999999,0.5350900000000003,3.5744000000000007,1.3355700000000006,Left,0.028877500655060433,0.9488000000000003,1.4838900000000006,0.5350900000000003,0.5361,0.8935400000000001,0.3574400000000001,0.7099596285345038,0.7679080858963945,0.05794845736189069,0.85095,1.073545,0.222595,0.6833675580795617
LLLLAVLLATLFILLSLLILI,103300310020031003022,000011001101100110000,LL--AV-LAT-FI-LSL-I--,1728080000.0,366.984,-373.671,-6.68731,-74.2125,-74.1899,-74.1591,-74.273,-217.153,-215.603,-217.148,-242.945,-374.57,4469.14,3664.24,3660.89,43.6652,0.000626172,-5.88781,0.945817,36.9779,-82.3057,-90.6643,-82.3164,-57.3515,477,35.7526,-53.9149,71.5945,12.8934,9.27023,4.25249,3.82641,-2.75527,-56.1943,68.5601,12.2831,0.945817,9.44651,4.18477,3.71317,0.898516,2,-59.3818,62.8942,18.458,8.6148,3.89799,3.3414,design_1994,-33.312799999999996,0.08310000000000173,27.341999999999985,-8.347899999999996,-0.030799999999999272,1.5449999999999875,-6.833627,-804.9000000000005,8.700299999999999,0.6554299999999991,-5.564599999999999,0.48500999999999994,Left,0.16920667613203583,0.11480000000000068,0.7702299999999997,0.6554299999999991,0.04579999999999984,-0.51066,0.5564599999999998,0.628836589591444,0.7158643054627514,0.08702771587130742,0.5569000000000001,0.637735,0.08083499999999999,0.8679541099935961
LLLFALLTVLLSLLYLLLILI,13002300300230022021,000110011011001100000,LL-FA--TV-LS--YL--I-I,1728000000.0,369.103,-340.988,28.1146,-74.3825,-70.682,-74.3716,-74.3825,-223.838,-224.122,-223.832,-249.995,-373.3,4646.38,3784.79,3724.17,46.7138,0.000374154,-5.85065,32.3217,74.8284,-42.7673,-84.3462,-42.7743,-48.9224,523,124.21,-100.815,35.682,24.7644,9.14579,6.43931,5.47454,30.4392,-98.5934,35.9106,21.886,32.3217,9.3632,6.13694,5.1756,32.3118,0,-98.5934,35.9106,21.886,9.3632,6.13694,5.1756,design_516,-35.42379999999999,3.700499999999991,25.87299999999999,-41.5719,3.6895999999999987,-0.29000000000002046,-38.17235,-861.5900000000001,-0.22860000000000014,-0.217410000000001,2.878399999999999,0.29894,Left,0.35497571706264813,0.8632000000000009,0.6457899999999999,0.217410000000001,0.38859999999999995,0.6764399999999998,0.2878399999999999,0.3589239343973689,0.35663728498893693,0.0022866494084319844,0.8626,0.9124233333333334,0.04982333333333333,0.364151846088911
LLLLVALLLFLISLLLTLILI,102300220030033003102,000011001101100110000,LL--VA--LF-IS--LT-IL-,1728010000.0,385.248,-382.603,2.6446,-74.1031,-74.1762,-74.1053,-74.2113,-220.667,-223.424,-220.664,-246.644,-382.913,4547.4,3724.78,3628.23,41.3623,0.000923933,-5.84353,0.304004,44.0069,-87.8332,-91.1562,-87.8392,-62.058,484,135.765,-10.2887,98.1956,23.3577,9.50105,1.29971,1.27264,-3.8877,-11.1621,94.8532,24.072,0.304004,9.30796,0.9795,0.902299,0.309766,1,-13.5638,91.8055,24.6135,9.5,0.928318,0.8054,design_626,-29.0982,0.03509999999999991,23.22,-3.316999999999993,-0.07089999999999463,-2.7600000000000193,-6.147534,-822.6199999999994,6.390100000000004,0.0010499999999993292,-1.2557999999999971,0.46724,Left,0.028877500655060433,1.0,1.0010499999999993,0.0010499999999993292,0.6613499999999999,0.5357700000000001,0.1255799999999998,0.9180317210087664,0.9819508740482297,0.06391915303946327,0.13423333333333334,0.21210666666666667,0.07787333333333332,0.16100109648610073
LLLLILLLALLFVLLSTLILI,103300310020022003012,000011001101100110000,LL--IL-LAL-FV--ST-IL-,1728080000.0,376.579,-283.635,92.9441,-74.2931,-74.2298,-74.2298,-74.2931,-213.44,-216.752,-213.44,-245.419,-383.775,4514.74,3702.06,3632.82,41.3623,0.000923933,-5.84319,100.197,134.306,4.09721,-98.636,4.0915,-64.0627,473,361.194,-49.1272,78.4573,17.9714,9.28998,4.46081,4.13767,27.9734,-44.7045,79.0022,18.5476,100.197,9.3325,3.87097,3.556,100.139,0,-44.7045,79.0022,18.5476,9.3325,3.87097,3.556,design_1975,-34.57329999999999,0.06329999999999814,28.667,-102.72749999999999,0.0,-3.312000000000012,-106.04019,-812.6799999999998,-0.5448999999999984,-0.04251999999999967,-0.5762,0.5816699999999999,Left,0.028877500655060433,0.8324999999999996,0.7899799999999999,0.04251999999999967,0.05475999999999992,-0.0028600000000000847,0.057620000000000005,0.7899623493072032,0.7845118013515838,0.005450547955619389,0.5926666666666667,0.6896116666666666,0.09694499999999995,0.12064848236930488
LLLVLLLTILALLLFSLLILI,13002300200320021032,000110011011001100000,LL-VL--TI-AL--FS-LI--,1728020000.0,376.472,-383.173,-6.70184,-74.0098,-70.4742,-73.9578,-74.2451,-221.425,-220.97,-221.425,-245.642,-385.302,4560.71,3668.89,3650.67,41.3623,0.000923933,-5.8263,2.17533,34.6604,-87.7387,-99.6844,-87.7447,-65.4156,478,193.783,-106.662,19.939,24.7995,9.55141,5.19112,3.99021,-0.537898,-107.961,19.3437,25.4709,2.17533,9.54375,5.30562,4.09578,2.12905,2,-105.484,16.5805,21.1505,9.3705,4.56089,3.3096,design_921,-34.2688,3.7708999999999975,24.671999999999997,-11.939700000000002,3.48360000000001,0.4550000000000125,-8.00163,-891.8200000000002,3.3584999999999994,0.1809100000000008,3.6489999999999974,0.6806099999999997,Left,0.028877500655060433,0.8704999999999998,1.0514100000000006,0.1809100000000008,0.3150500000000001,0.6799499999999998,0.3648999999999997,0.16556802131805434,0.1991625621676556,0.033594540849601257,0.5516,0.6650349999999999,0.11343499999999995,0.4241185335491667
LLLLAYLLLTLFVLLSILILI,103300210030021003022,000011001101100110000,LL--AY-LLT-FV-LSI-I--,1728010000.0,362.339,-363.225,-0.886588,-74.3153,-74.3094,-74.3094,-74.3153,-223.213,-225.83,-223.208,-249.182,-369.512,4567.84,3794.38,3613.41,45.9023,0.000429125,-5.81015,6.29149,45.0157,-65.6968,-75.1825,-65.7034,-46.015,467,162.201,-58.326,72.7073,17.0042,10.0649,5.06438,4.65499,-3.14138,-60.1119,67.7863,17.7282,6.29149,9.90056,4.66793,4.18473,6.28689,1,-60.6709,65.7431,20.4901,9.5,4.47595,3.9621,design_678,-29.167500000000004,0.005899999999996908,23.351999999999975,-9.479100000000003,0.0,-2.622000000000014,-12.10164,-773.46,6.964200000000005,0.5648999999999997,-3.485900000000001,0.6928899999999998,Left,0.30552627249294656,1.0,1.5648999999999997,0.5648999999999997,0.24901000000000018,-0.09957999999999992,0.34859000000000007,0.6573336827659055,0.7269954667125463,0.0696617839466408,0.66035,0.7758316666666666,0.1154816666666666,0.6773594153614013
LLLLVLLLATLILLLSFLILI,103300320020022003011,000011001101100110000,LL--VL--AT-IL--SF-ILI,1728040000.0,374.231,-381.819,-7.58821,-74.1644,-74.1722,-74.1118,-74.2781,-222.311,-224.635,-222.311,-246.252,-383.966,4535.38,3805.92,3731.9,41.3623,0.000923933,-5.78017,2.19374,33.7741,-85.3432,-90.9393,-85.3493,-63.4357,477,113.638,-52.9897,59.0395,17.5793,9.9421,2.41878,1.80437,-0.107068,-52.5962,56.5534,19.4676,2.19374,10.1258,2.02413,1.37243,2.14719,4,-44.367,60.195,18.0,9.3424,1.28138,0.6843,design_1197,-27.503600000000006,0.10589999999999122,21.61700000000002,-5.590000000000003,-0.06040000000000134,-2.323999999999984,-7.97391,-729.46,-1.1555000000000035,0.5997000000000003,-0.4207000000000001,1.1200700000000001,Left,0.028877500655060433,0.8423999999999996,1.4421,0.5997000000000003,0.0,-0.04207000000000001,0.04207000000000001,0.6018369216857589,0.590278639133514,0.011558282552244892,0.11405,0.3007283333333333,0.18667833333333334,0.6295969892968589
LLLLYVLLLLLATLFILLILI,103300200230020033022,000011011001101100000,LL--YV-LL--AT-FI--I--,1728040000.0,361.942,-157.787,204.155,-58.9223,-58.8625,-58.8625,-58.9223,-220.123,-226.973,-220.122,-249.997,-363.574,4590.19,3731.15,3736.71,43.7222,0.000620174,-5.76444,205.841,247.878,121.259,-83.5028,121.252,-54.6544,470,39.0787,-62.1092,76.5458,19.1026,10.1329,6.15007,5.79826,169.619,-62.1119,70.2834,23.2337,205.841,9.5,5.30505,4.8593,205.787,0,-62.1119,70.2834,23.2337,9.5,5.30505,4.8593,design_1167,-28.84839999999999,0.05980000000000274,23.024,-204.7548,0.0,-6.850999999999999,-211.60544000000002,-859.0399999999995,6.2623999999999995,0.6328999999999994,-4.1311,0.9389599999999998,Left,0.17268001974321648,1.0,1.6328999999999994,0.6328999999999994,0.5233699999999999,0.11025999999999989,0.41311,0.7027495808809702,0.7653913711494064,0.06264179026843619,0.8098833333333334,0.9663766666666667,0.15649333333333326,0.7743619563006771
LLLLAVLLTLLFLLISLLILI,103300300320020023022,000011011001101100000,LL--AV-LT--FL-IS--I--,1728040000.0,376.903,-379.195,-2.29167,-65.9117,-68.5901,-65.9134,-74.2681,-219.431,-221.632,-219.426,-246.643,-384.375,4504.66,3626.97,3671.33,41.3623,0.000923933,-5.70538,5.17676,39.0706,-93.8523,-99.8577,-93.8581,-63.4633,456,211.811,-55.9206,79.0903,14.9829,9.30425,5.56528,5.25164,-1.41233,-55.2262,76.3703,14.0537,5.17676,9.27369,5.09392,4.73948,5.17944,3,-60.2802,70.8965,20.6302,8.8113,5.11305,4.6765,design_1196,-36.3944,5.677999999999997,25.010999999999996,-5.999600000000001,-2.676700000000011,-2.2060000000000173,-10.88214,-877.69,8.193799999999996,0.49295000000000044,-5.647299999999998,0.5751400000000002,Left,0.028877500655060433,0.31129999999999924,0.8042499999999997,0.49295000000000044,0.26301999999999987,-0.3017099999999999,0.5647299999999997,0.7088823225796126,0.7908435995822813,0.08196127700266875,0.7794166666666666,0.8752733333333333,0.0958566666666667,0.7601485557917957
LLLLAYLLIVLLTLLSFLILI,103300210020031003022,000011001101100110000,LL--AY-LIV-LT-LSF-I--,1728040000.0,359.215,-366.204,-6.98972,-74.2109,-74.2061,-74.2061,-74.2109,-224.763,-227.816,-224.758,-249.307,-369.142,4590.36,3848.87,3732.51,45.9023,0.000429125,-5.69614,2.94034,38.9126,-67.2306,-72.8155,-67.2373,-45.6235,468,124.21,-63.7828,68.2561,13.4141,10.3016,5.28198,4.80582,-5.48256,-63.4391,66.0012,14.9321,2.94034,10.0984,4.92602,4.41604,2.9372,1,-63.2471,63.3749,18.87,9.5,4.54268,3.9933,design_1181,-27.192,0.004799999999988813,21.490999999999985,-5.578199999999995,0.0,-3.0579999999999927,-8.636479999999999,-741.4899999999998,4.881200000000007,0.8016000000000005,-5.4559000000000015,0.8125199999999997,Left,0.30552627249294656,1.0,1.8016000000000005,0.8016000000000005,0.0870000000000001,-0.45859000000000005,0.5455900000000001,0.6336449551672675,0.6824708217133666,0.048825866546099106,0.66555,0.80097,0.13541999999999998,0.9802823826551095
LLLLAVLTILLYLLFSLLILI,113300300210030022031,000011011001101100000,LL--AV-TI-LYL-FS--I-I,1727980000.0,360.278,-367.792,-7.51356,-74.3107,-74.3017,-74.3017,-74.3107,-229.62,-232.259,-229.618,-249.758,-372.108,4566.93,3920.47,3855.6,45.9023,0.000429125,-5.67515,4.32017,38.3887,-63.861,-71.2216,-63.8679,-48.0392,484,32.7096,-102.385,17.6407,31.5425,9.79121,4.23931,3.00392,0.606782,-100.762,15.7321,32.599,4.32017,9.9993,3.73821,2.47419,4.31548,3,-96.7803,14.891,27.9384,9.3089,3.02733,1.7507,design_272,-23.182399999999994,0.009000000000000341,17.499000000000024,-7.353699999999996,0.0,-2.640999999999991,-9.99532,-646.4600000000005,2.749699999999999,0.48231,3.604099999999999,1.25322,Left,0.30552627249294656,0.8088999999999995,1.2912099999999995,0.48231,0.9938400000000002,1.35425,0.3604099999999998,0.1486682217749841,0.17617303314141214,0.027504811366428045,0.29178333333333334,0.5006533333333333,0.20886999999999994,0.6378883097755458
LLLYALLFVLLTLLASLLILI,13002200200230031032,000110011011001100000,LL-YA--FV-LT--AS-LI--,1728050000.0,354.23,-355.631,-1.40052,-63.2167,-67.0501,-63.1534,-74.3048,-221.372,-222.347,-221.365,-249.965,-363.818,4625.3,3781.69,3721.74,49.0167,0.000253574,-5.67079,8.24656,47.6162,-71.042,-80.0926,-71.0535,-39.5482,467,124.21,-110.417,12.9485,22.4086,8.88515,4.81064,3.50486,5.158,-112.029,10.1635,22.1507,8.24656,8.7264,4.67645,3.3289,8.18785,0,-112.029,10.1635,22.1507,8.7264,4.67645,3.3289,design_1617,-40.5444,7.2547,27.617999999999995,-9.039100000000005,-3.8967000000000027,-0.9819999999999993,-13.91735,-843.6100000000001,2.7849999999999984,0.1587499999999995,0.25789999999999935,0.1759599999999999,Left,0.49530489253962356,0.22639999999999993,0.38514999999999944,0.1587499999999995,0.41507000000000005,0.44086,0.025789999999999924,0.10137979186088851,0.12923770350779623,0.02785791164690772,0.5548166666666666,0.5841433333333333,0.029326666666666723,0.16583969132600476
LLLLFVLTALLLILYLLLILI,103300200220030033022,000011011001101100000,LL--FV-TA--LI-YL--I--,1728080000.0,361.48,-328.596,32.8839,-58.9053,-58.8439,-58.8439,-59.015,-217.812,-222.683,-217.811,-250.277,-364.651,4587.04,3775.88,3663.89,43.7222,0.000620174,-5.65813,36.1098,76.6061,-51.8789,-88.7823,-51.8857,-55.3583,492,231.516,-53.4447,81.8261,24.5469,9.60684,5.56323,5.29062,14.4768,-55.3857,75.6823,25.3608,36.1098,9.4072,5.02497,4.6602,36.0541,0,-55.3857,75.6823,25.3608,9.4072,5.02497,4.6602,design_1969,-33.42400000000001,0.1711000000000027,27.593999999999994,-36.89660000000001,0.0,-4.871999999999986,-41.76793,-811.1599999999999,6.143799999999999,0.19964000000000048,-0.8139000000000003,0.63042,Left,0.17268001974321648,0.9071999999999996,1.10684,0.19964000000000048,0.7360800000000001,0.6546900000000001,0.08138999999999996,0.756753918112744,0.818209371461495,0.06145545334875102,0.7767,0.8817699999999999,0.10507,0.24758218705371493
LLLLAYLLLVLATLLSFLILI,103300310020021003022,000011001101100110000,LL--AY-LLV-AT-LSF-I--,1728050000.0,352.627,-358.479,-5.8517,-74.2109,-74.147,-74.147,-74.2109,-216.844,-219.114,-216.838,-244.968,-361.289,4531.63,3788.79,3675.89,49.0167,0.000253574,-5.65134,2.86868,43.165,-67.424,-73.679,-67.4356,-42.1099,530,29.9257,-58.3542,71.9843,12.5325,9.47533,4.97101,4.55077,-1.96318,-57.8195,68.8143,15.5787,2.86868,9.47025,4.46286,3.99507,2.80982,1,-61.9293,66.8114,20.1004,8.8722,4.80893,4.3111,design_1584,-31.5691,0.06389999999998963,25.853999999999985,-6.243400000000008,0.0,-2.2760000000000105,-8.52002,-742.8400000000001,5.1728999999999985,0.6031300000000002,-7.5679,0.23967000000000027,Left,0.49530489253962356,0.3721999999999994,0.9753299999999996,0.6031300000000002,0.21004000000000006,-0.54675,0.7567900000000001,0.6680197175997984,0.7197634128092378,0.051743695209439444,0.7185166666666666,0.7584616666666667,0.03994500000000012,0.9699329430527287
LLLLVALTSLLFLLISLLILI,103300200330020023012,000011011001101100000,LL--VA-TS--FL-IS--IL-,1728020000.0,380.937,-287.603,93.3341,-88.9446,-89.5601,-88.9514,-89.6513,-214.29,-218.066,-214.288,-244.341,-387.866,4520.03,3656.4,3555.23,47.6458,0.000319654,-5.6509,100.253,140.98,15.6318,-85.8907,15.6259,-53.8734,471,211.811,-54.9305,60.3535,20.3735,9.15488,2.8873,2.2926,29.2342,-53.1564,59.5256,23.4469,100.253,8.8405,2.50942,1.9023,100.263,0,-53.1564,59.5256,23.4469,8.8405,2.50942,1.9023,design_947,-32.0173,0.09120000000000061,26.275000000000006,-101.5166,-0.6086999999999989,-3.7779999999999916,-105.9039,-863.6299999999997,0.8278999999999996,0.3143799999999999,-3.0733999999999995,0.3903000000000001,Left,0.41176793189809097,0.34050000000000047,0.6548800000000004,0.3143799999999999,0.5446899999999999,0.23735,0.3073399999999999,0.5951410200496942,0.6034223719536349,0.008281351903940748,0.31705,0.38210000000000005,0.06505000000000005,0.44451405297173313
LLLLLLLIALLVTLFSLLILI,103300200320020033011,000011011001101100000,LL--LL-IA--VT-FS--ILI,1728070000.0,374.373,-382.562,-8.1885,-74.1382,-74.1177,-74.0775,-74.1783,-223.064,-225.282,-223.064,-245.271,-384.012,4515.7,3788.5,3653.7,41.3623,0.000923933,-5.62121,1.50553,33.1738,-85.3593,-90.2336,-85.3652,-64.5631,520,231.516,-45.7694,96.4055,16.2035,9.91993,6.38015,6.32623,-2.42489,-44.7166,95.9442,18.005,1.50553,9.79631,6.15995,6.09912,1.45073,2,-39.8599,94.3621,19.4139,9.461,5.21787,5.1333,design_1950,-25.67049999999999,0.06059999999999377,19.988999999999976,-4.868399999999994,-0.04019999999999868,-2.2180000000000177,-7.12674,-727.1999999999998,2.0434000000000054,0.4589300000000005,-3.2104000000000035,1.1929299999999996,Left,0.028877500655060433,0.9610000000000003,1.4199300000000008,0.4589300000000005,0.14139000000000018,-0.17965000000000017,0.3210400000000003,0.9436049838154036,0.9640447887199965,0.020439804904592962,0.85555,1.0543716666666667,0.19882166666666667,0.5946690401060489
LLLLAVLLLLLTFLYILLILI,103300200230020023032,000011011001101100000,LL--AV-LL--TF-YI--I--,1728040000.0,362.636,-364.331,-1.69453,-58.908,-58.8943,-58.8943,-58.9642,-226.263,-230.66,-226.26,-251.009,-367.649,4580.64,3949.44,3794.08,43.7222,0.000620174,-5.62101,3.32965,42.0277,-79.1591,-83.7157,-79.1656,-57.6765,481,276.595,-60.7738,77.9917,28.0304,10.1004,6.14495,5.81483,-1.02127,-61.9153,72.7595,28.1845,3.32965,10.0601,5.60983,5.20122,3.31878,4,-58.0121,75.6899,28.0,9.1359,5.41995,5.0553,design_1100,-26.0392,0.06989999999999696,20.34899999999999,-4.5501000000000005,0.0,-4.400000000000006,-8.95066,-631.2000000000003,2.3018,0.964500000000001,0.030400000000000205,0.7595299999999998,Left,0.17268001974321648,0.6358999999999995,1.6004000000000005,0.964500000000001,1.0,1.00304,0.0030399999999999316,0.7568299397028756,0.7798544786719428,0.0230245389690672,0.84255,0.9691383333333333,0.1265883333333333,0.973048933574695
LLLLALLLILTALLFVLLILI,13002200200230031032,000110011011001100000,LL-LA--LI-TA--FV-LI--,1728000000.0,366.023,-369.95,-3.92667,-58.8624,-58.7949,-58.7949,-58.9393,-218.677,-219.201,-218.672,-244.68,-369.157,4561.47,3797.05,3690.86,41.4852,0.000904948,-5.60777,-0.732169,37.5585,-92.4106,-96.7688,-92.4215,-65.5371,524,55.7787,-109.27,14.8704,26.3221,9.46994,4.89807,3.62113,-4.58934,-109.119,14.0853,26.2333,-0.732169,9.5,4.76942,3.4807,-0.792776,0,-109.119,14.0853,26.2333,9.5,4.76942,3.4807,design_518,-31.231700000000004,0.14440000000000452,25.479000000000013,-4.347300000000004,0.0,-0.5289999999999964,-4.8756010000000005,-764.4200000000001,0.7850999999999999,-0.030060000000000642,0.0887999999999991,0.14042999999999983,Left,0.03636651696758832,1.0,0.9699399999999994,0.030060000000000642,0.82333,0.8322099999999999,0.008879999999999888,0.14060893293695412,0.14846216325436426,0.007853230317410143,0.5801166666666667,0.6035216666666666,0.023404999999999898,0.039898937973564176
LLLVALLILLFLLLTSLLILI,113002300200230021032,000110011011001100000,LL-VA--IL-FL--TS-LI--,1728070000.0,379.991,-384.118,-4.12782,-74.1048,-74.1382,-74.1069,-74.2416,-228.16,-225.495,-228.157,-246.645,-385.791,4571.94,3689.27,3715.98,41.3623,0.000923933,-5.60423,1.66724,37.2345,-81.854,-91.7623,-81.8598,-64.9047,452,25.0484,-96.5628,39.7814,29.2718,9.15707,6.35491,5.45163,-6.75809,-95.9005,43.0695,29.7932,1.66724,9.18676,6.69946,5.8455,1.67293,4,-94.4368,34.8765,27.3029,8.9923,5.37385,4.397,design_1869,-26.85759999999999,0.10340000000000771,21.150000000000006,-9.90249999999999,-0.03130000000000166,2.662000000000006,-7.271470000000001,-882.6699999999996,4.904899999999998,0.16476999999999897,1.9688999999999979,1.0546299999999995,Left,0.028877500655060433,0.4923000000000002,0.6570699999999992,0.16476999999999897,0.9302900000000001,1.1271799999999998,0.1968899999999998,0.34857999671906825,0.3976429305922882,0.04906293387321997,0.7328333333333333,0.908605,0.17577166666666666,0.314988373250546
LLLLILLLAVLFLLLSTLILI,103300210030031003022,000011001101100110000,LL--IL-LAV-FL-LST-I--,1727990000.0,376.952,-28.2241,348.728,-74.1361,-74.1929,-74.0731,-74.2559,-213.211,-226.513,-213.211,-245.192,-383.532,4526.69,3752.56,3616.38,41.3623,0.000923933,-5.58327,355.365,390.09,259.123,-88.4096,259.117,-64.0837,463,431.524,-53.7932,75.4246,26.9176,9.567,4.7513,4.38267,83.5516,-51.9769,68.2058,27.0969,355.365,8.9741,3.50431,3.0274,355.308,0,-51.9769,68.2058,27.0969,8.9741,3.50431,3.0274,design_286,-24.325900000000004,0.06300000000000239,18.679000000000002,-347.52660000000003,-0.11979999999999791,-13.301999999999992,-360.94827000000004,-774.1299999999997,7.218800000000002,0.5929000000000002,-0.17930000000000135,1.35527,Left,0.028877500655060433,0.47409999999999997,1.0670000000000002,0.5929000000000002,0.9096900000000001,0.89176,0.017930000000000113,0.681967678820785,0.7541761860368345,0.07220850721604943,0.5045666666666667,0.730445,0.2258783333333333,0.6388168633370717
LLLLTVLLALLYILFLLLILI,103300200230020023032,000011011001101100000,LL--TV-LA--YI-FL--I--,1728040000.0,363.492,-272.118,91.3743,-45.1579,-45.087,-45.087,-45.1579,-224.772,-226.772,-224.771,-251.183,-360.366,4583.29,3834.55,3687.26,43.7222,0.000620174,-5.58001,88.3134,135.097,-2.18846,-94.0875,-2.19477,-64.0254,475,302.327,-60.9301,73.2257,29.1071,9.81086,5.52498,5.12336,81.5467,-58.0121,75.6899,28.0,88.3134,9.1359,5.41995,5.0553,88.2481,0,-58.0121,75.6899,28.0,9.1359,5.41995,5.0553,design_1100,-30.0621,0.07089999999999463,24.411,-91.89273,0.0,-2.0010000000000048,-93.89341,-748.7399999999998,-2.464199999999991,0.6749600000000004,1.107099999999999,0.06806000000000001,Left,0.17268001974321648,0.6358999999999995,1.31086,0.6749600000000004,1.0,1.1107099999999999,0.11070999999999986,0.7568299397028756,0.7321809393867859,0.024649000316089742,0.84255,0.8538933333333333,0.011343333333333261,0.6845173117808594
LLLLAVLLALLFILLSTLILI,103300310020021003022,000011001101100110000,LL--AV-LAL-FI-LST-I--,1728050000.0,367.893,-373.889,-5.99605,-74.2508,-74.1676,-74.1974,-74.2508,-216.787,-217.535,-216.782,-242.986,-374.784,4484.22,3666.45,3670.89,43.6652,0.000626172,-5.57198,0.941572,37.6692,-82.8519,-88.6525,-82.8626,-57.5467,481,124.21,-56.5996,76.8259,12.678,9.41119,5.36143,5.01382,-1.927,-58.3542,71.9843,12.5325,0.941572,9.47533,4.97101,4.55077,0.894056,2,-61.9293,66.8114,20.1004,8.8722,4.80893,4.3111,design_1584,-31.105800000000002,0.08320000000000505,25.450999999999993,-5.789900000000003,0.02980000000000871,-0.7529999999999859,-6.513552,-817.7700000000004,10.014499999999998,0.5389900000000001,-7.4224,0.7027200000000002,Left,0.16920667613203583,0.3721999999999994,0.9111899999999995,0.5389900000000001,0.21004000000000006,-0.5321999999999999,0.74224,0.6680197175997984,0.7681931668593881,0.10017344925958971,0.7185166666666666,0.8356366666666667,0.11712000000000011,0.9301517360283557
LLLLAYLLLVLTLLLSFLILI,103300310020021003022,000011001101100110000,LL--AY-LLV-TL-LSF-I--,1728040000.0,362.693,-310.575,52.1183,-74.0099,-74.2002,-74.0027,-74.2722,-223.177,-226.084,-223.171,-248.87,-371.624,4593.95,3863.35,3671.48,46.7138,0.000374154,-5.53969,61.0546,98.8321,-13.3887,-76.8792,-13.3956,-48.4819,495,29.9257,-62.382,66.5114,17.0726,10.0491,4.83633,4.334,53.7709,-61.8997,63.0003,20.3741,61.0546,9.5,4.29,3.735,61.0489,0,-61.8997,63.0003,20.3741,9.5,4.29,3.735,design_1236,-28.397299999999994,0.07200000000000273,22.786,-63.483599999999996,-0.1974999999999909,-2.913000000000011,-66.59429,-730.5999999999999,3.511099999999992,0.5490999999999993,-3.301499999999997,0.5989999999999998,Left,0.35497571706264813,1.0,1.5490999999999993,0.5490999999999993,0.23740999999999984,-0.09273999999999986,0.3301499999999997,0.6298978910010444,0.6650188653577616,0.03512097435671713,0.6224999999999999,0.7223333333333333,0.09983333333333333,0.6493920308905927
LLLLLALLLVLFTLLIYLILI,103300210020031003032,000011001101100110000,LL--LA-LLV-FT-LIY-I--,1728050000.0,362.17,-367.344,-5.17458,-58.9549,-58.9344,-58.9344,-58.9549,-228.991,-229.677,-228.989,-250.979,-367.657,4595.29,3905.64,3747.27,43.7222,0.000620174,-5.52734,0.32875,38.5476,-79.3986,-84.573,-79.4053,-57.7239,530,124.21,-65.9556,64.7949,29.6687,10.2019,5.14065,4.61258,-5.26077,-64.687,64.6219,27.7953,0.32875,10.366,4.927,4.39633,0.313031,4,-63.0953,61.058,27.7648,9.3901,4.20713,3.623,design_1503,-26.849099999999993,0.020500000000005514,21.30200000000002,-5.167699999999996,0.0,-0.6879999999999882,-5.85609,-689.6500000000001,3.7368999999999986,0.8117999999999999,1.9039000000000001,0.9895800000000001,Left,0.17268001974321648,0.8901000000000003,1.7019000000000002,0.8117999999999999,0.9764800000000001,1.16687,0.19038999999999995,0.6104693733020178,0.647848989112908,0.03737961581089022,0.6038333333333333,0.7687633333333334,0.16493000000000002,0.8508035805508634
LLLLWLLVALLLTLFSLLILI,103300300220020033022,000011011001101100000,LL--WL-VA--LT-FS--I--,1727980000.0,373.832,-380.123,-6.29075,-74.1783,-74.1163,-74.1153,-74.1783,-223.025,-224.341,-223.022,-249.706,-383.166,4595.62,3746.16,3682.16,50.0267,0.000213803,-5.51609,3.1012,43.736,-82.9195,-90.2246,-82.9273,-59.2814,476,103.966,-62.1628,57.9325,11.1956,10.1085,3.6453,3.01429,-1.2548,-60.1211,58.6893,14.4564,3.1012,9.97981,3.44123,2.82157,3.04307,4,-62.8439,56.9541,19.0347,9.5,3.61539,2.9697,design_103,-30.943199999999997,0.06199999999999761,25.36499999999998,-7.297299999999993,-0.000999999999990564,-1.3190000000000168,-8.61729,-849.46,0.9784000000000006,0.6084999999999994,-7.8391,0.04458999999999991,Left,0.556850103895629,1.0,1.6084999999999994,0.6084999999999994,0.10347000000000009,-0.6804399999999999,0.78391,0.5694187149150359,0.5792054943603984,0.009786779445362437,0.49495,0.5023816666666666,0.007431666666666614,0.9924405014011449
LLLLTILVLLLLALFSLLILI,13300300210030022031,000011011001101100000,LL--TI-VL-LLA-FS--I-I,1728070000.0,375.192,-371.972,3.21965,-60.5288,-60.4637,-60.4637,-60.5288,-222.71,-225.455,-222.709,-246.351,-378.532,4532.67,3800.98,3685.38,41.3623,0.000923933,-5.46781,6.61942,44.5819,-88.7334,-98.0811,-88.7396,-71.6521,482,276.595,-99.446,35.7747,25.8972,9.96708,6.24648,5.2831,2.12579,-99.6916,30.9856,24.8526,6.61942,10.1393,5.63681,4.60159,6.56004,2,-94.4984,32.2516,19.3383,9.5,5.02873,4.0125,design_1826,-26.429000000000002,0.06509999999999394,20.895999999999987,-9.34150000000001,0.0,-2.7460000000000093,-12.08723,-731.69,3.5230999999999995,0.4670799999999993,6.558900000000001,1.2706,Left,0.028877500655060433,1.0,1.4670799999999993,0.4670799999999993,0.13383000000000003,0.7897200000000002,0.6558900000000002,0.3223235398853275,0.3575645483317263,0.03524100844639877,0.6687500000000001,0.8805166666666667,0.21176666666666666,0.833332147638281
LLLLFVLLALLLILLSTLILI,103300310020031003022,000011001101100110000,LL--FV-LAL-LI-LST-I--,1728040000.0,376.519,-379.758,-3.23949,-74.1904,-74.2051,-74.1447,-74.2508,-219.483,-218.689,-219.482,-244.798,-380.81,4502.03,3650.84,3683.55,41.3623,0.000923933,-5.46089,1.09265,38.1228,-86.0845,-93.3777,-86.0906,-61.762,489,17.549,-59.0067,76.0119,14.1299,9.70958,5.61262,5.2528,-3.83503,-57.9849,77.3942,15.0964,1.09265,10.0609,5.64595,5.30686,1.05212,4,-63.4452,65.2561,19.7618,9.1047,4.82636,4.3052,design_1269,-31.615700000000004,0.04569999999999652,26.10900000000001,-7.2871000000000095,-0.06040000000000134,0.7930000000000064,-6.55354,-851.1899999999996,10.755799999999994,0.6048800000000014,-5.631900000000002,0.9475999999999996,Left,0.028877500655060433,0.6046999999999993,1.2095800000000008,0.6048800000000014,0.1761800000000001,-0.3870100000000001,0.5631900000000002,0.6524622992929993,0.7600508544426616,0.10758855514966237,0.7175333333333334,0.8754666666666666,0.15793333333333326,0.8482812183922096
LLLLWVLLAILLTLLLFLILI,103300310020021003022,000011001101100110000,LL--WV-LAI-LT-LLF-I--,1728060000.0,373.097,-322.196,50.9003,-58.9201,-58.8622,-58.8622,-58.9201,-226.393,-226.701,-226.391,-252.079,-375.448,4617.08,3791.9,3702.18,47.0351,0.000354385,-5.43474,53.3039,97.9354,-36.883,-95.3201,-36.8908,-64.4494,498,135.765,-57.8967,65.3905,22.7394,9.91161,4.01222,3.49308,52.1864,-59.7614,61.6306,25.2452,53.3039,9.5,3.78434,3.2088,53.2518,0,-59.7614,61.6306,25.2452,9.5,3.78434,3.2088,design_1784,-30.8707,0.05789999999999651,25.378000000000014,-58.4293,0.0,-0.3100000000000023,-58.73864,-825.1799999999998,3.759900000000002,0.4116099999999996,-2.5058000000000007,0.28427999999999987,Left,0.37455440657619726,1.0,1.4116099999999996,0.4116099999999996,0.72452,0.47394,0.2505800000000001,0.6161969999479853,0.6538066810974317,0.037609681149446406,0.5348,0.58218,0.04737999999999998,0.4856670474884648
LLLLALLTVLLSILFLLLILI,113300200310030022031,000011011001101100000,LL--AL-TV-LSI-FL--I-I,1728070000.0,381.667,-381.898,-0.230764,-74.3825,-74.2983,-74.3772,-74.3825,-224.503,-224.613,-224.499,-246.588,-384.861,4534.55,3701.22,3803.22,41.3623,0.000923933,-5.42415,2.96614,41.1315,-83.0129,-91.3739,-83.0188,-63.8908,462,193.783,-102.335,17.2663,30.5156,9.12098,4.18124,2.94023,-1.07746,-101.064,16.6816,29.5737,2.96614,9.37528,3.91159,2.66181,2.9633,2,-93.5519,21.6754,25.9939,9.4179,3.45897,2.2841,design_1848,-27.483100000000007,0.08419999999999561,21.974999999999994,-8.355100000000007,0.07890000000000441,-0.11400000000000432,-8.39029,-833.3300000000004,-4.409099999999999,-0.2969200000000001,4.521699999999999,0.6561300000000001,Left,0.028877500655060433,0.9178999999999995,0.6209799999999994,0.2969200000000001,0.79939,1.25156,0.45216999999999996,0.21653149494456425,0.17242796954335032,0.04410352540121393,0.3806833333333333,0.49003833333333335,0.10935500000000004,0.5536450417711836
LLLLILLLALLFVLTSLLILI,103300300220030023012,000011011001101100000,LL--IL-LA--FV-TS--IL-,1728040000.0,376.042,-378.556,-2.51363,-74.2218,-74.1585,-74.1585,-74.2434,-221.036,-225.434,-221.036,-245.384,-383.43,4521.32,3719.11,3654.52,41.3623,0.000923933,-5.42023,4.93114,38.8487,-83.2984,-89.2574,-83.3042,-63.8025,458,231.516,-55.5577,59.4523,24.6726,9.42917,2.85973,2.25151,-4.09941,-55.1331,56.2694,22.9542,4.93114,9.32297,2.36633,1.71037,4.87378,3,-54.6517,51.9783,25.202,8.7401,1.71483,0.9945,design_1302,-25.454900000000002,0.08489999999999043,19.94999999999999,-5.95320000000001,0.0,-4.397999999999996,-10.35137,-802.2099999999996,7.474000000000004,0.6890699999999992,-0.5294000000000025,1.2570100000000002,Left,0.028877500655060433,0.24009999999999998,0.9291699999999992,0.6890699999999992,0.7202000000000002,0.66726,0.05294000000000021,0.5196465796286146,0.5944078118185565,0.0747612321899419,0.16575,0.3752516666666667,0.2095016666666667,0.7260167344315615
LLLLLALLFLLTILVSLLILI,103300300320020023022,000011011001101100000,LL--LA-LF--TI-VS--I--,1728060000.0,377.776,-376.371,1.40533,-74.2028,-74.209,-74.1975,-74.2316,-227.087,-230.725,-227.085,-246.041,-384.401,4513.92,3810.26,3778.37,41.3623,0.000923933,-5.3772,8.03122,42.7676,-75.0815,-84.844,-75.0877,-64.1281,467,253.054,-58.3155,57.0212,24.5585,10.2424,2.94519,2.30051,0.640117,-59.8744,50.9344,24.1331,8.03122,10.3548,2.35731,1.62133,8.03017,3,-64.5279,40.1514,25.4166,9.1613,1.59963,0.7019,design_1733,-20.71589999999999,0.022599999999997067,15.316000000000003,-9.756299999999996,-0.011499999999998067,-3.6399999999999864,-13.40842,-703.6599999999999,16.869799999999998,1.0810999999999993,-0.8581000000000003,1.59861,Left,0.028877500655060433,0.6613000000000007,1.7424,1.0810999999999993,0.7416599999999999,0.6558499999999998,0.08581000000000005,0.40134398169080027,0.5700899055331715,0.16874592384237125,0.11698333333333333,0.38341833333333336,0.26643500000000003,1.1294261207083949
LLLLVLLALLLFTLISLLILI,103300200230030023022,000011011001101100000,LL--VL-AL--FT-IS--I--,1728020000.0,376.321,-375.498,0.822969,-74.1783,-74.1244,-74.1244,-74.1783,-219.338,-223.06,-219.338,-246.124,-384.133,4564.93,3746.25,3695.49,41.3623,0.000923933,-5.31859,8.68316,42.1852,-81.9813,-92.2673,-81.9873,-63.8304,474,46.6879,-49.975,89.6303,22.3456,9.78013,6.09633,5.94078,1.41491,-49.9833,85.1697,23.7161,8.68316,10.015,5.4954,5.27295,8.63489,1,-44.2197,88.6636,28.0,9.4831,5.10255,4.9325,design_936,-28.43690000000001,0.05389999999999873,23.063999999999993,-10.280000000000001,0.0,-3.7220000000000084,-14.001750000000001,-818.6800000000003,0.966700000000003,0.29702999999999946,-5.654399999999999,1.00828,Left,0.028877500655060433,0.9831000000000003,1.2801299999999998,0.29702999999999946,1.0,0.4345600000000001,0.5654399999999999,0.8866037954779158,0.8962735416858388,0.009669746207923047,0.8220833333333334,0.9901300000000001,0.16804666666666668,0.6605167678942776
LLLLLALLTLLFVLYILLILI,103300300320020023022,000011011001101100000,LL--LA-LT--FV-YI--I--,1727980000.0,362.499,-363.24,-0.741012,-53.3406,-55.3467,-53.3192,-58.9928,-227.846,-230.8,-227.844,-250.012,-367.361,4557.4,3915.84,3768.04,43.7222,0.000620174,-5.30414,4.13733,42.9812,-82.0533,-86.5176,-82.06,-58.3563,493,148.395,-63.7789,65.2055,31.6902,10.1452,4.86958,4.34766,-1.58984,-65.2843,60.6945,29.9855,4.13733,9.99668,4.48641,3.89683,4.12043,1,-63.6223,59.0157,25.1674,9.3555,4.01046,3.3957,design_281,-28.161300000000004,3.646100000000004,19.21199999999999,-4.457599999999999,-2.0274999999999963,-2.9560000000000173,-9.44147,-641.5599999999995,6.189799999999998,0.7897000000000016,6.5228,0.9519600000000001,Left,0.17268001974321648,0.8554999999999993,1.6452000000000009,0.7897000000000016,0.71674,1.3690200000000001,0.6522800000000001,0.5900405715223124,0.6519561555481757,0.06191558402586328,0.5659500000000001,0.7246100000000001,0.15866000000000002,1.0383168223356811
LLLAFLLLLLTFLLLSLLILI,13002200200230031032,000110011011001100000,LL-AF--LL-TF--LS-LI--,1727990000.0,372.139,-344.406,27.7332,-74.1802,-74.1794,-74.1794,-74.2473,-223.898,-225.408,-223.888,-249.86,-376.322,4611.67,3729.76,3697.48,50.1654,0.000208853,-5.24722,31.9195,77.8986,-46.3283,-81.9824,-46.3352,-52.2152,481,87.0218,-104.607,15.1045,23.7896,9.92491,4.23012,2.95669,28.0811,-104.831,10.7063,20.518,31.9195,10.0833,3.66998,2.33057,31.916,2,-102.982,13.6803,18.5071,9.4861,3.7941,2.4993,design_325,-29.767199999999995,0.06789999999999452,24.452000000000027,-35.6472,0.0,-1.5199999999999818,-37.16672,-881.9099999999999,1.424199999999999,0.43881000000000014,5.282499999999999,0.4573900000000002,Left,0.5653019066828349,0.9861000000000004,1.4249100000000006,0.43881000000000014,0.05071000000000012,0.57896,0.5282499999999999,0.13655778241020453,0.15080382828723357,0.014246045877029045,0.41655,0.4927816666666667,0.0762316666666667,0.6910980360454717
LLLYLLLTVLFLLLASLLILI,13002300300230021022,000110011011001100000,LL-YL--TV-FL--AS-LI--,1727980000.0,364.101,-367.719,-3.61809,-74.0889,-70.5142,-74.0258,-74.2451,-224.676,-228.002,-224.674,-253.139,-374.112,4647.59,3845.05,3746.0,46.7138,0.000374154,-5.23138,6.45132,43.0957,-68.954,-80.8272,-68.9608,-46.728,494,27.3786,-110.226,6.94496,23.995,9.37837,3.97143,2.5756,1.1986,-109.67,4.5432,23.0889,6.45132,9.10735,3.56383,2.13198,6.39307,1,-108.73,3.3795,19.3936,9.4542,3.26581,1.8165,design_66,-34.0992,3.7308999999999912,25.137,-11.866399999999999,3.5116000000000014,-3.328000000000003,-11.6827,-802.54,3.56546,-0.07582999999999984,4.601400000000002,0.7591000000000001,Left,0.35497571706264813,0.9542000000000002,0.8783700000000003,0.07582999999999984,0.13935999999999993,0.5995000000000001,0.4601400000000002,0.03352051982763105,0.06918524861060542,0.035664728782974366,0.30275,0.4292666666666667,0.12651666666666667,0.4845177482028989
LLLLYFLLLVLATLLILLILI,103300210030031003022,000011001101100110000,LL--YF-LLV-AT-LIL-I--,1728040000.0,363.969,474.715,838.684,-58.9549,-58.8954,-58.8954,-58.9549,-220.352,-225.592,-220.35,-248.343,-361.132,4636.87,3756.33,3611.89,43.7222,0.000620174,-5.22817,835.901,882.406,754.022,-81.8723,754.015,-53.8334,475,276.595,-57.9768,74.4453,21.655,9.72766,5.24663,4.86331,776.478,-61.0758,66.8895,23.9309,835.901,8.8895,4.69146,4.1948,835.846,0,-61.0758,66.8895,23.9309,8.8895,4.69146,4.1948,design_1157,-28.038899999999998,0.059499999999999886,22.750999999999976,-835.8873,0.0,-5.242000000000019,-841.1291699999999,-880.54,7.555800000000005,0.8381600000000002,-2.2759,0.6685100000000004,Left,0.17268001974321648,0.38949999999999996,1.2276600000000002,0.8381600000000002,0.5930900000000001,0.3655000000000001,0.22759000000000001,0.6688009394668085,0.7443804040347459,0.0755794645679374,0.6991333333333333,0.8105516666666667,0.1114183333333334,0.8788832084908406
LLLLFALLLLLVTLLSILILI,102300330030022003102,000011001101100110000,LL--FA--LL-VT--SI-IL-,1728050000.0,376.573,-373.8,2.77334,-63.0863,-64.6037,-63.088,-74.1783,-221.848,-222.077,-221.845,-246.864,-378.985,4590.6,3700.66,3690.79,41.3623,0.000923933,-5.19736,5.17991,44.1356,-88.8653,-97.5009,-88.8718,-57.9424,464,231.516,-12.7901,96.2176,17.2968,9.46079,1.4079,1.35116,-2.05353,-10.8092,97.4,16.2981,5.17991,9.5033,1.27038,1.23138,5.18466,1,-9.55643,96.2369,18.0,9.4499,0.925446,0.869,design_1378,-39.5585,9.57459999999999,24.787000000000006,-8.629100000000008,-1.5157000000000025,-0.23199999999999932,-10.37727,-889.9400000000005,-0.019300000000001205,0.010889999999999844,-0.7031999999999989,0.4821599999999999,Left,0.028877500655060433,0.9498999999999995,0.9607899999999994,0.010889999999999844,0.0,-0.0703199999999999,0.0703199999999999,0.9623583097599719,0.9621652549324008,0.00019305482757114856,0.14483333333333334,0.22519333333333333,0.08035999999999999,0.10733713882047737
LLLLVLLLATLIALLLFLILI,102300330020032003102,000011001101100110000,LL--VL--AT-IA--LF-IL-,1728060000.0,366.758,-364.605,2.15271,-58.9097,-58.857,-58.7965,-58.9702,-217.813,-222.293,-217.812,-244.216,-368.406,4550.04,3808.64,3638.95,41.4852,0.000904948,-5.19008,3.9038,43.6379,-87.8827,-92.4459,-87.8936,-65.2201,498,51.0312,-15.3065,95.8734,20.6735,9.64499,1.73888,1.67698,-0.736778,-12.6799,95.0699,19.5177,3.9038,9.22047,1.23641,1.16246,3.80142,2,-16.1029,88.4318,19.7018,8.5,0.853723,0.6802,design_1752,-27.225799999999992,0.11319999999999908,21.923000000000002,-4.552299999999988,-0.060499999999997556,-4.4809999999999945,-9.09388,-741.4000000000001,7.441600000000008,1.14499,0.971700000000002,0.9967799999999999,Left,0.03636651696758832,0.0,1.14499,1.14499,0.17017999999999986,0.2673500000000001,0.09717000000000023,0.884285136978902,0.958722277126704,0.074437140147802,0.11336666666666667,0.27949666666666667,0.16613,1.163436364281856
LLLLLALLLVLTILLSFLILI,103300310020021003022,000011001101100110000,LL--LA-LLV-TI-LSF-I--,1728060000.0,373.996,-370.746,3.25054,-74.2015,-74.1968,-74.1968,-74.267,-220.957,-224.418,-220.955,-245.679,-381.32,4551.77,3809.59,3736.43,41.3623,0.000923933,-5.18728,10.5749,44.6128,-75.5873,-87.8927,-75.5937,-61.3736,489,79.6152,-55.5654,72.4233,21.0261,9.9293,4.61195,4.1983,2.14732,-57.8967,65.3905,22.7394,10.5749,9.91161,4.01222,3.49308,10.574,1,-59.7614,61.6306,25.2452,9.5,3.78434,3.2088,design_1784,-26.5191,0.07019999999999982,21.260999999999996,-12.299000000000007,0.0,-3.462999999999994,-15.76218,-742.1800000000003,10.792699999999996,0.42929999999999957,-4.219100000000001,0.9894999999999996,Left,0.028877500655060433,1.0,1.4292999999999996,0.42929999999999957,0.72452,0.30260999999999993,0.4219100000000001,0.6161969999479853,0.7241546599234182,0.10795765997543294,0.5348,0.6997166666666667,0.1649166666666666,0.6333710613785692
LLLLVFLLATLLLLLSILILI,102300320030023003102,000011001101100110000,LL--VF--AT-LL--SI-IL-,1727980000.0,375.877,-378.956,-3.07903,-74.138,-74.2181,-74.0921,-74.2781,-224.559,-223.491,-224.559,-246.414,-380.314,4625.84,3797.33,3752.55,41.3623,0.000923933,-5.17577,1.39852,38.2832,-80.2587,-87.7809,-80.2648,-59.6219,472,162.201,-12.3547,94.7192,27.9814,9.89756,1.14029,1.06108,-3.48677,-12.5952,93.7646,29.8786,1.39852,10.0222,1.0475,0.953969,1.35815,2,-12.9966,90.6954,24.558,9.3303,0.693369,0.5538,design_97,-28.159000000000006,0.05999999999998806,22.922999999999973,-7.516100000000009,-0.12600000000000477,1.0679999999999836,-6.5742899999999995,-828.5100000000002,4.023799999999994,0.567260000000001,3.423400000000001,0.5072800000000001,Left,0.028877500655060433,0.8302999999999994,1.3975600000000004,0.567260000000001,0.6557999999999999,0.99814,0.3423400000000001,0.9069275674291499,0.947176998267508,0.04024943083835808,0.0923,0.17684666666666668,0.08454666666666669,0.66914029823891
LLLLIVLLALLYTLFSLLILI,103300300220030023012,000011011001101100000,LL--IV-LA--YT-FS--IL-,1728010000.0,360.311,-363.855,-3.54373,-74.1783,-74.1119,-74.1119,-74.1783,-218.136,-222.522,-218.137,-248.194,-371.429,4492.56,3741.08,3682.12,45.9023,0.000429125,-5.15906,7.63375,42.3585,-71.5404,-79.9547,-71.547,-49.0571,461,431.524,-55.9027,52.225,21.2915,9.26622,1.93579,1.21916,1.98781,-56.6799,46.7481,21.9235,7.63375,9.5,1.31298,0.5142,7.57414,0,-56.6799,46.7481,21.9235,9.5,1.31298,0.5142,design_652,-30.897600000000004,0.06639999999998736,25.671999999999997,-8.407700000000006,0.0,-4.384999999999991,-12.79281,-751.4800000000005,5.4769000000000005,-0.23377999999999943,-0.6320000000000014,0.70496,Left,0.30552627249294656,1.0,0.7662200000000006,0.23377999999999943,0.3923500000000001,0.32914999999999994,0.06320000000000014,0.4673297216409461,0.5221142804556494,0.054784558814703344,0.0857,0.20319333333333334,0.11749333333333334,0.27468774938518686
LLLYALLFVLILLLTSLLILI,13002300200230031022,000110011011001100000,LL-YA--FV-IL--TS-LI--,1727980000.0,361.991,-366.497,-4.50624,-74.1048,-74.1304,-74.0992,-74.2416,-226.691,-228.129,-226.685,-254.03,-370.936,4667.18,3934.49,3793.49,45.9023,0.000429125,-5.12302,4.44359,41.396,-65.7011,-73.7994,-65.7079,-42.6636,476,51.0312,-100.806,33.7986,27.2776,9.38575,6.18376,5.19073,-0.203219,-98.2419,34.5005,27.8995,4.44359,9.41164,5.89385,4.91135,4.43881,1,-97.2084,34.4129,25.3425,9.1745,5.72701,4.7432,design_191,-31.135800000000003,0.11120000000001085,25.90100000000001,-8.09150000000001,-0.03119999999999834,-1.4439999999999884,-9.56661,-732.6900000000005,-0.6143000000000001,0.21124999999999972,1.9350999999999985,0.4475300000000004,Left,0.30552627249294656,0.6745000000000001,0.8857499999999998,0.21124999999999972,0.7342500000000001,0.9277599999999999,0.19350999999999985,0.3439426797210408,0.3377979346134303,0.006144745107610539,0.7905333333333333,0.8651216666666667,0.07458833333333337,0.29609772029159864
LLLLLVLLILLFTLASLLILI,103300300220030023022,000011011001101100000,LL--LV-LI--FT-AS--I--,1728020000.0,376.898,-382.926,-6.02796,-74.1783,-74.1246,-74.1246,-74.1783,-224.799,-227.007,-224.799,-245.94,-384.932,4510.59,3843.6,3831.53,41.3623,0.000923933,-5.11764,2.05356,35.3343,-83.9485,-88.9185,-83.9547,-64.8133,452,394.796,-72.3851,48.0016,29.6895,10.1108,3.83799,3.05801,-2.74684,-74.9861,42.8173,28.3883,2.05356,10.4503,3.52826,2.67052,2.00612,4,-70.366,39.5247,25.0484,9.5,2.39073,1.4836,design_794,-24.105199999999996,0.05369999999999209,18.932999999999993,-4.963799999999992,0.0,-2.2079999999999984,-7.1712,-666.9900000000002,8.4769,0.6107999999999993,4.641099999999998,1.5744099999999999,Left,0.028877500655060433,1.0,1.6107999999999993,0.6107999999999993,0.7048400000000001,1.16895,0.4641099999999998,0.3950752013571855,0.4798682825922563,0.08479308123507079,0.24726666666666666,0.5096683333333333,0.26240166666666664,0.815180491299185
LLLLLALLLILVTLLSFLILI,102300320030032003102,000011001101100110000,LL--LA--LI-VT--SF-IL-,1728060000.0,374.392,-371.153,3.23929,-56.9755,-63.9097,-56.9703,-74.1761,-224.686,-227.509,-224.684,-246.105,-383.306,4554.71,3735.75,3656.92,41.3623,0.000923933,-5.11101,12.1545,44.6016,-89.4909,-96.999,-89.4972,-63.0257,494,2.26837,-13.4968,98.4102,22.9809,9.33719,1.8099,1.78605,1.98291,-14.7118,93.5504,22.673,12.1545,9.21216,1.33607,1.23933,12.1537,1,-18.4894,85.0913,21.4874,8.8163,0.76073,0.5371,design_1664,-33.973299999999995,10.266400000000004,18.596000000000004,-7.501799999999989,-6.939399999999999,-2.8249999999999886,-17.26551,-818.96,13.3189,0.5208899999999996,1.4934999999999974,1.2489499999999998,Left,0.028877500655060433,0.3163,0.8371899999999997,0.5208899999999996,0.3487400000000001,0.4980899999999998,0.1493499999999997,0.850870647263823,0.9840974836853666,0.13322683642154365,0.08951666666666667,0.29767499999999997,0.20815833333333328,0.5955762724278086
LLLLAVLLLLLTYLFILLILI,103300200220030033022,000011011001101100000,LL--AV-LL--TY-FI--I--,1728060000.0,362.633,-359.192,3.44126,-58.8848,-58.9093,-58.871,-58.9642,-226.456,-228.296,-226.452,-251.878,-368.18,4607.07,3821.27,3684.24,43.7222,0.000620174,-4.99317,8.9988,47.1635,-73.8514,-85.9681,-73.858,-57.3379,540,39.0787,-61.0262,75.8101,20.1561,10.1132,5.88828,5.52543,1.84151,-60.7275,74.6671,21.1205,8.9988,9.98031,5.68917,5.30918,8.98776,1,-58.9652,73.9841,23.2877,9.5,5.33264,4.9424,design_1772,-28.63020000000001,0.054899999999996396,23.581999999999994,-12.110100000000003,-0.03829999999999956,-1.843999999999994,-13.991969999999998,-785.7999999999997,1.8260000000000076,0.6132000000000009,-3.1316000000000024,0.5830299999999999,Left,0.17268001974321648,1.0,1.6132000000000009,0.6132000000000009,0.5287700000000001,0.21560999999999986,0.3131600000000002,0.7397670938546547,0.7580322811678517,0.01826518731319704,0.8237333333333333,0.920905,0.09717166666666666,0.6956000111201589
LLLLAVLLFTLALLLSILILI,103300210030021003022,000011001101100110000,LL--AV-LFT-AL-LSI-I--,1727980000.0,366.918,-370.188,-3.27049,-74.2781,-74.2233,-74.2233,-74.2781,-216.913,-219.102,-216.91,-242.811,-373.585,4504.73,3662.23,3621.96,43.6652,0.000626172,-4.98765,3.44491,40.3947,-78.9965,-85.2473,-79.0074,-56.4964,480,162.201,-52.9955,81.1124,20.0535,9.22678,5.3995,5.11618,-0.295405,-53.2912,78.7576,20.2797,3.44491,9.52238,5.12596,4.80732,3.39708,2,-52.7055,76.4898,21.5821,9.2885,4.73195,4.3793,design_162,-28.750899999999994,0.05480000000000018,23.709000000000003,-6.239899999999992,0.0,-2.1920000000000073,-8.43256,-842.4999999999995,4.622599999999991,-0.06172000000000111,-1.5286000000000008,0.7368800000000002,Left,0.16920667613203583,0.7885000000000009,0.7267799999999998,0.06172000000000111,0.35821000000000003,0.20534999999999998,0.15286000000000005,0.7648312120642262,0.8110703439776896,0.046239131913463405,0.7298833333333333,0.8526966666666667,0.12281333333333333,0.21070526847840151
LLLLAVLTSLLFLLYILLILI,103300200220030033022,000011011001101100000,LL--AV-TS--FL-YI--I--,1728010000.0,366.878,-318.747,48.1314,-74.3512,-74.3423,-74.3423,-74.3512,-221.885,-226.337,-221.881,-249.445,-372.824,4550.3,3902.31,3703.79,45.9023,0.000429125,-4.96291,54.0836,94.0337,-22.5098,-77.1073,-22.5164,-49.0277,486,87.0218,-53.338,89.5731,25.0848,9.73865,6.59307,6.43666,47.1925,-56.2764,81.9009,26.3008,54.0836,9.5,5.99809,5.7266,54.077,0,-56.2764,81.9009,26.3008,9.5,5.99809,5.7266,design_725,-28.079599999999992,0.008900000000011232,23.108000000000004,-54.59089999999999,0.0,-4.455999999999989,-59.04651,-647.9900000000002,7.672200000000004,0.2386499999999998,-1.2159999999999975,0.7100599999999995,Left,0.30552627249294656,1.0,1.2386499999999998,0.2386499999999998,0.8300799999999999,0.7084800000000001,0.12159999999999982,0.8189575839538428,0.8957013791916904,0.07674379523784758,0.9544333333333334,1.0727766666666667,0.11834333333333336,0.3027129616517155
LLLLVALLTILFLLLSLLILI,112300230030032003102,000011001101100110000,LL--VA--TI-FL--SL-IL-,1727980000.0,376.912,-378.326,-1.4139,-71.1126,-67.507,-71.1142,-74.3007,-220.533,-223.434,-220.53,-246.645,-383.729,4535.69,3759.55,3657.57,41.3623,0.000923933,-4.96149,5.3981,39.9484,-86.6803,-97.7497,-86.6862,-62.7826,478,162.201,-11.4791,95.0379,27.2071,9.22258,1.05197,0.977539,0.162535,-11.364,92.2567,28.0,5.3981,9.3241,0.65925,0.5431,5.40326,0,-11.364,92.2567,28.0,9.3241,0.65925,0.5431,design_218,-34.9671,6.793700000000001,23.211000000000013,-11.063500000000005,3.6071999999999917,-2.9039999999999964,-10.35959,-776.1399999999994,2.7811999999999983,-0.10151999999999894,-0.7928999999999995,0.434439,Left,0.028877500655060433,0.8240999999999996,0.7225800000000007,0.10151999999999894,1.0,0.92071,0.07928999999999997,0.9225450027807897,0.9503649036326316,0.02781990085184194,0.09051666666666668,0.16292316666666667,0.0724065,0.15036576281074124
LLLLAVLLFLLATLLSILILI,103300310020021003022,000011001101100110000,LL--AV-LFL-AT-LSI-I--,1728070000.0,366.791,-374.394,-7.60275,-74.1783,-74.1235,-74.1235,-74.1783,-219.219,-221.189,-219.216,-242.746,-373.956,4512.46,3712.84,3635.03,43.6652,0.000626172,-4.9421,-0.39033,36.0625,-80.9959,-83.5855,-81.0066,-57.0317,483,103.966,-50.7044,85.7286,19.3111,9.38291,5.67902,5.46495,-3.48545,-52.0561,82.0944,18.3789,-0.39033,9.4042,5.39116,5.12257,-0.437911,3,-55.9953,73.122,22.9125,8.7664,4.77077,4.3676,design_1930,-26.553799999999995,0.05479999999998597,21.557000000000016,-2.57889999999999,0.0,-1.9729999999999848,-4.55177,-799.6199999999999,12.6066,0.6165099999999999,-3.6014000000000017,1.0973499999999996,Left,0.16920667613203583,0.26640000000000086,0.8829100000000007,0.6165099999999999,0.49125000000000013,0.13110999999999998,0.3601400000000001,0.7311436447951218,0.8572454577099896,0.12610181291486777,0.7279333333333334,0.910825,0.18289166666666656,0.7477542568628595
LLLLFALVSLLLLLITLLILI,103300200320030023022,000011011001101100000,LL--FA-VS--LL-IT--I--,1728040000.0,383.114,-312.965,70.1485,-74.3035,-70.7642,-74.3054,-74.3035,-215.176,-215.851,-215.172,-243.088,-379.586,4598.83,3624.73,3669.46,41.3623,0.000923933,-4.93391,66.6171,111.511,-23.4857,-97.9046,-23.4917,-62.1947,500,563.509,-57.099,81.1202,19.7143,9.89292,6.01608,5.73288,68.0224,-59.6908,78.2645,22.1002,66.6171,9.4645,6.01933,5.6933,66.621,0,-59.6908,78.2645,22.1002,9.4645,6.01933,5.6933,design_1275,-35.709900000000005,3.5392999999999972,27.236999999999995,-74.41290000000001,3.5412000000000035,-0.679000000000002,-71.55100999999999,-974.0999999999999,2.855699999999999,0.4284200000000009,-2.3858999999999995,0.03957999999999995,Left,0.028877500655060433,0.9644999999999992,1.3929200000000002,0.4284200000000009,0.4100200000000001,0.17143000000000014,0.23858999999999997,0.7825832536440349,0.8111483661359826,0.02856511249194771,0.9488833333333333,0.95548,0.006596666666666695,0.4912518357856686
LLLLFALITLLLVLLSLLILI,103300200230030023022,000011011001101100000,LL--FA-IT--LV-LS--I--,1727980000.0,375.967,-365.28,10.6863,-68.6858,-70.676,-68.6878,-74.3379,-219.554,-221.586,-219.551,-246.951,-382.145,4615.59,3695.0,3670.79,41.3623,0.000923933,-4.93109,16.8594,52.0486,-77.0404,-94.8135,-77.0465,-60.8556,464,394.796,-58.2124,77.0614,18.6991,9.93469,5.63515,5.29107,0.684147,-59.0333,74.162,21.596,16.8594,9.97825,5.36687,4.9793,16.8641,1,-59.5624,70.8383,23.7924,9.4709,4.99753,4.5601,design_215,-33.9579,3.661900000000003,25.36499999999998,-17.76700000000001,-1.9882000000000062,-2.035000000000025,-21.790490000000002,-920.5900000000001,6.223100000000002,0.4637899999999995,-5.093299999999999,0.7309700000000001,Left,0.028877500655060433,0.9709000000000003,1.4346899999999998,0.4637899999999995,0.5792400000000001,0.06991000000000014,0.50933,0.7083001572446576,0.7705488358693869,0.06224867862472938,0.7600166666666667,0.8818450000000001,0.12182833333333343,0.7023070936515607
LLLFALLLVLTLLLASLLILI,13002200300230021032,000110011011001100000,LL-FA--LV-TL--AS-LI--,1728000000.0,368.648,-356.598,12.0491,-74.2473,-74.1914,-74.1914,-74.2473,-221.929,-220.259,-221.924,-243.126,-375.037,4549.91,3758.73,3694.72,44.4768,0.00054596,-4.89135,18.4881,56.5259,-60.4225,-85.4781,-60.4337,-57.6639,457,29.9257,-113.909,-1.31567,20.5053,9.77209,3.40877,1.88903,20.3213,-111.121,4.08014,19.0664,18.4881,9.45026,3.7189,2.2801,18.4384,2,-107.84,2.5941,18.2142,9.3464,3.02619,1.5651,design_560,-27.8142,0.055899999999994066,22.86700000000002,-25.044399999999996,0.0,1.6650000000000205,-23.37945,-791.1799999999998,-3.90977,0.42569000000000123,2.2910999999999966,0.32393000000000005,Left,0.21866221428701998,0.8463999999999992,1.2720900000000004,0.42569000000000123,0.02142000000000017,0.2505299999999998,0.22910999999999965,0.02566428865797887,-0.013444518243181063,0.039108806901159934,0.26084999999999997,0.31483833333333333,0.05398833333333336,0.4880036957988579
LLLYLLLTVLLALLFILLILI,13002200300320021032,000110011011001100000,LL-YL--TV-LA--FI-LI--,1728060000.0,361.042,-333.017,28.0249,-58.7424,-58.6752,-58.6752,-58.9371,-224.434,-227.682,-224.431,-255.092,-367.07,4669.92,3816.95,3781.15,43.7222,0.000620174,-4.84559,34.116,71.7472,-49.8408,-85.5582,-49.8474,-53.0407,484,60.9677,-106.018,36.8087,20.8522,9.31055,7.37188,6.42402,30.6054,-104.611,34.9195,18.0,34.116,9.4573,6.90581,5.9296,34.0531,0,-104.611,34.9195,18.0,9.4573,6.90581,5.9296,design_1644,-32.5175,0.26190000000000424,27.410000000000025,-35.7108,0.0,-3.2509999999999764,-38.96159,-852.9700000000003,1.8892000000000024,-0.14675000000000082,2.8522,0.49441999999999986,Left,0.17268001974321648,0.9573,0.8105499999999992,0.14675000000000082,0.0,0.28522,0.28522,0.34901011887376016,0.3679074857259462,0.01889736685218607,0.9882666666666666,1.07067,0.08240333333333338,0.3317128739111444
LLLLVILLALLTLLLSFLILI,103300220030032003011,000011001101100110000,LL--VI--AL-TL--SF-ILI,1727980000.0,374.565,-384.16,-9.59488,-74.3376,-74.3119,-74.2825,-74.3376,-224.731,-228.074,-224.731,-246.171,-385.199,4515.56,3869.92,3694.83,41.3623,0.000923933,-4.82702,1.08823,31.7674,-85.091,-87.6396,-85.097,-64.6903,474,276.595,-48.5939,80.4801,17.2831,10.0873,4.6539,4.3611,-2.57118,-48.2567,78.1481,16.1456,1.08823,9.93435,4.2885,3.96072,1.03923,3,-41.3973,77.4947,19.281,9.3778,3.17138,2.8338,design_225,-22.949300000000008,0.0257000000000005,18.09699999999998,-2.5426000000000073,-0.02939999999999543,-3.3430000000000177,-5.91525,-645.6400000000003,2.9853999999999985,0.7095000000000002,-1.9978999999999978,1.5273000000000003,Left,0.028877500655060433,0.8778000000000006,1.5873000000000008,0.7095000000000002,0.12809999999999988,-0.07168999999999989,0.19978999999999977,0.7748830667909685,0.8047455477355568,0.02986248094458832,0.4723,0.7268500000000001,0.2545500000000001,0.7803805253644956
LLLLALLVTLLTILFSLLILI,103300200230020033012,000011011001101100000,LL--AL-VT--TI-FS--IL-,1727980000.0,369.586,-377.153,-7.56687,-78.9685,-75.8674,-78.9648,-87.9805,-218.906,-220.294,-218.902,-245.744,-385.788,4494.78,3687.02,3699.33,48.2425,0.000289003,-4.78383,8.63735,40.6757,-79.278,-94.4105,-79.2842,-52.0632,514,193.783,-58.0481,46.6142,12.3788,9.40157,1.50014,0.699349,0.522416,-58.4982,44.728,13.9694,8.63735,9.36099,1.313,0.483922,8.63512,3,-57.4157,44.767,20.3375,8.5,1.15589,0.3274,design_145,-42.3473,12.113100000000003,25.44999999999999,-15.1263,3.0973999999999933,-1.3920000000000243,-13.42118,-807.7599999999998,1.8471999999999937,0.9015699999999995,-7.9586999999999986,0.371949,Left,0.44812835528039635,0.0,0.9015699999999995,0.9015699999999995,0.23374999999999985,-0.56212,0.7958699999999999,0.44751309371861614,0.46599034125691696,0.018477247538300823,0.05456666666666667,0.11655816666666667,0.0619915,1.2043346198415292
LLLLLVLTFLLALLISLLILI,103300300230020023022,000011011001101100000,LL--LV-TF--AL-IS--I--,1728050000.0,377.176,-377.156,0.0200739,-74.2363,-74.169,-74.1817,-74.2451,-219.602,-221.656,-219.602,-245.816,-384.881,4533.66,3730.01,3641.34,41.3623,0.000923933,-4.76484,7.77438,41.3824,-83.3168,-93.8218,-83.3229,-64.8205,481,330.452,-59.8314,49.7158,17.9416,9.78075,2.18635,1.43208,-1.23356,-60.0013,46.5457,18.866,7.77438,9.5894,1.78385,0.982038,7.72592,1,-65.3002,37.0158,22.7316,9.0047,1.29216,0.3474,design_1490,-29.0013,0.07609999999999673,24.159999999999997,-10.498899999999992,0.012700000000009481,-2.054000000000002,-12.53922,-803.6499999999996,12.700000000000003,0.7760499999999997,-4.789999999999999,1.08468,Left,0.028877500655060433,0.5046999999999997,1.2807499999999994,0.7760499999999997,0.47316,-0.0058399999999998896,0.4789999999999999,0.36997907405703223,0.49701515230325416,0.12703607824622193,0.0579,0.23868,0.18078,0.9383571687135872
LLLLYFLLLVLATLLLILILI,103300310020031003022,000011001101100110000,LL--YF-LLV-AT-LLI-I--,1728050000.0,364.811,-321.067,43.7438,-58.9549,-58.8952,-58.8952,-58.9549,-222.356,-223.487,-222.354,-250.465,-361.402,4726.68,3789.2,3615.95,43.7222,0.000620174,-4.75621,40.39,87.466,-39.7558,-83.7758,-39.7626,-51.9825,489,55.7787,-58.1341,66.5895,21.198,9.81372,4.20969,3.70853,23.4538,-59.1731,64.3269,21.7183,40.39,9.3027,4.0601,3.525,40.3352,0,-59.1731,64.3269,21.7183,9.3027,4.0601,3.525,design_1533,-31.793300000000002,0.05969999999999942,26.97800000000001,-44.013200000000005,0.0,-1.1329999999999814,-45.14621,-937.4800000000005,2.262600000000006,0.5110200000000003,-0.5202999999999989,0.1835300000000002,Left,0.17268001974321648,0.8026999999999997,1.31372,0.5110200000000003,0.37182999999999994,0.31980000000000003,0.05202999999999991,0.6431676596153307,0.6658000872247718,0.022632427609441064,0.5875,0.6180883333333334,0.03058833333333333,0.5150693489381871
LLLLTLLLYVLALLLSFLILI,103300310020031003022,000011001101100110000,LL--TL-LYV-AL-LSF-I--,1728050000.0,363.068,-330.623,32.4444,-60.4659,-60.3898,-60.3898,-60.4659,-222.885,-221.041,-222.884,-248.939,-363.668,4590.24,3775.2,3529.75,46.7138,0.000374154,-4.74383,33.1147,79.1582,-47.2729,-86.9816,-47.2799,-54.2628,489,193.783,-56.674,61.0544,19.1047,9.30155,3.24344,2.65926,26.8923,-56.1056,65.7777,20.982,33.1147,8.8568,3.79583,3.2825,33.0448,0,-56.1056,65.7777,20.982,8.8568,3.79583,3.2825,design_1565,-32.7188,0.07609999999999673,27.897999999999996,-39.7017,0.0,1.8429999999999893,-37.85853,-815.04,-4.723299999999995,0.44475000000000087,-1.8772999999999982,-0.62324,Left,0.35497571706264813,0.3567999999999998,0.8015500000000007,0.44475000000000087,0.2981999999999999,0.11047000000000011,0.18772999999999979,0.6576797810578203,0.6104333630751134,0.0472464179827069,0.5470833333333334,0.44321000000000005,0.10387333333333332,0.4960514174861061
LLLLAVLLLILTYLLSFLILI,103300210030031003022,000011001101100110000,LL--AV-LLI-TY-LSF-I--,1727980000.0,359.412,-363.171,-3.7593,-74.19,-74.1593,-74.1818,-74.2124,-227.735,-229.042,-227.732,-249.922,-372.565,4554.11,3810.67,3727.85,45.9023,0.000429125,-4.73678,9.39857,42.143,-61.2463,-74.1003,-61.2531,-48.4308,506,27.3786,-63.2244,72.5534,15.4669,10.156,5.77837,5.36667,-1.36417,-65.5591,68.9221,15.0688,9.39857,10.174,5.63835,5.17218,9.39365,1,-65.8443,62.6217,18.8025,9.3959,4.83057,4.2699,design_174,-25.669500000000006,0.05310000000000059,20.879999999999995,-12.8472,0.022499999999993747,-1.3100000000000023,-14.135349999999999,-743.4399999999996,9.9317,0.7601000000000013,-3.3355999999999977,1.0967700000000002,Left,0.30552627249294656,0.8958999999999993,1.6560000000000006,0.7601000000000013,0.08024999999999985,-0.2533099999999999,0.33355999999999975,0.626110815471594,0.7254560295123814,0.09934521404078744,0.71165,0.894445,0.18279500000000004,0.855743984599256
LLLLIVLALLLLTLYFLLILI,103300300220030023022,000011011001101100000,LL--IV-AL--LT-YF--I--,1728060000.0,361.302,-317.305,43.997,-58.9223,-55.3023,-58.8502,-58.9223,-234.626,-237.202,-234.626,-250.601,-366.635,4624.13,3880.48,3695.41,43.7222,0.000620174,-4.73439,49.3952,87.7192,-23.757,-78.8647,-23.7639,-57.1118,507,95.1175,-58.561,55.1821,28.1549,10.3876,2.73372,2.06146,42.1962,-61.5431,49.7265,27.459,49.3952,9.81274,2.44455,1.69045,49.33,1,-64.5026,35.4974,28.0,8.5172,0.967539,0.0,design_1774,-21.752899999999997,3.6199999999999974,13.399000000000001,-55.1008,3.5478999999999985,-2.5759999999999934,-54.12959,-743.6500000000001,19.6847,1.8704,0.15490000000000137,2.06146,Left,0.17268001974321648,0.01720000000000077,1.8876000000000008,1.8704,1.0,1.0154900000000002,0.015490000000000226,0.3547907605760036,0.5516936810054056,0.196902920429402,0.0,0.34357666666666664,0.34357666666666664,1.9119235826913705
LLLVLLLATLLILLFSLLILI,023002200200230031031,000110011011001100000,L--VL--AT-LI--FS-LI-I,1728040000.0,376.553,-383.556,-7.00332,-74.175,-74.1213,-74.1213,-74.2355,-223.265,-224.637,-223.264,-245.686,-384.407,4575.4,3736.87,3691.09,41.3623,0.000923933,-4.72939,0.898627,34.359,-86.1164,-90.3775,-86.1224,-64.485,471,231.516,-116.421,6.42704,25.894,9.68759,4.83083,3.42723,-2.43756,-116.282,5.4183,25.0484,0.898627,9.59346,4.67371,3.25498,0.850456,1,-115.621,1.0966,26.2444,9.5,3.99125,2.5077,design_1289,-25.8925,0.11419999999999675,21.049000000000007,-4.255099999999999,0.0,-1.3729999999999905,-5.628017000000001,-838.5299999999997,5.330439999999999,0.18759000000000015,-0.3504000000000005,0.9195300000000004,Left,0.028877500655060433,1.0,1.1875900000000001,0.18759000000000015,0.8244399999999998,0.7893999999999999,0.03503999999999996,0.010685034549812147,0.06400457729995318,0.05331954275014103,0.41795,0.5712050000000001,0.15325500000000009,0.2504952661510476
LLLILLLTLLVALLFSLLILI,13002300200320021032,000110011011001100000,LL-IL--TL-VA--FS-LI--,1728020000.0,374.949,-380.578,-5.6291,-73.989,-70.5139,-73.9246,-74.2451,-219.761,-222.31,-219.761,-244.859,-381.133,4566.6,3769.57,3712.13,41.3623,0.000923933,-4.72135,0.613256,35.7332,-86.8282,-93.0303,-86.834,-62.0285,496,394.796,-105.319,23.0544,25.3017,9.69989,5.41016,4.25598,-3.87714,-106.662,19.939,24.7995,0.613256,9.55141,5.19112,3.99021,0.554987,3,-105.484,16.5805,21.1505,9.3705,4.56089,3.3096,design_921,-31.001799999999996,3.731199999999987,22.549000000000007,-6.196299999999994,3.4106999999999914,-2.5490000000000066,-5.334606,-797.0300000000002,6.4739,0.32939000000000007,4.151199999999999,0.94638,Left,0.028877500655060433,0.8704999999999998,1.19989,0.32939000000000007,0.3150500000000001,0.73017,0.4151199999999999,0.16556802131805434,0.23032541241712648,0.06475739109907214,0.5516,0.70933,0.15773000000000004,0.5566818293261944
LLLLVLLLTILALLLSFLILI,102300330030022003102,000011001101100110000,LL--VL--TI-AL--SF-IL-,1728050000.0,374.756,-381.262,-6.50645,-74.0648,-73.9913,-74.0105,-74.2355,-221.787,-223.263,-221.787,-246.294,-384.902,4528.86,3736.33,3660.4,41.3623,0.000923933,-4.69976,3.68782,34.8558,-85.4101,-92.3472,-85.4164,-64.3722,462,471.669,-11.6479,98.9365,24.0246,9.82924,1.60361,1.58766,-1.84173,-12.2917,96.2365,21.8941,3.68782,9.87582,1.33568,1.27923,3.63974,3,-9.55643,96.2369,18.0,9.4499,0.925446,0.869,design_1378,-27.974999999999994,0.2442000000000064,23.031000000000006,-6.930800000000005,0.019199999999997885,-1.475999999999999,-8.38758,-792.5299999999997,2.6995999999999896,0.3793400000000009,6.0245999999999995,0.7186600000000001,Left,0.028877500655060433,0.9498999999999995,1.3292400000000004,0.3793400000000009,0.0,0.60246,0.60246,0.9623583097599719,0.9893619788019797,0.027003669042007794,0.14483333333333334,0.26461,0.11977666666666667,0.7224489845099852
LLLLVILLYLLATLFLLLILI,103300200220030033022,000011011001101100000,LL--VI-LY--AT-FL--I--,1728030000.0,361.122,-315.45,45.672,-58.9223,-58.8495,-58.8495,-58.9223,-219.494,-224.637,-219.494,-250.283,-362.307,4619.73,3801.3,3628.15,43.7222,0.000620174,-4.68354,46.923,89.3942,-37.0332,-83.5035,-37.0399,-53.1018,505,148.395,-55.363,64.4466,23.1074,9.80289,3.50474,2.97144,37.6118,-57.6596,58.9064,25.001,46.923,9.1953,3.1013,2.4849,46.857,0,-57.6596,58.9064,25.001,9.1953,3.1013,2.4849,design_969,-30.401700000000005,0.07280000000000086,25.645999999999987,-46.4636,0.0,-5.143000000000001,-51.60654,-818.4299999999994,5.540200000000006,0.6075900000000001,-1.8936000000000028,0.48653999999999975,Left,0.17268001974321648,0.6952999999999996,1.3028899999999997,0.6075900000000001,0.7001000000000002,0.5107399999999999,0.1893600000000003,0.5889472610221304,0.6443649996599035,0.055417738637773106,0.41415,0.49523999999999996,0.08108999999999994,0.6439483919971575
LLLLAVLTFLLALLISLLILI,103300300220020033022,000011011001101100000,LL--AV-TF--AL-IS--I--,1728050000.0,366.772,-369.051,-2.27864,-74.3107,-74.2561,-74.2561,-74.3107,-216.538,-218.1,-216.534,-242.776,-373.671,4512.57,3686.47,3643.17,43.6652,0.000626172,-4.67333,4.66887,41.3866,-78.202,-85.9883,-78.2128,-56.5846,500,276.595,-58.9976,54.2531,16.7507,9.46309,2.67382,1.98761,-1.59135,-59.9546,50.6779,16.3536,4.66887,9.48315,2.33471,1.59488,4.62037,1,-62.4072,46.8615,19.8661,8.7128,2.18738,1.3903,design_1583,-29.403699999999994,0.05459999999999354,24.676000000000016,-7.775499999999994,0.0,-1.5660000000000025,-9.3422,-826.0999999999999,7.391600000000004,0.7502899999999997,-3.115400000000001,0.59731,Left,0.16920667613203583,0.21279999999999966,0.9630899999999993,0.7502899999999997,0.18660999999999994,-0.12493000000000017,0.3115400000000001,0.468464043788436,0.5424010418958986,0.07393699810746257,0.23171666666666668,0.33126833333333333,0.09955166666666665,0.8218086576115231
LLLLLFLLAVLYTLLSILILI,103300210030021003022,000011001101100110000,LL--LF-LAV-YT-LSI-I--,1727980000.0,361.837,-365.201,-3.36386,-74.2109,-74.1471,-74.1471,-74.2109,-221.576,-222.02,-221.576,-248.804,-369.563,4587.72,3777.16,3646.86,45.9023,0.000429125,-4.6661,4.41943,42.5384,-69.414,-78.0624,-69.4208,-46.5479,515,103.966,-53.2912,78.7576,20.2797,9.52238,5.12596,4.80732,-2.60522,-52.8774,79.1444,21.8104,4.41943,9.35669,5.1161,4.80326,4.36174,1,-52.7055,76.4898,21.5821,9.2885,4.73195,4.3793,design_162,-31.514499999999998,0.06380000000000052,26.783999999999992,-8.641599999999997,0.0,-0.4440000000000168,-9.08553,-810.5600000000004,2.267799999999994,0.2338799999999992,-1.3024000000000022,0.42802000000000007,Left,0.30552627249294656,0.7885000000000009,1.02238,0.2338799999999992,0.35821000000000003,0.22796999999999984,0.1302400000000002,0.7648312120642262,0.7875156544458626,0.02268444238163636,0.7298833333333333,0.8012199999999999,0.0713366666666666,0.27796729292720135
LLLLVLLIALLFLLTSLLILI,103300300230020023022,000011011001101100000,LL--VL-IA--FL-TS--I--,1728000000.0,375.817,90.5835,466.401,-77.806,-74.121,-77.7526,-74.3196,-216.231,-217.954,-216.231,-245.65,-379.35,4558.59,3644.46,3574.15,41.3623,0.000923933,-4.64985,469.981,507.763,384.62,-91.925,384.614,-59.3808,482,193.783,-57.9684,48.5578,17.927,9.1077,1.75057,0.978933,191.036,-59.2101,43.1626,22.4036,469.981,8.5,1.20846,0.3559,469.934,0,-59.2101,43.1626,22.4036,8.5,1.20846,0.3559,design_558,-32.5442,0.198599999999999,27.695999999999998,-476.539,3.631600000000006,-1.7230000000000132,-474.63085,-914.1300000000001,5.395200000000003,0.6076999999999995,-4.476600000000001,0.6230330000000001,Left,0.028877500655060433,0.0,0.6076999999999995,0.6076999999999995,0.4403600000000001,-0.00730000000000004,0.4476600000000001,0.4314645359282036,0.48543186264899235,0.053967326720788744,0.05931666666666666,0.1631555,0.10383883333333335,0.7638021610740674
LLLLLALITLLTVLFSLLILI,103300200220030033022,000011011001101100000,LL--LA-IT--TV-FS--I--,1728000000.0,369.937,-376.153,-6.2162,-80.2271,-79.9965,-80.2234,-88.088,-220.665,-225.222,-220.663,-245.202,-385.549,4468.66,3655.71,3634.64,48.2425,0.000289003,-4.63417,9.39474,42.0263,-75.2615,-84.965,-75.268,-52.2592,462,302.327,-58.0431,73.752,16.5318,9.644,5.16297,4.76925,-0.91081,-59.8527,67.3082,16.9288,9.39474,9.56835,4.56451,4.07414,9.39563,3,-63.0512,56.1168,20.5938,9.1177,3.53345,2.8752,design_506,-32.7058,8.091499999999996,19.97999999999999,-9.697000000000003,0.22690000000000055,-4.5589999999999975,-14.02891,-812.9499999999998,17.635199999999998,0.5263000000000009,-4.062000000000001,1.8940500000000005,Left,0.44812835528039635,0.6176999999999992,1.1440000000000001,0.5263000000000009,0.25938000000000017,-0.14681999999999995,0.4062000000000001,0.5610433363075114,0.7374454345033989,0.1764020981958876,0.4792,0.7948750000000001,0.3156750000000001,0.7568081235510838
LLLLIALLSVLFTLLLYLILI,103300320020031003012,000011001101100110000,LL--IA--SV-FT-LLY-IL-,1728050000.0,367.356,9917.85,10285.2,-73.7512,-74.3107,-73.7333,-74.3286,-217.659,-224.526,-217.657,-248.693,-370.863,4550.17,3820.94,3633.3,45.9023,0.000429125,-4.54718,10288.7,10331.1,10209.3,-76.573,10209.3,-47.8415,475,51.0312,-50.8674,78.8337,23.9647,9.68339,4.77265,4.45516,707.488,-47.2897,78.0956,26.2853,10288.7,9.0922,4.13637,3.8078,10288.7,0,-47.2897,78.0956,26.2853,9.0922,4.13637,3.8078,design_1534,-28.73149999999999,0.017899999999997362,24.167,-10285.873,-0.5773999999999972,-6.869,-10293.24718,-729.23,0.7380999999999887,0.5911899999999992,-2.320599999999999,0.6473600000000004,Left,0.30552627249294656,0.5922000000000001,1.1833899999999993,0.5911899999999992,0.82853,0.5964700000000001,0.23205999999999993,0.7808937738317683,0.7882768706312592,0.007383096799490896,0.6346333333333333,0.7425266666666667,0.1078933333333334,0.644246025363081
LLLAALLYVLTLLLFSLLILI,13002300200230021032,000110011011001100000,LL-AA--YV-TL--FS-LI--,1728040000.0,354.105,-365.391,-11.2858,-74.1951,-67.0758,-74.1766,-74.1951,-221.529,-220.899,-221.517,-246.55,-364.701,4587.62,3753.51,3671.65,49.0167,0.000253574,-4.54354,-0.67102,37.731,-69.6674,-81.269,-69.6785,-43.9557,491,148.395,-105.017,23.2944,24.3673,9.6458,5.39733,4.24675,-4.12868,-104.425,24.5968,25.0886,-0.67102,9.5,5.48425,4.3532,-0.690411,0,-104.425,24.5968,25.0886,9.5,5.48425,4.3532,design_1062,-37.313300000000005,7.1192999999999955,25.65100000000001,-11.590500000000006,7.1007999999999925,0.617999999999995,-3.87252,-834.1099999999997,-1.3024000000000022,0.14579999999999949,-0.7212999999999994,-0.1064500000000006,Left,0.49530489253962356,1.0,1.1457999999999995,0.14579999999999949,0.7088599999999999,0.63673,0.07212999999999992,0.24575379407751805,0.23272609421075585,0.013027699866762193,0.7255333333333334,0.7077916666666666,0.017741666666666767,0.16414890983472716
LLLLLFLLAVLLTLLSILILI,103300310020031003022,000011001101100110000,LL--LF-LAV-LT-LSI-I--,1728040000.0,376.474,-374.275,2.19929,-74.2109,-74.158,-74.158,-74.2109,-222.905,-223.034,-222.904,-245.939,-382.466,4583.52,3791.94,3759.02,41.3623,0.000923933,-4.53186,8.23838,43.5616,-77.1594,-89.8063,-77.1656,-62.3164,490,124.21,-55.9364,69.226,22.9814,9.65551,4.23598,3.77437,-0.312359,-55.3802,67.9612,25.0956,8.23838,9.74147,3.98179,3.50121,8.19099,3,-54.9139,64.8901,28.0,9.3875,3.49725,2.9706,design_1084,-27.48989999999999,0.05289999999999395,22.905,-12.640699999999995,0.0,-0.12999999999999545,-12.77024,-791.5800000000004,4.335899999999995,0.2680100000000003,-5.018599999999999,0.8037699999999997,Left,0.028877500655060433,0.8874999999999993,1.1555099999999996,0.2680100000000003,1.0,0.4981400000000001,0.50186,0.6488012595577144,0.6921725770118713,0.0433713174541569,0.49510000000000004,0.6290616666666666,0.1339616666666666,0.5861054674833024
LLLLYVLLFTLALLLSILILI,103300320030021003012,000011001101100110000,LL--YV--FT-AL-LSI-IL-,1728060000.0,362.336,-365.642,-3.30635,-74.2177,-74.2233,-74.1628,-74.2781,-219.11,-219.11,-219.109,-248.27,-368.115,4541.23,3649.45,3597.71,45.9023,0.000429125,-4.52953,2.52171,42.5959,-72.3143,-79.3114,-72.3213,-45.5664,494,66.6396,-51.5629,78.0827,19.8937,9.44941,4.77559,4.44683,-2.63463,-49.8761,78.8552,18.595,2.52171,9.62908,4.62686,4.30969,2.47273,4,-45.0276,82.9311,24.7723,9.3884,4.44983,4.1938,design_1732,-33.745000000000005,0.05480000000000018,29.159999999999997,-6.990100000000012,-0.06049999999999045,-0.0010000000000047748,-7.05124,-891.7799999999997,-4.848399999999998,0.061009999999999565,-4.878600000000002,0.25302999999999987,Left,0.30552627249294656,0.8884000000000007,0.9494100000000003,0.061009999999999565,0.6772300000000001,0.1893699999999999,0.4878600000000002,0.829262510552997,0.7807647371853607,0.04849777336763639,0.6989666666666667,0.7411383333333333,0.04217166666666661,0.4958428008865947
LLLLLLLTFLLATLVILLILI,103300200330020023022,000011011001101100000,LL--LL-TF--AT-VI--I--,1728050000.0,375.119,-372.544,2.57565,-72.5478,-72.5688,-72.4824,-72.7015,-221.309,-223.381,-221.309,-246.717,-382.552,4526.17,3695.27,3685.3,46.0625,0.000417668,-4.51921,10.0672,48.6381,-78.6868,-91.1213,-78.6933,-63.133,496,29.9257,-53.8914,86.4525,27.0446,9.72456,6.2548,6.05158,-0.48338,-53.5175,85.0198,28.0086,10.0672,9.57574,6.00531,5.7806,10.0082,1,-50.6236,84.9697,28.0,9.5,5.56445,5.339,design_1537,-27.988300000000002,0.13269999999999982,23.336000000000013,-12.428000000000011,-0.08639999999999759,-2.0720000000000027,-14.58641,-830.9000000000001,1.4827999999999975,0.22456000000000031,-0.9554000000000009,0.71258,Left,0.3152881961159488,1.0,1.2245600000000003,0.22456000000000031,1.0,0.9044599999999999,0.09554000000000007,0.8496543018217174,0.8644865141700243,0.014832212348306895,0.8898333333333334,1.0085966666666668,0.11876333333333344,0.27180840507164217
LLLYALLFILVLLLTSLLILI,13002300200320021032,000110011011001100000,LL-YA--FI-VL--TS-LI--,1728000000.0,361.87,-369.965,-8.09504,-74.0583,-74.0995,-74.053,-74.2416,-230.244,-230.6,-230.239,-254.022,-370.608,4662.96,3950.0,3826.76,45.9023,0.000429125,-4.51093,0.647406,37.8072,-65.6626,-70.4195,-65.6694,-42.3448,468,124.21,-105.988,21.8691,24.9025,9.75885,5.35048,4.17852,-2.60051,-104.02,23.6308,26.8871,0.647406,9.71883,5.29315,4.14761,0.643828,2,-100.847,22.1278,18.4789,9.3388,4.61428,3.4462,design_520,-28.0747,0.14209999999999923,23.421999999999997,-4.750100000000003,-0.04650000000000887,-0.36099999999999,-5.158336,-712.96,-0.25870000000000104,0.4200499999999998,6.4236,0.7323199999999996,Left,0.30552627249294656,0.8388000000000009,1.2588500000000007,0.4200499999999998,0.047889999999999947,0.69025,0.64236,0.22105678012555566,0.2184690452088393,0.00258773491671635,0.5743666666666667,0.6964199999999999,0.12205333333333324,0.7771564093860237
LLLLALLVLLLSILFTLLILI,113300300210030022021,000011011001101100000,LL--AL-VL-LSI-FT--I-I,1728010000.0,381.411,-385.841,-4.4309,-74.2027,-74.0656,-74.1972,-74.2701,-226.697,-226.563,-226.694,-246.608,-384.351,4553.65,3929.07,3811.85,41.3623,0.000923933,-4.50499,-1.48811,36.9314,-84.9417,-88.2271,-84.9475,-63.4732,479,87.0218,-103.239,11.1054,32.2255,9.38168,3.48511,2.15169,-3.36906,-102.444,11.7054,32.5235,-1.48811,9.3009,3.44684,2.12242,-1.49051,4,-97.11,13.0007,26.835,9.5,2.82159,1.5166,design_751,-24.753899999999994,0.2044999999999959,20.045000000000016,-3.279599999999988,0.13159999999999172,0.13100000000000023,-3.0168800000000005,-624.5799999999995,-1.8953000000000007,-0.11832000000000065,5.390499999999996,0.6350899999999999,Left,0.028877500655060433,1.0,0.8816799999999994,0.11832000000000065,0.8835000000000001,1.4225499999999998,0.5390499999999997,0.1297598517979106,0.11080146761680318,0.01895838418110743,0.25276666666666664,0.35861499999999996,0.10584833333333332,0.5622613403927063
LLLLWVLLFILATLLSLLILI,103300210020031003022,000011001101100110000,LL--WV-LFI-AT-LSL-I--,1728010000.0,373.088,-375.69,-2.60197,-74.1761,-74.1214,-74.1214,-74.1761,-221.922,-220.25,-221.919,-250.01,-379.704,4533.98,3677.62,3660.95,49.2152,0.000245214,-4.44434,4.06303,46.6132,-79.5922,-89.777,-79.6001,-55.5173,493,72.839,-59.8167,58.6721,16.865,9.6683,3.39324,2.77332,-4.70762,-59.2256,60.8571,18.0467,4.06303,9.5,3.59954,3.0124,4.01379,0,-59.2256,60.8571,18.0467,9.5,3.59954,3.0124,design_648,-34.2597,0.05470000000001107,29.75999999999999,-10.176900000000003,0.0,1.6690000000000111,-8.507370000000002,-856.3599999999997,-2.1850000000000023,0.16830000000000034,-1.1817000000000029,-0.23907999999999996,Left,0.5074006593259278,1.0,1.1683000000000003,0.16830000000000034,0.00467000000000013,-0.11350000000000016,0.11817000000000029,0.608459802583934,0.5866035954210996,0.021856207162834318,0.5020666666666667,0.46222,0.03984666666666664,0.21060505581773042
LLLLAVLLATLLLLLSFLILI,103300310020021003022,000011001101100110000,LL--AV-LAT-LL-LSF-I--,1728070000.0,368.073,-370.631,-2.55786,-74.1644,-74.1697,-74.1092,-74.2781,-217.372,-218.356,-217.367,-242.973,-377.426,4505.62,3731.61,3717.03,44.4768,0.00054596,-4.43947,6.84414,41.9189,-79.0945,-89.3397,-79.1055,-60.1748,481,113.638,-58.8507,68.8265,15.5725,9.48814,4.61919,4.15159,0.614085,-61.1133,63.0133,14.9628,6.84414,9.52552,4.17379,3.61899,6.7953,1,-61.161,61.4937,18.0,8.8181,3.97579,3.3982,design_1831,-29.164899999999996,0.10839999999998895,24.61700000000002,-10.234199999999987,-0.06050000000000466,-0.9890000000000043,-11.28361,-774.0099999999998,7.332799999999999,0.6700400000000002,-2.4275,0.7533899999999996,Left,0.21866221428701998,0.3180999999999994,0.9881399999999996,0.6700400000000002,0.0,-0.24275000000000002,0.24275000000000002,0.6148276110415358,0.6881764421095591,0.07334883106802326,0.5663666666666667,0.6919316666666666,0.12556499999999993,0.7273429619815164
LLLLAVLILLLSLLFTLLILI,13300300210020032031,000011011001101100000,LL--AV-IL-LSL-FT--I-I,1727980000.0,381.407,-339.934,41.4733,-74.1987,-74.2069,-74.2007,-74.2723,-220.991,-223.437,-220.987,-247.073,-383.972,4573.18,3802.63,3797.37,41.3623,0.000923933,-4.42751,44.0338,82.8355,-44.7441,-90.7553,-44.75,-62.6268,480,95.1175,-97.661,39.136,26.394,9.33196,6.43251,5.51955,35.0601,-93.3402,39.0225,24.3747,44.0338,9.4761,5.76906,4.8544,44.0376,0,-93.3402,39.0225,24.3747,9.4761,5.76906,4.8544,design_72,-28.128500000000003,0.0653999999999968,23.635999999999996,-46.005300000000005,-0.006200000000006867,-2.450000000000017,-48.46131,-770.5500000000002,0.11350000000000193,-0.14414000000000016,2.0192999999999977,0.6651499999999997,Left,0.028877500655060433,0.9761000000000006,0.8319600000000005,0.14414000000000016,0.6374700000000001,0.8393999999999998,0.20192999999999972,0.390051774704016,0.3911870971355866,0.0011353224315706067,0.8090666666666667,0.919925,0.11085833333333328,0.2717405445024132
LLLLYVLLFLLATLLSILILI,103300210030021003022,000011001101100110000,LL--YV-LFL-AT-LSI-I--,1727980000.0,362.212,-361.408,0.803992,-74.1783,-74.1235,-74.1235,-74.1783,-217.261,-220.316,-217.26,-246.633,-367.39,4567.63,3735.97,3644.33,45.9023,0.000429125,-4.39315,6.03038,46.7063,-69.9687,-77.3429,-69.9757,-46.5787,487,79.6152,-52.8774,79.1444,21.8104,9.35669,5.1161,4.80326,-1.28095,-52.7055,76.4898,21.5821,6.03038,9.2885,4.73195,4.3793,5.98141,0,-52.7055,76.4898,21.5821,9.2885,4.73195,4.3793,design_162,-30.764200000000002,0.05479999999998597,26.317000000000007,-7.367199999999997,0.0,-3.0560000000000116,-10.42353,-831.6600000000003,2.654600000000002,0.06818999999999953,0.22830000000000084,0.4239600000000001,Left,0.30552627249294656,0.7885000000000009,0.8566900000000004,0.06818999999999953,0.35821000000000003,0.38104000000000016,0.022830000000000128,0.7648312120642262,0.7913847532699287,0.026553541205702524,0.7298833333333333,0.8005433333333333,0.07065999999999995,0.10425454978351245
LLLLLLLVALLITLFSLLILI,103300200230030023012,000011011001101100000,LL--LL-VA--IT-FS--IL-,1728050000.0,374.206,-377.821,-3.61577,-74.1783,-66.8709,-74.1179,-74.1783,-220.113,-222.305,-220.113,-245.454,-383.849,4533.18,3706.47,3687.51,41.3623,0.000923933,-4.36734,6.08213,37.7465,-83.5299,-99.0402,-83.5356,-64.2165,471,471.669,-54.5641,54.8163,18.5266,9.64355,2.08481,1.40706,1.27967,-53.6205,53.1972,18.289,6.08213,10.0122,1.7247,1.02266,6.02727,2,-48.2707,56.5453,23.404,9.3829,1.37422,0.7224,design_1337,-34.8237,7.307399999999987,23.149,-15.504599999999996,7.247,-2.1920000000000073,-10.449470000000002,-826.7100000000005,-1.7289999999999992,0.26065000000000005,-4.8774000000000015,0.6846599999999999,Left,0.028877500655060433,0.8828999999999994,1.1435499999999994,0.26065000000000005,0.5404,0.05265999999999984,0.4877400000000002,0.5653295535932205,0.5480346418382821,0.017294911754938358,0.12040000000000001,0.23451,0.11410999999999999,0.5649326828681549
LLLYLLLFVLTALLLSLLILI,13002200200320031032,000110011011001100000,LL-YL--FV-TA--LS-LI--,1728030000.0,365.071,-368.549,-3.47818,-74.1986,-74.1805,-74.134,-74.2121,-223.414,-222.952,-223.412,-252.983,-373.874,4645.24,3828.45,3844.83,46.7138,0.000374154,-4.36138,5.38435,43.2356,-70.9362,-81.1027,-70.9432,-46.6792,496,39.0787,-103.342,26.2467,24.2554,9.44529,5.54467,4.43837,0.259069,-103.874,23.7068,24.0729,5.38435,9.83687,5.28153,4.13713,5.32466,3,-98.208,28.486,18.0,8.9124,5.07681,4.0041,design_1017,-34.4235,0.03160000000001162,30.031000000000006,-10.159499999999994,-0.04649999999999466,0.46000000000000796,-9.74573,-816.79,-2.2393,0.5328900000000001,6.255400000000002,0.4342699999999997,Left,0.35497571706264813,0.4123999999999999,0.94529,0.5328900000000001,0.0,0.6255400000000002,0.6255400000000002,0.2846568425432823,0.2622574811246394,0.02239936141864285,0.66735,0.7397283333333333,0.07237833333333332,0.8252347534054019
LLLLIALLTLLVALLSFLILI,101300220020033003102,000011001101100110000,LLL-IA--TL-VA--SF-IL-,1727990000.0,363.982,-363.946,0.0357241,-74.3636,-64.4334,-74.3006,-74.3636,-216.436,-218.967,-216.434,-241.923,-372.441,4503.16,3760.99,3638.42,43.6652,0.000626172,-4.34801,8.54939,43.701,-73.1466,-93.3888,-73.1569,-56.1545,469,177.29,-6.50941,99.9378,20.5911,8.96571,0.968018,0.967086,3.10949,-3.96769,99.3827,21.1164,8.54939,9.3927,0.511815,0.502555,8.49488,1,-2.1739,98.4581,19.6299,9.2379,0.117928,0.0948,design_313,-37.234300000000005,9.9302,22.95599999999999,-20.23190000000001,9.867199999999997,-2.5330000000000155,-12.897400000000001,-742.1700000000001,1.479699999999994,-0.27219000000000015,0.9612000000000016,0.872286,Left,0.16920667613203583,0.7378999999999998,0.4657099999999996,0.27219000000000015,0.1629899999999999,0.25911000000000006,0.09612000000000015,0.9845766197600119,0.9993778233018177,0.014801203541805807,0.015799999999999998,0.161181,0.14538099999999998,0.3235446820568777
LLLLVILLALLLTLLSFLILI,103300310020021003022,000011001101100110000,LL--VI-LAL-LT-LSF-I--,1727990000.0,374.067,-382.045,-7.9782,-74.1783,-74.1232,-74.1232,-74.1783,-229.282,-229.111,-229.282,-246.038,-384.967,4526.18,3875.01,3758.91,41.3623,0.000923933,-4.33526,2.97056,33.3841,-78.5852,-86.0679,-78.5912,-64.7509,485,330.452,-55.8766,76.1858,23.4996,9.78548,5.16658,4.80937,-4.79282,-53.5039,78.5958,25.2583,2.97056,9.69077,5.13602,4.81496,2.9216,3,-49.9452,71.2181,28.0,9.4728,3.60623,3.1745,design_455,-21.316999999999993,0.05509999999999593,16.92700000000002,-7.476699999999994,0.0,0.1710000000000207,-7.30582,-651.1700000000001,4.967699999999994,0.3126800000000003,-4.500399999999999,1.6348700000000003,Left,0.028877500655060433,0.9727999999999994,1.2854799999999997,0.3126800000000003,1.0,0.5499600000000001,0.4500399999999999,0.712099236183076,0.7617903484589623,0.049691112275886296,0.5290833333333333,0.8015616666666667,0.2724783333333334,0.6140182674606074
LLLLLALTLLLTVLFILLILI,103300300230020023022,000011011001101100000,LL--LA-TL--TV-FI--I--,1728030000.0,371.864,-377.464,-5.59947,-72.6225,-72.6297,-72.6137,-72.7433,-228.983,-229.835,-228.981,-247.083,-380.82,4570.54,3908.04,3853.33,46.0625,0.000417668,-4.33365,3.3596,40.463,-75.8583,-82.6887,-75.8648,-60.9934,495,253.054,-71.2562,41.8112,31.9332,10.5574,2.83294,1.96011,-1.08179,-69.7732,42.5074,33.8352,3.3596,9.97492,2.70448,1.84209,3.35569,1,-65.6006,39.6154,28.0,8.7601,1.68817,0.7824,design_1049,-21.695299999999996,0.11360000000000525,17.24799999999999,-6.823899999999995,-0.016000000000005343,-0.8540000000000134,-7.693249999999999,-662.5,2.1957999999999984,1.7973,3.9331999999999994,1.17771,Left,0.3152881961159488,0.26009999999999955,2.0573999999999995,1.7973,1.0,1.39332,0.3933199999999999,0.39598245901836127,0.41794669686190883,0.021964237843547563,0.1304,0.326685,0.19628500000000002,1.8504048587725466
LLLLVALLLTLFLLLAILILI,102300320030023003102,000011001101100110000,LL--VA--LT-FL--AI-IL-,1728040000.0,369.956,-360.734,9.22239,-58.9097,-51.7751,-58.8499,-58.9702,-214.683,-214.656,-214.68,-244.57,-368.885,4539.48,3608.33,3588.21,41.4852,0.000904948,-4.28594,8.20377,50.7076,-87.1407,-106.739,-87.1511,-65.3445,508,20.966,-12.9489,91.4175,19.5596,8.93307,0.783692,0.654955,-1.57521,-15.9055,89.1159,17.5571,8.20377,9.00034,0.916469,0.753208,8.15128,1,-17.3153,89.01,18.0,8.8015,1.11365,0.9488,design_1279,-41.39450000000001,7.1950999999999965,29.913999999999987,-19.587900000000005,7.074799999999996,0.02400000000000091,-12.48971,-931.1499999999996,2.407499999999999,0.13156999999999996,1.5595999999999997,-0.293845,Left,0.03636651696758832,0.30150000000000077,0.43307000000000073,0.13156999999999996,0.0,0.15595999999999996,0.15595999999999996,0.8900687795333875,0.9141506187757323,0.02408183924234486,0.15813333333333332,0.10915916666666665,0.048974166666666666,0.21121692754603869
LLLLFLLLLTLAVLLSILILI,103300310020021003022,000011001101100110000,LL--FL-LLT-AV-LSI-I--,1728040000.0,376.712,-356.854,19.8575,-74.2548,-74.2605,-74.2,-74.3153,-212.435,-217.631,-212.433,-246.452,-382.348,4581.15,3698.63,3603.23,41.3623,0.000923933,-4.28461,25.5439,61.2198,-70.1646,-94.7405,-70.1704,-61.5801,478,51.0312,-58.9317,71.2573,15.0366,9.60965,4.95949,4.52835,12.9305,-60.0532,66.5601,18.0145,25.5439,9.4128,4.4936,3.992,25.4937,0,-60.0532,66.5601,18.0145,9.4128,4.4936,3.992,design_1068,-33.160399999999996,0.05480000000000018,28.820999999999998,-24.570099999999996,-0.06049999999999045,-5.1980000000000075,-29.82851,-882.5199999999995,4.697199999999995,0.19684999999999953,-2.9779000000000018,0.5363499999999997,Left,0.028877500655060433,0.9128000000000007,1.1096500000000002,0.19684999999999953,0.0014500000000001734,-0.29634,0.29779000000000017,0.6655060037050523,0.7124913475427022,0.04698534383764985,0.6653333333333333,0.754725,0.08939166666666665,0.3709815348571766
LLLLVLLLYILATLLSFLILI,103300310030021003022,000011001101100110000,LL--VL-LYI-AT-LSF-I--,1728060000.0,358.947,-353.207,5.74015,-74.1761,-74.1113,-74.1113,-74.1761,-220.424,-223.443,-220.424,-248.539,-368.06,4554.68,3837.54,3679.94,45.9023,0.000429125,-4.28002,14.9108,51.6424,-58.6069,-74.7853,-58.6139,-45.3441,485,253.054,-52.7606,75.5041,22.6859,9.35249,4.60714,4.2397,2.3049,-53.8143,70.7317,24.318,14.9108,9.2808,4.12092,3.6819,14.853,0,-53.8143,70.7317,24.318,9.2808,4.12092,3.6819,design_1670,-29.44120000000001,0.0648000000000053,25.095999999999975,-16.171400000000006,0.0,-3.0190000000000055,-19.190820000000002,-717.1400000000003,4.77239999999999,0.07169000000000025,-1.6321000000000012,0.5577999999999999,Left,0.30552627249294656,0.7807999999999993,0.8524899999999995,0.07169000000000025,0.6318000000000001,0.46859,0.16321000000000013,0.7072338544146538,0.7549714118809742,0.04773755746632036,0.61365,0.7066166666666667,0.09296666666666664,0.20663648202570964
LLLLLALITLLLVLFSLLILI,103300200220030033022,000011011001101100000,LL--LA-IT--LV-FS--I--,1728030000.0,374.937,-369.059,5.87716,-63.0336,-67.0832,-63.0282,-74.3379,-221.364,-228.261,-221.361,-244.984,-383.964,4509.77,3801.65,3719.31,41.3623,0.000923933,-4.23291,14.9062,47.2394,-84.6622,-92.8524,-84.6683,-64.6422,467,361.194,-58.3664,61.5712,24.1278,10.0785,3.56707,2.99064,2.31224,-58.3811,55.6055,24.115,14.9062,10.0545,2.76391,2.09799,14.9043,2,-61.7762,50.1165,27.5734,9.4171,2.53215,1.7839,design_979,-28.2102,7.2547,16.723000000000013,-8.1841,-4.055000000000007,-6.900000000000006,-19.139110000000002,-708.1200000000003,11.454699999999995,0.6614000000000004,-3.445599999999999,1.20674,Left,0.028877500655060433,0.9170999999999996,1.5785,0.6614000000000004,0.95734,0.6127800000000001,0.34455999999999987,0.5010232906145345,0.615602831204062,0.11457954058952746,0.2973166666666667,0.49844,0.20112333333333332,0.7808653020417917
LLLLLFLVLLLTALISLLILI,103300300320020023022,000011011001101100000,LL--LF-VL--TA-IS--I--,1728040000.0,375.954,-372.503,3.45116,-68.5878,-67.0524,-68.5345,-74.335,-219.674,-220.597,-219.673,-245.199,-381.407,4545.29,3705.79,3674.18,41.3623,0.000923933,-4.23226,8.95152,44.8134,-84.2412,-97.9896,-84.2479,-61.8726,491,177.29,-57.7339,50.9266,19.4371,9.67941,2.03517,1.29907,-1.42623,-59.3845,47.7865,19.3272,8.95152,9.61192,1.85886,1.07565,8.90425,1,-60.2062,44.9178,21.5124,9.5,1.59483,0.7686,design_1143,-36.117,7.282599999999988,24.602000000000004,-13.741699999999994,1.4820999999999884,-0.9240000000000066,-13.18378,-839.5,6.008800000000001,0.17941000000000074,-2.0752999999999986,0.53047,Left,0.028877500655060433,1.0,1.1794100000000007,0.17941000000000074,0.35123999999999994,0.1437100000000001,0.20752999999999985,0.4490215221122799,0.5091265919521144,0.06010506983983449,0.1281,0.21651166666666666,0.08841166666666667,0.29442467835293523
LLLVALLLLLFTLLASLLILI,13002200300230021032,000110011011001100000,LL-VA--LL-FT--AS-LI--,1727990000.0,372.344,-365.841,6.50291,-63.2627,-67.0032,-63.207,-74.2722,-215.12,-213.455,-215.115,-242.58,-378.703,4520.71,3692.29,3652.58,44.4768,0.00054596,-4.23157,12.9112,50.9797,-87.4587,-102.477,-87.4696,-61.8514,484,193.783,-110.219,7.60328,23.9986,8.776,4.05925,2.6733,7.26032,-112.035,7.0216,25.6894,12.9112,8.8215,4.25318,2.8585,12.8618,0,-112.035,7.0216,25.6894,8.8215,4.25318,2.8585,design_301,-40.625600000000006,7.268999999999991,29.125,-15.007400000000004,-3.796200000000006,1.6599999999999966,-17.14277,-828.4200000000001,0.5816799999999995,-0.04550000000000054,-1.6907999999999994,-0.18520000000000003,Left,0.21866221428701998,0.32150000000000034,0.2759999999999998,0.04550000000000054,0.76894,0.59986,0.16908,0.06995186633003773,0.07577031877053082,0.005818452440493088,0.47641666666666665,0.44554999999999995,0.03086666666666671,0.17789013997384298
LLLLALLTVLLSLLFILLILI,13002200200330032021,000110011011001100000,LL-LA--TV-LS--FI--I-I,1728070000.0,381.079,-381.262,-0.183583,-74.3825,-74.3772,-74.3772,-74.3825,-222.17,-224.412,-222.167,-246.574,-385.039,4550.29,3836.97,3765.25,41.3623,0.000923933,-4.21766,3.78001,41.1787,-84.7093,-90.4676,-84.7152,-64.0833,477,79.6152,-99.5802,33.587,28.447,9.2859,5.97127,4.97508,1.11784,-98.741,31.3873,27.8636,3.78001,9.36095,5.54844,4.51925,3.777,1,-95.9088,32.7332,24.4087,9.3555,5.3053,4.2963,design_1880,-26.38430000000001,0.005299999999991201,22.162000000000006,-5.752400000000009,0.0,-2.2450000000000045,-7.99767,-713.3200000000002,0.8538000000000068,-0.06959999999999944,4.0383,0.6787800000000006,Left,0.028877500655060433,0.8554999999999993,0.7858999999999998,0.06959999999999944,0.6408699999999999,1.0447,0.40383,0.3271409080178771,0.3356813334987137,0.008540425480836611,0.71605,0.82918,0.11313000000000006,0.4251989706800732
LLLVALLLILTFLLASLLILI,13002300200220031032,000110011011001100000,LL-VA--LI-TF--AS-LI--,1728050000.0,368.693,-372.554,-3.86104,-74.2473,-74.1935,-74.1935,-74.2473,-218.234,-221.195,-218.23,-242.596,-375.936,4506.71,3677.12,3737.8,43.6652,0.000626172,-4.18806,3.4299,39.8042,-80.0723,-84.736,-80.0831,-59.0926,498,302.327,-111.779,5.95379,22.801,9.43388,4.07067,2.65997,-0.995705,-112.614,1.61209,22.5473,3.4299,9.59669,3.60975,2.13393,3.38241,2,-110.909,1.6033,19.6609,9.5,3.35285,1.8769,design_1505,-25.643400000000007,0.05379999999999541,21.40100000000001,-4.6529000000000025,0.0,-2.9650000000000034,-7.61796,-829.5900000000001,4.35049,-0.06611999999999973,3.140099999999997,0.7830699999999999,Left,0.16920667613203583,1.0,0.9338800000000003,0.06611999999999973,0.16609000000000015,0.48009999999999986,0.3140099999999997,0.0157534739866122,0.05927073288814023,0.04351725890152803,0.3128166666666667,0.4433283333333333,0.13051166666666664,0.34914349694418406
LLLLLALLSVLYTLLFILILI,103300310020031003022,000011001101100110000,LL--LA-LSV-YT-LFI-I--,1728000000.0,368.532,-365.299,3.23261,-74.3286,-74.3122,-74.3122,-74.3286,-226.617,-227.366,-226.615,-248.824,-371.647,4568.83,3715.34,3635.38,45.9023,0.000429125,-4.15967,6.35957,49.1349,-64.3541,-74.1286,-64.3611,-48.4946,480,177.29,-52.0721,76.9442,25.0442,9.61868,4.69828,4.35245,8.11869,-53.9574,73.0659,25.6883,6.35957,9.54739,4.4575,4.05348,6.34817,1,-53.2403,69.659,27.0707,8.9688,3.89001,3.4349,design_521,-25.634000000000007,0.0163999999999902,21.458,-9.767500000000013,0.0,-0.7510000000000048,-10.51924,-853.4899999999998,7.285199999999989,0.6498799999999996,-2.0264999999999986,0.9175500000000003,Left,0.30552627249294656,0.4687999999999999,1.1186799999999995,0.6498799999999996,0.9070699999999998,0.70442,0.20264999999999977,0.6965038070812111,0.7693765029268311,0.07287269584562006,0.5724833333333333,0.7254083333333333,0.15292499999999998,0.7015037578835964
LLLLIVLTYLLALLFLLLILI,103300200220030033022,000011011001101100000,LL--IV-TY--AL-FL--I--,1728020000.0,362.005,-173.396,188.609,-58.9247,-58.9138,-58.8518,-58.9348,-220.189,-219.95,-220.189,-250.439,-363.005,4642.8,3732.88,3641.83,43.7222,0.000620174,-4.15777,189.675,232.331,105.718,-88.2997,105.711,-53.6314,471,276.595,-57.8851,49.2248,21.8005,9.63223,1.82811,1.06648,188.606,-61.2762,45.1218,26.8432,189.675,9.2269,1.78287,0.9597,189.609,0,-61.2762,45.1218,26.8432,9.2269,1.78287,0.9597,design_834,-34.6683,0.021000000000000796,30.489000000000004,-194.01069999999999,-0.06200000000000472,0.23900000000000432,-193.83277,-909.9200000000001,4.1030000000000015,0.4053299999999993,-5.0427,0.1067800000000001,Left,0.17268001974321648,0.7269000000000005,1.1322299999999998,0.4053299999999993,0.88432,0.38004999999999994,0.50427,0.45106210163686494,0.4921037574671207,0.04104165583025576,0.15995,0.1777466666666667,0.017796666666666683,0.648522768033423
LLLLVLLILLLFALTSLLILI,103300200220030033022,000011011001101100000,LL--VL-IL--FA-TS--I--,1727980000.0,376.482,-373.831,2.6515,-74.3242,-74.2706,-74.2706,-74.3824,-223.167,-222.653,-223.167,-246.189,-381.715,4549.99,3773.77,3705.36,41.3623,0.000923933,-4.14224,7.93206,44.0138,-76.3399,-88.9337,-76.3459,-61.1437,488,103.966,-55.9662,63.0757,24.7153,9.77412,3.41015,2.85629,-1.37733,-55.6633,62.9963,26.0909,7.93206,9.92932,3.35399,2.79893,7.88457,3,-55.5458,57.3569,27.6384,9.4049,2.57505,1.9354,design_6,-27.79,0.11180000000000234,23.536,-12.587800000000001,0.0,0.51400000000001,-12.074300000000001,-776.2199999999998,5.7187999999999946,0.3692200000000003,-2.9231000000000016,0.92089,Left,0.028877500655060433,0.9048999999999996,1.27412,0.3692200000000003,0.96384,0.67153,0.29231000000000007,0.5734478591920106,0.6306521051978762,0.0572042460058656,0.32256666666666667,0.47604833333333335,0.15348166666666668,0.49859551969896165
LLLLAVLILLLFTLASLLILI,113300300210030022031,000011011001101100000,LL--AV-IL-LFT-AS--I-I,1728050000.0,366.178,-364.316,1.86187,-74.1783,-74.1246,-74.1246,-74.1783,-219.884,-221.056,-219.88,-243.001,-370.859,4527.1,3822.02,3814.01,43.6652,0.000626172,-4.13959,6.58958,45.5271,-70.2536,-79.8187,-70.2647,-53.6803,503,124.21,-103.066,11.9456,32.5696,9.44173,3.57257,2.25175,3.23253,-101.673,11.6084,30.1754,6.58958,9.71954,3.31806,1.99219,6.54354,1,-97.5227,14.6933,27.7133,9.4785,3.112,1.8324,design_1401,-26.138400000000004,0.05369999999999209,21.944999999999993,-9.554000000000002,0.0,-1.1760000000000161,-10.72917,-705.0800000000004,-2.7477,-0.036770000000000636,4.856300000000001,0.4193499999999999,Left,0.16920667613203583,0.9785000000000004,0.9417299999999997,0.036770000000000636,0.97133,1.45696,0.48563,0.14669066014748192,0.11920585446266742,0.027484805684814498,0.3054,0.37529166666666663,0.06989166666666663,0.49277661207993273
LLLLLALLTLLFVLISLLILI,103300200320020033022,000011011001101100000,LL--LA-LT--FV-IS--I--,1728030000.0,376.804,-380.907,-4.10312,-74.3379,-74.3322,-74.3322,-74.3379,-220.534,-223.359,-220.532,-245.594,-384.424,4503.88,3805.12,3736.24,41.3623,0.000923933,-4.13242,3.51802,37.2592,-86.0352,-90.8647,-86.0414,-64.4917,492,66.6396,-64.6356,76.939,27.5737,9.99349,6.5821,6.23619,-0.628814,-65.0054,74.2606,26.7981,3.51802,9.97507,6.27599,5.8899,3.51643,1,-63.0338,71.0042,23.361,9.4488,5.54064,5.1057,design_1047,-26.373000000000005,0.005700000000004479,22.234999999999985,-4.823300000000003,0.0,-2.826999999999998,-7.65044,-698.7600000000002,5.934799999999996,0.5446899999999992,4.212699999999998,1.13049,Left,0.028877500655060433,0.9488000000000003,1.4934899999999995,0.5446899999999992,0.5361,0.9573699999999998,0.4212699999999998,0.7099596285345038,0.7693244881546358,0.05936485962013205,0.85095,1.0393649999999999,0.1884149999999999,0.7163658337628316
LLLLVLLIALLTLLFSLLILI,103300300220030023012,000011011001101100000,LL--VL-IA--TL-FS--IL-,1728060000.0,374.118,-378.222,-4.10459,-68.6393,-70.5996,-68.5862,-74.3376,-221.313,-222.637,-221.313,-245.446,-383.393,4527.6,3694.31,3664.9,41.3623,0.000923933,-4.12405,5.21798,37.2577,-88.2698,-94.2803,-88.2757,-63.6093,487,231.516,-56.0598,54.6179,19.7102,9.3715,2.28239,1.60165,0.405461,-55.8699,53.3098,20.0651,5.21798,9.42604,2.0773,1.37695,5.17088,3,-50.9448,53.1205,23.641,9.3588,1.31299,0.6098,design_1703,-30.671,3.7379999999999995,22.808999999999997,-6.004599999999996,-2.01339999999999,-1.3240000000000123,-9.342030000000001,-833.2900000000004,1.497399999999999,0.012699999999998823,-3.930799999999998,0.99185,Left,0.028877500655060433,0.8588000000000005,0.8714999999999993,0.012699999999998823,0.5640999999999998,0.17102000000000003,0.39307999999999976,0.5310718243981292,0.5460500782222152,0.014978253824086019,0.10163333333333334,0.2669416666666667,0.16530833333333333,0.426877464334981
LLLLLFLTALLYVLISLLILI,103300200320030023022,000011011001101100000,LL--LF-TA--YV-IS--I--,1728070000.0,360.262,-357.328,2.93457,-74.2217,-74.1578,-74.1578,-74.2822,-222.686,-222.038,-222.686,-248.573,-368.334,4578.6,3787.21,3792.08,45.9023,0.000429125,-4.07985,11.0641,48.8368,-60.4195,-76.2184,-60.4266,-45.4787,478,177.29,-53.5729,64.2294,23.8569,9.50535,3.2069,2.67034,1.15413,-54.6495,62.9855,26.3868,11.0641,9.69481,3.20047,2.64525,11.0066,1,-59.2399,56.8714,27.4276,9.2339,3.06363,2.4167,design_1910,-30.7397,0.1244000000000085,26.534999999999997,-15.791800000000002,0.0,0.6479999999999961,-15.14395,-791.3900000000003,7.357999999999997,0.27144999999999975,-3.570700000000002,0.25363999999999987,Left,0.30552627249294656,0.7339000000000002,1.00535,0.27144999999999975,0.9427600000000002,0.5856899999999999,0.3570700000000002,0.5685914799803145,0.6421923826366688,0.07360090265635433,0.4027833333333333,0.44505666666666666,0.04227333333333333,0.45649558046375577
LLLLALLLLVLTFLLSILILI,102300320030023003102,000011001101100110000,LL--AL--LV-TF--SI-IL-,1727980000.0,376.636,-378.534,-1.89792,-72.6372,-74.1389,-72.6319,-74.232,-221.02,-223.73,-221.015,-246.775,-383.953,4535.8,3776.86,3628.64,41.3623,0.000923933,-4.05091,5.42338,39.4644,-84.8767,-90.1352,-84.883,-62.946,462,3.53895,-12.5952,93.7646,29.8786,10.0222,1.0475,0.953969,0.206121,-12.1576,91.1726,27.188,5.42338,9.56654,0.631953,0.499542,5.41941,1,-12.9966,90.6954,24.558,9.3303,0.693369,0.5538,design_97,-27.1892,0.09309999999999263,23.045000000000016,-5.252200000000002,-1.507000000000005,-2.7150000000000034,-9.47429,-758.94,3.069199999999995,0.6919000000000004,5.320599999999999,0.400169,Left,0.028877500655060433,0.8302999999999994,1.5221999999999998,0.6919000000000004,0.6557999999999999,1.18786,0.53206,0.9069275674291499,0.9376282864333471,0.03070071900419713,0.0923,0.15899483333333334,0.06669483333333334,0.8759019286088691
LLLLALLILLLSTLFVLLILI,113300300210020023031,000011011001101100000,LL--AL-IL-LST-FV--I-I,1728060000.0,381.647,-376.609,5.03799,-74.1975,-74.1921,-74.1921,-74.2649,-229.87,-229.543,-229.867,-246.719,-384.307,4565.77,3810.0,3898.63,41.3623,0.000923933,-4.04431,7.69972,46.4003,-72.5421,-84.6168,-72.548,-63.3232,507,177.29,-93.6703,43.1916,30.2731,9.46881,6.38141,5.52928,4.01173,-91.7183,44.4704,28.9278,7.69972,9.63095,6.26125,5.42831,7.69804,2,-87.7246,39.0507,24.0564,9.3496,4.93054,4.0163,design_1706,-21.293599999999998,0.07280000000000086,17.175999999999988,-12.068799999999996,0.0,0.32399999999998386,-11.74403,-755.7700000000004,4.140900000000002,0.11920999999999893,6.2166999999999994,1.5129799999999998,Left,0.028877500655060433,0.8496000000000006,0.9688099999999995,0.11920999999999893,0.60564,1.22731,0.62167,0.3903338548147674,0.43175461831160056,0.04142076349683316,0.6693833333333333,0.9215466666666666,0.2521633333333333,0.6826321405606669
LLLYLLLAVLLTLLFSLLILI,13002300200230021131,000110011011001100000,LL-YL--AV-LT--FS-LI-I,1727990000.0,362.111,-371.668,-9.5568,-74.3048,-74.2413,-74.2413,-74.3048,-224.199,-225.664,-224.197,-253.186,-374.293,4651.98,3851.23,3766.5,46.7138,0.000374154,-4.00938,2.68475,37.157,-73.164,-78.3972,-73.1707,-46.8031,490,231.516,-111.059,26.1366,24.4008,9.36839,6.68732,5.57937,-0.42913,-113.025,22.0113,24.0969,2.68475,9.3898,6.42523,5.2554,2.62548,0,-113.025,22.0113,24.0969,9.3898,6.42523,5.2554,design_343,-31.594099999999997,0.06350000000000477,27.52200000000002,-5.2265000000000015,0.0,-1.4669999999999845,-6.69413,-800.7499999999995,4.125300000000003,-0.021409999999999485,0.3038999999999987,0.3239700000000001,Left,0.35497571706264813,0.8897999999999993,0.8683899999999998,0.021409999999999485,0.6096900000000002,0.64008,0.030389999999999806,0.2198914491715647,0.26115616835181193,0.04126471918024724,0.8759,0.929895,0.053995000000000015,0.07746081121460471
LLLLALLLLVLITLLSFLILI,102300330030022003102,000011001101100110000,LL--AL--LV-IT--SF-IL-,1728050000.0,374.573,-379.01,-4.4367,-64.6186,-65.3941,-64.614,-74.2109,-225.663,-224.255,-225.659,-246.776,-383.757,4556.35,3782.5,3671.14,41.3623,0.000923933,-3.99363,4.74961,36.9256,-88.7278,-98.1016,-88.734,-62.7704,472,148.395,-12.8809,97.1034,26.554,9.56772,1.54109,1.49764,-2.91968,-11.6479,98.9365,24.0246,4.74961,9.82924,1.60361,1.58766,4.74727,4,-9.55643,96.2369,18.0,9.4499,0.925446,0.869,design_1378,-35.3312,8.8168,22.521000000000015,-9.36760000000001,-0.7800999999999902,1.4039999999999964,-8.74324,-773.8500000000004,0.8664999999999878,0.11782000000000004,8.553999999999998,0.6286400000000001,Left,0.028877500655060433,0.9498999999999995,1.0677199999999996,0.11782000000000004,0.0,0.8553999999999998,0.8553999999999998,0.9623583097599719,0.9710257713190545,0.008667461559082601,0.14483333333333334,0.24960666666666667,0.10477333333333333,0.8698524522398356
LLLLLFLLYLLAVLTSLLILI,103300300220020033022,000011011001101100000,LL--LF-LY--AV-TS--I--,1728040000.0,365.631,5673.1,6038.73,-74.3441,-74.2764,-74.2764,-74.3441,-219.852,-226.617,-219.851,-246.728,-372.682,4563.55,3770.9,3675.43,46.7138,0.000374154,-3.9936,6045.85,6085.45,5967.3,-75.7824,5967.29,-51.6097,475,211.811,-58.4427,54.0582,23.8085,9.66619,2.56425,1.87513,5273.81,-65.2907,41.306,24.0147,6045.85,8.7976,1.86991,0.9895,6045.79,0,-65.2907,41.306,24.0147,8.7976,1.86991,0.9895,design_1082,-24.1727,0.06770000000000209,20.11100000000002,-6043.0724,0.0,-6.765999999999991,-6049.8436,-792.6500000000001,12.752200000000002,0.8685900000000011,-0.2062000000000026,0.8856299999999999,Left,0.35497571706264813,0.2975999999999992,1.1661900000000003,0.8685900000000011,0.6014700000000002,0.5808499999999999,0.020620000000000305,0.41289326168631896,0.5404514882226553,0.12755822653633636,0.16491666666666668,0.31252166666666664,0.14760499999999996,0.8904673546414249
LLLVALLFLLITLLLSLLILI,13002300200230021032,000110011011001100000,LL-VA--FL-IT--LS-LI--,1728070000.0,379.233,-381.107,-1.87355,-68.7194,-67.1388,-68.7212,-74.2722,-221.071,-218.249,-221.066,-246.729,-383.07,4644.82,3596.95,3683.69,41.3623,0.000923933,-3.98129,1.96099,39.4887,-91.3167,-101.664,-91.3225,-62.0692,474,253.054,-107.858,22.1633,21.4749,9.12635,5.67079,4.50324,-4.60098,-108.91,22.9789,21.9412,1.96099,9.22654,5.93871,4.78339,1.96362,1,-108.269,22.9466,20.9908,9.3034,5.8381,4.6823,design_1889,-39.5948,7.133399999999995,28.480000000000018,-10.341499999999996,1.5823999999999927,2.8170000000000073,-5.94228,-1047.87,-0.7833000000000006,-0.17704999999999949,0.48410000000000153,-0.17905999999999977,Left,0.028877500655060433,0.8033999999999999,0.6263500000000004,0.17704999999999949,0.29908,0.3474900000000002,0.048410000000000175,0.2292471061781546,0.22141188097419667,0.007835225203957935,0.7803833333333333,0.75054,0.029843333333333333,0.1861242754141464
LLLLALLTILLFVLASLLILI,113300200210030023021,000011011001101100000,LL--AL-TI-LFV-AS--I-I,1727980000.0,365.63,-361.766,3.86407,-74.3478,-74.2867,-74.2867,-74.3478,-221.655,-223.162,-221.653,-242.537,-373.988,4519.25,3707.45,3667.36,43.6652,0.000626172,-3.95552,12.2749,47.5293,-65.7622,-80.4941,-65.7733,-57.1027,486,276.595,-100.445,26.961,28.9132,9.11728,5.2065,4.11091,8.25236,-99.3046,26.8158,25.9349,12.2749,9.16533,5.01583,3.91806,12.2222,2,-90.6535,29.2985,21.6497,9.4157,4.05332,2.9928,design_111,-23.391400000000004,0.06110000000001037,19.375,-14.720799999999997,0.0,-1.5090000000000146,-16.230420000000002,-811.8000000000002,-2.337500000000002,-0.29842000000000013,7.2635000000000005,1.1181099999999997,Left,0.16920667613203583,0.9156999999999993,0.6172799999999992,0.29842000000000013,0.3649699999999999,1.09132,0.7263500000000002,0.2927841506987985,0.26940251031292883,0.02338164038586965,0.49879999999999997,0.6851516666666666,0.18635166666666664,0.8074109633121035
LLLLILLLATLFVLLSLLILI,103300320030021003012,000011001101100110000,LL--IL--AT-FV-LSL-IL-,1728050000.0,376.198,-377.995,-1.79673,-74.2548,-74.252,-74.1916,-74.3153,-218.499,-216.747,-218.499,-244.434,-383.507,4501.08,3669.6,3642.32,41.3623,0.000923933,-3.92025,5.5695,39.5656,-85.241,-96.4284,-85.2468,-64.7578,502,113.638,-53.6282,68.9275,21.5799,9.26888,3.84945,3.38336,-0.598276,-51.7687,71.8532,22.6253,5.5695,9.32003,3.96549,3.54328,5.5122,2,-51.7813,67.3454,22.0045,9.5,3.35882,2.869,design_1382,-31.670599999999993,0.06329999999999814,27.686999999999983,-11.181600000000003,-0.06040000000000134,1.7519999999999811,-9.489749999999999,-831.48,1.582099999999997,-0.23112000000000066,-0.42460000000000164,0.5143599999999999,Left,0.028877500655060433,1.0,0.7688799999999993,0.23112000000000066,0.40045000000000003,0.35798999999999986,0.042460000000000164,0.6733612345906237,0.6891867290310447,0.01582549444042103,0.4781666666666667,0.5638933333333334,0.08572666666666667,0.2506368162342913
LLLLVLLTFLLALLISLLILI,103300300220030023022,000011011001101100000,LL--VL-TF--AL-IS--I--,1728080000.0,376.898,-371.951,4.94676,-74.2776,-74.2229,-74.2229,-74.2776,-221.279,-223.298,-221.279,-245.63,-381.427,4553.43,3782.86,3767.09,41.3623,0.000923933,-3.81497,9.52362,46.309,-76.3947,-87.7209,-76.4008,-61.5187,478,148.395,-52.1051,87.1761,27.8248,9.89503,6.08454,5.89218,0.839028,-53.4491,82.2829,28.3428,9.52362,9.76857,5.62556,5.3598,9.47508,2,-52.8963,79.2704,28.0,9.1119,5.13594,4.825,design_1974,-26.202199999999998,0.05470000000001107,22.331999999999994,-11.320099999999996,0.0,-2.0190000000000055,-13.33859,-770.5700000000002,7.90570000000001,0.7831299999999999,-0.17520000000000024,1.0671799999999996,Left,0.028877500655060433,0.6119000000000003,1.3950300000000002,0.7831299999999999,1.0,0.98248,0.01751999999999998,0.792645111211584,0.871724569777817,0.079079458566233,0.8041666666666667,0.98203,0.17786333333333326,0.8071483589846248
LLLLYVLTFLLALLISLLILI,103300200320030023022,000011011001101100000,LL--YV-TF--AL-IS--I--,1728020000.0,361.662,-353.005,8.65746,-74.2656,-74.1561,-74.211,-74.1927,-220.163,-222.37,-220.162,-248.095,-368.681,4608.27,3711.89,3677.05,45.9023,0.000429125,-3.78937,15.7251,54.5597,-58.5765,-75.9442,-58.5835,-46.3936,479,39.0787,-51.3981,92.7392,24.9107,9.55224,6.72951,6.6206,0.817754,-52.1678,89.6757,25.9128,15.7251,9.48401,6.43138,6.27652,15.6765,1,-54.4628,84.9659,26.3947,8.5,6.13981,5.9143,design_866,-29.550599999999996,0.03660000000000707,25.724999999999994,-17.360699999999994,0.0549000000000035,-2.2079999999999984,-19.51447,-896.3800000000006,7.773299999999992,1.0522399999999994,-1.4840000000000018,0.7062999999999997,Left,0.30552627249294656,0.0,1.0522399999999994,1.0522399999999994,0.83947,0.6910699999999999,0.1484000000000002,0.8496162910266516,0.9273713734700655,0.07775508244341389,0.9857166666666667,1.1034333333333333,0.11771666666666658,1.071976979256967
LLLLVILLLTLFVLLSALILI,103300210020031003022,000011001101100110000,LL--VI-LLT-FV-LSA-I--,1728050000.0,368.971,-374.589,-5.61778,-74.3153,-74.2544,-74.2544,-74.3153,-220.279,-222.436,-220.279,-244.734,-378.726,4470.55,3762.0,3610.98,44.4145,0.000551732,-3.7651,4.19086,38.7967,-79.9953,-85.8011,-80.0019,-59.6762,462,302.327,-52.0751,81.5354,24.0753,9.89409,5.31854,5.04157,-0.980319,-53.0223,78.5736,23.1804,4.19086,9.86872,5.06078,4.73939,4.13682,3,-56.2955,70.1592,25.6434,9.349,4.41581,3.9682,design_1523,-26.124900000000004,0.06089999999998952,22.298000000000002,-5.799199999999999,0.0,-2.1570000000000107,-7.955959999999999,-708.5500000000002,11.376199999999997,0.5450900000000001,-1.5681000000000012,1.0733700000000002,Left,0.21486591065585248,0.8490000000000002,1.3940900000000003,0.5450900000000001,0.76434,0.6075299999999999,0.15681000000000012,0.701507228052767,0.8153015456389614,0.1137943175861944,0.6613666666666667,0.8402616666666667,0.17889500000000003,0.6055287375012913
LLLLAVLITLLYLLFSLLILI,113300200210030033021,000011011001101100000,LL--AV-IT-LYL-FS--I-I,1728020000.0,360.559,-360.041,0.517498,-74.2681,-70.7209,-74.2591,-74.2681,-230.463,-237.737,-230.461,-249.959,-368.452,4582.7,3939.05,3876.43,45.9023,0.000429125,-3.69897,8.41545,46.4198,-55.3099,-63.693,-55.3169,-44.2258,476,394.796,-90.3956,42.1583,32.8805,9.94569,5.75071,4.88308,5.87755,-90.3063,34.1724,34.1476,8.41545,10.1024,4.65921,3.6718,8.41121,3,-88.8359,29.3021,25.9499,9.3794,3.78117,2.7207,design_811,-19.4672,3.5472000000000037,12.222000000000008,-8.376100000000001,3.5382000000000033,-7.275999999999982,-12.114419999999999,-643.6499999999996,12.856199999999998,0.5662900000000004,6.930599999999998,2.1623799999999997,Left,0.30552627249294656,0.8794000000000004,1.4456900000000008,0.5662900000000004,0.79499,1.4880499999999999,0.6930599999999999,0.2928201609257029,0.4214186829059453,0.1285985219802424,0.45344999999999996,0.8138466666666666,0.36039666666666664,0.9733652268804077
LLLLYVLLALLFLLTSLLILI,103300300220030023012,000011011001101100000,LL--YV-LA--FL-TS--IL-,1727990000.0,365.154,-127.893,237.261,-74.1266,-74.0755,-74.0707,-74.2063,-220.812,-221.673,-220.811,-248.076,-370.194,4549.02,3709.37,3753.24,46.7138,0.000374154,-3.68631,242.351,283.974,167.045,-78.1318,167.038,-47.9122,469,231.516,-56.0291,51.5728,23.9745,9.32511,1.86668,1.14027,95.3441,-54.3535,51.5098,27.8434,242.351,9.0098,1.60685,0.8795,242.301,0,-54.3535,51.5098,27.8434,9.0098,1.60685,0.8795,design_288,-30.2196,0.1307999999999936,26.40299999999999,-245.1698,-0.004800000000003024,-0.8619999999999948,-246.03731,-839.6500000000005,0.06300000000000239,0.3153100000000002,-3.8689,0.26076999999999995,Left,0.35497571706264813,0.5098000000000003,0.8251100000000005,0.3153100000000002,0.9843399999999999,0.5974499999999999,0.38688999999999996,0.5149602487106338,0.5155904276814616,0.0006301789708277328,0.14658333333333332,0.190045,0.043461666666666676,0.5009925965470745
LLLLTLLFVLLYLLASLLILI,13002300300220031022,000110011011001100000,LL-LT--FV-LY--AS-LI--,1728160000.0,364.805,-337.91,26.8951,-60.4659,-60.3899,-60.3899,-60.4659,-226.715,-225.701,-226.714,-247.748,-365.274,4588.28,3825.96,3739.37,46.7138,0.000374154,-3.68177,27.4331,73.6089,-50.7291,-82.8643,-50.7363,-57.0597,496,17.549,-108.195,2.07841,26.9383,9.32726,3.00977,1.54095,23.0694,-106.284,4.0025,23.559,27.4331,9.5,2.98286,1.5429,27.3635,0,-106.284,4.0025,23.559,9.5,2.98286,1.5429,design_1465,-25.8046,0.07600000000000051,22.046999999999997,-32.128,0.0,1.0130000000000052,-31.11487,-762.3199999999997,-1.9240900000000005,-0.17273999999999923,3.3793000000000006,-0.0019499999999998963,Left,0.35497571706264813,1.0,0.8272600000000008,0.17273999999999923,0.5559000000000001,0.8938300000000001,0.33793000000000006,0.03975228965026068,0.02050592368232578,0.0192463659679349,0.25715,0.256825,0.0003249999999999642,0.38000831665632195
LLLLVALLSLLFTLYLLLILI,103300200220030033022,000011011001101100000,LL--VA-LS--FT-YL--I--,1728020000.0,371.207,947.085,1318.29,-73.7187,-74.2847,-73.7073,-74.2961,-217.76,-223.32,-217.757,-249.434,-374.919,4558.55,3833.81,3618.41,46.7138,0.000374154,-3.67917,1322.01,1365.01,1238.56,-80.9936,1238.56,-51.1894,466,162.201,-48.2501,87.9596,22.5578,9.53248,5.61206,5.43146,406.758,-46.8039,86.9988,26.1957,1322.01,9.1178,5.26542,5.0704,1322.0,0,-46.8039,86.9988,26.1957,9.1178,5.26542,5.0704,design_839,-29.8042,0.011399999999994748,26.114000000000004,-1319.5536,-0.5773999999999972,-5.562999999999988,-1325.68917,-724.7400000000002,0.9607999999999919,0.4146799999999988,-3.6378999999999984,0.36106000000000016,Left,0.35497571706264813,0.6178000000000008,1.0324799999999996,0.4146799999999988,0.8195699999999999,0.45578,0.3637899999999999,0.8699510661027732,0.8795617955499361,0.009610729447162902,0.8450666666666667,0.9052433333333334,0.060176666666666656,0.5549921295222272
LLLLTVLLALLYLLFILLILI,103300300220030023022,000011011001101100000,LL--TV-LA--YL-FI--I--,1727980000.0,362.711,-304.58,58.1309,-45.1579,-45.087,-45.087,-45.1579,-225.607,-228.352,-225.607,-251.515,-360.763,4581.98,3787.76,3704.06,43.7222,0.000620174,-3.64431,56.2476,101.853,-33.8149,-90.9678,-33.8213,-64.0896,520,231.516,-54.5391,82.8503,24.6415,9.65674,5.86565,5.60841,54.0662,-58.0954,75.5286,24.7819,56.2476,9.3888,5.41067,5.0436,56.1824,0,-58.0954,75.5286,24.7819,9.3888,5.41067,5.0436,design_179,-26.878199999999993,0.07089999999999463,23.162999999999982,-57.146499999999996,0.0,-2.7450000000000045,-59.891909999999996,-794.2199999999993,7.321700000000007,0.2679399999999994,-0.14039999999999964,0.5648100000000005,Left,0.17268001974321648,0.8887999999999998,1.1567399999999992,0.2679399999999994,0.6781900000000001,0.66415,0.014040000000000052,0.7552164814807405,0.8284542810158085,0.07323779953506804,0.8405999999999999,0.934735,0.09413500000000008,0.2936224424422263
LLLLVLLLALLIFLLSTLILI,103300320030021003012,000011001101100110000,LL--VL--AL-IF-LST-IL-,1728030000.0,376.463,10040.3,10416.7,-74.1536,-74.0946,-74.1005,-74.2158,-211.986,-221.825,-211.986,-246.132,-383.087,4561.1,3831.26,3788.28,41.3623,0.000923933,-3.63204,10423.4,10458.1,10326.4,-90.7999,10326.4,-62.7396,461,79.6152,-50.0593,70.4039,19.9724,9.6316,3.51341,3.06947,5857.45,-45.0131,69.4929,23.6085,10423.4,9.5,2.63351,2.1759,10423.4,0,-45.0131,69.4929,23.6085,9.5,2.63351,2.1759,design_985,-28.06029999999999,0.12120000000000175,24.307000000000016,-10417.1999,0.005899999999996908,-9.838999999999999,-10427.03204,-729.8400000000001,0.9109999999999872,0.1316000000000006,-3.636099999999999,0.89357,Left,0.028877500655060433,1.0,1.1316000000000006,0.1316000000000006,0.56085,0.19724000000000003,0.36360999999999993,0.6948423352232035,0.7039549231981882,0.00911258797498471,0.36265,0.5115783333333334,0.14892833333333338,0.4144797701083207
LLLLAVLLTILLLLLSFLILI,103300210030021003022,000011001101100110000,LL--AV-LTI-LL-LSF-I--,1728010000.0,375.042,-379.277,-4.23458,-68.8184,-70.7056,-68.8207,-74.2681,-222.976,-225.731,-222.972,-246.997,-385.466,4521.82,3823.64,3708.55,41.3623,0.000923933,-3.63016,6.18441,37.1277,-87.4823,-92.6593,-87.4883,-64.2009,467,471.669,-58.3876,75.9672,17.8587,9.86059,5.51371,5.15321,1.05899,-58.326,72.7073,17.0042,6.18441,10.0649,5.06438,4.65499,6.18891,2,-60.6709,65.7431,20.4901,9.5,4.47595,3.9621,design_678,-28.458399999999997,3.5625,21.26600000000002,-5.1710000000000065,-1.8849000000000018,-2.758999999999986,-9.81457,-698.1799999999998,10.224100000000007,0.3605900000000002,-2.631400000000003,1.1911099999999997,Left,0.028877500655060433,1.0,1.3605900000000002,0.3605900000000002,0.24901000000000018,-0.01413000000000011,0.26314000000000026,0.6573336827659055,0.7596037274585983,0.10227004469269274,0.66035,0.8588683333333332,0.19851833333333324,0.4991357514853951
LLLLYLLITLLFVLASLLILI,113300200210030032031,000011011001101100000,LL--YL-IT-LFV-AS--I-I,1728040000.0,359.862,-361.951,-2.08873,-74.2121,-74.151,-74.151,-74.2727,-227.066,-228.587,-227.065,-248.263,-364.889,4589.41,3876.84,3927.13,45.9023,0.000429125,-3.5878,2.9935,43.8135,-60.673,-65.7395,-60.68,-42.3539,488,211.811,-97.9642,17.0447,35.8706,10.0849,3.49566,2.25133,-0.927775,-97.9625,15.5528,35.3164,2.9935,10.1342,3.29401,2.0273,2.93847,3,-93.3245,17.6102,28.0,9.4377,2.87605,1.6402,design_1076,-23.385600000000004,0.12170000000000414,19.676000000000016,-5.059500000000007,0.0,-1.5219999999999914,-6.581300000000001,-712.5699999999997,-0.5655000000000001,0.6471999999999998,7.870600000000003,0.6111299999999997,Left,0.30552627249294656,0.9376999999999995,1.5848999999999993,0.6471999999999998,1.0,1.7870600000000003,0.7870600000000003,0.17586794649680507,0.17021134002056582,0.005656606476239251,0.2733666666666667,0.3752216666666666,0.10185499999999992,1.0240789626888287
LLLLIALLTVLLSLLFLLILI,112300230030032003102,000011001101100110000,LL--IA--TV-LS--FL-IL-,1728010000.0,382.661,-376.7,5.96157,-74.3334,-74.3255,-74.3255,-74.3334,-215.741,-218.527,-215.739,-245.887,-383.295,4519.14,3822.17,3679.6,41.3623,0.000923933,-3.58695,6.59984,47.3238,-86.6251,-94.029,-86.6307,-63.0748,502,113.638,-11.3595,88.6106,28.3457,9.06928,0.166362,-0.00447828,0.463737,-11.0873,87.1611,29.0344,6.59984,8.94971,-0.0701644,-0.262748,6.59486,3,-11.3701,91.9186,28.0,9.5,0.614521,0.4933,design_629,-30.954199999999993,0.007899999999992247,27.360000000000014,-7.398299999999992,0.0,-2.7879999999999825,-10.18679,-696.9700000000003,-3.3079999999999927,-0.4307200000000009,0.3457000000000008,-0.49777828,Left,0.028877500655060433,1.0,0.5692799999999991,0.4307200000000009,1.0,1.03457,0.03456999999999999,0.9191630423040144,0.886073644915156,0.03308939738885841,0.08221666666666667,-0.00074638,0.08296304666666668,0.4412398198619137
LLLLLALVLLLTFLYILLILI,103300300220030023022,000011011001101100000,LL--LA-VL--TF-YI--I--,1727980000.0,362.228,-365.683,-3.45535,-58.8975,-58.9157,-58.8764,-58.9642,-230.239,-227.173,-230.237,-250.538,-367.265,4607.0,3971.18,3753.62,43.7222,0.000620174,-3.58301,1.59795,40.2669,-76.5472,-84.7597,-76.554,-57.7635,482,253.054,-55.8459,82.9605,26.2533,10.2398,6.07655,5.82095,-4.64059,-54.1259,86.5479,26.0046,1.59795,10.1584,6.30286,6.10108,1.58186,2,-58.0954,75.5286,24.7819,9.3888,5.41067,5.0436,design_179,-26.996199999999995,0.0484999999999971,23.36500000000001,-8.205699999999993,-0.03930000000000433,3.063999999999993,-5.18096,-635.8200000000002,7.431899999999999,0.8510000000000009,1.4713999999999992,0.7773500000000002,Left,0.17268001974321648,0.8887999999999998,1.7398000000000007,0.8510000000000009,0.6781900000000001,0.8253299999999999,0.14713999999999983,0.7552164814807405,0.8295565940727166,0.07434011259197615,0.8405999999999999,0.9701583333333333,0.12955833333333344,0.8764490821926281
LLLLAILLALLFTLLSVLILI,103300310020021003022,000011001101100110000,LL--AI-LAL-FT-LSV-I--,1728070000.0,368.435,-367.965,0.470537,-74.1783,-74.1156,-74.1156,-74.1783,-213.737,-215.107,-213.733,-242.46,-374.904,4467.42,3687.66,3652.99,43.6652,0.000626172,-3.57676,6.99572,44.1358,-80.0493,-89.2578,-80.06,-58.266,488,193.783,-53.0468,78.9155,18.4884,9.18709,5.11061,4.79434,0.902413,-53.8686,75.4078,19.5538,6.99572,9.30563,4.76034,4.39146,6.93906,1,-55.9953,73.122,22.9125,8.7664,4.77077,4.3676,design_1930,-30.991800000000005,0.06269999999999243,27.35300000000001,-9.1978,0.0,-1.3739999999999952,-10.57248,-779.7600000000002,5.7934999999999945,0.4206899999999987,-4.424100000000003,0.4267399999999997,Left,0.16920667613203583,0.26640000000000086,0.6870899999999995,0.4206899999999987,0.49125000000000013,0.04883999999999986,0.44241000000000025,0.7311436447951218,0.7890951030092546,0.05795145821413272,0.7279333333333334,0.7990566666666666,0.0711233333333332,0.6173520747949163
LLLLVALLLLLTFLLAILILI,102300320030032003102,000011001101100110000,LL--VA--LL-TF--AI-IL-,1727990000.0,369.719,-336.479,33.2402,-59.0046,-58.9047,-58.9451,-58.9642,-216.883,-217.841,-216.88,-244.566,-368.894,4540.47,3636.09,3589.8,41.4852,0.000904948,-3.56667,32.4663,74.7254,-60.5915,-95.7142,-60.602,-65.3638,456,231.516,-14.3505,91.864,20.6018,9.19936,1.05421,0.932169,20.7609,-17.8087,87.6206,19.8407,32.4663,8.7536,1.00009,0.8144,32.4146,0,-17.8087,87.6206,19.8407,8.7536,1.00009,0.8144,design_285,-30.350400000000008,0.059499999999999886,26.724999999999994,-35.11220000000001,0.040399999999998215,-0.9610000000000127,-36.03297,-904.3800000000001,4.243400000000008,0.44575999999999993,0.7611000000000026,0.11776900000000001,Left,0.03636651696758832,0.2536000000000005,0.6993600000000004,0.44575999999999993,0.18406999999999982,0.2601800000000001,0.07611000000000026,0.8761708325164346,0.9186168871959637,0.04244605467952911,0.13573333333333334,0.1553615,0.01962816666666667,0.4546225271415309
LLLLILLLAVLFTLLLYLILI,103300310020031003022,000011001101100110000,LL--IL-LAV-FT-LLY-I--,1728000000.0,362.16,-273.275,88.8857,-58.9549,-58.8768,-58.8768,-58.9549,-219.657,-224.906,-219.657,-250.269,-366.249,4607.68,3794.71,3645.23,43.7222,0.000620174,-3.52443,93.0466,132.608,5.33695,-85.991,5.33065,-57.0253,502,103.966,-53.9574,73.0659,25.6883,9.54739,4.4575,4.05348,71.0607,-53.2403,69.659,27.0707,93.0466,8.9688,3.89001,3.4349,92.9749,0,-53.2403,69.659,27.0707,8.9688,3.89001,3.4349,design_521,-28.9657,0.07809999999999917,25.363,-91.32165,0.0,-5.248999999999995,-96.57103,-812.9700000000003,3.406899999999993,0.5785900000000002,-1.382399999999997,0.6185800000000006,Left,0.17268001974321648,0.4687999999999999,1.04739,0.5785900000000002,0.9070699999999998,0.7688300000000001,0.1382399999999997,0.6965038070812111,0.7305824854258609,0.03407867834464984,0.5724833333333333,0.6755800000000001,0.10309666666666673,0.6047040306592111
LLLLYLLITLLAVLFLLLILI,103300200220030033022,000011011001101100000,LL--YL-IT--AV-FL--I--,1728060000.0,361.194,-181.871,179.323,-50.1576,-51.8226,-50.0902,-58.9275,-220.842,-224.798,-220.841,-248.296,-361.863,4643.32,3673.45,3637.45,43.7222,0.000620174,-3.50031,180.055,223.046,89.129,-88.7434,89.1225,-54.6396,541,72.839,-58.5944,58.4406,18.9659,9.68417,3.17865,2.55526,159.839,-63.0432,50.6088,21.9672,180.055,9.225,2.78867,2.0478,179.993,0,-63.0432,50.6088,21.9672,9.225,2.78867,2.0478,design_1779,-34.10379999999999,7.104900000000001,23.49799999999999,-177.8659,-1.7323999999999984,-3.9569999999999936,-183.55531000000002,-969.8699999999999,7.831800000000001,0.4591700000000003,-3.001299999999997,0.50746,Left,0.17268001974321648,0.7249999999999996,1.18417,0.4591700000000003,0.39671999999999985,0.09659000000000013,0.30012999999999973,0.5059476891437169,0.584287937774328,0.07834024863061106,0.3413,0.4258766666666667,0.08457666666666669,0.5605403757981672
LLLLTALVALLLLLFSLLILI,103300200320020033022,000011011001101100000,LL--TA-VA--LL-FS--I--,1728030000.0,368.484,-364.203,4.28027,-60.3103,-60.2782,-60.2456,-60.4659,-216.457,-216.715,-216.452,-242.585,-369.488,4523.04,3641.17,3615.58,44.4768,0.00054596,-3.49335,5.34397,48.757,-87.436,-95.9883,-87.4466,-66.4377,509,79.6152,-56.1024,48.1348,17.6381,9.04682,1.41356,0.635577,-3.11109,-56.5973,48.0535,18.5171,5.34397,8.99329,1.47683,0.697633,5.28517,1,-60.1144,47.3289,21.9291,8.6228,1.90657,1.1165,design_1010,-29.55059999999999,0.18769999999999953,25.870000000000005,-8.541699999999992,-0.03259999999999508,-0.26300000000000523,-8.83732,-881.8699999999999,0.8059000000000012,0.4240200000000005,-4.290999999999997,-0.4809230000000001,Left,0.21866221428701998,0.1227999999999998,0.5468200000000003,0.4240200000000005,0.3929099999999998,-0.036189999999999854,0.42909999999999965,0.4731393715815292,0.4812006609877205,0.00806128940619133,0.18608333333333335,0.1059295,0.08015383333333335,0.6086126779692633
LLLLAVLIYLLFLLTSLLILI,113300300210020023031,000011011001101100000,LL--AV-IY-LFL-TS--I-I,1728030000.0,362.453,-364.201,-1.74756,-76.986,-70.8434,-76.9772,-74.3196,-228.467,-228.854,-228.464,-249.927,-367.89,4601.44,3957.92,3897.7,45.9023,0.000429125,-3.47872,3.6948,44.1547,-58.748,-71.6715,-58.7546,-43.6437,459,276.595,-92.317,33.738,33.4852,10.5435,4.90219,3.90826,-0.54444,-89.4003,35.7649,32.3474,3.6948,10.493,4.73831,3.77478,3.68965,2,-87.4835,34.4925,27.0762,9.5,4.27901,3.2964,design_1045,-28.027799999999992,3.4761999999999915,21.07299999999998,-12.916899999999991,6.133799999999994,-0.3900000000000148,-7.17352,-643.5199999999995,-0.7545000000000002,1.0434999999999999,6.408999999999999,0.6118599999999996,Left,0.30552627249294656,1.0,2.0435,1.0434999999999999,0.90762,1.54852,0.6408999999999999,0.3447389058492612,0.33719176246053884,0.007547143388722366,0.5494,0.6513766666666666,0.1019766666666666,1.2288617741299361
LLLVALLITLLLLLFSLLILI,13002300200230022031,000110011011001100000,LL-VA--IT-LL--FS--I-I,1728010000.0,377.322,-376.607,0.715056,-74.175,-67.1646,-74.1769,-74.2355,-223.94,-227.768,-223.936,-246.443,-385.784,4559.24,3885.5,3783.53,41.3623,0.000923933,-3.47498,9.17274,42.0773,-78.4928,-94.3259,-78.4985,-65.1054,488,394.796,-100.393,36.0705,27.4696,9.8945,6.42839,5.46945,4.57791,-99.3151,32.2646,26.818,9.17274,10.23,5.75299,4.73695,9.17653,4,-95.8143,32.685,18.0,9.5,5.28463,4.2749,design_702,-29.2205,7.070900000000009,18.67500000000001,-15.827399999999997,7.01230000000001,-3.8319999999999936,-12.64772,-673.7399999999998,3.3855000000000004,0.39450000000000074,9.4696,1.1945500000000004,Left,0.028877500655060433,1.0,1.3945000000000007,0.39450000000000074,0.0,0.94696,0.94696,0.3266587710909899,0.3605233886423745,0.03386461755138459,0.7124833333333332,0.911575,0.19909166666666678,1.0455370847837073
LLLLAVLLLLLTILYFLLILI,103300300220020033022,000011011001101100000,LL--AV-LL--TI-YF--I--,1728050000.0,361.233,-335.853,25.3796,-58.8503,-58.8536,-58.8363,-58.9642,-231.807,-232.07,-231.804,-251.905,-367.216,4636.91,3809.38,3759.08,43.7222,0.000620174,-3.46603,31.3727,69.1018,-45.1954,-79.758,-45.2021,-56.3462,479,253.054,-66.3186,49.6097,19.1465,10.202,3.14509,2.38924,26.0729,-68.891,45.1242,21.6203,31.3727,9.95399,2.92541,2.10227,31.3625,1,-64.7112,43.0501,25.8855,8.5,2.01845,1.1642,design_1403,-23.411799999999992,0.11059999999999803,19.835000000000008,-34.555899999999994,-0.01729999999999876,-0.26599999999999113,-34.83873,-827.5299999999997,6.559599999999996,1.702,-6.739000000000001,1.2250400000000001,Left,0.17268001974321648,0.0,1.702,1.702,0.7885500000000001,0.11464999999999996,0.6739000000000002,0.4303392163374399,0.4959538508936538,0.06561463455621391,0.1940333333333333,0.39820666666666665,0.20417333333333335,1.8430781970150887
LLLLVFLLALLILLLSTLILI,103300320030021003012,000011001101100110000,LL--VF--AL-IL-LST-IL-,1728000000.0,376.959,-206.565,170.394,-73.874,-74.1306,-73.8284,-74.2559,-216.279,-221.457,-216.278,-246.641,-380.659,4606.26,3770.03,3746.46,41.3623,0.000923933,-3.45502,174.135,211.756,83.5881,-88.5268,83.5819,-59.7625,473,148.395,-51.1811,61.5475,18.7579,9.52093,2.48608,1.90929,59.5676,-47.6786,61.7307,20.0175,174.135,9.3356,1.98544,1.4114,174.094,0,-47.6786,61.7307,20.0175,9.3356,1.98544,1.4114,design_541,-28.76429999999999,0.12529999999999575,25.183999999999997,-172.1087,-0.30219999999999914,-5.179000000000002,-177.59001999999998,-836.23,-0.18319999999999936,0.18533000000000044,-1.259599999999999,0.49788999999999994,Left,0.028877500655060433,0.8355999999999995,1.02093,0.18533000000000044,0.20174999999999982,0.07578999999999994,0.12595999999999988,0.6171982843127448,0.6153657638769411,0.0018325204358037306,0.23523333333333332,0.31821499999999997,0.08298166666666665,0.23896118018189805
LLLLALLLTILFLLLSVLILI,102300320030032003102,000011001101100110000,LL--AL--TI-FL--SV-IL-,1728000000.0,378.554,-374.113,4.44088,-66.21,-70.8482,-66.2047,-74.2355,-220.231,-221.924,-220.226,-246.763,-383.897,4536.17,3685.6,3615.43,41.3623,0.000923933,-3.44074,9.78876,45.8032,-87.6716,-94.5662,-87.6777,-62.8985,502,302.327,-14.2315,94.1251,21.2192,9.4277,1.34161,1.25349,4.53334,-14.9392,90.1475,23.3548,9.78876,9.1433,0.910788,0.763,9.7845,0,-14.9392,90.1475,23.3548,9.1433,0.910788,0.763,design_576,-31.667699999999996,3.387299999999996,24.839,-6.888499999999993,-4.643500000000003,-1.6980000000000075,-13.2295,-850.5700000000002,3.9776000000000096,0.28439999999999976,-2.1356,0.49049,Left,0.028877500655060433,0.6433,0.9276999999999997,0.28439999999999976,0.5354800000000001,0.3219200000000001,0.21355999999999997,0.90144701095111,0.9412343105441946,0.03978729959308458,0.12716666666666668,0.208915,0.08174833333333331,0.36709270329398747
LLLLLYLLATLFVLLLILILI,103300210020031003032,000011001101100110000,LL--LY-LAT-FV-LLI-I--,1728050000.0,364.693,-361.918,2.77494,-58.9702,-58.9041,-58.9041,-58.9702,-222.437,-223.162,-222.436,-250.036,-364.26,4613.52,3935.85,3689.67,43.7222,0.000620174,-3.41446,2.40201,46.4972,-80.5109,-85.6082,-80.5177,-55.2543,483,148.395,-65.2239,58.0973,30.328,10.0634,4.12673,3.49819,-1.66459,-64.4863,58.7081,30.4395,2.40201,9.90396,4.09854,3.47916,2.34181,1,-63.0953,61.058,27.7648,9.3901,4.20713,3.623,design_1503,-30.353899999999996,0.06609999999999872,26.873999999999995,-5.090499999999992,0.0,-0.7259999999999991,-5.816470000000001,-677.6700000000005,-2.9607000000000028,0.6732999999999993,2.5631999999999984,-0.12481000000000009,Left,0.17268001974321648,0.8901000000000003,1.5633999999999997,0.6732999999999993,0.9764800000000001,1.2328,0.25631999999999977,0.6104693733020178,0.5808539625253573,0.029615410776660522,0.6038333333333333,0.5830316666666667,0.020801666666666607,0.7213477762435955
LLLLFALVALLLTLISLLILI,103300200220030033022,000011011001101100000,LL--FA-VA--LT-IS--I--,1727980000.0,365.643,-367.531,-1.88797,-74.1783,-74.1253,-74.1253,-74.1783,-210.726,-211.863,-210.721,-241.288,-371.092,4485.65,3628.84,3602.39,43.6652,0.000626172,-3.4057,3.60777,41.7773,-82.6269,-88.5093,-82.6375,-55.6259,478,330.452,-58.7615,59.889,17.4925,9.75139,3.39923,2.79757,-1.64078,-57.8516,59.7276,17.2459,3.60777,9.75762,3.24096,2.63687,3.56098,2,-62.4916,55.2477,21.9638,9.193,3.33218,2.6609,design_127,-32.883399999999995,0.05299999999999727,29.42500000000001,-5.871799999999993,0.0,-1.141999999999996,-7.01347,-856.8099999999995,4.641300000000001,0.558390000000001,-4.471299999999999,0.13667000000000007,Left,0.16920667613203583,0.6929999999999996,1.2513900000000007,0.558390000000001,0.3963799999999999,-0.05075000000000003,0.4471299999999999,0.5523498673623309,0.5987760523988813,0.04642618503655038,0.4434833333333333,0.46626166666666663,0.022778333333333345,0.7172160567963419
LLLLALLLTVLIALLSFLILI,102300320030023003102,000011001101100110000,LL--AL--TV-IA--SF-IL-,1728050000.0,364.111,-365.662,-1.55108,-70.9895,-67.4941,-70.9295,-74.2984,-213.699,-215.543,-213.693,-242.764,-373.228,4499.35,3713.28,3573.78,43.6652,0.000626172,-3.40308,7.62078,42.1142,-80.9739,-93.5949,-80.985,-56.1664,484,361.194,-7.64492,101.048,19.1218,9.12894,1.28824,1.30396,0.487797,-8.97767,97.003,18.6528,7.62078,9.1809,0.942055,0.8971,7.56639,0,-8.97767,97.003,18.6528,9.1809,0.942055,0.8971,design_1477,-37.42849999999999,6.804299999999998,27.221000000000004,-12.609899999999996,3.4354000000000013,-1.8499999999999943,-11.023859999999999,-786.0700000000002,4.045000000000002,-0.05195999999999934,0.4690000000000012,0.40686,Left,0.16920667613203583,0.6808999999999994,0.62894,0.05195999999999934,0.06527999999999992,0.11218000000000003,0.04690000000000011,0.970021486102053,1.010482977165515,0.040461491063462085,0.14951666666666666,0.21732666666666667,0.06781000000000001,0.10552146681637137
LLLLVLLLFLLATLLSILILI,103300320030021003012,000011001101100110000,LL--VL--FL-AT-LSI-IL-,1728050000.0,376.974,-374.414,2.56015,-74.1783,-74.1235,-74.1235,-74.1783,-217.421,-219.481,-217.421,-246.094,-382.102,4593.84,3747.7,3663.82,41.3623,0.000923933,-3.38538,7.73718,43.9224,-82.814,-91.8832,-82.82,-61.8297,504,361.194,-52.2887,71.7878,22.6303,9.47386,4.03466,3.61148,3.43758,-51.7813,67.3454,22.0045,7.73718,9.5,3.35882,2.869,7.68844,0,-51.7813,67.3454,22.0045,9.5,3.35882,2.869,design_1382,-30.0535,0.05479999999998597,26.613,-9.063200000000009,0.0,-2.0600000000000023,-11.12256,-846.1400000000003,4.442400000000006,-0.02613999999999983,0.6257999999999981,0.7424799999999996,Left,0.028877500655060433,1.0,0.9738600000000002,0.02613999999999983,0.40045000000000003,0.46302999999999983,0.0625799999999998,0.6733612345906237,0.7177978545907038,0.044436620000080085,0.4781666666666667,0.6019133333333333,0.12374666666666662,0.14794393096082917
LLLLTALLLLLFVLISLLILI,103300200230030023022,000011011001101100000,LL--TA-LL--FV-IS--I--,1728070000.0,377.221,-370.581,6.64063,-60.5031,-60.4956,-60.4956,-60.5031,-220.02,-221.406,-220.015,-247.033,-378.035,4539.31,3757.41,3611.5,41.3623,0.000923933,-3.38392,7.45961,48.0029,-90.058,-99.517,-90.0639,-70.499,490,72.839,-58.8306,43.9317,19.6853,9.61007,1.25538,0.414352,-2.91381,-58.718,45.4059,21.079,7.45961,9.62428,1.43749,0.618577,7.45381,2,-61.8729,45.2924,25.8384,9.4323,1.89541,1.0748,design_1931,-29.018,0.007500000000000284,25.62699999999998,-9.453099999999992,0.0,-1.3910000000000196,-10.84353,-781.9000000000005,-1.3607000000000014,0.17777000000000065,-6.1530999999999985,-0.6604479999999999,Left,0.028877500655060433,0.9322999999999997,1.1100700000000003,0.17777000000000065,0.78384,0.16853000000000015,0.6153099999999998,0.45276858627850314,0.43915772079270515,0.013610865485797985,0.17913333333333334,0.06905866666666667,0.11007466666666667,0.650007889876
LLLLIVLLALLYTLLLFLILI,103300310020031003022,000011001101100110000,LL--IV-LAL-YT-LLF-I--,1728040000.0,361.993,-330.974,31.0187,-58.9223,-58.8512,-58.8512,-58.9223,-220.772,-223.688,-220.772,-250.113,-366.163,4595.46,3821.73,3747.0,43.7222,0.000620174,-3.33829,35.2535,74.741,-51.2796,-86.9624,-51.2861,-57.1272,483,253.054,-55.2086,67.5629,26.4836,9.70793,3.90228,3.41572,8.90659,-54.9139,64.8901,28.0,35.2535,9.3875,3.49725,2.9706,35.1891,0,-54.9139,64.8901,28.0,9.3875,3.49725,2.9706,design_1084,-29.8352,0.07110000000000127,26.42500000000001,-35.676300000000005,0.0,-2.915999999999997,-38.59179,-773.73,2.672799999999995,0.32043,-1.5164000000000009,0.44511999999999974,Left,0.17268001974321648,0.8874999999999993,1.2079299999999993,0.32043,1.0,0.8483599999999999,0.1516400000000001,0.6488012595577144,0.6755368524661004,0.026735592908386008,0.49510000000000004,0.5692866666666666,0.07418666666666657,0.3631646017156326
LLLLALLTVLLWILFSLLILI,113300200310020022031,000011011001101100000,LL--AL-TV-LWI-FS--I-I,1728010000.0,371.925,-346.986,24.9391,-74.3055,-74.2639,-74.2639,-74.3055,-229.772,-231.271,-229.768,-251.506,-383.225,4574.2,3778.33,3787.2,49.2152,0.000245214,-3.22628,36.2757,74.1543,-42.9089,-80.9171,-42.9173,-57.4136,489,211.811,-100.174,17.1544,30.9557,9.35296,3.84188,2.5992,37.534,-97.0076,18.1961,28.2964,36.2757,9.55617,3.50762,2.28057,36.239,2,-93.7867,18.7573,26.0492,9.3628,3.10024,1.8816,design_755,-23.503500000000003,0.04159999999998831,20.235000000000014,-37.99980000000001,0.0,-1.502999999999986,-39.50198,-795.8699999999999,-1.6029000000000018,-0.009840000000000515,4.906500000000001,0.7176000000000002,Left,0.5074006593259278,0.8628,0.8529599999999995,0.009840000000000515,0.8049199999999999,1.29557,0.49065000000000025,0.1873422051862729,0.1713086516570706,0.0160335535292023,0.3136,0.43320000000000003,0.11960000000000004,0.5053666816666628
LLLLLFLIALLLVLTSLLILI,103300300320020023022,000011011001101100000,LL--LF-IA--LV-TS--I--,1728060000.0,376.288,-373.811,2.47686,-74.2001,-74.0698,-74.147,-74.2787,-222.5,-223.094,-222.499,-243.387,-380.405,4527.91,3770.47,3773.09,41.3623,0.000923933,-3.14899,6.64171,43.8391,-77.1113,-86.3907,-77.1174,-62.7399,466,431.524,-55.7996,58.2239,19.0081,9.8502,2.73016,2.10352,0.055584,-58.213,53.8332,22.1184,6.64171,10.0139,2.49944,1.80693,6.59416,2,-64.1298,44.6729,25.3043,8.9696,2.15031,1.3204,design_1809,-23.650799999999997,0.20889999999999986,20.293000000000006,-9.273299999999992,0.07720000000000482,-0.5949999999999989,-9.7907,-757.44,13.551000000000002,0.8805999999999994,-6.2962000000000025,0.78312,Left,0.028877500655060433,0.4695999999999998,1.3501999999999992,0.8805999999999994,0.7304300000000001,0.10080999999999989,0.6296200000000003,0.44657182639869725,0.5821203221714968,0.13554849577279954,0.22006666666666666,0.35058666666666666,0.13052,1.0987659302627963
LLLLFALISLLLVLTLLLILI,103300200330020023022,000011011001101100000,LL--FA-IS--LV-TL--I--,1727990000.0,384.0,-334.087,49.9131,-74.3074,-70.7829,-74.3093,-74.3074,-215.858,-217.441,-215.854,-244.763,-380.578,4540.17,3723.85,3587.68,41.3623,0.000923933,-3.12255,46.4875,91.2754,-43.9214,-95.4765,-43.9274,-61.5078,495,87.0218,-59.581,60.9526,20.5336,9.93381,3.66574,3.08003,39.902,-61.1595,58.8298,21.8227,46.4875,9.5,3.61595,2.9984,46.4915,0,-61.1595,58.8298,21.8227,9.5,3.61595,2.9984,design_401,-33.9687,3.5245000000000033,27.322000000000003,-51.5491,3.5263999999999953,-1.586999999999989,-49.610049999999994,-816.3200000000002,2.122799999999998,0.43380999999999936,-1.2891000000000012,0.08162999999999965,Left,0.028877500655060433,1.0,1.4338099999999994,0.43380999999999936,0.3822700000000001,0.25336,0.12891000000000014,0.5881810434163303,0.6094150738809823,0.021234030464652,0.49973333333333336,0.5133383333333333,0.013604999999999978,0.45326028314289046
LLLLTILLALLYVLFSLLILI,103300200220030033022,000011011001101100000,LL--TI-LA--YV-FS--I--,1728000000.0,360.308,-354.915,5.39285,-60.5031,-60.4274,-60.4274,-60.5031,-221.932,-223.505,-221.931,-249.445,-365.693,4527.06,3754.17,3704.67,45.9023,0.000429125,-3.10938,10.8478,51.2951,-72.4796,-84.8697,-72.4861,-55.745,496,103.966,-51.5981,88.1563,22.9782,9.3872,6.14082,5.96317,6.22531,-51.009,88.2865,25.6111,10.8478,9.40568,6.07003,5.89433,10.7781,1,-49.3753,87.236,24.9943,8.8949,5.68316,5.4917,design_498,-29.124699999999997,0.07570000000000476,25.939999999999998,-12.383600000000001,0.0,-1.5739999999999839,-13.95718,-772.8900000000003,0.9202999999999975,0.4923000000000002,-2.016099999999998,0.47147000000000006,Left,0.30552627249294656,0.3948999999999998,0.8872,0.4923000000000002,0.6994299999999999,0.4978200000000001,0.2016099999999998,0.8723237399421436,0.8815293543366316,0.009205614394487971,0.9152833333333333,0.9938616666666666,0.0785783333333333,0.537833784645242
LLLLIVLLYTLALLLSFLILI,103300310020031003022,000011001101100110000,LL--IV-LYT-AL-LSF-I--,1728070000.0,359.447,-346.459,12.9877,-74.2177,-74.2109,-74.1504,-74.2249,-220.422,-220.968,-220.422,-247.719,-366.612,4538.3,3834.35,3710.83,45.9023,0.000429125,-3.10803,20.213,58.89,-51.8197,-74.5414,-51.8266,-44.6685,526,124.21,-54.0855,67.6308,25.771,9.6285,3.74299,3.25745,4.40823,-54.4487,65.1033,28.0,20.213,9.5,3.45625,2.9328,20.153,0,-54.4487,65.1033,28.0,9.5,3.45625,2.9328,design_1928,-29.872899999999994,0.014000000000010004,26.751000000000005,-22.714799999999997,-0.06049999999999045,-0.5459999999999923,-23.32103,-703.9500000000003,2.527499999999989,0.12850000000000072,-2.228999999999999,0.3246500000000001,Left,0.30552627249294656,1.0,1.1285000000000007,0.12850000000000072,1.0,0.7771000000000001,0.22289999999999988,0.6509338652177219,0.6762160453568813,0.025282180139159394,0.48879999999999996,0.5429083333333333,0.05410833333333337,0.26412792425016357
LLLLFLLALLLVTLISLLILI,103300200230030023012,000011011001101100000,LL--FL-AL--VT-IS--IL-,1728060000.0,375.295,-372.546,2.74911,-74.1783,-74.1246,-74.1246,-74.1783,-214.218,-216.117,-214.216,-245.574,-379.728,4604.6,3651.14,3656.53,41.3623,0.000923933,-3.09394,7.23162,44.1114,-84.1494,-92.58,-84.1554,-59.9751,467,563.509,-51.4315,81.6897,12.7286,10.1514,5.24284,4.96818,2.21874,-50.7213,80.4613,12.6002,7.23162,10.417,4.97047,4.67739,7.18207,4,-42.7815,89.1818,19.5283,9.5,4.95677,4.7945,design_1643,-32.6049,0.05369999999999209,29.457000000000022,-8.424599999999998,0.0,-1.900999999999982,-10.32556,-953.4600000000005,-7.4920999999999935,0.6514000000000006,-6.799700000000001,0.17368000000000006,Left,0.028877500655060433,1.0,1.6514000000000006,0.6514000000000006,0.15283000000000016,-0.5271399999999999,0.6799700000000001,0.8917872675839938,0.816844983975449,0.07494228360854482,0.7990833333333334,0.82803,0.028946666666666676,0.9450584195083263
LLLLAILLYLLAVLFSLLILI,103300200220030033022,000011011001101100000,LL--AI-LY--AV-FS--I--,1728040000.0,353.368,-353.574,-0.206213,-60.5031,-60.4262,-60.4262,-60.5031,-217.728,-215.293,-217.724,-246.3,-360.215,4535.45,3606.71,3637.36,45.4284,0.000464885,-3.06672,6.71127,45.2222,-75.343,-87.5631,-75.354,-53.412,488,79.6152,-54.8612,79.7021,13.1326,8.7798,5.48896,5.18449,5.94952,-51.8546,83.6415,14.7129,6.71127,9.08277,5.5698,5.32442,6.64097,2,-53.3268,80.5799,18.6844,8.9663,5.3773,5.086,design_1293,-34.15110000000001,0.07690000000000197,31.007000000000005,-12.209100000000007,0.0,2.430999999999983,-9.777989999999999,-928.7399999999998,-0.8777999999999935,-0.18650000000000055,-5.5518,0.09848999999999997,Left,0.27664877183788655,0.4663000000000004,0.2797999999999998,0.18650000000000055,0.06844000000000001,-0.48674,0.55518,0.8057438312480744,0.796963337587875,0.008780493660199395,0.8476666666666667,0.8640816666666667,0.01641500000000007,0.5859638484530569
LLLLLLLLAILVTLLSFLILI,103300220020031003012,000011001101100110000,LL--LL--AI-VT-LSF-IL-,1727990000.0,374.247,-379.878,-5.63018,-74.1761,-74.1158,-74.1158,-74.1761,-222.761,-224.641,-222.761,-245.427,-384.767,4505.81,3801.91,3765.98,41.3623,0.000923933,-3.00265,4.94341,35.7321,-82.9404,-89.0126,-82.9463,-65.1632,448,515.548,-48.9615,72.7246,17.1082,9.96978,3.66205,3.25292,1.55293,-49.2009,70.5031,20.8148,4.94341,10.0733,3.39804,2.95559,4.88906,1,-46.4571,68.4556,22.5254,9.4077,2.71007,2.2369,design_442,-23.849400000000003,0.06030000000001223,20.786,-6.0663000000000125,0.0,-1.8799999999999955,-7.94606,-703.9000000000005,4.268999999999991,0.5620799999999999,-5.417200000000001,1.0160200000000001,Left,0.028877500655060433,0.9077000000000002,1.46978,0.5620799999999999,0.4525400000000001,-0.08918,0.5417200000000001,0.6844663884543211,0.7271685158585037,0.042702127404182666,0.37281666666666663,0.5421533333333334,0.16933666666666675,0.7999330366740837
LLLLILLLFLLVTLLSALILI,103300220030031003012,000011001101100110000,LL--IL--FL-VT-LSA-IL-,1728000000.0,376.185,-374.652,1.53294,-74.1783,-74.1176,-74.1176,-74.1783,-223.916,-228.542,-223.917,-245.591,-380.905,4596.88,3881.57,3885.6,41.3623,0.000923933,-2.99645,6.30654,42.8952,-76.5576,-81.2414,-76.5642,-61.1351,467,302.327,-44.4386,88.8008,35.3967,10.2229,5.15389,4.9859,4.10407,-44.3162,84.604,33.8272,6.30654,10.3557,4.56896,4.33802,6.25262,3,-44.5029,78.3878,27.834,9.2951,3.75778,3.4336,design_557,-20.106299999999997,0.06069999999999709,17.049000000000007,-4.677199999999999,0.0,-4.625,-9.30299,-715.31,10.412999999999997,0.9277999999999995,7.562700000000003,1.5522999999999998,Left,0.028877500655060433,0.7950999999999997,1.7228999999999992,0.9277999999999995,0.9833999999999999,1.7396700000000003,0.7562700000000003,0.783816603915512,0.8879761852366072,0.10415958132109515,0.5722666666666667,0.8309833333333333,0.2587166666666666,1.2290405546165255
LLLTALLLVLLLLLFSLLILI,13002300300220021032,000110011011001100000,LL-TA--LV-LL--FS-LI--,1728020000.0,379.658,-384.232,-4.57399,-60.4659,-60.4563,-60.4563,-60.4659,-227.034,-225.817,-227.029,-250.459,-384.891,4606.38,3672.92,3715.03,44.5741,0.000537052,-2.96981,0.667975,40.0002,-96.7313,-101.587,-96.7371,-73.9657,490,55.7787,-112.03,-0.28034,25.132,9.88005,3.26665,1.76244,-0.356885,-111.811,2.5356,25.3324,0.667975,9.59207,3.61398,2.15202,0.65885,3,-113.58,1.8036,27.0117,9.2654,3.78055,2.3076,design_771,-27.621300000000005,0.009599999999998943,24.641999999999996,-4.849900000000005,0.0,1.211999999999989,-3.637785,-933.46,-2.08394,0.614650000000001,-1.8796999999999997,-0.5451599999999999,Left,0.22459127276715818,0.7653999999999996,1.3800500000000007,0.614650000000001,0.9011700000000001,0.7132000000000002,0.18796999999999997,0.017757043000212063,-0.003088277070688075,0.020845320070900137,0.3846,0.29374,0.09086,0.6494747188065595
LLLLLFLIALLTVLLSLLILI,103300200230030023012,000011011001101100000,LL--LF-IA--TV-LS--IL-,1727990000.0,376.013,-376.017,-0.00361868,-74.3747,-70.6242,-74.3218,-74.3747,-216.036,-218.425,-216.036,-243.721,-381.021,4522.39,3741.25,3682.72,41.3623,0.000923933,-2.94729,5.05144,41.3587,-85.6058,-94.9187,-85.6119,-62.9252,455,276.595,-56.5321,49.2096,17.0509,9.52195,1.62312,0.861266,-0.294766,-54.9154,48.6059,18.6881,5.05144,9.5,1.29911,0.5282,5.00379,0,-54.9154,48.6059,18.6881,9.5,1.29911,0.5282,design_364,-31.993500000000004,3.7505000000000024,25.295999999999992,-9.306799999999996,3.6975999999999942,-2.38900000000001,-7.99873,-781.1400000000003,0.6037000000000035,0.021950000000000358,-1.6372,0.333066,Left,0.028877500655060433,1.0,1.0219500000000004,0.021950000000000358,0.06880999999999986,-0.09491000000000013,0.16371999999999998,0.4859129992917989,0.4919517142868575,0.006038714995058647,0.08803333333333334,0.14354433333333333,0.05551099999999999,0.17436736535198194
LLLLFVLLATLWLLLSILILI,103300220030021003012,000011001101100110000,LL--FV--AT-WL-LSI-IL-,1728020000.0,374.074,-377.873,-3.79894,-74.1488,-74.1163,-74.0667,-74.2781,-225.703,-226.34,-225.702,-250.797,-379.163,4528.87,3836.25,3733.03,49.2152,0.000245214,-2.87229,1.36575,45.4163,-78.0206,-81.5791,-78.0279,-54.0875,493,11.2484,-44.3515,65.3206,31.0717,9.53727,1.97101,1.45082,-1.03823,-44.7277,64.6249,30.0239,1.36575,9.77596,1.93352,1.40289,1.29011,1,-46.4401,61.2226,28.0,9.4,1.73106,1.1494,design_821,-27.4916,0.1617999999999995,24.456999999999994,-3.5511999999999944,-0.04959999999999809,-0.6380000000000052,-4.23804,-692.6199999999999,4.097999999999999,0.13726999999999911,3.0717,0.30142,Left,0.5074006593259278,0.9000000000000004,1.0372699999999995,0.13726999999999911,1.0,1.30717,0.30716999999999994,0.6121158408988153,0.653107482525037,0.04099164162622171,0.19156666666666666,0.24180333333333334,0.05023666666666668,0.3426375623906259
LLLLALLLVLTFLLASLLILI,13002200200230031032,000110011011001100000,LL-LA--LV-TF--AS-LI--,1727980000.0,369.076,-374.021,-4.9449,-74.2587,-74.2081,-74.1951,-74.2473,-217.207,-218.562,-217.202,-242.686,-376.88,4516.27,3725.1,3719.01,44.4768,0.00054596,-2.86335,2.91627,39.5319,-82.5556,-86.9735,-82.5667,-59.9468,499,113.638,-112.722,14.4111,19.9088,9.54074,5.35381,4.06998,-1.04709,-111.692,13.5137,20.9519,2.91627,9.3303,5.07809,3.7808,2.85927,0,-111.692,13.5137,20.9519,9.3303,5.07809,3.7808,design_207,-27.026699999999998,0.039199999999993906,24.123999999999995,-4.406800000000004,-0.01300000000000523,-1.3600000000000136,-5.7796199999999995,-791.1700000000005,0.8973999999999993,0.21044000000000018,-1.043099999999999,0.28918,Left,0.21866221428701998,0.8302999999999994,1.0407399999999996,0.21044000000000018,0.29518999999999984,0.19087999999999994,0.1043099999999999,0.13489130913179345,0.143867858471806,0.008976549340012546,0.6301333333333333,0.67833,0.048196666666666665,0.23993554721181168
LLLLIVLLLALTLLLSFLILI,103300310020021003022,000011001101100110000,LL--IV-LLA-TL-LSF-I--,1727990000.0,374.062,-374.211,-0.148734,-74.1351,-74.1416,-74.081,-74.2722,-221.634,-223.136,-221.634,-244.695,-383.515,4509.76,3873.35,3699.21,41.3623,0.000923933,-2.83873,9.35182,41.2135,-78.4416,-89.076,-78.4481,-64.5486,535,177.29,-54.5942,72.2436,24.5803,9.91788,4.44202,4.02567,-0.572047,-54.7098,70.5679,24.1308,9.35182,9.79511,4.23314,3.79166,9.3045,3,-59.5756,60.1451,26.5633,9.4841,3.55592,2.9581,design_396,-24.5274,0.13060000000000116,21.558999999999997,-10.627899999999997,-0.06059999999999377,-1.5020000000000095,-12.19055,-636.4100000000003,12.098500000000001,0.4337800000000005,-1.9830000000000005,1.06757,Left,0.028877500655060433,0.9840999999999998,1.4178800000000003,0.4337800000000005,0.8563300000000001,0.6580300000000001,0.19830000000000003,0.6013377799295,0.7223571494304383,0.12101936950093828,0.49301666666666666,0.670945,0.17792833333333335,0.5232515246009158
LLLLIVLLFLLATLLSLLILI,103300220020031003012,000011001101100110000,LL--IV--FL-AT-LSL-IL-,1728050000.0,376.328,-378.989,-2.66124,-74.1783,-74.1212,-74.1212,-74.1783,-218.37,-219.994,-218.371,-245.781,-381.841,4585.63,3730.06,3684.0,41.3623,0.000923933,-2.83125,2.90228,38.701,-86.4408,-90.5571,-86.4468,-61.8815,528,20.966,-53.02,72.6234,23.2922,9.45377,4.25717,3.84652,-1.16116,-52.064,72.6526,23.2546,2.90228,9.58565,4.1177,3.70749,2.85153,1,-49.3417,71.9243,24.9228,9.2384,3.61104,3.1899,design_1425,-28.675600000000003,0.05709999999999127,25.787000000000006,-4.110300000000009,0.0,-1.6229999999999905,-5.73353,-855.5700000000002,0.6991000000000014,0.21537000000000006,-1.6305999999999976,0.6566199999999998,Left,0.028877500655060433,0.7384000000000004,0.9537700000000005,0.21537000000000006,0.6922799999999999,0.5292200000000001,0.16305999999999976,0.7191632423608305,0.7261562283688567,0.006992986008026225,0.5316500000000001,0.6410866666666667,0.10943666666666663,0.2915443128658481
LLLLAFLVTLLLLLISLLILI,103300200320020033022,000011011001101100000,LL--AF-VT--LL-IS--I--,1728050000.0,376.283,-370.925,5.35826,-68.5752,-70.702,-68.5772,-74.1425,-220.26,-221.906,-220.255,-246.457,-381.672,4581.82,3716.81,3784.58,41.3623,0.000923933,-2.81767,10.7442,46.7205,-82.0897,-91.8816,-82.0957,-61.0727,479,211.811,-59.1501,74.367,17.5636,9.5727,5.41205,5.02756,0.3474,-60.8836,69.6069,16.9224,10.7442,9.70244,5.02948,4.57358,10.7468,1,-59.0701,71.1292,19.3358,9.5,4.96296,4.5299,design_1421,-30.80890000000001,3.4405,24.550999999999988,-9.785900000000012,-2.1247999999999934,-1.6510000000000105,-13.561869999999999,-865.0099999999998,3.237800000000007,0.07269999999999932,-1.772199999999998,0.49766000000000066,Left,0.028877500655060433,1.0,1.0726999999999993,0.07269999999999932,0.1335799999999999,-0.0436399999999999,0.1772199999999998,0.7112099836353524,0.7435971815995743,0.03238719796422196,0.7549833333333332,0.8379266666666667,0.08294333333333348,0.2112362315901749
LLLLVLLLALLITLFSLLILI,103300200220030033112,000011011001101100000,LL--VL-LA--IT-FS--IL-,1728020000.0,374.296,-380.041,-5.7448,-74.1783,-74.1253,-74.1253,-74.1783,-224.609,-224.991,-224.609,-246.227,-384.401,4519.02,3860.04,3755.14,41.3623,0.000923933,-2.81339,4.4072,35.6175,-81.2538,-88.0984,-81.2597,-63.9958,473,193.783,-45.566,97.0345,17.2687,10.2349,6.43456,6.39007,-0.11918,-43.9956,98.82,19.3914,4.4072,10.2063,6.44004,6.42234,4.36017,3,-40.2399,94.8434,26.1031,9.5,5.33985,5.2625,design_786,-24.102599999999995,0.05299999999999727,21.23599999999999,-6.838700000000003,0.0,-0.382000000000005,-7.22059,-658.9800000000005,2.1910999999999916,0.7348999999999997,-8.834400000000002,1.1275699999999995,Left,0.028877500655060433,1.0,1.7348999999999997,0.7348999999999997,0.8103100000000001,-0.0731300000000001,0.8834400000000002,0.9484193510957112,0.9703365755874668,0.021917224491755594,0.8770833333333333,1.0650116666666667,0.18792833333333336,1.164620825332806
LLLLVVLLATLFLLLLILILI,103300220030031003012,000011001101100110000,LL--VV--AT-FL-LLI-IL-,1728040000.0,371.966,-371.632,0.333095,-58.9702,-58.9115,-58.9115,-58.9702,-226.541,-228.398,-226.541,-246.31,-372.825,4547.53,3857.49,3758.59,42.2344,0.000797366,-2.76092,1.24578,42.5675,-86.1216,-88.2769,-86.1273,-67.5457,482,148.395,-46.4953,88.2667,36.1713,9.80209,5.3903,5.2143,-0.223663,-47.0062,85.9463,37.3947,1.24578,9.50007,5.15367,4.94286,1.19301,4,-46.0089,78.8378,28.0,9.4653,4.04443,3.727,design_1318,-20.7312,0.05870000000000175,17.912000000000006,-2.1495999999999924,0.0,-1.8569999999999993,-4.0067,-690.04,9.428899999999999,0.3367900000000006,8.171300000000002,1.4872999999999998,Left,0.08201965790612242,0.9652999999999992,1.3020899999999997,0.3367900000000006,1.0,1.8171300000000001,0.8171300000000001,0.7883178822785671,0.8826336679617012,0.09431578568313403,0.6211666666666666,0.86905,0.24788333333333334,0.9227516217127293
LLLLVALLLILFTLLYLLILI,102300320020033003102,000011001101100110000,LL--VA--LI-FT--YL-IL-,1728040000.0,364.061,-368.219,-4.15814,-53.4172,-55.3435,-53.4029,-58.9201,-228.678,-227.234,-228.676,-251.528,-366.356,4590.96,3789.75,3723.72,43.7222,0.000620174,-2.75428,-1.85303,39.5641,-86.1237,-86.5322,-86.1302,-55.9075,488,25.0484,-15.1552,89.0544,21.1933,10.0108,0.795628,0.631445,-7.77169,-17.6779,87.5577,20.0005,-1.85303,9.62765,0.971984,0.78535,-1.86286,3,-15.856,85.056,19.3699,9.4176,0.36096,0.1368,design_1330,-30.624700000000004,3.576599999999999,24.293999999999983,-0.402000000000001,-1.9405999999999963,1.4419999999999789,-0.9012500000000001,-801.21,3.9984000000000037,0.5931999999999995,1.8233999999999995,0.494645,Left,0.17268001974321648,0.9176000000000002,1.5107999999999997,0.5931999999999995,0.1369900000000001,0.31933000000000006,0.18233999999999995,0.8505175469833433,0.8905129056652089,0.039995358681865656,0.0228,0.10524083333333334,0.08244083333333334,0.62731988276858
LLLLAVLLFLLATLYLLLILI,103300300220020033022,000011011001101100000,LL--AV-LF--AT-YL--I--,1728030000.0,354.76,-303.358,51.402,-58.9223,-58.8494,-58.8494,-58.9223,-220.781,-221.251,-220.776,-247.364,-358.517,4583.93,3839.58,3713.03,46.8367,0.000366466,-2.73506,55.2249,98.2387,-23.6551,-81.1518,-23.6666,-52.2306,513,193.783,-61.4582,59.5513,16.4319,9.77776,3.75817,3.15144,45.5311,-61.7768,57.1172,21.5473,55.2249,9.5,3.47734,2.8341,55.1591,0,-61.7768,57.1172,21.5473,9.5,3.47734,2.8341,design_1034,-28.921199999999992,0.07289999999999708,26.113,-57.48519999999999,0.0,-0.4749999999999943,-57.959959999999995,-744.3500000000004,2.434100000000001,0.2777600000000007,-5.115400000000001,0.3173400000000002,Left,0.36246473337517604,1.0,1.2777600000000007,0.2777600000000007,0.35473,-0.15681000000000012,0.5115400000000001,0.5710501782506232,0.5953980930584286,0.024347914807805404,0.47235,0.52524,0.05289000000000005,0.5849905659542627
LLLLYLLLAVLFILLSTLILI,103300210020031003022,000011001101100110000,LL--YL-LAV-FI-LST-I--,1728010000.0,361.995,-364.077,-2.08214,-74.2107,-74.1902,-74.1501,-74.2508,-215.536,-217.788,-215.534,-248.525,-368.716,4520.14,3680.49,3657.86,45.9023,0.000429125,-2.72906,4.6947,43.8201,-74.3301,-79.467,-74.3369,-45.9405,508,95.1175,-59.6437,60.7789,18.2492,9.72785,3.65171,3.06339,0.0370245,-58.3658,61.0413,17.4198,4.6947,9.92861,3.49544,2.91106,4.63934,2,-59.2256,60.8571,18.0467,9.5,3.59954,3.0124,design_648,-33.5265,0.06059999999999377,30.736999999999995,-5.130099999999999,-0.04010000000000957,-2.254000000000019,-7.42376,-839.6500000000005,-0.07820000000000249,0.2278500000000001,0.20249999999999702,0.05099000000000009,Left,0.30552627249294656,1.0,1.22785,0.2278500000000001,0.00467000000000013,0.02491999999999983,0.020249999999999702,0.608459802583934,0.607677580432843,0.0007822221510909166,0.5020666666666667,0.510565,0.008498333333333385,0.22890722693033994
LLLLALLLTILLFLLSVLILI,102300230020033003102,000011001101100110000,LL--AL--TI-LF--SV-IL-,1728060000.0,377.947,-378.092,-0.145711,-73.9884,-74.0145,-73.9834,-74.1954,-220.569,-221.013,-220.564,-246.798,-383.248,4561.42,3703.67,3612.94,41.3623,0.000923933,-2.72549,5.15919,41.2166,-83.5351,-90.9457,-83.5414,-62.2542,490,135.765,-6.85728,96.1446,21.7558,9.65229,0.508119,0.450288,-2.26929,-6.88676,96.5553,19.8977,5.15919,9.60239,0.567979,0.516308,5.15566,1,-6.4439,94.5421,18.8212,9.5,0.229768,0.1479,design_1786,-28.691500000000005,0.18090000000000828,25.784999999999997,-7.404300000000006,-0.03109999999999502,-0.4490000000000123,-7.8846799999999995,-857.75,1.602499999999992,0.1522900000000007,2.9345999999999997,0.302388,Left,0.028877500655060433,1.0,1.1522900000000007,0.1522900000000007,0.08212000000000011,0.3755800000000001,0.29345999999999994,0.9454054951606257,0.9614350475535052,0.01602955239287951,0.024650000000000002,0.075048,0.050398,0.3348252091075525
LLLALLLTVLLALLFSLLILI,13002200200230031032,000110011011001100000,LL-AL--TV-LA--FS-LI--,1728040000.0,369.707,-342.656,27.0515,-74.0889,-74.0505,-74.0243,-74.2451,-212.723,-219.219,-212.715,-242.448,-378.823,4496.07,3711.75,3620.23,44.4768,0.00054596,-2.68955,36.2294,71.5282,-55.8436,-88.2426,-55.8542,-62.13,496,25.0484,-106.59,28.3608,22.3722,9.50598,6.31722,5.24263,32.2915,-102.701,28.5022,19.9893,36.2294,9.3308,5.75297,4.6805,36.1673,0,-102.701,28.5022,19.9893,9.3308,5.75297,4.6805,design_1153,-26.112599999999993,0.1945999999999941,23.229000000000013,-32.3884,-0.026200000000002888,-6.503999999999991,-38.918949999999995,-784.3199999999997,-0.1413999999999973,0.17517999999999923,2.3828999999999994,0.5621299999999998,Left,0.21866221428701998,0.8308,1.0059799999999992,0.17517999999999923,0.19893,0.43721999999999994,0.23828999999999995,0.2848188885643523,0.28340448687427233,0.0014144016900799472,0.7800833333333334,0.8737716666666667,0.09368833333333337,0.31024129453526716
LLLAALLYVLLSLLFTLLILI,13002300200230022031,000110011011001100000,LL-AA--YV-LS--FT--I-I,1728040000.0,361.461,-338.116,23.3448,-74.3095,-74.2911,-74.2911,-74.3095,-223.591,-224.835,-223.581,-250.117,-368.911,4571.33,3755.23,3692.76,49.0167,0.000253574,-2.65513,30.8124,72.3615,-40.2154,-72.4398,-40.2265,-44.4845,471,10.291,-99.3288,36.1112,22.8639,9.19804,6.27433,5.316,25.465,-97.9812,35.1026,22.0773,30.8124,9.32738,5.93603,4.96257,30.7945,1,-96.6314,32.5626,19.4487,9.4205,5.39066,4.3791,design_1284,-27.95530000000001,0.01839999999999975,25.281999999999982,-32.213300000000004,0.0,-1.254000000000019,-33.467530000000004,-816.0999999999999,3.5485999999999933,-0.22245999999999988,3.4152000000000022,0.9368999999999996,Left,0.49530489253962356,0.9205000000000005,0.6980400000000007,0.22245999999999988,0.1448699999999999,0.4863900000000001,0.3415200000000002,0.3254344233762389,0.36093050426321077,0.03549608088697187,0.72985,0.886,0.15615,0.4379122700477055
LLLLAYLLFTLALLLIVLILI,103300210030031003022,000011001101100110000,LL--AY-LFT-AL-LIV-I--,1727980000.0,355.262,-118.022,237.24,-58.9702,-58.9034,-58.9034,-58.9702,-219.671,-226.623,-219.665,-246.342,-352.441,4581.99,3839.86,3638.05,46.0252,0.000420307,-2.64864,234.481,283.266,160.62,-69.5639,160.608,-47.1288,497,87.0218,-65.5591,68.9221,15.0688,10.174,5.63835,5.17218,230.648,-65.8443,62.6217,18.8025,234.481,9.3959,4.83057,4.2699,234.42,0,-65.8443,62.6217,18.8025,9.3959,4.83057,4.2699,design_174,-22.435100000000006,0.06680000000000064,19.719000000000023,-230.1719,0.0,-6.957999999999998,-237.12964,-742.1299999999997,6.300400000000003,0.7781000000000002,-3.733699999999999,0.9022800000000002,Left,0.3130152888054744,0.8958999999999993,1.6739999999999995,0.7781000000000002,0.08024999999999985,-0.29312000000000005,0.37336999999999987,0.626110815471594,0.6891327136906882,0.06302189821909421,0.71165,0.86203,0.15037999999999996,0.8783112608609422
LLLLVFLIALLTLLLSLLILI,103300200230020033012,000011011001101100000,LL--VF-IA--TL-LS--IL-,1728020000.0,376.142,-374.143,1.99869,-74.2843,-70.5804,-74.2387,-74.3376,-220.153,-223.376,-220.153,-246.45,-380.795,4596.94,3791.25,3747.24,41.3623,0.000923933,-2.64662,6.69232,43.361,-79.7053,-89.4849,-79.7114,-60.007,477,162.201,-54.7728,53.727,21.6905,9.526,1.96905,1.27496,1.51642,-53.9625,51.9347,21.8947,6.69232,9.60963,1.60556,0.884583,6.65223,1,-49.0996,54.7277,23.1877,9.5,1.25318,0.5741,design_807,-29.477899999999998,3.7571999999999974,23.073999999999984,-9.773499999999999,3.658299999999997,-3.223000000000013,-9.33894,-805.6899999999996,-1.000700000000002,0.0259999999999998,-1.4971999999999994,0.70086,Left,0.028877500655060433,1.0,1.0259999999999998,0.0259999999999998,0.51877,0.36905,0.14971999999999996,0.5471483901428006,0.5371385473474467,0.010009842795353885,0.09568333333333334,0.21249333333333334,0.11681,0.19192928763684733
LLLLVALLLTLLLLLSFLILI,102300320020033003102,000011001101100110000,LL--VA--LT-LL--SF-IL-,1728040000.0,378.041,-382.612,-4.57083,-71.0435,-71.0949,-71.0434,-74.2781,-221.217,-220.359,-221.215,-246.642,-386.72,4576.07,3823.75,3661.74,44.5741,0.000537052,-2.64288,4.10476,40.0033,-90.351,-97.9094,-90.3572,-65.8,472,42.7142,-16.9852,85.4544,21.3753,9.62468,0.584126,0.365942,-1.73492,-16.5745,86.1337,20.5402,4.10476,9.42386,0.614213,0.406218,4.10841,1,-15.856,85.056,19.3699,9.4176,0.36096,0.1368,design_1330,-32.10940000000001,3.1831999999999994,26.282999999999987,-7.552199999999999,-0.05149999999999011,0.8559999999999945,-6.74764,-752.3199999999997,0.3984000000000094,0.2070799999999995,2.005399999999998,0.22914199999999998,Left,0.22459127276715818,0.9176000000000002,1.1246799999999997,0.2070799999999995,0.1369900000000001,0.33752999999999994,0.20053999999999983,0.8505175469833433,0.8545026787607681,0.003985131777424877,0.0228,0.060990333333333334,0.03819033333333333,0.2908140313592078
LLLLVALLSLLFLLTSLLILI,103300200230020033012,000011011001101100000,LL--VA-LS--FL-TS--IL-,1727980000.0,384.959,-327.214,57.7446,-91.8684,-89.4978,-91.8727,-89.58,-213.336,-215.685,-213.334,-243.779,-389.849,4508.17,3650.58,3524.19,48.4573,0.000278707,-2.62712,62.6272,106.202,-22.0092,-87.2934,-22.0152,-56.4898,465,253.054,-56.5346,46.3093,18.3903,9.0293,1.23194,0.426583,43.1454,-57.4157,44.767,20.3375,62.6272,8.5,1.15589,0.3274,62.6346,0,-57.4157,44.767,20.3375,8.5,1.15589,0.3274,design_145,-30.803600000000003,0.08220000000000027,28.093999999999994,-65.2782,2.3748999999999967,-2.350999999999999,-65.25432,-857.5900000000001,1.5422999999999973,0.5292999999999992,-1.9471999999999987,0.09918299999999997,Left,0.46121737646779215,0.0,0.5292999999999992,0.5292999999999992,0.23374999999999985,0.03902999999999999,0.19471999999999987,0.44751309371861614,0.46294047509492703,0.015427381376310889,0.05456666666666667,0.07109716666666667,0.016530499999999997,0.5644339021766669
LLLLYVLLFTLALLLLILILI,103300210030021003022,000011001101100110000,LL--YV-LFT-AL-LLI-I--,1728040000.0,364.967,-256.595,108.371,-58.9702,-58.9101,-58.9101,-58.9702,-221.165,-225.905,-221.164,-249.728,-362.928,4602.58,3793.2,3640.03,43.7222,0.000620174,-2.62046,106.387,152.094,23.5394,-80.7332,23.5326,-54.2301,480,35.7526,-56.122,75.9014,26.7066,10.1028,5.16499,4.80351,100.964,-57.8657,70.7423,28.0,106.387,9.3315,4.73007,4.2912,106.333,0,-57.8657,70.7423,28.0,9.3315,4.73007,4.2912,design_1231,-26.503099999999996,0.06009999999999849,23.823000000000008,-104.2658,0.0,-4.741000000000014,-109.00746,-809.3800000000001,5.159099999999995,0.7713000000000001,-1.2933999999999983,0.5123100000000003,Left,0.17268001974321648,0.8315000000000001,1.6028000000000002,0.7713000000000001,1.0,0.8706600000000002,0.1293399999999998,0.7073398845272058,0.7589455405335115,0.05160565600630573,0.7152,0.800585,0.08538500000000004,0.7884074248488793
LLLLFLLLTILALLLSVLILI,102300320030032003102,000011001101100110000,LL--FL--TI-AL--SV-IL-,1728070000.0,377.686,-377.776,-0.0900265,-74.1023,-74.048,-74.048,-74.2355,-219.162,-219.032,-219.16,-246.602,-381.794,4599.7,3756.47,3717.54,41.3623,0.000923933,-2.61983,4.06662,41.2723,-84.5124,-91.3334,-84.5189,-60.956,467,361.194,-16.9366,87.6362,28.9136,9.71059,0.871377,0.68592,-0.68967,-17.468,85.4122,29.3056,4.06662,9.6958,0.65084,0.432022,4.01756,2,-14.9502,90.3298,28.0,9.2661,0.937053,0.792,design_1898,-30.377399999999994,0.1875,27.569999999999993,-6.814499999999995,0.0,0.1279999999999859,-6.686450000000001,-843.23,-2.6936000000000035,0.44449000000000005,0.9135999999999989,-0.10608000000000006,Left,0.028877500655060433,0.7660999999999998,1.2105899999999998,0.44449000000000005,1.0,1.0913599999999999,0.09135999999999989,0.9032705288301879,0.8763268768330206,0.026943651997167306,0.132,0.11431999999999999,0.017680000000000015,0.45492477673011444
LLLLVILALLLFTLYLLLILI,103300200230030023022,000011011001101100000,LL--VI-AL--FT-YL--I--,1728070000.0,362.886,-269.008,93.8784,-58.9223,-58.8502,-58.8502,-58.9223,-222.059,-221.691,-222.059,-250.867,-367.117,4607.9,3808.97,3683.1,43.7222,0.000620174,-2.60976,98.1752,137.601,11.9742,-89.1859,11.9676,-57.3281,468,135.765,-58.3793,48.7594,22.3541,9.81043,1.8394,1.07079,93.769,-61.8729,45.2924,25.8384,98.1752,9.4323,1.89541,1.0748,98.1093,0,-61.8729,45.2924,25.8384,9.4323,1.89541,1.0748,design_1931,-31.857800000000005,0.07209999999999894,29.175999999999988,-101.15350000000001,0.0,0.367999999999995,-100.78496,-798.9299999999998,3.4669999999999987,0.3781300000000005,-3.484300000000001,-0.004010000000000069,Left,0.17268001974321648,0.9322999999999997,1.3104300000000002,0.3781300000000005,0.78384,0.4354099999999999,0.3484300000000001,0.45276858627850314,0.48744843535564103,0.03467984907713789,0.17913333333333334,0.17846499999999998,0.0006683333333333541,0.5153531802574405
LLLLYLLVTLLAILFSLLILI,103300200220030033022,000011011001101100000,LL--YL-VT--AI-FS--I--,1728070000.0,358.811,-249.521,109.291,-66.72,-70.6015,-66.6578,-74.2304,-217.602,-220.666,-217.6,-247.853,-368.861,4572.48,3671.44,3650.26,45.9023,0.000429125,-2.60792,119.397,155.193,34.8011,-80.2014,34.7942,-46.7781,486,302.327,-66.6897,38.5191,13.752,9.66165,1.70355,0.781333,74.3921,-65.2267,36.7893,18.2626,119.397,9.2213,1.25056,0.3024,119.341,0,-65.2267,36.7893,18.2626,9.2213,1.25056,0.3024,design_1891,-33.423300000000005,3.6289000000000016,27.187000000000012,-114.9956,-3.943700000000007,-3.0660000000000025,-122.00492,-901.0399999999995,1.7298000000000044,0.44035000000000046,-4.510599999999998,0.47893300000000005,Left,0.30552627249294656,0.7212999999999994,1.1616499999999998,0.44035000000000046,0.026259999999999905,-0.42479999999999996,0.45105999999999985,0.36771343061429446,0.38501634464187834,0.017302914027583882,0.0504,0.13022216666666667,0.07982216666666667,0.6356368579819828
LLLLVFLTALLYLLIALLILI,103300300230020023111,000011011001101100000,LL--VF-TA--YL-IA--ILI,1727990000.0,352.602,1878.61,2231.21,-58.9696,-58.8518,-58.8518,-58.9696,-215.619,-221.729,-215.618,-247.08,-352.365,4630.28,3739.65,3728.18,46.0252,0.000420307,-2.58832,2231.08,2277.24,2153.2,-74.3723,2153.19,-46.3153,447,103.966,-48.94,57.5895,15.6605,9.6001,1.61559,0.979436,2220.95,-43.3965,59.9495,18.0,2231.08,9.3753,1.10266,0.5019,2230.97,0,-43.3965,59.9495,18.0,9.3753,1.10266,0.5019,design_317,-28.056999999999995,0.11780000000000257,25.351,-2227.5623,0.0,-6.111000000000018,-2233.6683199999998,-890.6299999999997,-2.3599999999999994,0.2248000000000001,-2.3394999999999992,0.47753599999999996,Left,0.3130152888054744,0.8752999999999993,1.1000999999999994,0.2248000000000001,0.0,-0.23394999999999994,0.23394999999999994,0.599381224267692,0.5757745199636698,0.02360670430402223,0.08365,0.16323933333333332,0.07958933333333332,0.3349020468264445
LLLYLLLTVLALLLFSLLILI,13002200200230031032,000110011011001100000,LL-YL--TV-AL--FS-LI--,1728050000.0,361.735,-370.59,-8.85513,-74.0042,-73.9889,-73.9424,-74.2451,-223.03,-225.623,-223.028,-253.14,-373.653,4679.01,3867.87,3742.9,46.7138,0.000374154,-2.56478,3.11997,37.8586,-73.5559,-76.6053,-73.5627,-46.2683,497,231.516,-104.065,41.4249,28.2238,9.58413,7.70211,6.82349,0.385117,-102.319,40.9832,25.5873,3.11997,9.53198,7.38064,6.49538,3.06296,4,-108.707,31.2832,23.6216,9.2079,7.02935,5.9986,design_1448,-30.336999999999996,0.25619999999999266,27.516999999999996,-3.042599999999993,-0.04649999999999466,-2.594999999999999,-5.684749999999999,-811.1400000000003,10.1417,0.3762299999999996,4.6022,0.8248899999999999,Left,0.35497571706264813,0.7079000000000004,1.08413,0.3762299999999996,0.5621600000000001,1.02238,0.46021999999999996,0.31263678884803286,0.4140825994582462,0.10144581061021335,0.9997666666666666,1.1372483333333332,0.1374816666666666,0.6185013520274693
LLLLAILLLLLFVLLSTLILI,103300210030031003022,000011001101100110000,LL--AI-LLL-FV-LST-I--,1727980000.0,377.7,-381.999,-4.2991,-74.2327,-74.2848,-74.2245,-74.2931,-225.788,-225.228,-225.785,-246.409,-384.935,4530.91,3703.23,3685.82,41.3623,0.000923933,-2.53208,2.94211,37.0632,-81.9781,-87.954,-81.984,-64.2336,484,103.966,-59.1454,77.7966,15.6921,9.84752,5.87435,5.54129,0.0613437,-59.8465,76.8139,16.5994,2.94211,10.1596,5.84686,5.49907,2.9366,3,-65.8443,62.6217,18.8025,9.3959,4.83057,4.2699,design_174,-23.720399999999998,0.008299999999991314,21.180999999999983,-5.969999999999999,-0.06029999999999802,0.556999999999988,-5.47419,-827.6799999999998,15.174900000000001,0.45162000000000013,-3.1103999999999985,1.2713900000000002,Left,0.028877500655060433,0.8958999999999993,1.3475199999999994,0.45162000000000013,0.08024999999999985,-0.23079,0.31103999999999987,0.626110815471594,0.7779029244305382,0.15179210895894424,0.71165,0.9235483333333333,0.2118983333333333,0.6071641079738233
LLLLLALLATLFLLLSVLILI,103300320030021003012,000011001101100110000,LL--LA--AT-FL-LSV-IL-,1728000000.0,371.866,-374.093,-2.22759,-74.2177,-74.2154,-74.1549,-74.2781,-211.452,-212.787,-211.448,-241.733,-376.844,4489.51,3701.43,3567.03,44.4768,0.00054596,-2.50522,2.8056,42.2492,-88.4239,-92.3467,-88.435,-60.8325,532,95.1175,-51.5658,65.8014,18.5221,9.56975,3.11806,2.60508,-0.476405,-52.6691,62.8116,18.1769,2.8056,9.43448,2.87993,2.3221,2.75048,1,-53.5853,63.57,19.9595,9.5,3.11975,2.5733,design_551,-31.514199999999995,0.06269999999999243,28.945999999999998,-3.911699999999996,-0.06050000000000466,-1.3389999999999986,-5.31082,-788.0800000000004,2.2314000000000007,0.06975000000000087,-1.4374000000000002,0.03177999999999992,Left,0.21866221428701998,1.0,1.0697500000000009,0.06975000000000087,0.19594999999999985,0.052209999999999826,0.14374000000000003,0.6355965094086721,0.6579168483849414,0.022320338976269283,0.42888333333333334,0.43418,0.005296666666666672,0.16140787561266481
LLLLIFLLAVLYLLLSTLILI,103300210030021003022,000011001101100110000,LL--IF-LAV-YL-LST-I--,1728030000.0,361.834,-31.6169,330.217,-74.1832,-74.1364,-74.117,-74.2559,-218.811,-222.763,-218.81,-248.281,-367.862,4589.95,3845.07,3708.17,45.9023,0.000429125,-2.48796,336.305,376.119,261.377,-73.4507,261.371,-45.3253,487,17.549,-52.079,74.4536,24.7323,9.69181,4.36308,3.97988,60.4033,-50.3551,72.8909,27.796,336.305,9.2642,3.89354,3.4869,336.245,0,-50.3551,72.8909,27.796,9.2642,3.89354,3.4869,design_1029,-28.1254,0.11950000000000216,25.518,-334.82169999999996,-0.019399999999990314,-3.953000000000003,-338.79296,-744.8799999999997,1.5626999999999924,0.4276099999999996,-3.0637000000000008,0.4929800000000002,Left,0.30552627249294656,0.7642000000000007,1.1918100000000003,0.4276099999999996,0.9795999999999999,0.6732299999999999,0.30637000000000003,0.7288319882846729,0.7444634276134422,0.015631439328769314,0.5811499999999999,0.6633133333333333,0.08216333333333337,0.5326425107329804
LLLLAVLTLLLTLLFILLILI,103300200220030033022,000011011001101100000,LL--AV-TL--TL-FI--I--,1728010000.0,372.151,-369.933,2.21858,-72.6599,-72.742,-72.6584,-72.809,-224.981,-225.694,-224.978,-248.026,-381.94,4575.06,3760.22,3696.07,46.0625,0.000417668,-2.47632,12.0059,48.281,-72.2917,-85.9808,-72.2978,-61.1051,483,148.395,-52.8514,90.836,26.4099,9.97209,6.69057,6.55311,-0.484379,-53.338,89.5731,25.0848,12.0059,9.73865,6.59307,6.43666,12.0073,1,-56.2764,81.9009,26.3008,9.5,5.99809,5.7266,design_725,-24.875700000000002,0.06699999999999307,22.332000000000022,-13.683000000000007,-0.08360000000000412,-0.7159999999999798,-14.48222,-814.8400000000006,8.935100000000006,0.4720899999999997,0.10910000000000153,0.8265099999999999,Left,0.3152881961159488,1.0,1.4720899999999997,0.4720899999999997,0.8300799999999999,0.84099,0.010910000000000086,0.8189575839538428,0.9083339668465844,0.08937638289274163,0.9544333333333334,1.092185,0.1377516666666666,0.49995165335103564
LLLLFALLLLLAVLLITLILI,103300210020021003032,000011001101100110000,LL--FA-LLL-AV-LIT-I--,1728040000.0,368.667,-293.596,75.0711,-58.948,-58.8881,-58.8881,-58.948,-215.372,-219.515,-215.369,-244.205,-365.764,4582.55,3822.74,3687.78,41.4852,0.000904948,-2.42062,72.2212,116.556,-19.2758,-89.7819,-19.2864,-62.6116,460,231.516,-62.4533,69.3194,30.2299,9.79998,5.22612,4.76591,62.1683,-61.55,67.5867,27.3561,72.2212,9.3793,4.8567,4.3705,72.1683,0,-61.55,67.5867,27.3561,9.3793,4.8567,4.3705,design_1244,-27.17029999999999,0.059899999999998954,24.690000000000026,-70.49549999999999,0.0,-4.145999999999987,-74.64182,-759.8100000000004,1.7327000000000083,0.42067999999999905,2.8737999999999992,0.39541000000000004,Left,0.03636651696758832,0.8793000000000006,1.2999799999999997,0.42067999999999905,0.9356100000000002,1.22299,0.28737999999999986,0.6757749200773019,0.6931068423432255,0.017331922265923616,0.7284166666666666,0.7943183333333333,0.06590166666666675,0.5140061789500936
LLLTALLVLLLFLLASLLILI,113002300300220022031,000110011011001100000,LL-TA--VL-LF--AS--I-I,1727980000.0,371.053,-366.546,4.50638,-60.4659,-60.4005,-60.4005,-60.4659,-224.476,-223.83,-224.471,-246.181,-371.159,4571.26,3735.95,3861.33,44.4768,0.00054596,-2.41824,4.67199,48.9831,-81.6043,-89.3466,-81.6152,-64.5117,501,55.7787,-101.671,15.1377,30.9462,9.22577,3.79428,2.52134,1.79248,-102.161,12.8819,30.5509,4.67199,9.50602,3.5632,2.25643,4.61287,1,-97.8964,17.0756,27.8583,9.496,3.48967,2.2458,design_152,-24.83489999999999,0.0653999999999968,22.351,-7.731399999999994,0.0,0.6409999999999911,-7.09023,-835.3100000000004,-1.9379000000000008,-0.27022999999999975,3.087900000000001,0.2755399999999999,Left,0.21866221428701998,0.9960000000000004,0.7257700000000007,0.27022999999999975,0.98583,1.29462,0.3087900000000001,0.17052042780149562,0.151135922602019,0.019384505199476626,0.3743,0.42022333333333334,0.045923333333333316,0.4133524266122952
LLLLAVLLFLLLILTSLLILI,13300200310020023031,000011011001101100000,LL--AV-LF-LLI-TS--I-I,1728040000.0,376.702,-378.764,-2.06216,-74.0699,-74.103,-74.0718,-74.2364,-222.883,-222.442,-222.88,-246.979,-384.235,4552.86,3741.2,3785.44,41.3623,0.000923933,-2.40476,5.46672,39.3001,-81.8108,-90.0953,-81.817,-63.02,492,87.0218,-98.7646,37.5714,28.9669,8.9968,6.38682,5.4504,0.119746,-98.0875,36.6665,29.2836,5.46672,9.02507,6.1631,5.2131,5.47141,2,-92.3387,40.7933,26.5853,9.5,5.8579,4.9698,design_1311,-27.07529999999999,0.13340000000000884,24.537000000000006,-8.278300000000002,-0.03119999999999834,0.4379999999999882,-7.87148,-811.6599999999999,-3.221900000000005,-0.5031999999999996,2.381599999999999,0.4805999999999999,Left,0.028877500655060433,1.0,0.49680000000000035,0.5031999999999996,0.85853,1.09669,0.23815999999999993,0.40776480520467817,0.37553665240928424,0.03222815279539393,0.8283,0.9084,0.08009999999999995,0.5633694076115625
LLLLALLLILVSLLFTLLILI,13002300200220031032,000110011011001100000,LL-LA--LI-VS--FT-LI--,1728040000.0,380.707,-354.746,25.9603,-74.2671,-70.7207,-74.2619,-74.2671,-220.856,-222.609,-220.851,-246.739,-380.862,4561.9,3727.69,3693.55,41.3623,0.000923933,-2.39859,26.1191,67.3226,-59.6236,-89.9308,-59.6296,-59.8552,476,72.839,-113.347,0.832562,19.1701,9.49941,3.61441,2.1269,22.6622,-112.116,0.3684,18.0,26.1191,9.4637,3.36707,1.8726,26.1151,0,-112.116,0.3684,18.0,9.4637,3.36707,1.8726,design_1101,-30.0756,3.5464000000000055,24.129999999999995,-30.3012,3.5412000000000035,-1.7580000000000098,-28.517689999999998,-834.2099999999996,0.464162,0.03570999999999991,1.1701000000000015,0.25429999999999997,Left,0.028877500655060433,0.9636999999999993,0.9994099999999992,0.03570999999999991,0.0,0.11701000000000014,0.11701000000000014,0.003400965874308304,0.00804390446886916,0.004642938594560856,0.3121,0.3544833333333333,0.04238333333333333,0.1295548070248161
LLLLILLTALLFLLVSLLILI,103300300220030023012,000011011001101100000,LL--IL-TA--FL-VS--IL-,1728010000.0,376.546,-299.659,76.8871,-74.2881,-74.2359,-74.225,-74.2428,-216.442,-218.191,-216.442,-245.186,-382.659,4564.02,3643.47,3654.83,41.3623,0.000923933,-2.38011,83.0575,118.249,-8.92888,-92.6127,-8.93495,-63.2306,463,330.452,-55.8602,51.1163,23.1393,9.24437,1.77972,1.04646,22.0424,-53.9342,50.1545,25.0394,83.0575,9.0912,1.36098,0.6133,83.0005,0,-53.9342,50.1545,25.0394,9.0912,1.36098,0.6133,design_627,-29.3821,0.0069000000000016826,26.995000000000005,-83.67775,-0.010900000000006571,-1.7489999999999952,-85.43761,-920.5500000000006,0.9618000000000038,0.15316999999999936,-1.900100000000002,0.43316,Left,0.028877500655060433,0.5912000000000006,0.74437,0.15316999999999936,0.70394,0.5139299999999999,0.19001000000000012,0.5014033985651926,0.5110241308531623,0.00962073228796978,0.10221666666666666,0.17440999999999998,0.07219333333333332,0.2546944932022175
LLLLLLLTVLTFLLASLLILI,13002200200230031032,000110011011001100000,LL-LL--TV-TF--AS-LI--,1727990000.0,374.281,-382.517,-8.23582,-87.8365,-84.2444,-87.7747,-87.9704,-216.109,-218.308,-216.109,-244.347,-387.617,4536.81,3733.13,3665.63,49.054,0.000251982,-2.36145,5.15506,40.8182,-78.5719,-87.4263,-78.5786,-55.2995,513,211.811,-110.992,2.89984,25.3476,9.15484,3.54032,2.08382,0.154531,-111.383,0.482357,25.5684,5.15506,9.1644,3.27263,1.77986,5.09992,3,-108.465,3.3195,22.5121,9.059,3.21781,1.7676,design_434,-32.126799999999996,3.725999999999999,26.039000000000016,-8.847700000000003,3.530299999999997,-2.198999999999984,-7.51651,-803.6800000000003,-0.4196599999999999,0.09584000000000081,2.8354999999999997,0.3162199999999997,Left,0.4975777998500979,0.5589999999999993,0.6548400000000001,0.09584000000000081,0.45121,0.73476,0.28354999999999997,0.0329203493792237,0.028722557206246578,0.0041977921729771245,0.29460000000000003,0.3473033333333333,0.05270333333333327,0.3039427099036463
LLLVYLLILLTFLLASLLILI,113002200200230032031,000110011011001100000,LL-VY--IL-TF--AS--I-I,1727980000.0,363.627,-365.398,-1.77098,-74.245,-74.1912,-74.1912,-74.245,-226.958,-225.372,-226.957,-248.38,-366.213,4587.56,3807.62,3873.13,45.9023,0.000429125,-2.32427,0.863427,44.1313,-64.1941,-68.9745,-64.2011,-43.588,490,135.765,-104.67,2.24789,36.0396,9.44726,2.50396,1.03768,-2.30785,-103.7,5.48753,35.0453,0.863427,9.69825,2.79581,1.37813,0.815583,3,-98.8508,7.4272,28.0,9.5,2.33029,0.9417,design_57,-25.386500000000005,0.05380000000000962,23.00799999999998,-4.773400000000009,0.0,1.5849999999999795,-3.187697,-779.9400000000005,-5.17931,-0.05274000000000001,8.0396,0.09597999999999995,Left,0.30552627249294656,1.0,0.94726,0.05274000000000001,1.0,1.80396,0.80396,0.0740090185612714,0.022201205142260403,0.051807813419011,0.15695,0.17294666666666667,0.01599666666666666,0.8075104532299897
LLLILLLTVLALLLFSLLILI,13002300200230021032,000110011011001100000,LL-IL--TV-AL--FS-LI--,1728020000.0,374.686,-381.275,-6.58881,-74.1084,-74.0847,-74.0466,-74.2451,-221.315,-222.441,-221.315,-244.841,-383.946,4576.94,3718.22,3713.14,41.3623,0.000923933,-2.2956,2.72632,34.7735,-85.8516,-89.7156,-85.8575,-64.8599,487,193.783,-104.936,23.5124,25.2366,9.98141,5.41462,4.26731,-2.71851,-103.848,24.3177,26.2199,2.72632,9.77762,5.36015,4.22491,2.67077,2,-105.102,17.7937,27.0926,9.3373,4.66749,3.4344,design_889,-24.8557,0.16039999999999566,22.400000000000006,-3.858099999999993,-0.03810000000000002,-1.1260000000000048,-5.02192,-858.7199999999998,5.718699999999998,0.6441099999999995,-1.8560000000000016,0.83291,Left,0.028877500655060433,0.8373000000000008,1.4814100000000003,0.6441099999999995,0.9092600000000001,0.72366,0.1856000000000001,0.1777034677848509,0.2349067135066359,0.05720324572178498,0.5724,0.7112183333333334,0.13881833333333338,0.6869263374558809
LLLLALLFVLLLILTSLLILI,113300300210020033021,000011011001101100000,LL--AL-FV-LLI-TS--I-I,1728020000.0,377.311,-375.564,1.74719,-74.0996,-74.1445,-74.0941,-74.2364,-226.632,-228.695,-226.63,-245.079,-382.851,4563.32,3937.7,3889.89,41.3623,0.000923933,-2.26195,7.28903,43.1095,-74.8322,-82.2741,-74.8382,-63.536,503,19.1815,-89.18,53.7813,38.0665,9.65317,7.13747,6.44419,3.28399,-87.948,50.9648,37.3459,7.28903,9.77235,6.57245,5.83692,7.28712,4,-87.966,45.3833,27.113,9.3674,5.82165,5.0024,design_911,-18.738100000000003,0.09190000000000964,16.384000000000015,-7.435900000000004,-0.050399999999996226,-2.0649999999999977,-9.550980000000001,-625.6199999999999,8.398000000000003,0.2857699999999994,10.953499999999998,1.4417900000000001,Left,0.028877500655060433,0.8674,1.1531699999999994,0.2857699999999994,0.9113,2.0066499999999996,1.0953499999999996,0.45367784450784027,0.5376817016032553,0.08400385709541508,0.8337333333333333,1.0740316666666667,0.2402983333333334,1.160282746751706
LLLALLLTILVTLLFSLLILI,13002300200230021032,000110011011001100000,LL-AL--TI-VT--FS-LI--,1728020000.0,371.504,-379.673,-8.16883,-78.9928,-80.7253,-78.9894,-88.049,-217.477,-218.874,-217.469,-245.618,-384.444,4486.6,3635.76,3677.86,48.2425,0.000289003,-2.18757,4.77765,40.0737,-83.2024,-87.033,-83.2084,-50.7777,478,193.783,-107.842,24.1887,22.3964,9.58741,5.94179,4.80462,-0.308257,-109.043,21.3209,21.5441,4.77765,9.7143,5.73479,4.5546,4.77177,2,-105.757,26.2007,20.3643,9.4808,5.90069,4.7937,design_899,-36.2553,7.323700000000002,26.744,-3.8246000000000038,-1.7359000000000009,-1.4050000000000011,-6.96522,-850.8400000000001,-2.0120000000000005,0.10660999999999987,2.0321,0.010919999999999597,Left,0.44812835528039635,0.9808000000000003,1.0874100000000002,0.10660999999999987,0.23643,0.43964,0.20320999999999997,0.2617973504475271,0.24167163474426737,0.020125715703259744,0.79895,0.80077,0.0018199999999999328,0.2303656941312408
LLLLYVLLILLATLFSLLILI,113300300210020022031,000011011001101100000,LL--YV-LI-LAT-FS--I-I,1728040000.0,360.005,-357.939,2.06668,-74.1783,-74.1236,-74.1236,-74.1783,-225.233,-226.602,-225.232,-248.352,-368.956,4570.24,3906.81,3923.21,45.9023,0.000429125,-2.1615,11.0663,47.969,-58.5272,-70.3921,-58.534,-46.4253,485,162.201,-100.659,4.67804,36.8725,9.6487,2.23043,0.800603,8.46614,-99.5346,4.54349,35.1418,11.0663,10.1618,2.04356,0.611708,11.0175,4,-95.3663,8.0284,28.0,9.3966,1.88877,0.5092,design_1177,-23.9668,0.05469999999999686,21.75,-11.8581,0.0,-1.3700000000000045,-13.2278,-663.4299999999998,-3.3503599999999993,0.25210000000000043,8.872500000000002,0.29140299999999997,Left,0.30552627249294656,0.8965999999999994,1.1486999999999998,0.25210000000000043,1.0,1.8872500000000003,0.8872500000000003,0.08002272645431302,0.046509608728879,0.03351311772543402,0.08486666666666666,0.13343383333333333,0.048567166666666675,0.9242558472834821
LLLLVILLLLLFTLASLLILI,103300200230020033022,000011011001101100000,LL--VI-LL--FT-AS--I--,1727990000.0,376.66,-377.977,-1.31639,-74.1783,-74.1221,-74.1221,-74.1783,-218.786,-221.177,-218.786,-246.131,-385.465,4512.89,3717.84,3612.53,41.3623,0.000923933,-2.14872,7.53876,40.0459,-85.0123,-92.3152,-85.0185,-65.156,494,431.524,-56.0333,60.8382,21.5062,9.81522,3.11815,2.53073,0.788301,-56.5858,58.5272,20.431,7.53876,9.54453,2.88904,2.26695,7.48897,4,-56.6011,55.6669,25.5689,9.5,2.5052,1.8402,design_353,-27.1592,0.056199999999989814,24.954000000000008,-7.296700000000001,0.0,-2.390999999999991,-9.68748,-795.0500000000002,5.171300000000002,0.31522000000000006,-4.0626999999999995,0.6905300000000001,Left,0.028877500655060433,1.0,1.31522,0.31522000000000006,0.75689,0.35062,0.40626999999999996,0.5565430582285369,0.6082707488926856,0.05172769066414873,0.30670000000000003,0.4217883333333334,0.11508833333333335,0.5294714720840872
LLLLLILVALLLTLFSLLILI,103300300220030023022,000011011001101100000,LL--LI-VA--LT-FS--I--,1728050000.0,374.61,-374.924,-0.313408,-74.1783,-74.1153,-74.1153,-74.1783,-224.88,-228.839,-224.88,-244.945,-384.602,4503.45,3890.98,3813.15,41.3623,0.000923933,-2.14263,9.73553,41.0489,-75.8651,-83.7903,-75.8709,-65.479,464,193.783,-64.668,56.689,37.9582,9.98494,3.85322,3.20355,3.81255,-64.2154,54.6097,34.9785,9.73553,9.60874,3.50462,2.82376,9.67839,1,-63.8201,47.2306,28.0,8.7037,2.44914,1.6576,design_1493,-18.311300000000003,0.06299999999998818,16.105999999999995,-7.919399999999996,0.0,-3.959000000000003,-11.878160000000001,-612.4699999999998,9.458399999999997,1.2812400000000004,9.958199999999998,1.54595,Left,0.028877500655060433,0.20369999999999955,1.48494,1.2812400000000004,1.0,1.9958199999999997,0.9958199999999997,0.4721560923302219,0.5667669618171561,0.09461086948693426,0.27626666666666666,0.533925,0.2576583333333333,1.645774116749071
LLLLVALLLILLFLLSTLILI,102300320020033003102,000011001101100110000,LL--VA--LI-LF--ST-IL-,1728070000.0,377.56,-370.151,7.40903,-66.3488,-71.0741,-66.3506,-74.2158,-219.113,-218.918,-219.11,-246.657,-383.627,4542.91,3663.11,3629.08,41.3623,0.000923933,-2.11535,13.4699,48.7713,-84.6897,-95.7498,-84.6959,-62.7536,484,211.811,-16.2729,90.4153,19.3659,9.49657,1.14701,1.00324,3.60595,-15.5905,90.3928,19.7114,13.4699,9.1389,1.04161,0.8975,13.4751,0,-15.5905,90.3928,19.7114,9.1389,1.04161,0.8975,design_1922,-32.996199999999995,3.1417,27.739000000000004,-11.053899999999999,-4.723500000000001,0.19200000000000728,-15.58525,-879.7999999999997,0.022500000000007958,0.3576700000000006,-0.34550000000000125,0.10573999999999995,Left,0.028877500655060433,0.6388999999999996,0.9965700000000002,0.3576700000000006,0.17114000000000013,0.13659,0.034550000000000136,0.9039007078010154,0.9041257717191683,0.00022506391815291238,0.14958333333333332,0.16720666666666664,0.017623333333333324,0.3597668188306774
LLLLAVLLTLLLFLISLLILI,103300300220020033022,000011011001101100000,LL--AV-LT--LF-IS--I--,1727990000.0,376.558,-379.727,-3.16909,-68.7102,-70.6685,-68.7121,-74.228,-224.593,-224.425,-224.59,-246.759,-383.828,4548.93,3717.22,3759.3,41.3623,0.000923933,-2.08853,4.09671,38.1932,-86.4236,-90.8227,-86.4297,-62.8414,467,231.516,-62.0548,58.0917,12.5688,9.60116,3.6506,3.02198,2.12449,-62.0647,57.5173,12.417,4.09671,9.65889,3.57455,2.93731,4.1009,3,-62.4537,52.2823,20.9221,8.6198,2.92617,2.2104,design_398,-27.981299999999997,3.5595,22.333999999999975,-4.393000000000001,-1.956399999999988,0.16499999999999204,-6.18524,-831.7100000000005,5.809400000000004,0.9813600000000005,-8.3533,0.8115800000000002,Left,0.028877500655060433,0.11979999999999968,1.1011600000000001,0.9813600000000005,0.29221,-0.54312,0.8353300000000001,0.5226874432338785,0.5807979466168393,0.058110503382960754,0.3684,0.5036633333333334,0.13526333333333335,1.2971185984511466
LLLLVILTALLFLLYSLLILI,103300200320030023012,000011011001101100000,LL--VI-TA--FL-YS--IL-,1728000000.0,359.54,-370.602,-11.0624,-74.2776,-74.1579,-74.2112,-74.2776,-221.118,-220.03,-221.118,-248.784,-371.769,4537.63,3746.26,3625.26,45.9023,0.000429125,-2.00021,1.22654,34.8398,-75.2067,-79.5817,-75.2134,-48.7075,493,95.1175,-55.8716,48.4605,21.055,9.38499,1.4229,0.64981,-3.39299,-54.6564,50.2498,19.4668,1.22654,9.4975,1.48218,0.735927,1.16685,1,-54.4023,47.519,20.2113,9.2974,1.07542,0.2882,design_579,-30.874199999999995,0.1197000000000088,28.75399999999999,-4.368300000000005,0.05330000000000723,1.0879999999999939,-3.22675,-791.3699999999999,0.9415000000000049,0.0875900000000005,0.8436999999999983,0.36161,Left,0.30552627249294656,0.7973999999999997,0.8849900000000002,0.0875900000000005,0.22113000000000013,0.3055,0.08436999999999986,0.4750409116188998,0.4844585862384918,0.009417674619592031,0.04803333333333334,0.10830166666666667,0.060268333333333333,0.13605612664638939
LLLLLVLLLILFTLLSALILI,103300320020031003012,000011001101100110000,LL--LV--LI-FT-LSA-IL-,1728030000.0,377.787,-380.774,-2.98676,-74.1761,-74.1251,-74.1251,-74.1761,-218.517,-216.031,-218.517,-245.996,-385.299,4496.82,3660.26,3598.58,41.3623,0.000923933,-1.98911,4.56966,38.3755,-88.0803,-97.1326,-88.087,-65.1267,471,276.595,-53.9497,75.6583,19.6779,9.74831,4.80633,4.44121,-2.29391,-52.2399,78.662,21.6182,4.56966,9.85694,4.95535,4.63528,4.52547,4,-46.2008,81.0399,24.3906,9.5,4.3705,4.0861,design_960,-32.0059,0.05100000000000193,29.965000000000003,-9.045599999999993,0.0,2.48599999999999,-6.55877,-836.5599999999995,-5.381600000000006,0.24831000000000003,-4.712699999999998,0.3551099999999998,Left,0.028877500655060433,1.0,1.24831,0.24831000000000003,0.63906,0.1677900000000001,0.47126999999999986,0.8103451380191975,0.756513849933381,0.0538312880858165,0.6810166666666667,0.7402016666666666,0.05918499999999993,0.5386593921969411
LLLLFVLLALLILLTSLLILI,103300200220030033012,000011011001101100000,LL--FV-LA--IL-TS--IL-,1728030000.0,376.254,-377.32,-1.06608,-74.1421,-74.1264,-74.0965,-74.2393,-224.984,-225.283,-224.983,-244.388,-379.702,4507.37,3833.93,3811.96,41.3623,0.000923933,-1.95252,2.42212,40.2962,-78.1944,-82.2456,-78.2005,-61.0748,454,124.21,-46.5453,64.2522,33.5602,9.6316,2.15584,1.61962,-2.05232,-48.7558,61.8452,32.7614,2.42212,9.57939,2.16247,1.59015,2.38206,3,-48.8456,56.3597,26.5476,9.2615,1.4354,0.7808,design_963,-21.170799999999993,0.11289999999999623,19.105000000000018,-4.045099999999991,-0.029899999999997817,-0.29999999999998295,-4.37464,-673.44,7.892500000000005,0.37010000000000076,7.012600000000003,0.83882,Left,0.028877500655060433,0.7614999999999998,1.1316000000000006,0.37010000000000076,0.85476,1.5560200000000002,0.7012600000000002,0.5634730263394804,0.6424204474070636,0.07894742106758323,0.13013333333333335,0.26993666666666666,0.1398033333333333,0.8090224131038238
LLLLAVLTLLLFILASLLILI,13300200210030032031,000011011001101100000,LL--AV-TL-LFI-AS--I-I,1727990000.0,366.254,-340.205,26.0495,-74.3055,-70.6017,-74.2518,-74.3055,-220.895,-221.75,-220.893,-242.221,-373.822,4505.57,3785.15,3642.05,43.6652,0.000626172,-1.94383,33.6632,69.7147,-45.0037,-83.4141,-45.0148,-57.2957,488,177.29,-99.5031,34.3278,24.9714,9.57775,6.05972,5.07464,28.596,-97.8822,35.4503,22.2396,33.6632,9.4891,5.96812,4.99987,33.6178,1,-94.2488,32.0172,18.3479,9.3079,4.95964,3.9399,design_380,-26.11840000000001,3.703800000000001,20.471000000000004,-38.399300000000004,3.650100000000009,-0.8569999999999993,-35.60703,-720.4199999999996,2.310600000000001,0.2698499999999999,6.6235,1.1347399999999994,Left,0.16920667613203583,0.8079000000000001,1.07775,0.2698499999999999,0.03478999999999992,0.6971399999999999,0.66235,0.3199788740002161,0.3430914379683831,0.02311256396816702,0.6566500000000001,0.8457733333333333,0.1891233333333332,0.7401542885265839
LLLLLVLITLLLALFSLLILI,103300300230020023022,000011011001101100000,LL--LV-IT--LA-FS--I--,1727980000.0,375.11,-370.941,4.1688,-63.3567,-70.7155,-63.3033,-74.3309,-222.188,-223.691,-222.189,-245.54,-384.947,4491.17,3754.41,3686.46,41.3623,0.000923933,-1.88949,14.053,45.5311,-85.3962,-92.4304,-85.4022,-65.0763,458,361.194,-60.1442,59.517,19.8674,10.0109,3.55642,2.94918,0.132915,-58.5655,59.3077,21.5275,14.053,9.83639,3.29136,2.68098,14.0056,2,-62.7008,49.1605,24.7766,8.8337,2.54179,1.7792,design_37,-27.354100000000003,3.615399999999994,21.84899999999999,-7.028200000000012,-7.412200000000006,-1.5020000000000095,-15.942490000000001,-736.7600000000002,10.356500000000004,1.1771999999999991,-4.9091999999999985,1.1699800000000002,Left,0.028877500655060433,0.33370000000000033,1.5108999999999995,1.1771999999999991,0.6776599999999998,0.18674,0.4909199999999998,0.4914605748032442,0.5950549956187559,0.10359442081551168,0.2965333333333333,0.49153,0.1949966666666667,1.294433385862405
LLLLVILLALLFTLYSLLILI,103300200320030023012,000011011001101100000,LL--VI-LA--FT-YS--IL-,1728040000.0,360.09,-365.813,-5.72295,-74.1382,-74.1119,-74.0718,-74.1783,-220.777,-221.143,-220.777,-249.042,-372.784,4508.56,3808.65,3649.48,45.9023,0.000429125,-1.87612,7.03136,40.1793,-70.8971,-79.4049,-70.9036,-49.564,492,79.6152,-55.3139,55.7304,19.3692,9.37334,2.32069,1.65664,0.786539,-55.8029,53.8077,21.6219,7.03136,9.44296,2.13448,1.44159,6.97154,1,-53.7888,53.3825,21.4486,9.5,1.77496,1.0757,design_1295,-29.840899999999998,0.06639999999998736,27.899,-8.5013,-0.04010000000000957,-0.36600000000001387,-8.90748,-699.9100000000003,2.3479000000000028,-0.12665999999999933,-2.0793999999999997,0.5809399999999998,Left,0.30552627249294656,1.0,0.8733400000000007,0.12665999999999933,0.3448599999999999,0.13691999999999993,0.20793999999999996,0.5336925686895079,0.5571782386197681,0.023485669930260245,0.17928333333333335,0.27610666666666667,0.09682333333333332,0.2630743882818142
LLLLALLITLLTVLFSLLILI,103300200220030033022,000011011001101100000,LL--AL-IT--TV-FS--I--,1728010000.0,369.512,-371.563,-2.05046,-79.8066,-77.2776,-79.803,-88.0228,-219.548,-220.98,-219.544,-245.578,-385.827,4498.11,3705.24,3712.03,48.2425,0.000289003,-1.83201,14.2662,46.1921,-72.2083,-89.4023,-72.2146,-52.2271,479,302.327,-50.7551,95.1123,17.7307,9.36333,6.95343,6.88011,6.03568,-54.184,87.5122,19.101,14.2662,9.64619,6.44174,6.25442,14.2645,2,-57.8805,81.6522,21.4985,9.3192,6.20512,5.9299,design_750,-37.1752,10.745199999999997,24.598000000000013,-17.187699999999992,2.5253999999999905,-1.4359999999999786,-16.098209999999998,-792.8699999999999,13.460100000000011,0.044129999999999114,-3.767800000000001,0.9502100000000002,Left,0.44812835528039635,0.8192000000000004,0.8633299999999995,0.044129999999999114,0.34985,-0.02693000000000012,0.3767800000000001,0.8164698774451944,0.9511091149886568,0.1346392375434624,0.9883166666666666,1.146685,0.15836833333333333,0.43257239693381117
LLLLAILVTLLLLLFSLLILI,103300200320030023022,000011011001101100000,LL--AI-VT--LL-FS--I--,1728070000.0,374.946,-377.664,-2.71782,-68.1884,-70.7264,-68.1804,-74.2332,-223.754,-223.566,-223.75,-246.486,-385.117,4526.8,3681.78,3693.08,41.3623,0.000923933,-1.80522,7.45883,38.6445,-85.7219,-92.6299,-85.7276,-64.3975,469,471.669,-60.9118,66.0055,12.1524,9.71964,4.54751,4.03759,-0.627358,-62.5899,63.8034,13.0346,7.45883,9.74554,4.50194,3.95899,7.4529,2,-61.6036,59.6111,18.0,9.2414,3.78803,3.1822,design_1861,-28.232400000000013,3.5067999999999984,22.919999999999987,-6.902300000000011,-2.5459999999999923,0.1839999999999975,-9.26405,-845.02,6.394399999999997,0.47823999999999955,-5.8476,0.8553899999999999,Left,0.028877500655060433,0.7414000000000005,1.21964,0.47823999999999955,0.0,-0.58476,0.58476,0.5959962629386747,0.659958428193607,0.06396216525493226,0.5303666666666667,0.6729316666666666,0.14256499999999994,0.7714101976310002
LLLLLLLTILTALLFVLLILI,13002300300220021032,000110011011001100000,LL-LL--TI-TA--FV-LI--,1728020000.0,371.683,-376.764,-5.08145,-72.6019,-72.5363,-72.5363,-72.6624,-218.341,-218.919,-218.341,-246.74,-380.647,4554.5,3746.71,3766.48,46.0625,0.000417668,-1.78417,3.94216,40.981,-85.8212,-90.9757,-85.8277,-61.2451,516,66.6396,-111.811,2.5356,25.3324,9.59207,3.61398,2.15202,-0.956641,-113.226,0.400485,25.9001,3.94216,9.6674,3.53802,2.04403,3.88287,2,-113.58,1.8036,27.0117,9.2654,3.78055,2.3076,design_771,-29.730600000000003,0.1261000000000081,27.820999999999998,-5.14800000000001,0.0,-0.578000000000003,-5.72633,-807.79,0.732,0.32667,-1.6793000000000013,-0.15558000000000005,Left,0.3152881961159488,0.7653999999999996,1.0920699999999997,0.32667,0.9011700000000001,0.73324,0.16793000000000013,0.017757043000212063,0.025079122470781704,0.007322079470569641,0.3846,0.35867,0.02593000000000001,0.3682930240281146
LLLLALLTVLLWLLFSLLILI,113002200200230031032,000110011011001100000,LL-LA--TV-LW--FS-LI--,1728040000.0,375.223,-350.777,24.4457,-74.3107,-74.2666,-74.2666,-74.3107,-227.573,-230.976,-227.569,-251.504,-385.657,4629.5,3808.01,3790.21,50.0267,0.000213803,-1.77657,34.9197,74.4724,-48.8935,-82.1906,-48.9019,-59.842,476,211.811,-101.574,16.8466,29.4392,9.39765,4.01044,2.76314,35.4287,-99.2693,14.1594,28.0,34.9197,9.4208,3.30191,2.0143,34.8799,0,-99.2693,14.1594,28.0,9.4208,3.30191,2.0143,design_1135,-22.348600000000005,0.04410000000000025,20.52799999999999,-33.288700000000006,0.0,-3.4070000000000107,-36.69627,-821.4899999999998,2.687199999999999,-0.023149999999999338,1.4391999999999996,0.74884,Left,0.556850103895629,0.9207999999999998,0.8976500000000005,0.023149999999999338,1.0,1.14392,0.14392000000000005,0.14135014344073718,0.1682297772567409,0.026879633816003723,0.33571666666666666,0.46052333333333334,0.12480666666666668,0.19377334093865153
LLLLAVLTLLLAILFLLLILI,103300200230030023022,000011011001101100000,LL--AV-TL--AI-FL--I--,1728060000.0,367.234,-327.993,39.2411,-59.0027,-58.9428,-58.9428,-59.0027,-216.22,-217.466,-216.215,-244.365,-369.661,4548.08,3689.76,3682.06,41.4852,0.000904948,-1.76959,41.7219,80.7263,-52.7709,-95.0218,-52.7815,-66.2936,492,211.811,-57.1205,82.113,15.2025,9.569,6.15333,5.88502,34.3757,-59.4567,79.0366,18.0,41.7219,9.4042,6.08845,5.774,41.6678,0,-59.4567,79.0366,18.0,9.4042,6.08845,5.774,design_1686,-28.7282,0.059899999999998954,26.899,-42.2403,0.0,-1.2510000000000048,-43.49149,-858.3199999999997,3.0763999999999925,0.1648000000000014,-2.7974999999999994,0.1110199999999999,Left,0.03636651696758832,0.9041999999999994,1.0690000000000008,0.1648000000000014,0.0,-0.27974999999999994,0.27974999999999994,0.7903064470309569,0.8210791864889628,0.03077273945800596,0.9623333333333334,0.9808366666666667,0.018503333333333316,0.3266625741314655
LLLLALLVLLLTILFSLLILI,103300200230020033022,000011011001101100000,LL--AL-VL--TI-FS--I--,1728040000.0,374.439,-375.612,-1.17225,-74.1299,-70.7106,-74.1245,-74.267,-225.094,-228.238,-225.09,-246.611,-385.123,4538.12,3805.25,3808.63,41.3623,0.000923933,-1.72724,9.51408,40.19,-76.3879,-87.9009,-76.3938,-64.2449,469,51.0312,-55.0091,66.2714,24.424,9.79586,3.69801,3.19208,2.78692,-54.8746,62.8883,24.5731,9.51408,10.0479,3.22111,2.66444,9.5111,1,-56.141,56.9997,27.7353,9.5,2.6161,1.9711,design_1254,-23.65599999999999,3.5563999999999965,18.37299999999999,-11.507099999999994,3.413899999999998,-3.147999999999996,-11.24132,-732.8699999999999,9.271700000000003,0.29585999999999935,-3.3112999999999992,1.2209799999999997,Left,0.028877500655060433,1.0,1.2958599999999993,0.29585999999999935,0.9735299999999999,0.6424,0.3311299999999999,0.5698748444558255,0.6626181835641322,0.09274333910830668,0.3285166666666667,0.5320133333333333,0.20349666666666666,0.4971845098083833
LLLLAILVLLLYTLFSLLILI,13300300210030022031,000011011001101100000,LL--AI-VL-LYT-FS--I-I,1728000000.0,360.529,-365.622,-5.09221,-74.1783,-74.1595,-74.1595,-74.1783,-225.572,-224.341,-225.569,-249.373,-368.487,4572.74,3832.23,3810.81,45.9023,0.000429125,-1.70612,2.88068,40.8101,-65.8714,-71.6932,-65.8783,-44.9356,502,27.3786,-94.1975,44.4009,29.8974,9.52427,6.62375,5.78976,0.157113,-94.012,44.9645,29.1473,2.88068,9.54918,6.672,5.84647,2.86565,3,-91.5809,43.9551,21.6668,9.3523,6.17107,5.3304,design_584,-26.757600000000004,0.018799999999998818,25.031999999999982,-5.814900000000009,0.0,1.2279999999999802,-4.5868,-740.5099999999998,0.4457999999999984,0.17196999999999996,8.230600000000003,0.4593600000000002,Left,0.30552627249294656,0.8522999999999996,1.0242699999999996,0.17196999999999996,0.36667999999999984,1.18974,0.8230600000000001,0.43939178726758404,0.44385105369925065,0.004459266431666609,0.8884,0.96496,0.07656000000000007,0.8443238496910465
LLLLAVLLAILLFLLSTLILI,103300310020031003022,000011001101100110000,LL--AV-LAI-LF-LST-I--,1727980000.0,367.254,-193.277,173.977,-74.1077,-74.0945,-74.0544,-74.2158,-214.637,-215.628,-214.633,-242.519,-373.276,4486.44,3729.55,3684.16,43.6652,0.000626172,-1.70099,180.046,217.642,95.4677,-85.255,95.4568,-56.5411,503,162.201,-58.3913,66.0038,14.4426,9.31389,4.16921,3.65926,117.174,-61.4404,61.3603,18.0,180.046,8.9371,3.9997,3.4201,179.999,0,-61.4404,61.3603,18.0,8.9371,3.9997,3.4201,design_113,-28.713899999999995,0.12130000000000507,26.89100000000002,-180.71179999999998,-0.04009999999999536,-0.9949999999999761,-181.74698999999998,-756.8899999999994,4.643499999999996,0.3767900000000015,-3.5573999999999995,0.23916000000000004,Left,0.16920667613203583,0.43709999999999916,0.8138900000000007,0.3767900000000015,0.0,-0.35573999999999995,0.35573999999999995,0.6134932320779102,0.6599414233642354,0.04644819128632527,0.5700166666666667,0.6098766666666667,0.03986000000000001,0.5217929721391159
LLLLVLLTYLLAILFLLLILI,103300300220030023022,000011011001101100000,LL--VL-TY--AI-FL--I--,1728020000.0,361.559,-302.901,58.6582,-58.9428,-58.8992,-58.8724,-58.9696,-222.499,-223.643,-222.499,-250.401,-363.206,4638.12,3778.57,3707.64,43.7222,0.000620174,-1.66678,60.3692,102.38,-21.4592,-82.3306,-21.4659,-53.8358,494,177.29,-52.3369,81.2536,26.2893,9.66919,5.31977,5.03857,41.5448,-53.4915,78.6385,27.9465,60.3692,9.1156,5.13992,4.8195,60.3055,0,-53.4915,78.6385,27.9465,9.1156,5.13992,4.8195,design_800,-28.494800000000005,0.07039999999999935,26.75800000000001,-60.8647,-0.02680000000000149,-1.1440000000000055,-62.03598,-859.5499999999997,2.6151000000000124,0.5535899999999998,-1.6571999999999996,0.21907000000000032,Left,0.17268001974321648,0.6156000000000006,1.1691900000000004,0.5535899999999998,0.99465,0.8289300000000001,0.16571999999999998,0.7863243161057739,0.8124827450996084,0.02615842899383447,0.8032499999999999,0.8397616666666666,0.03651166666666672,0.5796053585934167
LLLLVLLLFLLAILLSTLILI,103300320020031003012,000011001101100110000,LL--VL--FL-AI-LST-IL-,1728040000.0,376.992,-372.411,4.58122,-74.2078,-74.2134,-74.1531,-74.2682,-223.994,-222.346,-223.994,-246.259,-380.105,4601.8,3751.61,3744.01,41.3623,0.000923933,-1.65689,7.74293,45.9435,-74.2091,-85.2025,-74.2151,-59.5784,477,177.29,-51.328,73.0502,23.1723,9.83613,4.06098,3.65674,1.27358,-49.453,75.6736,24.1084,7.74293,10.0269,4.13388,3.76899,7.69426,1,-46.5934,73.5053,25.2315,9.2915,3.41222,3.0148,design_1242,-25.6241,0.05480000000000018,23.912999999999982,-10.987399999999994,-0.06029999999999802,1.6479999999999961,-9.39982,-850.19,-0.4551000000000016,0.5446300000000015,-2.0592000000000006,0.64194,Left,0.028877500655060433,0.7914999999999992,1.3361300000000007,0.5446300000000015,0.7231500000000001,0.51723,0.2059200000000001,0.7349777336763641,0.7304254408251943,0.004552292851169759,0.5024666666666667,0.6094566666666666,0.10698999999999992,0.5920240423920337
LLLLFILLALLTVLYWLLILI,103300300230020023011,000011011001101100000,LL--FI-LA--TV-YW--ILI,1727980000.0,356.225,-322.647,33.5781,-59.0296,-58.9225,-58.9225,-59.0296,-226.275,-229.863,-226.274,-253.952,-361.387,4628.79,3873.88,3754.93,51.5751,0.000164596,-1.64775,38.8382,85.1533,-37.3427,-74.2483,-37.352,-48.4052,496,361.194,-43.4756,62.2874,28.6584,9.76209,1.43013,0.864445,32.9971,-44.8132,57.5828,26.7672,38.8382,9.4293,0.995658,0.3594,38.7394,0,-44.8132,57.5828,26.7672,9.4293,0.995658,0.3594,design_282,-25.8431,0.10710000000000264,24.089,-36.896300000000004,0.0,-3.5889999999999986,-40.48595,-754.9099999999999,4.704599999999999,0.33279000000000103,1.8912000000000013,0.505045,Left,0.6512031784140834,0.9292999999999996,1.2620900000000006,0.33279000000000103,0.8767199999999999,1.0658400000000001,0.18912000000000018,0.5757075009302642,0.6227668657898844,0.047059364859620145,0.0599,0.14407416666666667,0.08417416666666666,0.3947346357428233
LLLLALLTVLLFLLASLLILI,13002300200220031032,000110011011001100000,LL-LA--TV-LF--AS-LI--,1728040000.0,368.876,-373.15,-4.27375,-74.3107,-74.2472,-74.2472,-74.3107,-219.809,-218.551,-219.806,-242.546,-376.36,4552.98,3817.09,3761.5,44.4768,0.00054596,-1.62523,3.26653,40.203,-79.0299,-85.1877,-79.0409,-59.5031,474,211.811,-107.123,5.10315,29.3874,8.9244,3.25741,1.83396,-1.08854,-106.747,4.92887,29.9047,3.26653,8.97042,3.17748,1.75141,3.21031,1,-107.576,3.1581,27.6742,9.29,3.06273,1.6101,design_1204,-25.684600000000003,0.06349999999999056,23.995000000000005,-6.146800000000013,0.0,1.2550000000000239,-4.89176,-735.8899999999994,1.9450500000000002,-0.3655999999999988,1.7132000000000005,0.22385999999999995,Left,0.21866221428701998,0.7899999999999991,0.42440000000000033,0.3655999999999988,0.96742,1.1387399999999999,0.17131999999999992,0.03130589087300794,0.050761916384253127,0.019456025511245187,0.26835000000000003,0.30566,0.037309999999999954,0.40593654113505634
LLLLYLLATLLFILVSLLILI,103300200230030023022,000011011001101100000,LL--YL-AT--FI-VS--I--,1728060000.0,361.197,-360.309,0.888421,-65.5832,-68.5592,-65.5219,-74.2304,-214.266,-214.597,-214.263,-247.933,-367.452,4600.13,3564.85,3659.02,45.9023,0.000429125,-1.60199,7.20005,46.7907,-80.4597,-85.8975,-80.4667,-45.2885,476,302.327,-59.7049,48.2637,14.1692,9.6037,1.97134,1.19529,1.19762,-60.4744,46.0139,14.2471,7.20005,9.9117,1.78304,0.973247,7.1432,2,-66.1132,42.9435,19.7839,9.3929,2.21435,1.3585,design_1764,-40.608999999999995,5.671199999999999,33.335999999999984,-5.430799999999991,-3.037300000000002,-0.3340000000000032,-8.80204,-1035.2800000000002,5.3202,0.21080000000000076,-5.614699999999999,-0.16321000000000008,Left,0.30552627249294656,0.8928999999999991,1.1037,0.21080000000000076,0.1783899999999999,-0.38308,0.5614699999999999,0.4292729135074362,0.48249002716771566,0.05321711366027948,0.22641666666666668,0.199215,0.02720166666666668,0.6027082152715157
LLLLVLLLAILLTLLSFLILI,103300320020031003012,000011001101100110000,LL--VL--AI-LT-LSF-IL-,1728050000.0,374.087,-378.777,-4.69013,-74.1761,-74.1234,-74.1234,-74.1761,-222.136,-223.741,-222.136,-246.045,-384.871,4532.22,3853.07,3737.91,41.3623,0.000923933,-1.56573,6.14055,36.6722,-82.4655,-88.5723,-82.4715,-64.6504,484,193.783,-52.3951,80.9273,21.7486,9.8348,5.28445,4.99836,1.95593,-52.1005,79.2832,22.6671,6.14055,9.89757,5.01831,4.70756,6.09394,4,-46.2254,80.0626,26.8386,9.3536,4.24226,3.9432,design_1392,-23.921899999999994,0.05270000000000152,22.303999999999974,-6.1007999999999925,0.0,-1.6050000000000182,-7.7062800000000005,-679.1500000000001,0.8646999999999991,0.4811999999999994,-5.09,1.0551599999999999,Left,0.028877500655060433,0.8536000000000001,1.3347999999999995,0.4811999999999994,0.88386,0.37485999999999997,0.509,0.8005693616987225,0.809218818144353,0.008649456445630532,0.6572,0.83306,0.17586000000000002,0.7222437211196815
LLLLLVLLALLFTLYILLILI,103300200220030033022,000011011001101100000,LL--LV-LA--FT-YI--I--,1728070000.0,362.372,-257.099,105.274,-58.9223,-58.8533,-58.8533,-58.9223,-216.727,-224.563,-216.727,-250.416,-368.465,4557.85,3869.16,3650.0,43.7222,0.000620174,-1.55953,111.429,148.996,18.5506,-86.608,18.5442,-59.1265,509,35.7526,-57.1961,82.2625,22.9535,10.0804,6.18486,5.91879,100.574,-58.3985,76.9888,25.7514,111.429,9.3911,5.65327,5.3081,111.367,0,-58.3985,76.9888,25.7514,9.3911,5.65327,5.3081,design_1834,-27.481500000000004,0.06900000000000261,25.85300000000001,-105.15220000000001,0.0,-7.835999999999984,-112.98853,-688.6900000000005,5.273700000000005,0.6892999999999994,-2.797900000000002,0.6106900000000008,Left,0.17268001974321648,0.8910999999999998,1.5803999999999991,0.6892999999999994,0.77514,0.49534999999999985,0.2797900000000002,0.769822629626814,0.8225746111895779,0.05275198156276384,0.8846833333333333,0.986465,0.10178166666666677,0.7527012776183137
LLLLIVLLFLLATLYLLLILI,103300200230030023022,000011011001101100000,LL--IV-LF--AT-YL--I--,1727980000.0,361.299,-318.911,42.3877,-58.9223,-58.8494,-58.8494,-58.9223,-220.516,-220.887,-220.517,-250.242,-363.678,4638.04,3798.5,3715.3,43.7222,0.000620174,-1.49494,44.8324,86.1099,-39.4728,-85.4368,-39.4794,-54.5133,505,330.452,-54.078,56.8235,25.5316,9.59826,2.28288,1.63523,39.1114,-57.4925,53.0142,28.0,44.8324,9.3504,2.28079,1.576,44.7666,0,-57.4925,53.0142,28.0,9.3504,2.28079,1.576,design_22,-30.923500000000004,0.07289999999999708,29.35499999999999,-45.95740000000001,0.0,-0.37000000000000455,-46.32734,-839.54,3.8093000000000004,0.2478599999999993,-2.468399999999999,0.059229999999999894,Left,0.17268001974321648,0.8504000000000005,1.0982599999999998,0.2478599999999993,1.0,0.75316,0.24683999999999995,0.5300085224203674,0.5681123439056693,0.03810382148530189,0.26266666666666666,0.2725383333333333,0.009871666666666667,0.35201408525023703
LLLLALLVLLTSLLFILLILI,13002300200230032021,000110011011001100000,LL-LA--VL-TS--FI--I-I,1728020000.0,380.776,-376.234,4.54256,-74.2345,-74.1098,-74.2291,-74.3143,-223.91,-223.597,-223.906,-246.564,-383.625,4578.8,3827.69,3854.08,41.3623,0.000923933,-1.48341,7.39447,45.9048,-78.0899,-87.4015,-78.0956,-62.7465,492,253.054,-101.802,14.4315,30.4099,9.40921,3.71848,2.43495,5.08045,-100.294,16.7556,28.3275,7.39447,9.48124,3.80609,2.55742,7.39121,2,-98.0808,17.0492,20.6519,9.3154,3.51376,2.2695,design_858,-24.655,0.2044999999999959,22.966999999999985,-9.305899999999994,0.11929999999999552,0.3089999999999975,-8.87788,-751.1100000000001,-2.6176999999999992,0.0938099999999995,9.758,0.16545000000000032,Left,0.028877500655060433,0.8154000000000003,0.9092099999999999,0.0938099999999995,0.26519000000000015,1.24099,0.9757999999999999,0.17025635280419638,0.1440719164242645,0.02618443637993187,0.37825,0.40582500000000005,0.02757500000000007,0.9810361672402983
LLLLLVLLFLLTILASLLILI,103300200230030023022,000011011001101100000,LL--LV-LF--TI-AS--I--,1728040000.0,376.566,-383.642,-7.0765,-74.2144,-74.1457,-74.1609,-74.2316,-229.977,-228.483,-229.977,-245.921,-385.498,4484.75,3844.32,3783.51,41.3623,0.000923933,-1.45425,1.9027,34.2858,-79.4511,-84.3237,-79.4575,-65.3456,484,471.669,-54.1922,61.5581,22.3764,10.4468,2.93918,2.36255,-3.02843,-55.8517,61.2259,24.5254,1.9027,10.3103,3.14325,2.56164,1.85578,4,-58.1024,48.2056,26.441,9.3786,1.72312,0.9462,design_1078,-18.978099999999998,0.0858999999999952,17.437999999999988,-4.866200000000006,0.015199999999992997,1.4939999999999998,-3.3569500000000003,-640.4299999999998,13.352500000000006,1.0681999999999992,-4.064599999999999,1.41635,Left,0.028877500655060433,0.8786000000000005,1.9467999999999996,1.0681999999999992,0.8440999999999999,0.43764000000000003,0.4064599999999998,0.4819088621168412,0.6154717939894931,0.13356293187265195,0.1577,0.3937583333333334,0.23605833333333337,1.1746589143689874
LLLLLALLSVLFLLLITLILI,103300210020031003022,000011001101100110000,LL--LA-LSV-FL-LIT-I--,1728040000.0,384.668,-306.538,78.1299,-74.2816,-74.3161,-74.2761,-74.3217,-218.957,-221.101,-218.954,-245.721,-384.774,4515.08,3794.5,3678.68,41.3623,0.000923933,-1.44478,78.2382,119.492,-13.2996,-90.8021,-13.3056,-64.7318,483,211.811,-57.488,67.707,26.2384,10.1121,4.26364,3.77924,65.7935,-58.6855,65.6485,28.0,78.2382,9.4647,4.16537,3.6501,78.2361,0,-58.6855,65.6485,28.0,9.4647,4.16537,3.6501,design_1217,-26.07029999999999,0.00560000000000116,24.620000000000005,-77.4965,-0.04000000000000625,-2.1469999999999914,-79.68298,-720.5799999999999,2.058499999999995,0.6473999999999993,-1.7616000000000014,0.12914000000000003,Left,0.028877500655060433,0.9647000000000006,1.6120999999999999,0.6473999999999993,1.0,0.8238399999999999,0.1761600000000001,0.6563874140255832,0.6769782618263586,0.020590847800775358,0.6083500000000001,0.6298733333333334,0.02152333333333334,0.671599838066487
LLLLAVLTSLLAILFLLLILI,103300200230030023022,000011011001101100000,LL--AV-TS--AI-FL--I--,1728050000.0,372.391,-256.696,115.695,-80.0992,-74.2964,-80.0444,-74.3512,-212.044,-215.822,-212.04,-242.203,-374.517,4481.16,3750.93,3613.55,43.6652,0.000626172,-1.43448,117.871,159.36,35.4481,-85.8335,35.4374,-57.9633,464,804.321,-52.6515,81.2525,19.5579,9.27769,5.36682,5.08561,107.771,-55.5888,76.3839,20.9813,117.871,8.5824,5.15014,4.7959,117.822,0,-55.5888,76.3839,20.9813,8.5824,5.15014,4.7959,design_1521,-27.870200000000004,0.05480000000000018,26.381,-121.2709,5.7479999999999905,-3.7820000000000107,-119.30547999999999,-730.23,4.868600000000001,0.69529,-1.4234000000000009,0.28971000000000036,Left,0.16920667613203583,0.0823999999999998,0.7776899999999998,0.69529,0.2981300000000001,0.15579,0.1423400000000001,0.7637719112227872,0.8124717419747208,0.048699830751933626,0.7993166666666666,0.8476016666666667,0.04828500000000013,0.7130161109261607
LLLLVFLLATLILLLSLLILI,103300320020031003012,000011001101100110000,LL--VF--AT-IL-LSL-IL-,1728050000.0,375.464,7596.49,7971.96,-74.1504,-74.1528,-74.1048,-74.2781,-213.273,-218.906,-213.272,-246.25,-380.525,4615.84,3819.61,3775.96,41.3623,0.000923933,-1.43307,7977.06,8013.32,7883.92,-88.899,7883.91,-59.9964,479,276.595,-52.1706,61.0431,20.3703,9.54204,2.5664,1.98205,1161.65,-46.8452,65.4235,24.6878,7977.06,9.1851,2.35895,1.8403,7977.02,0,-46.8452,65.4235,24.6878,9.1851,2.35895,1.8403,design_1621,-28.9026,0.12529999999999575,27.343999999999994,-7972.809,-0.04800000000000182,-5.6340000000000146,-7978.49307,-796.23,-4.380400000000002,0.3569399999999998,-4.317499999999999,0.14175000000000004,Left,0.028877500655060433,0.6851000000000003,1.04204,0.3569399999999998,0.6687799999999999,0.23703000000000002,0.4317499999999999,0.6541367748440557,0.6103203309739967,0.04381644387005901,0.3067166666666667,0.3303416666666667,0.023625000000000007,0.5623986552957055
LLLLILLVALLFLLTSLLILI,103300300230020023012,000011011001101100000,LL--IL-VA--FL-TS--IL-,1728020000.0,375.891,-356.322,19.5688,-74.2399,-74.1608,-74.1766,-74.3196,-215.989,-217.611,-215.989,-244.645,-379.302,4561.92,3682.84,3637.75,41.3623,0.000923933,-1.37155,23.0376,60.9311,-66.0938,-88.9025,-66.0994,-60.3375,465,253.054,-54.0777,60.26,22.4196,9.39633,2.74674,2.15064,9.75097,-53.5455,58.0912,23.9181,23.0376,9.149,2.37413,1.7455,22.9801,0,-53.5455,58.0912,23.9181,9.149,2.37413,1.7455,design_928,-28.565000000000005,0.15879999999999939,27.03400000000002,-22.8031,0.015799999999998704,-1.6219999999999857,-24.40915,-879.0799999999999,2.1687999999999974,0.2473300000000016,-1.4985,0.40514000000000006,Left,0.028877500655060433,0.6489999999999991,0.8963300000000007,0.2473300000000016,0.59181,0.4419599999999999,0.14985000000000004,0.5807929451964359,0.6024871063382001,0.021694161141764257,0.29091666666666666,0.35844000000000004,0.06752333333333338,0.29775357020880555
LLLLALLTVLFLLLASLLILI,13002200300230032021,000110011011001100000,LL-LA--TV-FL--AS--I-I,1727990000.0,369.424,-373.429,-4.00548,-74.3107,-74.2476,-74.2476,-74.3107,-221.195,-220.691,-221.192,-242.546,-377.123,4541.04,3823.0,3766.13,44.4768,0.00054596,-1.36809,3.74831,40.4713,-77.9238,-83.5516,-77.9347,-60.2656,495,55.7787,-106.071,12.8192,31.8113,9.052,4.14121,2.8335,-1.27487,-104.693,14.3125,32.3117,3.74831,9.01298,4.13613,2.85082,3.69322,4,-97.5514,18.3359,24.3116,9.5,3.60806,2.3831,design_435,-23.285999999999994,0.0630999999999915,21.85499999999999,-5.616899999999987,0.0,0.5010000000000048,-5.1164000000000005,-718.04,-5.516699999999998,-0.4480000000000004,7.499700000000001,0.4503999999999997,Left,0.21866221428701998,1.0,0.5519999999999996,0.4480000000000004,0.6311599999999998,1.38113,0.7499700000000001,0.18312700807029195,0.1279443361914784,0.05518267187881354,0.3971833333333334,0.47225,0.07506666666666661,0.8785437568044803
LLLLFVLLALLTILYSLLILI,103300200220030033012,000011011001101100000,LL--FV-LA--TI-YS--IL-,1728030000.0,358.689,-356.917,1.7712,-74.3324,-74.2762,-74.2762,-74.3324,-221.132,-225.684,-221.131,-245.115,-366.679,4521.16,3895.27,3795.5,45.9023,0.000429125,-1.36661,9.81209,47.6735,-61.4534,-68.0852,-61.4602,-47.232,494,66.6396,-47.8291,60.8611,31.0218,9.60209,1.89061,1.30353,3.69567,-48.2981,56.3448,29.0383,9.81209,9.65059,1.35126,0.696428,9.76171,1,-48.8456,56.3597,26.5476,9.2615,1.4354,0.7808,design_963,-20.8532,0.056200000000004025,19.43100000000001,-6.625,0.0,-4.552999999999997,-11.1787,-625.8899999999999,4.501400000000004,0.3405900000000006,4.4742,0.52273,Left,0.30552627249294656,0.7614999999999998,1.1020900000000005,0.3405900000000006,0.85476,1.30218,0.44741999999999993,0.5634730263394804,0.608499813947161,0.04502678760768064,0.13013333333333335,0.217255,0.08712166666666665,0.5707922572224025
LLLLVFLIALLLLLTSLLILI,103300200220030033022,000011011001101100000,LL--VF-IA--LL-TS--I--,1728050000.0,376.38,-360.14,16.24,-74.1743,-74.1287,-74.1287,-74.2416,-217.671,-220.994,-217.67,-245.828,-380.427,4560.51,3756.86,3701.77,41.3623,0.000923933,-1.36065,20.3275,57.6023,-68.2948,-86.6654,-68.3009,-60.3571,469,162.201,-54.8257,59.221,23.878,9.39219,2.71869,2.107,5.76673,-56.0298,55.2875,25.4188,20.3275,9.3259,2.36829,1.6976,20.2873,0,-56.0298,55.2875,25.4188,9.3259,2.36829,1.6976,design_1598,-26.308300000000003,0.11290000000001044,24.834000000000003,-18.364500000000007,0.0,-3.3240000000000123,-21.68815,-803.6500000000001,3.933499999999995,0.06628999999999863,-1.5408000000000008,0.4094000000000002,Left,0.028877500655060433,0.8259000000000007,0.8921899999999994,0.06628999999999863,0.7418800000000001,0.5878,0.1540800000000001,0.5527479804264411,0.5920941547399462,0.03934617431350507,0.2829333333333333,0.3511666666666667,0.06823333333333337,0.18530763532808453
LLLLAILLTLLAVLFSLLILI,103300300220020033022,000011011001101100000,LL--AI-LT--AV-FS--I--,1727980000.0,364.345,-363.614,0.730554,-66.4341,-70.0394,-66.3695,-74.2703,-211.543,-213.648,-211.538,-242.486,-375.069,4447.38,3647.67,3733.09,43.6652,0.000626172,-1.35245,11.5137,44.3958,-85.6373,-92.7338,-85.6478,-58.3121,512,177.29,-57.7146,57.3716,11.2671,9.18751,2.90236,2.26293,3.16758,-59.1686,52.6491,12.8847,11.5137,8.94657,2.48292,1.77265,11.4543,2,-62.5444,50.6683,18.7341,8.7761,2.72188,1.9819,design_231,-34.4217,4.230900000000005,28.837999999999994,-7.0859999999999985,-3.6698999999999984,-2.109999999999985,-12.86615,-799.71,6.703299999999999,0.41141000000000005,-7.467000000000002,0.2810299999999999,Left,0.16920667613203583,0.27609999999999957,0.6875099999999996,0.41141000000000005,0.07341000000000016,-0.67329,0.7467000000000003,0.5065428581717208,0.5735949009518704,0.06705204278014953,0.33031666666666665,0.37715499999999996,0.046838333333333315,0.8564513319567177
LLLLLALLYLLTVLFSLLILI,103300300230020023012,000011011001101100000,LL--LA-LY--TV-FS--IL-,1728060000.0,362.555,-368.182,-5.62764,-74.2082,-70.5813,-74.1898,-74.2568,-225.424,-225.934,-225.422,-248.899,-374.535,4540.23,3748.99,3810.64,46.7138,0.000374154,-1.34057,6.36614,41.0861,-68.5502,-79.3604,-68.5575,-51.3796,470,103.966,-52.2382,87.2984,23.2855,9.36093,6.12101,5.93049,3.44553,-51.7363,83.6405,25.6939,6.36614,9.98655,5.55191,5.30652,6.35282,2,-44.5387,89.1653,26.2798,9.1547,5.21812,5.0556,design_1736,-27.980799999999995,3.6754999999999995,22.965000000000003,-10.802899999999994,3.6085000000000065,-0.5120000000000005,-7.706709999999999,-791.2399999999998,-1.8669000000000011,0.2062299999999997,-2.9943000000000026,0.8748899999999997,Left,0.35497571706264813,0.6547000000000001,0.8609299999999998,0.2062299999999997,0.8279800000000002,0.5285499999999999,0.2994300000000003,0.8916222207106819,0.8729479172084872,0.018674303502194678,0.8426,0.9884149999999999,0.14581499999999992,0.39217328011517066
LLLLLALLYVLATLLLFLILI,103300210020031003022,000011001101100110000,LL--LA-LYV-AT-LLF-I--,1728070000.0,354.592,-253.049,101.543,-58.9549,-58.8753,-58.8753,-58.9549,-218.138,-220.299,-218.135,-246.342,-358.918,4558.42,3798.1,3639.12,46.8367,0.000366466,-1.3144,105.939,148.38,24.0442,-81.0579,24.0323,-53.6207,495,253.054,-56.8355,64.1049,23.3623,9.84646,3.67949,3.14106,101.862,-59.4899,61.1594,24.9498,105.939,9.1884,3.68001,3.0974,105.869,0,-59.4899,61.1594,24.9498,9.1884,3.68001,3.0974,design_1847,-27.437200000000004,0.07959999999999923,26.043000000000006,-105.09020000000001,0.0,-2.1640000000000157,-107.2534,-760.3200000000002,2.9455000000000027,0.6580600000000008,-1.5874999999999986,0.04366000000000003,Left,0.36246473337517604,0.6883999999999997,1.3464600000000004,0.6580600000000008,0.6949799999999999,0.5362300000000001,0.15874999999999984,0.6114836613598262,0.6409470289562236,0.02946336759639734,0.5162333333333333,0.52351,0.007276666666666709,0.6776175661889966
LLLLTYLLLLLAVLFILLILI,103300300320020023022,000011011001101100000,LL--TY-LL--AV-FI--I--,1728070000.0,362.211,1107.26,1469.47,-45.1579,-45.0889,-45.0889,-45.1579,-227.409,-230.162,-227.408,-250.348,-356.737,4617.81,3836.21,3670.2,43.7222,0.000620174,-1.30537,1464.06,1513.19,1379.83,-82.7912,1379.82,-61.2305,486,79.6152,-65.725,56.2216,32.8473,9.85875,3.94867,3.292,1029.54,-63.9738,56.5629,25.8588,1464.06,9.1246,3.73206,3.0805,1464.0,0,-63.9738,56.5629,25.8588,9.1246,3.73206,3.0805,design_1867,-21.560700000000004,0.06899999999999551,20.186000000000007,-1462.6111999999998,0.0,-2.754000000000019,-1465.36537,-781.6000000000004,-0.34129999999999683,0.7341500000000014,6.988499999999998,0.21150000000000002,Left,0.17268001974321648,0.6245999999999992,1.3587500000000006,0.7341500000000014,0.7858799999999999,1.4847299999999997,0.6988499999999997,0.56550560359142,0.5620916340240629,0.003413969567357067,0.5134166666666666,0.5486666666666666,0.035250000000000004,1.0142099204248638
LLLLAVLLFTLALLLLILILI,103300210020031003022,000011001101100110000,LL--AV-LFT-AL-LLI-I--,1728050000.0,369.549,-235.337,134.211,-58.9702,-58.9101,-58.9101,-58.9702,-216.116,-218.899,-216.111,-244.094,-368.122,4568.92,3765.4,3598.61,41.4852,0.000904948,-1.27431,132.838,175.696,39.7484,-91.5869,39.7378,-65.0576,498,177.29,-58.235,69.4804,19.6747,9.90606,4.61511,4.15732,131.149,-60.6212,65.5681,23.7988,132.838,9.1815,4.44488,3.9284,132.784,0,-60.6212,65.5681,23.7988,9.1815,4.44488,3.9284,design_1526,-26.529300000000006,0.06009999999999849,25.194999999999993,-131.3247,0.0,-2.788000000000011,-134.11231,-803.52,3.912300000000002,0.7245600000000003,-4.1240999999999985,0.22892000000000046,Left,0.03636651696758832,0.6814999999999998,1.40606,0.7245600000000003,0.57988,0.16747000000000015,0.41240999999999983,0.6555831856247174,0.6947172997131186,0.03913411408840117,0.6547333333333333,0.6928866666666668,0.03815333333333348,0.8354976705113718
LLLLLFLIALLLTLVSLLILI,103300200230030023022,000011011001101100000,LL--LF-IA--LT-VS--I--,1727980000.0,377.363,-367.515,9.84802,-74.1793,-74.1264,-74.1264,-74.1783,-219.787,-218.743,-219.786,-246.007,-381.932,4537.33,3784.23,3798.95,41.3623,0.000923933,-1.27313,14.4648,51.2103,-73.549,-90.3356,-73.5551,-61.7473,486,394.796,-54.1035,82.2191,23.6116,9.64201,5.71511,5.4484,3.17214,-55.0465,80.8606,27.8844,14.4648,9.89603,5.67315,5.38606,14.4174,1,-54.9604,79.6016,28.0,9.5,5.49028,5.1843,design_64,-28.588299999999997,0.05189999999998918,27.26400000000001,-16.780500000000004,0.0,1.0430000000000064,-15.73793,-753.0999999999999,2.6174999999999926,0.14201000000000086,-4.388400000000001,0.2641,Left,0.028877500655060433,1.0,1.1420100000000009,0.14201000000000086,1.0,0.5611599999999999,0.4388400000000001,0.7959580520867927,0.8221404878985632,0.026182435811770488,0.8640500000000001,0.9080666666666667,0.04401666666666659,0.46408013595658487
LLLLVTLLAILFLLLSLLILI,102300320030023003102,000011001101100110000,LL--VT--AI-FL--SL-IL-,1728040000.0,376.976,-373.934,3.04179,-61.6958,-57.1858,-61.6406,-60.4659,-218.215,-216.023,-218.215,-246.626,-376.396,4555.38,3597.15,3641.03,41.3623,0.000923933,-1.23382,2.51141,44.4041,-94.023,-104.421,-94.029,-69.3035,505,471.669,-12.8511,89.7347,18.4213,8.97007,0.541858,0.387878,-3.29386,-12.1932,93.5607,18.8584,2.51141,9.21649,0.959683,0.863094,2.46141,3,-17.3153,89.01,18.0,8.8015,1.11365,0.9488,design_1279,-35.11750000000001,3.2800999999999974,30.60300000000001,-10.39200000000001,4.454799999999999,2.1920000000000073,-3.7452300000000003,-958.23,0.7246999999999986,0.168569999999999,0.4212999999999987,-0.5609219999999999,Left,0.028877500655060433,0.30150000000000077,0.47006999999999977,0.168569999999999,0.0,0.04212999999999987,0.04212999999999987,0.8900687795333875,0.8973178382660676,0.007249058732680114,0.15813333333333332,0.06464633333333333,0.09348699999999999,0.19744150987446762
LLLVILLALLLTLLFSLLILI,13002300200230021032,000110011011001100000,LL-VI--AL-LT--FS-LI--,1728060000.0,376.388,-379.894,-3.50609,-74.2722,-74.216,-74.216,-74.2722,-219.337,-222.599,-219.337,-245.109,-384.743,4543.84,3767.16,3788.03,41.3623,0.000923933,-1.19431,4.89961,37.8562,-86.2845,-89.1225,-86.2905,-65.3621,492,103.966,-115.794,12.2379,19.6121,10.0763,5.52124,4.20481,-0.389872,-115.377,10.8869,19.5865,4.89961,9.82706,5.27625,3.93955,4.84919,2,-115.152,5.8116,18.3002,9.2232,4.55733,3.1445,design_1754,-23.760400000000004,0.056200000000004025,22.51000000000002,-2.832000000000008,0.0,-3.2620000000000005,-6.09392,-776.6800000000003,6.4262999999999995,0.8530999999999995,1.3119000000000014,1.0603100000000003,Left,0.028877500655060433,0.7232000000000003,1.5762999999999998,0.8530999999999995,0.030020000000000026,0.16121000000000016,0.13119000000000014,0.05784842895382289,0.12212968483049187,0.06428125587666898,0.5240833333333333,0.7008016666666667,0.1767183333333333,0.8833752743275035
LLLLLALVSLLLILTFLLILI,103300200330020023022,000011011001101100000,LL--LA-VS--LI-TF--I--,1727980000.0,383.942,-353.053,30.8883,-74.3074,-74.3017,-74.3017,-74.3074,-222.111,-224.795,-222.108,-245.952,-384.845,4568.53,3763.63,3645.32,41.3623,0.000923933,-1.16628,31.7937,72.2506,-56.6352,-86.915,-56.6415,-64.586,467,113.638,-56.0799,65.484,22.8525,10.0878,3.75233,3.23459,21.5898,-59.5731,59.1704,23.8257,31.7937,9.73644,3.42397,2.81152,31.792,1,-60.6875,54.8652,25.5985,8.9175,3.00992,2.3329,design_33,-22.329000000000008,0.005700000000004479,21.15700000000001,-30.273500000000006,0.0,-2.6869999999999834,-32.95998,-804.8999999999996,10.618799999999993,1.1702999999999992,-2.746000000000002,0.9016899999999999,Left,0.028877500655060433,0.4175000000000004,1.5877999999999997,1.1702999999999992,0.7598500000000001,0.4852499999999999,0.27460000000000023,0.5485237807537341,0.6547419467128663,0.10621816595913225,0.38881666666666664,0.5390983333333333,0.1502816666666667,1.2160896875295963
LLLFALLTVLIALLLSLLILI,13002200300230021032,000110011011001100000,LL-FA--TV-IA--LS-LI--,1727980000.0,366.138,-360.299,5.83885,-74.3107,-70.6059,-74.2561,-74.3107,-217.252,-219.351,-217.246,-243.076,-373.591,4556.3,3831.15,3775.68,43.6652,0.000626172,-1.15905,13.3419,49.5041,-68.7364,-84.7935,-68.7475,-56.2044,469,394.796,-101.109,29.0205,26.8597,9.26678,5.58411,4.51942,8.79874,-98.8928,28.9119,26.0313,13.3419,9.3909,5.23702,4.1707,13.2926,0,-98.8928,28.9119,26.0313,9.3909,5.23702,4.1707,design_243,-28.589099999999995,3.7047999999999917,23.724999999999994,-16.045999999999992,3.650199999999998,-2.1049999999999898,-14.500950000000001,-725.1500000000001,0.10859999999999914,-0.12411999999999956,0.8283999999999985,0.34872000000000014,Left,0.16920667613203583,0.8909000000000002,0.7667800000000007,0.12411999999999956,0.8031300000000001,0.88597,0.08283999999999991,0.2889170524428938,0.29000336095451107,0.0010863085116172844,0.6951166666666667,0.7532366666666667,0.05811999999999995,0.16014791433603587
LLLLYLLTALLLVLFSLLILI,103300200320020033022,000011011001101100000,LL--YL-TA--LV-FS--I--,1728050000.0,361.873,-346.069,15.8038,-74.1999,-74.2082,-74.1369,-74.2299,-217.47,-217.49,-217.468,-247.851,-372.002,4596.25,3679.22,3650.97,46.7138,0.000374154,-1.13885,25.9898,62.5175,-54.3994,-81.442,-54.4065,-49.9206,458,330.452,-60.8836,69.6069,16.9224,9.70244,5.02948,4.57358,9.90794,-59.0701,71.1292,19.3358,25.9898,9.5,4.96296,4.5299,25.9324,0,-59.0701,71.1292,19.3358,9.5,4.96296,4.5299,design_1421,-31.521399999999993,0.02169999999999561,30.36099999999999,-27.035499999999992,-0.07130000000000791,-0.02200000000001978,-27.12865,-917.0300000000002,-1.5223000000000013,0.2024399999999993,-2.4133999999999993,0.04368000000000016,Left,0.35497571706264813,1.0,1.2024399999999993,0.2024399999999993,0.1335799999999999,-0.10776000000000004,0.24133999999999994,0.7112099836353524,0.6959826590751773,0.01522732456017506,0.7549833333333332,0.7622633333333333,0.007280000000000064,0.3154549397509264
LLLFALLLILVLLLTSLLILI,13002300200230021032,000110011011001100000,LL-FA--LI-VL--TS-LI--,1728040000.0,376.17,-377.055,-0.885002,-74.1048,-74.1833,-74.107,-74.2416,-220.66,-221.376,-220.654,-247.19,-382.399,4587.45,3830.63,3688.37,41.3623,0.000923933,-1.11342,5.34188,40.4773,-82.29,-87.9533,-82.2961,-60.9679,537,211.811,-105.452,22.8258,24.8771,9.86273,5.3993,4.24169,1.14966,-105.017,23.2944,24.3673,5.34188,9.6458,5.39733,4.24675,5.3443,1,-104.425,24.5968,25.0886,9.5,5.48425,4.3532,design_1062,-26.9854,0.05830000000000268,25.813999999999993,-5.657200000000003,-0.07630000000000337,-0.7220000000000084,-6.455299999999999,-756.8199999999997,-1.7710000000000008,0.3627300000000009,-0.2115000000000009,-0.11151,Left,0.028877500655060433,1.0,1.3627300000000009,0.3627300000000009,0.7088599999999999,0.6877099999999998,0.021150000000000113,0.24575379407751805,0.22803876300869447,0.017715031068823578,0.7255333333333334,0.7069483333333334,0.018584999999999963,0.3642521104273385
LLLLVLLTALLILLFSLLILI,103300300220020033111,000011011001101100000,LL--VL-TA--IL-FS--ILI,1727980000.0,374.137,101988.0,102362.0,-73.8306,-74.0951,-73.7775,-74.2776,-210.147,-222.327,-210.147,-246.094,-383.795,4559.41,3796.09,3709.43,41.3623,0.000923933,-1.09002,102372.0,102404.0,102272.0,-88.4627,102272.0,-63.4228,328,16.0553,-41.6462,99.4149,17.0896,9.85164,6.16794,6.15917,32405.8,-35.7873,98.5027,20.1927,102372.0,9.3786,5.16596,5.1435,102372.0,0,-35.7873,98.5027,20.1927,9.3786,5.16596,5.1435,design_230,-25.039899999999996,0.18250000000000455,23.766999999999996,-102360.4627,-0.31759999999999877,-12.180000000000007,-102373.09002,-763.3199999999997,0.9121999999999986,0.47303999999999924,-3.1030999999999977,1.0156699999999992,Left,0.028877500655060433,0.8786000000000005,1.3516399999999997,0.47303999999999924,0.21926999999999985,-0.09103999999999993,0.31030999999999975,0.9850227464599947,0.9941473378439477,0.009124591383953051,0.8572500000000001,1.0265283333333333,0.1692783333333332,0.5905908482223834
LLLVALLILLTLLLFSLLILI,13002300200220031032,000110011011001100000,LL-VA--IL-TL--FS-LI--,1728020000.0,377.037,-376.063,0.973928,-74.2152,-67.2297,-74.2171,-74.3389,-222.806,-225.275,-222.802,-246.648,-385.584,4590.03,3874.12,3765.79,41.3623,0.000923933,-1.04356,9.51722,42.3362,-79.042,-94.1226,-79.0477,-64.5966,465,103.966,-105.224,13.9677,28.6541,9.77047,4.16917,2.87869,4.48646,-105.02,11.311,29.7331,9.51722,9.62916,3.78005,2.44972,9.52066,2,-106.919,8.4349,26.3181,9.2773,3.67658,2.3031,design_872,-29.52600000000001,7.109200000000001,21.37299999999999,-15.0749,6.987400000000008,-2.473000000000013,-10.56078,-715.9099999999999,5.5328,0.4931699999999992,2.3359999999999985,0.57559,Left,0.028877500655060433,0.7773000000000003,1.2704699999999995,0.4931699999999992,0.8318100000000002,1.06541,0.2335999999999998,0.08408888124227282,0.1394325988580757,0.055343717615802895,0.38385,0.4797816666666667,0.09593166666666669,0.5568226114742301
LLLLTALVSLLLILFLLLILI,103300200230030023022,000011011001101100000,LL--TA-VS--LI-FL--I--,1728050000.0,382.926,38.7024,421.628,-60.5317,-60.5243,-60.5243,-60.5317,-222.853,-225.775,-222.85,-246.528,-377.405,4564.07,3831.34,3632.12,41.3623,0.000923933,-1.00488,416.112,462.991,322.087,-92.1105,322.082,-70.3451,483,162.201,-62.9054,44.7632,21.46,10.3462,1.97884,1.15029,414.046,-66.5739,39.3028,22.6773,416.112,9.4306,1.79196,0.8815,416.107,0,-66.5739,39.3028,22.6773,9.4306,1.79196,0.8815,design_1368,-21.7654,0.00740000000000407,20.752999999999986,-414.1925,0.0,-2.9250000000000114,-417.11688000000004,-732.7299999999996,5.4604,0.9155999999999995,-1.217299999999998,0.2687900000000001,Left,0.028877500655060433,0.9306000000000001,1.8461999999999996,0.9155999999999995,0.46772999999999987,0.3460000000000001,0.12172999999999978,0.39285557098215895,0.4474750829235503,0.05461951194139136,0.14691666666666667,0.191715,0.04479833333333333,0.9263540007222723
LLLLVFLLALLTILLSLLILI,103300320030021003012,000011001101100110000,LL--VF--AL-TI-LSL-IL-,1727980000.0,375.969,-322.682,53.287,-74.3324,-74.2868,-74.2868,-74.3324,-216.481,-220.01,-216.48,-245.913,-381.126,4557.92,3764.17,3722.32,41.3623,0.000923933,-0.990878,58.4843,94.6493,-31.8682,-87.8193,-31.8743,-60.8804,486,87.0218,-50.2531,65.9775,18.3795,9.53449,2.94492,2.43458,20.6086,-48.4345,65.2982,19.9952,58.4843,9.3565,2.58043,2.0599,58.4439,0,-48.4345,65.2982,19.9952,9.3565,2.58043,2.0599,design_246,-26.938899999999997,0.04560000000000741,25.90300000000002,-55.94499999999999,0.0,-3.530000000000001,-59.475178,-793.75,0.679300000000012,0.17798999999999943,-1.6157000000000004,0.3746800000000001,Left,0.028877500655060433,0.8565000000000005,1.03449,0.17798999999999943,0.19952000000000006,0.03795000000000002,0.16157000000000005,0.6528834188909649,0.6596783486510169,0.006794929760052026,0.34331666666666666,0.4057633333333333,0.06244666666666665,0.2484573650512732
LLLLLVLLLILATLLSFLILI,103300210020021003032,000011001101100110000,LL--LV-LLI-AT-LSF-I--,1728040000.0,374.745,-378.418,-3.67315,-74.1761,-74.1218,-74.1218,-74.1761,-222.601,-224.389,-222.601,-245.643,-385.23,4509.36,3904.48,3852.11,41.3623,0.000923933,-0.986491,6.85968,37.6891,-81.6409,-87.7055,-81.6469,-65.4106,482,302.327,-60.0548,77.786,30.3514,9.66827,6.00932,5.67611,2.87741,-62.0328,73.4457,29.1763,6.85968,9.85219,5.72009,5.32178,6.81152,2,-61.55,67.5867,27.3561,9.3793,4.8567,4.3705,design_1244,-22.2949,0.054300000000012005,21.25399999999999,-6.058599999999998,0.0,-1.788000000000011,-7.846171,-604.8799999999997,10.199300000000008,0.28896999999999906,2.9953000000000003,1.3056100000000006,Left,0.028877500655060433,0.8793000000000006,1.1682699999999997,0.28896999999999906,0.9356100000000002,1.2351400000000001,0.29952999999999996,0.6757749200773019,0.7777968943179863,0.10202197424068438,0.7284166666666666,0.9460183333333334,0.2176016666666668,0.4806046716003471
LLLLFVLLALLTILLSLLILI,103300220030021003012,000011001101100110000,LL--FV--AL-TI-LSL-IL-,1728020000.0,375.889,-373.926,1.96331,-74.3324,-74.2868,-74.2868,-74.3324,-222.128,-226.807,-222.127,-244.366,-380.892,4476.21,3860.33,3826.98,41.3623,0.000923933,-0.983998,7.00643,43.3256,-77.4654,-80.7824,-77.4716,-62.1928,483,302.327,-43.0988,71.6897,33.2508,9.69527,2.64293,2.21827,3.98647,-41.7218,68.3979,32.5633,7.00643,9.70182,1.99198,1.51795,6.96619,4,-46.4401,61.2226,28.0,9.4,1.73106,1.1494,design_821,-18.589599999999997,0.04560000000000741,17.559000000000026,-3.3108000000000004,0.0,-4.679999999999978,-7.990428,-615.8800000000001,10.467100000000002,0.29527000000000037,5.250799999999998,1.06887,Left,0.028877500655060433,0.9000000000000004,1.1952700000000007,0.29527000000000037,1.0,1.5250799999999998,0.5250799999999998,0.6121158408988153,0.7168165759075578,0.10470073500874244,0.19156666666666666,0.36971166666666666,0.178145,0.6368604747009904
LLLLIALLLTLFVLLSLLILI,103300310020031003022,000011001101100110000,LL--IA-LLT-FV-LSL-I--,1728040000.0,377.177,-373.588,3.58897,-74.2548,-74.3071,-74.2466,-74.3153,-220.626,-219.745,-220.624,-245.54,-384.702,4493.7,3756.18,3675.5,41.3623,0.000923933,-0.91431,11.1182,44.9513,-78.7075,-91.5644,-78.7135,-64.8465,487,515.548,-52.7344,78.4781,25.2966,9.68831,5.0047,4.68187,0.223648,-52.601,78.6572,26.3979,11.1182,9.63581,5.00887,4.68873,11.114,2,-53.5401,75.1326,28.0,8.9211,4.67391,4.3009,design_1189,-26.7179,0.008199999999987995,25.794999999999987,-12.85090000000001,-0.06050000000000466,0.8789999999999907,-12.03251,-737.52,3.3455000000000013,0.7672100000000004,-2.7033999999999985,0.3809699999999996,Left,0.028877500655060433,0.42109999999999914,1.1883099999999995,0.7672100000000004,1.0,0.7296600000000002,0.2703399999999998,0.751255356521252,0.784719860440365,0.03346450391911304,0.7168166666666668,0.7803116666666666,0.06349499999999986,0.8166066297474891
LLLLLALTSLLFVLLILLILI,103300300320020023022,000011011001101100000,LL--LA-TS--FV-LI--I--,1728040000.0,383.121,11.5653,394.686,-74.2435,-74.2627,-74.2378,-74.3353,-219.934,-222.706,-219.931,-245.387,-383.841,4551.74,3878.55,3702.01,41.3623,0.000923933,-0.811984,395.409,436.049,305.743,-87.6845,305.737,-64.1189,508,95.1175,-64.6085,56.8947,31.663,10.1116,3.87205,3.22547,292.441,-63.4231,55.9469,26.6367,395.409,9.4625,3.5663,2.9055,395.406,0,-63.4231,55.9469,26.6367,9.4625,3.5663,2.9055,design_1067,-23.565600000000003,0.07260000000000844,22.68100000000001,-393.42150000000004,-0.024900000000002365,-2.7749999999999773,-396.220984,-673.1899999999996,0.9478000000000009,0.6490999999999989,5.026299999999999,0.3199700000000001,Left,0.028877500655060433,0.9625000000000004,1.6115999999999993,0.6490999999999989,0.8636700000000002,1.3663,0.5026299999999999,0.559343853654438,0.5688245461711127,0.009480692516674716,0.48425,0.5375783333333334,0.053328333333333366,0.8227402515780453
LLLLAILLFLLAVLTSLLILI,103300200220030033022,000011011001101100000,LL--AI-LF--AV-TS--I--,1728050000.0,366.85,1163.41,1530.26,-75.9456,-74.2795,-75.881,-74.3441,-212.714,-217.777,-212.71,-242.061,-373.497,4470.61,3688.9,3538.99,43.6652,0.000626172,-0.802136,1536.96,1573.92,1452.07,-82.2427,1452.05,-57.0919,510,95.1175,-60.7062,49.4447,14.6206,9.42202,2.28096,1.52263,697.885,-63.7548,41.6205,20.0048,1536.96,8.747,1.68199,0.8063,1536.9,0,-63.7548,41.6205,20.0048,8.747,1.68199,0.8063,design_1642,-25.150799999999997,0.06459999999999866,24.28400000000002,-1534.2927,1.6015000000000015,-5.066999999999979,-1537.762136,-781.7099999999996,7.824199999999998,0.67502,-5.3842,0.7163299999999999,Left,0.16920667613203583,0.2469999999999999,0.9220199999999998,0.67502,0.20047999999999994,-0.33794,0.5384199999999999,0.4160391551200541,0.4943033821605336,0.07826422704047947,0.13438333333333333,0.2537716666666667,0.11938833333333335,0.8751725316589608
LLLLILLLALLTVLFSLLILI,103300200220030033012,000011011001101100000,LL--IL-LA--TV-FS--IL-,1728020000.0,373.748,-261.383,112.365,-74.3747,-74.3118,-74.3118,-74.3747,-214.257,-221.319,-214.257,-245.317,-384.314,4505.55,3760.61,3698.74,41.3623,0.000923933,-0.7692,122.988,153.728,27.2486,-89.4523,27.2427,-64.6226,473,253.054,-52.6888,59.2617,20.0812,9.53957,2.40365,1.79257,32.7861,-50.2686,56.3887,23.3167,122.988,9.4199,1.65277,0.9986,122.931,0,-50.2686,56.3887,23.3167,9.4199,1.65277,0.9986,design_847,-24.82969999999999,0.06289999999999907,23.99800000000002,-116.695,0.0,-7.061999999999983,-123.7572,-744.94,2.8729999999999976,0.11966999999999928,-3.235500000000002,0.79397,Left,0.028877500655060433,0.9199000000000002,1.0395699999999994,0.11966999999999928,0.5316700000000001,0.20811999999999992,0.32355000000000017,0.5637631087228774,0.5925012703607825,0.028738161637905102,0.16643333333333335,0.29876166666666665,0.1323283333333333,0.37059706034600987
LLLLLALLSVLFTLLLILILI,103300210020031003022,000011001101100110000,LL--LA-LSV-FT-LLI-I--,1728040000.0,385.299,-348.529,36.7703,-74.3286,-74.323,-74.323,-74.3286,-216.793,-217.686,-216.79,-245.932,-384.885,4520.42,3732.08,3627.39,41.3623,0.000923933,-0.630187,36.3586,78.1326,-57.4076,-93.5059,-57.4138,-64.6243,526,95.1175,-57.9802,64.4029,22.8529,9.90671,3.89142,3.35747,27.1532,-59.5366,64.7129,23.1359,36.3586,9.73089,4.16673,3.63742,36.3563,1,-60.579,62.9697,24.7196,9.0704,4.08775,3.5323,design_1106,-28.88159999999999,0.00560000000000116,28.24599999999998,-36.092099999999995,0.0,-0.896000000000015,-36.988787,-788.3400000000001,1.4331999999999994,0.836310000000001,-1.866699999999998,-0.17483000000000004,Left,0.028877500655060433,0.5703999999999994,1.4067100000000003,0.836310000000001,0.67196,0.48529000000000017,0.18666999999999984,0.6295918040723566,0.6439278755166468,0.014336071444290166,0.5887166666666667,0.5595783333333334,0.029138333333333266,0.8575049098482771
LLLLLLLVALLTFLISLLILI,103300200220030033022,000011011001101100000,LL--LL-VA--TF-IS--I--,1727990000.0,375.702,-376.328,-0.62601,-68.6167,-66.9578,-68.5563,-74.2975,-220.022,-221.319,-220.022,-245.625,-384.083,4546.84,3818.86,3644.76,41.3623,0.000923933,-0.620067,7.81009,40.7363,-87.689,-96.427,-87.6948,-64.1605,458,431.524,-48.3592,90.2713,21.2513,9.71455,5.94052,5.79459,-0.381092,-48.7167,89.535,21.3217,7.81009,9.61676,5.89473,5.73776,7.75534,4,-56.4165,77.6695,25.8289,9.2401,5.44786,5.1129,design_426,-32.26650000000001,7.3396999999999935,24.30600000000001,-8.732200000000006,1.5984999999999872,-1.296999999999997,-8.430157,-727.98,12.601799999999997,0.47444999999999915,-4.5776,0.6816900000000006,Left,0.028877500655060433,0.7401,1.2145499999999991,0.47444999999999915,0.7828900000000001,0.32513000000000003,0.45776000000000006,0.7766315633639953,0.9026853626429906,0.1260537992789953,0.85215,0.9657650000000001,0.11361500000000013,0.6807679109929231
LLLLLILTLLLFALVSLLILI,103300200230030023022,000011011001101100000,LL--LI-TL--FA-VS--I--,1727980000.0,377.325,-353.114,24.2111,-74.2516,-74.1881,-74.1881,-74.3079,-220.69,-222.318,-220.69,-244.633,-383.552,4514.25,3769.29,3684.58,41.3623,0.000923933,-0.610638,30.4952,65.5734,-58.1719,-87.6565,-58.1779,-64.6106,462,615.932,-60.4896,58.0544,22.9848,10.1593,3.41078,2.7816,8.14593,-60.3141,56.8213,23.9106,30.4952,9.92058,3.21799,2.57031,30.4378,1,-62.5425,49.1342,24.5496,8.6866,2.51449,1.7515,design_96,-23.04589999999999,0.11979999999999791,22.314999999999998,-29.478599999999993,0.0,-1.6280000000000143,-31.105838000000002,-744.96,8.920200000000001,1.4726999999999997,-1.5648000000000017,1.0301,Left,0.028877500655060433,0.18660000000000032,1.6593,1.4726999999999997,0.6549600000000002,0.49848,0.15648000000000023,0.4911975000900256,0.580424840654746,0.08922734056472037,0.29191666666666666,0.4636,0.17168333333333335,1.4935755640906478
LLLLFALLAVLLILLSTLILI,103300310020031003022,000011001101100110000,LL--FA-LAV-LI-LST-I--,1727980000.0,366.301,-346.006,20.2955,-74.2107,-74.1979,-74.1578,-74.2508,-215.365,-215.64,-215.361,-241.558,-371.217,4485.21,3738.04,3652.91,43.6652,0.000626172,-0.595692,25.2573,63.9608,-56.4297,-81.9752,-56.4406,-55.408,464,330.452,-56.0474,76.4613,23.1568,9.84555,5.22939,4.87631,6.18694,-57.8395,73.2228,22.9355,25.2573,9.81955,5.061,4.65934,25.2116,1,-58.8038,70.9742,24.4838,8.9338,4.90209,4.4667,design_159,-26.5672,0.05289999999999395,25.918000000000006,-25.534599999999998,-0.04010000000000957,-0.27899999999999636,-25.852992,-747.1700000000001,5.487099999999998,0.9117499999999996,-1.3269999999999982,0.4096099999999998,Left,0.16920667613203583,0.43379999999999974,1.3455499999999994,0.9117499999999996,0.6483799999999998,0.51568,0.13269999999999982,0.7096595433103001,0.7645461311012327,0.054886587790932584,0.7444500000000001,0.8127183333333333,0.06826833333333326,0.9255109158488851
LLLLAVLTSLLYILFLLLILI,103300200230020023032,000011011001101100000,LL--AV-TS--YI-FL--I--,1728040000.0,367.634,-314.09,53.5439,-74.3512,-74.3421,-74.3421,-74.3512,-222.579,-223.011,-222.574,-249.212,-371.913,4547.96,3801.66,3737.92,45.9023,0.000429125,-0.569445,57.8291,99.4462,-17.1605,-75.1288,-17.1671,-48.3499,500,135.765,-61.9714,69.2023,29.229,9.86791,5.13801,4.67604,53.2146,-57.8172,74.3395,27.4495,57.8291,9.5,5.20841,4.8235,57.8226,0,-57.8172,74.3395,27.4495,9.5,5.20841,4.8235,design_1303,-26.7789,0.00910000000000366,26.200999999999993,-57.96169999999999,0.0,-0.4369999999999834,-58.398545,-746.3000000000002,-5.137200000000007,0.3679100000000002,1.7794999999999987,-0.1474599999999997,Left,0.30552627249294656,1.0,1.3679100000000002,0.3679100000000002,0.9449500000000001,1.1229,0.17794999999999994,0.7433221034773876,0.6919355096847504,0.051386593792637214,0.8039166666666667,0.77934,0.02457666666666669,0.41263611713718673
LLLAYLLAVLFLLLTSLLILI,13002200200230031032,000110011011001100000,LL-AY--AV-FL--TS-LI--,1728050000.0,356.467,-360.106,-3.63845,-74.1279,-74.1559,-74.0646,-74.2416,-217.713,-219.652,-217.702,-249.219,-366.831,4575.57,3819.66,3716.19,49.0167,0.000253574,-0.558165,6.78818,45.3783,-68.2645,-73.5812,-68.2759,-43.3705,495,55.7787,-106.408,33.6524,26.3706,9.6317,7.00427,6.00906,2.68392,-107.643,28.4416,24.8729,6.78818,9.3427,6.48611,5.41273,6.72547,1,-108.707,31.2832,23.6216,9.2079,7.02935,5.9986,design_1448,-30.210699999999996,0.08570000000000277,29.567000000000007,-5.305300000000003,-0.09130000000000393,-1.9499999999999886,-7.3463449999999995,-755.9099999999999,2.3691999999999993,0.42379999999999995,2.7489999999999988,0.010460000000000136,Left,0.49530489253962356,0.7079000000000004,1.1317000000000004,0.42379999999999995,0.5621600000000001,0.8370599999999999,0.2748999999999998,0.31263678884803286,0.3363355192874777,0.023698730439444815,0.9997666666666666,1.00151,0.001743333333333319,0.5057085317013669
LLLLLILTALLFLLVSLLILI,103300300220020033022,000011011001101100000,LL--LI-TA--FL-VS--I--,1728040000.0,377.047,-370.031,7.01536,-74.2148,-74.1938,-74.1517,-74.2451,-220.932,-226.908,-220.932,-245.269,-383.877,4539.6,3860.22,3773.03,41.3623,0.000923933,-0.543268,13.9025,48.3776,-74.8847,-83.3178,-74.8908,-64.3622,468,211.811,-57.8049,67.962,27.2908,10.4403,4.3456,3.86503,2.57062,-57.9084,63.1843,24.7392,13.9025,10.1395,3.71614,3.16391,13.8455,2,-60.7042,55.5791,28.0,9.285,3.10881,2.4425,design_1145,-18.955600000000004,0.05129999999999768,18.36100000000002,-8.427000000000007,-0.0420999999999907,-5.975999999999999,-14.445768,-679.3800000000006,12.382900000000006,1.1553000000000004,-0.7091999999999992,1.42253,Left,0.028877500655060433,0.7850000000000001,1.9403000000000006,1.1553000000000004,1.0,0.9290800000000001,0.07091999999999987,0.5556648088057008,0.6795289862320899,0.12386417742638911,0.4070833333333333,0.6441716666666667,0.2370883333333334,1.1879818806077367
LLLLIVLLYLLALLTFLLILI,103300200230030023022,000011011001101100000,LL--IV-LY--AL-TF--I--,1728060000.0,363.39,-307.939,55.4507,-58.9989,-58.9259,-58.9259,-58.9989,-228.481,-233.952,-228.481,-250.117,-361.974,4676.8,3821.71,3705.04,43.7222,0.000620174,-0.511136,54.0999,99.1729,-20.4597,-69.6067,-20.4668,-52.8576,499,113.638,-60.1099,53.4199,27.1685,10.502,2.72818,2.02947,49.5241,-59.677,49.5691,28.5734,54.0999,9.66197,2.14338,1.38691,54.0343,1,-66.1545,36.3342,26.6162,8.9139,1.32829,0.3733,design_1791,-16.749100000000006,0.0730000000000004,16.164999999999992,-49.139900000000004,0.0,-5.471000000000004,-54.611036,-855.0900000000001,17.085699999999996,1.5881000000000007,0.5523000000000025,1.65617,Left,0.17268001974321648,0.41389999999999993,2.0020000000000007,1.5881000000000007,0.8616199999999999,0.9168500000000002,0.05523000000000022,0.3631611377631248,0.5340666749356817,0.1709055371725569,0.06221666666666667,0.33824499999999996,0.2760283333333333,1.6218854171423518
LLLLFVLIALLLTLLSLLILI,103300200230030023022,000011011001101100000,LL--FV-IA--LT-LS--I--,1727990000.0,376.251,-375.025,1.22597,-74.1783,-74.1327,-74.1327,-74.1783,-216.252,-219.177,-216.251,-245.347,-381.987,4528.62,3754.24,3682.2,41.3623,0.000923933,-0.494496,7.00286,42.5882,-84.5947,-89.1726,-84.6007,-62.4616,460,330.452,-50.1611,89.4731,21.7011,9.89645,6.10304,5.94514,0.889034,-52.0176,85.175,22.003,7.00286,9.77532,5.80127,5.5789,6.96246,2,-45.7951,89.0576,25.6019,9.4825,5.39204,5.2279,design_452,-26.711000000000006,0.0455999999999932,26.170000000000016,-4.571899999999999,0.0,-2.9259999999999877,-7.497356,-774.3800000000001,0.41550000000000864,0.4139499999999998,-3.9008000000000003,0.7172400000000003,Left,0.028877500655060433,0.9824999999999999,1.3964499999999997,0.4139499999999998,0.76019,0.37011000000000005,0.39008,0.8905449147557906,0.8947010951110116,0.004156180355221029,0.8713166666666666,0.9908566666666667,0.11954000000000009,0.5812263709908084
LLLLLVLLATLFILLSLLILI,103300210020031003032,000011001101100110000,LL--LV-LAT-FI-LSL-I--,1728010000.0,376.787,-382.465,-5.67854,-74.273,-74.2196,-74.2196,-74.273,-224.059,-222.256,-224.059,-245.983,-385.245,4506.12,3846.48,3847.14,41.3623,0.000923933,-0.480168,2.82681,35.6837,-84.1336,-89.2494,-84.1396,-64.9888,475,124.21,-56.9452,78.5516,31.7644,9.7697,5.64625,5.32453,-1.84035,-56.3432,80.6558,31.4934,2.82681,9.98789,5.84001,5.54985,2.77948,2,-59.3359,70.5668,28.0,9.3632,4.9269,4.4854,design_747,-24.260599999999997,0.05339999999999634,23.727000000000004,-5.109799999999993,0.0,1.8029999999999973,-3.306978,-659.6399999999999,7.984799999999993,0.4064999999999994,3.7643999999999984,0.8391299999999999,Left,0.028877500655060433,0.8632000000000009,1.2697000000000003,0.4064999999999994,1.0,1.3764399999999999,0.3764399999999999,0.7055843859656142,0.785455069239664,0.07987068327404978,0.7475666666666667,0.8874216666666667,0.13985499999999995,0.5769645315542915
LLLLFVLLAILWLLLSTLILI,103300220020032003111,000011001101100110000,LL--FV--AI-WL--ST-ILI,1728000000.0,374.814,-376.887,-2.07397,-74.0865,-74.0942,-74.0044,-74.2559,-223.38,-223.486,-223.379,-251.496,-379.953,4532.71,3805.49,3732.37,49.2152,0.000245214,-0.456051,3.1417,47.1412,-79.421,-82.8294,-79.4283,-54.2015,475,46.6879,-49.0758,54.1109,32.4142,9.48589,1.16634,0.478007,0.451828,-46.9867,56.9474,30.9311,3.1417,9.67026,1.23591,0.590124,3.06597,2,-43.0223,62.7104,28.0,9.5,1.41924,0.8599,design_496,-28.627900000000004,0.16169999999999618,28.01000000000002,-3.401100000000014,-0.08979999999999677,-0.10699999999999932,-3.597751,-727.2200000000003,-8.599499999999999,-0.014110000000000511,4.414200000000001,-0.381893,Left,0.5074006593259278,1.0,0.9858899999999995,0.014110000000000511,1.0,1.4414200000000001,0.44142000000000015,0.6269980674511562,0.540978637933173,0.08601942951798314,0.14331666666666668,0.07966783333333334,0.06364883333333334,0.45442405827519067
LLLLLALVSLLLTLFLLLILI,103300200230030023022,000011011001101100000,LL--LA-VS--LT-FL--I--,1728040000.0,385.685,-232.556,153.128,-74.2961,-74.2881,-74.2881,-74.2961,-218.099,-220.463,-218.097,-245.694,-387.206,4562.63,3768.17,3663.08,44.5741,0.000537052,-0.446037,154.655,197.702,59.8391,-92.901,59.833,-67.2162,483,8.61381,-57.3044,62.0477,24.087,9.81738,3.4721,2.90281,152.664,-61.6969,56.5851,25.8557,154.655,9.3461,3.39352,2.7423,154.65,0,-61.6969,56.5851,25.8557,9.3461,3.39352,2.7423,design_1182,-25.684799999999996,0.007999999999995566,25.230999999999995,-152.73399999999998,0.0,-2.3659999999999854,-155.101037,-794.46,5.462600000000002,0.47128000000000014,-1.768699999999999,0.16050999999999993,Left,0.22459127276715818,0.8460999999999999,1.31738,0.47128000000000014,0.7855699999999999,0.6087,0.17686999999999986,0.5657276666573307,0.620369184848497,0.05464151819116636,0.45705,0.4838016666666667,0.026751666666666674,0.5070396261434407
LLLLILLLAVLYTLLSFLILI,103300220020031003012,000011001101100110000,LL--IL--AV-YT-LSF-IL-,1727990000.0,359.197,-351.487,7.70958,-74.2109,-74.1378,-74.1378,-74.2109,-217.675,-219.664,-217.675,-248.262,-371.432,4528.93,3749.43,3691.22,45.9023,0.000429125,-0.431918,20.0111,53.6119,-59.6019,-78.0627,-59.6085,-48.959,495,42.7142,-54.874,58.3503,22.2729,9.36052,2.60838,1.98364,9.88015,-50.9633,61.2687,22.8707,20.0111,9.4791,2.41577,1.8348,19.9446,0,-50.9633,61.2687,22.8707,9.4791,2.41577,1.8348,design_488,-29.103700000000003,0.07309999999999661,28.598000000000013,-18.454200000000007,0.0,-1.988999999999976,-20.443018,-779.5000000000005,-2.9184000000000054,-0.11858000000000146,-0.5977999999999994,0.14884000000000008,Left,0.30552627249294656,0.9791000000000007,0.8605199999999993,0.11858000000000146,0.48706999999999995,0.42729,0.059779999999999944,0.6125769718600084,0.5833846812494748,0.029192290610533522,0.3058,0.33060666666666666,0.024806666666666644,0.1382115239124484
LLLLAVLLLLLTFLISLLILI,103300200230030023022,000011011001101100000,LL--AV-LL--TF-IS--I--,1728030000.0,376.944,-381.398,-4.4541,-74.1871,-74.1891,-74.1891,-74.232,-222.808,-221.576,-222.804,-246.99,-384.802,4539.28,3840.58,3765.34,41.3623,0.000923933,-0.373755,3.39948,36.9082,-84.4033,-89.4113,-84.4092,-63.5796,493,211.811,-64.5984,55.5742,18.1118,10.2886,3.69228,3.02589,-1.24376,-64.1279,56.8378,17.2085,3.39948,10.2179,3.79229,3.14486,3.40369,3,-65.776,50.242,23.3914,9.1145,3.14907,2.4027,design_1036,-25.831699999999998,0.04290000000000305,25.414000000000016,-5.002099999999999,0.0,1.2280000000000086,-3.773235,-698.6999999999998,5.3322,1.174100000000001,-5.279600000000002,0.6231900000000001,Left,0.028877500655060433,0.6144999999999996,1.7886000000000006,1.174100000000001,0.5391400000000001,0.01117999999999988,0.5279600000000002,0.5022786471357866,0.5556157948857475,0.0533371477499609,0.40045,0.504315,0.10386499999999999,1.2926273094574103
LLLLALLILLLTVLFSLLILI,103300200230030023022,000011011001101100000,LL--AL-IL--TV-FS--I--,1728070000.0,374.478,-373.482,0.995815,-74.2402,-74.2142,-74.2348,-74.3093,-226.829,-227.175,-226.826,-246.789,-384.671,4550.13,3866.52,3824.0,41.3623,0.000923933,-0.365573,11.1916,42.3581,-72.4126,-83.6469,-72.4186,-63.5723,474,148.395,-60.9989,51.2635,19.5174,10.1106,2.5704,1.83935,2.1962,-61.8292,50.0403,21.3226,11.1916,10.2384,2.52981,1.78041,11.1889,3,-67.4691,38.1076,23.3974,9.1721,1.76489,0.8365,design_1875,-20.074600000000004,0.09509999999998797,19.613999999999976,-11.228300000000004,0.020600000000001728,-0.34900000000001796,-11.557172999999999,-683.6100000000001,13.155900000000003,0.9384999999999994,-3.8800000000000026,1.00285,Left,0.028877500655060433,0.6721000000000004,1.6105999999999998,0.9384999999999994,0.5397400000000001,0.15173999999999985,0.38800000000000023,0.3809001756498846,0.5124965490199217,0.1315963733700371,0.13941666666666666,0.3065583333333333,0.16714166666666666,1.0375838241897646
LLLLVILALLLTLLFSLLILI,103300300220030023022,000011011001101100000,LL--VI-AL--TL-FS--I--,1728020000.0,374.244,-376.84,-2.59519,-74.1785,-70.598,-74.1224,-74.2722,-221.394,-220.072,-221.394,-246.038,-384.833,4547.24,3718.2,3685.81,41.3623,0.000923933,-0.358425,8.04405,38.7671,-81.2665,-94.5213,-81.2725,-64.5232,470,103.966,-48.4789,94.1587,20.7299,9.73423,6.48327,6.39565,1.48093,-47.4803,94.7286,20.772,8.04405,9.77339,6.41041,6.33134,7.99362,2,-46.6019,90.9494,23.627,9.5,5.76846,5.6327,design_871,-29.998099999999994,3.674199999999999,25.966000000000008,-13.248800000000003,3.5244,1.3220000000000027,-8.402475,-829.04,3.209299999999999,0.23423000000000016,-2.8970999999999982,0.76295,Left,0.028877500655060433,1.0,1.2342300000000002,0.23423000000000016,0.5626999999999999,0.27299000000000007,0.2897099999999998,0.9094682889940743,0.9415704059953026,0.032102117001228336,0.9387833333333333,1.0659416666666666,0.12715833333333326,0.3949624851198802
LLLLAILLLLLTVLLSFLILI,103300210020031003022,000011001101100110000,LL--AI-LLL-TV-LSF-I--,1728060000.0,374.368,-373.987,0.381149,-74.1339,-67.1395,-74.1265,-74.3093,-216.303,-217.763,-216.298,-246.628,-381.7,4569.32,3815.8,3718.81,41.3623,0.000923933,-0.322175,7.71985,41.7434,-83.5497,-97.1204,-83.5557,-60.7636,465,330.452,-55.6456,64.5901,14.9868,9.64718,3.5665,3.03536,1.65042,-56.5679,62.015,15.3546,7.71985,9.56506,3.35722,2.78745,7.71352,1,-57.8356,61.3017,20.1938,9.2739,3.45107,2.8706,design_1785,-36.35680000000001,7.169799999999995,28.86499999999998,-13.564700000000002,6.986999999999995,-1.4650000000000034,-8.042025,-753.5199999999995,3.28840000000001,0.37328000000000117,-5.206999999999999,0.1647599999999998,Left,0.028877500655060433,0.7738999999999994,1.1471800000000005,0.37328000000000117,0.21937999999999996,-0.3013199999999999,0.5206999999999999,0.6129070656066323,0.6458004073156777,0.03289334170904534,0.4784333333333333,0.5058933333333333,0.027459999999999984,0.6421078351249023
LLLLVALTALLLLLFSLLILI,103300300220030023022,000011011001101100000,LL--VA-TA--LL-FS--I--,1728060000.0,368.107,-190.63,177.477,-74.1661,-74.0119,-74.1105,-74.2776,-213.788,-217.065,-213.785,-242.162,-376.684,4514.44,3730.7,3662.51,44.4768,0.00054596,-0.321277,186.101,221.954,97.3238,-85.9281,97.3128,-60.2442,451,29.9257,-51.9333,81.8248,23.7946,9.29958,5.33634,5.06371,31.1749,-49.4201,81.0932,25.1284,186.101,9.1132,4.8606,4.577,186.054,0,-49.4201,81.0932,25.1284,9.1132,4.8606,4.577,design_1668,-25.6839,0.2657000000000096,25.09700000000001,-183.2409,0.09860000000000468,-3.280000000000001,-186.422277,-783.7399999999998,0.7316000000000003,0.18637999999999977,-1.3338,0.4867100000000004,Left,0.21866221428701998,0.6132000000000009,0.7995800000000006,0.18637999999999977,0.7128399999999999,0.5794599999999999,0.13338000000000005,0.8108782894341993,0.8181963677684462,0.0073180783342469136,0.7628333333333334,0.8439516666666668,0.0811183333333334,0.24323130364589976
LLLLLALTYLLAVLFLLLILI,103300300320020023022,000011011001101100000,LL--LA-TY--AV-FL--I--,1728020000.0,354.637,-293.22,61.4166,-58.8981,-58.8178,-58.8178,-58.9371,-221.825,-220.014,-221.822,-246.182,-358.906,4562.32,3791.21,3729.64,46.8367,0.000366466,-0.303243,65.7569,108.253,-12.4976,-80.3775,-12.5095,-53.7867,503,103.966,-57.8672,49.5878,22.8337,9.78769,1.87443,1.11825,57.7526,-60.4659,47.5241,26.6983,65.7569,9.428,1.98564,1.1985,65.6857,0,-60.4659,47.5241,26.6983,9.428,1.98564,1.1985,design_801,-26.590799999999994,0.11930000000000263,26.167999999999978,-67.868,0.0,1.8079999999999927,-66.060143,-771.1099999999997,2.0637000000000043,0.35968999999999873,-3.8645999999999994,-0.08024999999999993,Left,0.36246473337517604,0.9280000000000008,1.2876899999999996,0.35968999999999873,0.86983,0.48337,0.38645999999999997,0.4750919261070144,0.49573478867998516,0.020642862572970766,0.19974999999999998,0.18637499999999999,0.013374999999999998,0.5285198634868945
LLLLLALLFLLTVLYILLILI,103300200220020033032,000011011001101100000,LL--LA-LF--TV-YI--I--,1728020000.0,362.167,-360.975,1.19188,-58.8826,-58.8499,-58.8615,-58.9288,-224.839,-226.227,-224.837,-250.548,-367.039,4573.57,3967.1,3823.7,43.7222,0.000620174,-0.281959,6.0805,44.9141,-77.2535,-82.2442,-77.2603,-57.5621,493,95.1175,-55.5129,78.335,27.7432,10.4686,5.40216,5.07719,2.80338,-54.727,78.1567,28.3936,6.0805,10.3354,5.2602,4.93255,6.06359,2,-57.1251,75.9242,27.2915,9.4111,5.31854,4.9574,design_904,-24.682100000000005,0.07890000000000441,24.320999999999998,-4.9839000000000055,0.011600000000001387,-1.3900000000000148,-6.362458999999999,-606.4699999999998,2.4107999999999947,1.057500000000001,0.45170000000000243,0.11979000000000006,Left,0.17268001974321648,0.9110999999999994,1.9686000000000003,1.057500000000001,0.9291499999999999,0.9743200000000002,0.045170000000000265,0.7591736053039063,0.7832884539209135,0.02411484861700719,0.8262333333333333,0.8461983333333333,0.01996500000000001,1.058927148603162
LLLLFVLLATLILLLSLLILI,103300220020031003012,000011001101100110000,LL--FV--AT-IL-LSL-IL-,1728070000.0,375.639,-374.887,0.751919,-74.2116,-74.1652,-74.1661,-74.2781,-224.853,-226.829,-224.852,-245.365,-380.48,4528.97,3846.64,3876.35,41.3623,0.000923933,-0.250814,5.6331,42.1142,-75.8228,-79.7364,-75.829,-60.837,535,148.395,-42.8106,85.2789,31.7823,9.79148,4.43423,4.21342,3.14879,-44.4253,81.2962,31.2332,5.6331,10.1249,4.13879,3.85823,5.59302,4,-46.6763,72.957,26.8502,9.2459,3.35065,2.945,design_1943,-18.8994,0.11289999999999623,18.536,-3.9074000000000098,0.0009000000000014552,-1.9770000000000039,-5.883914,-682.3300000000004,12.3219,0.5455799999999993,4.932099999999998,1.2684200000000003,Left,0.028877500655060433,0.7459000000000007,1.29148,0.5455799999999993,0.8850200000000001,1.3782299999999998,0.4932099999999997,0.7294931760620015,0.8527471801991765,0.12325400413717502,0.4908333333333333,0.7022366666666667,0.21140333333333344,0.7751106755685218
LLLLAFLLAVLTLLLSILILI,103300320020032003102,000011001101100110000,LL--AF--AV-TL--SI-IL-,1727990000.0,366.522,-368.463,-1.94091,-72.7135,-72.6619,-72.6606,-74.3376,-217.487,-217.21,-217.48,-242.893,-371.135,4558.8,3710.4,3687.74,43.6652,0.000626172,-0.181169,2.7208,41.7243,-78.2625,-81.4449,-78.2735,-53.905,470,87.0218,-18.2308,88.6789,20.1136,9.65696,1.20627,1.03645,-0.504777,-15.3652,91.052,19.3488,2.7208,9.64626,1.0968,0.962582,2.67275,1,-16.2744,89.8543,20.6107,9.5,1.07149,0.9193,design_459,-27.539900000000003,1.675699999999992,25.682999999999993,-3.1714000000000055,-0.001300000000000523,0.2699999999999818,-2.9019690000000002,-848.4000000000001,-1.1753999999999962,0.15695999999999977,-0.49709999999999965,0.11715000000000009,Left,0.16920667613203583,1.0,1.1569599999999998,0.15695999999999977,0.26107000000000014,0.21136000000000016,0.049709999999999976,0.8985141780265595,0.8867568389422595,0.01175733908429999,0.15321666666666667,0.17274166666666668,0.019525000000000015,0.16621367677583915
LLLALLLTVLLFLLASLLILI,13002300200230021032,000110011011001100000,LL-AL--TV-LF--AS-LI--,1728020000.0,370.852,-331.332,39.5196,-74.0889,-70.5792,-74.0253,-74.2451,-214.112,-216.881,-214.104,-242.429,-378.276,4529.68,3709.09,3667.05,44.4768,0.00054596,-0.148294,47.005,83.9964,-43.1313,-90.9643,-43.1422,-61.6027,492,72.839,-102.212,34.0581,23.1378,9.52589,6.42964,5.44051,41.6346,-100.055,32.7295,19.3198,47.005,9.4622,5.92676,4.9177,46.9442,0,-100.055,32.7295,19.3198,9.4622,5.92676,4.9177,design_908,-29.361599999999996,3.6658999999999935,25.548000000000002,-47.82209999999999,3.4461000000000013,-2.776999999999987,-47.153294,-820.5900000000001,1.3286000000000016,0.06369000000000113,3.817999999999998,0.5228099999999998,Left,0.21866221428701998,0.9621999999999993,1.0258900000000004,0.06369000000000113,0.13198000000000007,0.5137799999999999,0.3817999999999998,0.327103897506892,0.34039367180279206,0.013289774295900059,0.8196166666666667,0.9067516666666666,0.08713499999999996,0.3969846123287853
LLLLYALVILLLTLFSLLILI,103300200230030023022,000011011001101100000,LL--YA-VI--LT-FS--I--,1728050000.0,359.872,-357.746,2.12667,-74.1783,-74.1728,-74.1728,-74.1783,-219.131,-219.321,-219.127,-248.566,-368.734,4592.95,3763.46,3711.34,45.9023,0.000429125,-0.131163,10.9915,48.0289,-64.4361,-75.371,-64.4431,-45.9897,484,193.783,-68.1464,39.4155,17.3505,10.4663,2.04306,1.13429,3.32275,-67.4722,39.2006,18.4629,10.9915,10.3548,1.91291,1.00092,10.9882,4,-67.3847,41.0426,21.814,9.5,2.14846,1.2641,design_1535,-29.381299999999996,0.00549999999999784,29.245000000000005,-10.927899999999994,0.0,-0.1939999999999884,-11.122663000000001,-829.4899999999998,-1.6270999999999987,0.9663000000000004,-4.4635,-0.12980999999999998,Left,0.30552627249294656,1.0,1.9663000000000004,0.9663000000000004,0.3814,-0.06494999999999998,0.44635,0.4102585134178107,0.39398289114108415,0.016275622276726576,0.21068333333333333,0.18904833333333335,0.021634999999999988,1.0647520751825261
LLLLALLLFLLTVLISLLILI,103300300320020023022,000011011001101100000,LL--AL-LF--TV-IS--I--,1728040000.0,376.19,-375.831,0.358608,-74.1605,-67.0905,-74.1551,-74.2739,-224.182,-227.115,-224.178,-246.645,-384.031,4573.04,3834.05,3730.46,41.3623,0.000923933,-0.120986,8.20257,41.7209,-77.4887,-89.9462,-77.4949,-63.1119,504,79.6152,-59.679,57.243,15.0908,10.3141,3.17965,2.53829,0.344856,-59.7361,53.9572,18.0144,8.20257,9.77228,2.74463,2.05399,8.1994,1,-60.3018,49.8222,18.0,9.4027,2.27127,1.5186,design_1140,-26.834300000000006,7.183399999999992,19.53,-12.451300000000003,7.064599999999999,-2.937000000000012,-8.323556,-738.9899999999998,7.4208,0.9114000000000004,-2.9092000000000002,1.01969,Left,0.028877500655060433,0.9026999999999994,1.8140999999999998,0.9114000000000004,0.0,-0.29092,0.29092,0.49807945456509656,0.5723085356241173,0.07422908105902076,0.2531,0.4230483333333333,0.1699483333333333,0.9745136216993814
