sample,group,p_value
11G,Mutant,0.00023781094585957589
7G,Mutant,1.67666162488944e-10
