sample,group,p_value
11I,Mutant,0.00024066728875672382
7I,Mutant,2.7334383616453918e-06
