sample,group,p_value
7,Mutant,2.7334383616453918e-06
11,Mutant,0.0002406672887567243
