sample,group,p_value
11I,Mutant,0.0016040299139693736
15I,Mutant,0.0034229020794975737
7I,Mutant,0.04864903813702355
