sample,group,p_value
11G,Mutant,2.496183233496637e-05
15G,Mutant,0.0015136353390368847
7G,Mutant,4.314354689491061e-05
