sample,group,p_value
7,Mutant,0.025633170760368522
11,Mutant,0.0008071773145657826
