sample,group,p_value
11S,Mutant,0.04631612436058864
12A,Mutant,0.0030410800547314766
12S,Mutant,0.004634912997292858
4A,Mutant,0.0028323588983682865
8A,Mutant,0.004328377802025591
