sample,group,p_value
11I,Mutant,0.04915854391605175
12I,Mutant,5.2557040642731315e-06
4I,Mutant,0.0011650650240197695
8I,Mutant,0.01663381336836476
