sample,group,p_value
4,Mutant,0.019497321617749867
7,Mutant,0.036712960074870245
12,Mutant,0.00011794247933719392
