sample,group,p_value
4,Mutant,0.01949732161749751
7,Mutant,0.03671296007501947
12,Mutant,0.00011794247933708416
