sample,group,p_value
A,Mutant,7.765637005240847e-07
T,Mutant,0.03318271492496149
