sample,group,p_value
A,Mutant,7.765637005299669e-07
T,Mutant,0.033182714924773316
