sample,group,p_value
AI,Mutant,1.6169564985043444e-07
TI,Mutant,0.009404426843501896
