sample,group,p_value
AI,Mutant,1.6169564985190518e-07
TI,Mutant,0.009404426843447455
