sample,group,p_value
8A,Mutant,0.007044719886237428
8T,Mutant,0.039120689261004336
