sample,group,p_value
12I,Mutant,0.0010141977361666
8I,Mutant,0.004057181004031359
