sample,group,p_value
12I,Mutant,0.00101419773616886
8I,Mutant,0.004057181004010494
