sample,group,p_value
8A,Mutant,0.007044719886270531
8T,Mutant,0.03912068926104546
