sample,group,p_value
A,Mutant,5.5670182226884766e-05
S,Mutant,0.03443186213699094
T,Mutant,0.010511545868183871
