sample,group,p_value
A,Mutant,5.567018222668272e-05
S,Mutant,0.03443186213668289
T,Mutant,0.010511545868195183
