sample,group,p_value
AI,Mutant,2.810112315684513e-05
SI,Mutant,0.034431862136682756
TI,Mutant,0.005932499499249708
