sample,group,p_value
AI,Mutant,2.8101123156914745e-05
SI,Mutant,0.03443186213699094
TI,Mutant,0.005932499499241383
