sample,group,p_value
8,Mutant,0.005382013326866121
12,Mutant,4.522916830113982e-15
