sample,group,p_value
A,Mutant,4.14291117669967e-15
S,Mutant,0.04496615549784727
T,Mutant,9.049160428228318e-09
V,Mutant,0.006367433928710986
