AA,Count,Average
A,52,0.06190476190476191
F,39,0.04642857142857143
G,48,0.05714285714285714
I,111,0.13214285714285715
L,468,0.5571428571428572
S,24,0.02857142857142857
T,67,0.07976190476190476
V,21,0.025
W,6,0.007142857142857143
Y,4,0.004761904761904762
