AA,Count,Average
A,139,0.05337941628264209
F,59,0.022657450076804916
G,132,0.05069124423963134
I,328,0.1259600614439324
L,1451,0.5572196620583717
S,69,0.026497695852534562
T,211,0.08102918586789555
V,133,0.051075268817204304
W,36,0.013824884792626729
Y,46,0.017665130568356373
