sample,group,p_value
11I,Mutant,0.00017417709816107304
12I,Mutant,4.195117502566382e-14
4I,Mutant,0.00031972678950338297
8I,Mutant,8.943035459891956e-06
