sample,group,p_value
11A,Mutant,0.0008292754942006934
12A,Mutant,2.2800896554743725e-08
12T,Mutant,0.0003299444513728685
12V,Mutant,0.004468837810049268
4A,Mutant,0.0022239348716819084
8A,Mutant,0.00013115864298420058
8S,Mutant,0.04088971911091144
8T,Mutant,0.013122746252385131
