sample,group,p_value
11A,Mutant,0.0025044941827417943
12A,Mutant,8.954762338270413e-08
12T,Mutant,0.0003299444513724923
12V,Mutant,0.004468837810053607
4A,Mutant,0.0011298841776158427
8A,Mutant,5.774970599810306e-05
8S,Mutant,0.040889719110851645
8T,Mutant,0.01021002613805307
