sample,group,p_value
AI,Mutant,8.7473292635583435e-16
TI,Mutant,1.8483985598007166e-07
VI,Mutant,0.0005302330096464141
