sample,group,p_value
G,void,0.3450327014681973
L,void,8.290727063074731e-07
R,void,0.0013640094786343778
G,clash,2.716520859851403e-16
L,clash,0.0005139689729754916
R,clash,1.3088768824940152e-17
