sample,group,p_value
G,clash,1.1179151967335891e-16
G,void,0.4021009585031885
