sample,group,p_value
11I,Mutant,0.0010006682444716583
12I,Mutant,0.0340197214359893
15I,Mutant,0.00921473077062626
7I,Mutant,0.00010588453084588294
