sample,group,p_value
11I,Mutant,0.0010690666263573007
12I,Mutant,0.03401972143579685
15I,Mutant,0.009214730770640145
7I,Mutant,0.00010588453084539953
