sample,group,p_value
A,Mutant,0.0020673671817149288
G,Mutant,5.618460194317998e-08
