sample,group,p_value
A,Mutant,0.0017179423125241512
G,Mutant,5.618460194363618e-08
