Sequence	Interface	InterfaceSequence	Baseline	Dimer	Dimerw/Baseline	HBONDDimer	HBONDMonomer	IMM1Dimer	IMM1Monomer	Monomer	MonomerSasa	SequenceProbability	Total	VDWDimer	VDWMonomer	acceptCycleNumber	axialRotation	bestEnergyTotal	crossingAngle	currEnergyTotal	currEntropy	endAxialRotation	endCrossingAngle	endXShift	endZShift	energyComparison	entropyDiff	geometryNumber	prevEntropy	startEnergy	xShift	zShift	
LLLTGLLFALLGALLAYLILI	133002300220022003311	L--TG--FA--GA--AY--LI	334.018	63.0053	397.023	-57.8059	-44.9558	-219.135	-266.255	-320.751	4512.13	4.50743e-05	377.313	339.947	-9.53996	88	-61.45	397.603	-39.77	397.573	0.549849	-62.1231	-39.7921	6.49252	4.53916	0.0296406	-0.252326	0	0.297523	383.756	6.54	4.53	
LLLTGLLFALLGSLLAYLILI	133002300220022003311	L--TG--FA--GS--AY--LI	349.408	44.6241	394.032	-72.8302	-60.3418	-221.182	-268.335	-336.303	4498.64	6.90298e-05	367.059	338.636	-7.6263	61	-62.1231	394.459	-39.7921	394.33	0.297523	-62.2484	-39.8013	6.44843	4.60872	0.129315	0.252326	1	0.549849	380.927	6.49252	4.53916	
LLLTTLLGALLGSLLAYLILI	133002300220022003311	L--TT--GA--GS--AY--LI	364.261	15.8394	380.101	-76.5524	-60.2819	-220.165	-266.244	-350.198	4450.16	2.32447e-05	362.532	312.556	-23.6717	87	-62.2484	380.499	-39.8013	380.398	0.297523	-62.494	-39.5875	6.47098	4.60908	0.100531	0.252326	2	0.549849	366.037	6.44843	4.60872	
