sample,group,p_value
11I,Mutant,2.081224100894687e-23
7I,Mutant,0.00029729704472245336
