Sequence,Flow Mean,Mean Std,PercentGpA,PercentStd,Rep1-Fluor,Rep2-Fluor,Rep3-Fluor,Sample
LIIFGVMAGVIGT,19907.3333333333,1174.72876302007,0.01,0.000834525308314903,31601.72358561871,30230.75697455918,29025.1833592348,D
LIIFGVMAIVIGT,4983.33333333333,2106.04336770796,0.00250326512842839,0.0010681864593370199,27399.882933217945,26836.61063399589,24054.340395016112,D
IIVAMTAVGGSICVMLVVICLL,10065.0,1896.67832451016,0.00505592578949131,0.000998374567583563,28937.703280245463,29642.496259846062,27161.66551905152,D
GIYFVLGVCFGLLLTLCLLVIL,26073.3333333333,832.330863699447,0.0130973510599109,0.000878716149293249,31676.346891259604,31159.37916904968,30020.835605721677,D
VVIIAIVCCVVGTSLVWVVIIL,11171.6666666667,1334.61579989648,0.005611834834734269,0.0007477417995494461,29506.58909938796,28940.305928114856,26767.48619769839,D
CAVVVGVGLIVGFAVGLL,5871.33333333333,1679.63200334676,0.00294933190449081,0.00086148831231335,27680.624039514,27203.594256183493,24492.88979679857,D
