sample,group,p_value
AI,Mutant,5.808435465657811e-05
FI,Mutant,0.007528323339808925
TI,Mutant,0.02551600097172943
