sample,group,p_value
AI,Mutant,5.808435465695785e-05
FI,Mutant,0.007528323339729269
TI,Mutant,0.025516000971592942
