sample,group,p_value
11I,Mutant,0.0011251333627244522
15I,Mutant,0.009640508146513717
