sample,group,p_value
11I,Mutant,0.001125133362718894
15I,Mutant,0.009640508146494366
