sample,group,p_value
11G,Mutant,4.516916127882276e-06
15G,Mutant,0.020978914357880598
