sample,group,p_value
11G,Mutant,4.516916127861194e-06
15G,Mutant,0.020978914357902775
