sample,group,p_value
11,Mutant,0.0004017453925455922
15,Mutant,0.009953217499736863
