sample,group,p_value
11,Mutant,0.00040174539254430507
15,Mutant,0.009953217499710716
