sample,group,p_value
11I,Mutant,0.000472216022219167
12I,Mutant,7.9840713841564e-15
8I,Mutant,1.3739477304993499e-08
