sample,group,p_value
8,Mutant,4.71406737401173e-07
12,Mutant,7.996939686883002e-12
