sample,group,p_value
A,Mutant,1.529884973324749e-11
T,Mutant,8.895138863639189e-08
