sample,group,p_value
AI,Mutant,1.529884973324749e-11
LI,Mutant,0.0012930853969193982
TI,Mutant,7.32226902904443e-08
