sample,group,p_value
G,void,0.31133984232442286
L,void,0.008214210920363663
R,void,0.34149625674232365
G,clash,8.68624357482449e-16
L,clash,0.013766101459364999
R,clash,1.6702762044425468e-14
