sample,group,p_value
G,void,0.3113398423234994
L,void,0.00821421092036815
R,void,0.3414962567416082
G,clash,8.686243574809078e-16
L,clash,0.013766101459268057
R,clash,1.6702762044443504e-14
