sample,group,p_value
11I,Mutant,0.00012166717453014302
12I,Mutant,3.2131589936820864e-14
4I,Mutant,0.0008809290403445485
8I,Mutant,3.844478353114996e-06
