sample,group,p_value
11A,Mutant,0.0005982214853723461
12A,Mutant,2.1958198921887676e-09
12L,Mutant,0.009739509010982809
12T,Mutant,0.00027153231216359576
12V,Mutant,0.012351533137575713
4A,Mutant,0.013648354539405032
8A,Mutant,7.114831239279699e-05
8S,Mutant,0.04088971911085158
8T,Mutant,0.010019437112133918
