sample,group,p_value
A,Mutant,2.2351598014979797e-14
T,Mutant,9.25716674715245e-08
V,Mutant,0.002244960991594983
