sample,group,p_value
A,Mutant,2.2351598014966313e-14
T,Mutant,9.2571667471803e-08
V,Mutant,0.0022449609915997067
