sample,group,p_value
AI,Mutant,2.2351598014965023e-14
TI,Mutant,6.454039772772002e-08
VI,Mutant,0.0014029507358188616
