sample,group,p_value
AI,Mutant,0.008462439066971389
GI,Mutant,1.3033714299210805e-19
