Sequence	Interface	InterfaceSequence	Baseline	Dimer	Dimerw/Baseline	HBONDDimer	HBONDMonomer	IMM1Dimer	IMM1Monomer	Monomer	MonomerSasa	SequenceProbability	Total	VDWDimer	VDWMonomer	acceptCycleNumber	axialRotation	bestEnergyTotal	crossingAngle	currEnergyTotal	currEntropy	endAxialRotation	endCrossingAngle	endXShift	endZShift	energyComparison	entropyDiff	geometryNumber	prevEntropy	startEnergy	xShift	zShift	
LLLGTLLTTLLFTLLSWLILI	133001200220032003211	L--GTL-TT--FT--SW--LI	380.653	-386.16	-5.5066	-101.664	-101.822	-236.374	-280.894	-384.779	4573.79	1.0874e-06	-3.86628	-48.1228	-2.06211	130	-41.95	-5.02906	-42.06	-5.23713	0.269472	-42.1438	-42.1254	8.67897	3.096	0.208066	0.326092	0	0.595564	-1.38147	8.73	3.09	
LLLYTLLTTLLFGLLTWLILI	133001200220032003211	L--YTL-TT--FG--TW--LI	357.141	-366.436	-9.29486	-86.3563	-86.4169	-238.949	-287.724	-364.074	4669.06	7.29897e-07	-5.95435	-41.1306	10.067	130	-42.1438	-8.71366	-42.1254	-8.92515	0.369715	-42.3945	-42.0429	8.7277	3.14346	0.21149	0.0842512	1	0.453966	-2.36147	8.67897	3.096	
