sample,group,p_value
11I,Mutant,2.188876688751591e-11
15I,Mutant,0.04168774806190475
7I,Mutant,0.005060769174011843
