sample,group,p_value
11G,Mutant,2.558810384527401e-12
12G,Mutant,0.030563048185479492
7G,Mutant,1.0228311653999339e-06
