sample,group,p_value
11I,Mutant,2.188876688735899e-11
15I,Mutant,0.041687748061925586
7I,Mutant,0.005060769173994217
