sample,group,p_value
11G,Mutant,2.55881038450699e-12
12G,Mutant,0.030563048185478534
7G,Mutant,1.0228311654125426e-06
