sample,group,p_value
7,Mutant,0.002867841624113802
11,Mutant,2.3278270787521802e-11
