sample,group,p_value
7,Mutant,0.0028678416241324106
11,Mutant,2.3278270787654736e-11
