sample,group,p_value
11A,Mutant,0.00013925101383576214
11T,Mutant,0.02706588746691358
12A,Mutant,3.272133838919664e-10
12S,Mutant,0.004038481105159769
12T,Mutant,0.0003396095574118089
12V,Mutant,2.064890745119326e-05
4A,Mutant,0.039275891757244434
8A,Mutant,0.0007059940391307508
8T,Mutant,0.007207884100890716
