sample,group,p_value
11I,Mutant,2.7185279138592433e-05
12I,Mutant,1.4882258145770173e-16
4I,Mutant,0.011465352312530392
8I,Mutant,1.0659750300568312e-05
