sample,group,p_value
A,Mutant,5.5308462268576186e-11
S,Mutant,0.01569815000542508
T,Mutant,4.504267927943675e-07
