sample,group,p_value
A,Mutant,5.530846226835421e-11
S,Mutant,0.015698150005408865
T,Mutant,4.5042679279332905e-07
