sample,group,p_value
7,Mutant,0.0007458162147304352
11,Mutant,5.372186191373212e-18
15,Mutant,0.025508139868380148
