sample,group,p_value
A,Mutant,0.03404469714319195
G,Mutant,4.781564951086052e-26
