sample,group,p_value
AI,Mutant,0.0238431080483142
GI,Mutant,1.345364778964473e-23
