sample,group,p_value
A,Mutant,5.59319555129131e-10
F,Mutant,0.020104795591617243
L,Mutant,0.038413203723470714
S,Mutant,0.04882245113343007
T,Mutant,0.004056542082485117
