sample,group,p_value
11I,Mutant,1.7630653002841006e-12
15I,Mutant,0.003215889947850941
7I,Mutant,0.015982385890367722
