sample,group,p_value
7,Mutant,0.015153850064017215
11,Mutant,7.382504437818502e-13
