sample,group,p_value
7,Mutant,0.015153850063915664
11,Mutant,7.382504437769525e-13
