sample,group,p_value
G,void,0.3721045522753351
L,void,6.650893705707947e-06
R,void,0.07175629153509193
G,clash,3.232186937739097e-18
L,clash,0.00044629448809501484
R,clash,7.538637406143928e-20
