sample,group,p_value
G,void,0.37210455227697126
L,void,6.650893705834967e-06
R,void,0.07175629153536874
G,clash,3.2321869376631195e-18
L,clash,0.00044629448809402995
R,clash,7.538637406192973e-20
