sample,group,p_value
G,clash,4.75008555767613e-14
G,void,0.4136562549519166
