sample,group,p_value
G,clash,4.750085557685744e-14
G,void,0.41365625495284264
