sample,group,p_value
G,clash,4.919385933916431e-50
R,clash,
G,void,0.0049372775687292645
R,void,
