Sequence,512,Fluorescence,PercentGpA,FluorStd,PercentStd,Rep1-Fluor,Rep2-Fluor,Rep3-Fluor,Sample
LIIFGVMAGVIGT,48216.66667,19627.0,1.0,3749.770704,0.07776918156,25844.1899655124,26628.44370656678,23966.18807163096,G
LIIFGVMAIVIGT,33825.66667,5236.0,0.2667753605,2054.156112,0.01620066332,17920.39434576709,19750.53528491857,16787.766949604957,G
FHMIAVGLSSSILGCLITLLVL,59694.0,31104.33333,1.584772677,2695.227078,0.07155362735,27319.48111013848,29663.940398941635,25927.35634524665,G
VVIIAIVCCVVGTSLVWVVIIL,34945.33333,6355.666667,0.3238226253,3823.969709,0.03543500067,20600.01857050899,22262.032453885644,19517.80197423698,G
CAVVVGVGLIVGFAVGLL,36085.66667,7496.0,0.3819228614,615.756716,0.00651703539,18374.707084678947,20183.56128408681,17452.247341533115,G
LLLTVLLALLLGFLLGSL,48397.0,19807.33333,1.0091880229999999,3298.538464,0.06878206320000001,23117.02751970061,24677.309896711897,22813.37346588405,G
LLLVALLALLLGTLLSFL,39668.66667,11079.0,0.5644775055,1331.213857,0.018942917429999998,18663.54542575948,20900.39795772245,18249.57421060609,G
LLLTALLIGLLFGLLVLL,36897.66667,8308.0,0.4232944413,5363.171108,0.06152693986,20151.429474466902,21024.462366061784,19376.160002421,G
