sample,group,p_value
11A,Mutant,0.0018701124919554694
12A,Mutant,7.674894532047731e-11
12T,Mutant,0.002169197678625073
8A,Mutant,0.00010018253122451452
8S,Mutant,0.040889719110851645
8T,Mutant,0.0014445085904601013
