sample,group,p_value
11I,Mutant,0.006932769699699367
12I,Mutant,2.0198694714004422e-13
4I,Mutant,0.0044663558039445
8I,Mutant,1.3233622328194869e-05
