sample,group,p_value
8,Mutant,0.00022681506005961665
12,Mutant,1.4896685003452936e-06
