sample,group,p_value
A,Mutant,2.084451839841908e-14
S,Mutant,0.021677584561454837
T,Mutant,1.2104972969590205e-06
