sample,group,p_value
AI,Mutant,1.5184979460084207e-14
SI,Mutant,0.021677584561464746
TI,Mutant,7.100651053597352e-07
