sample,group,p_value
AI,Mutant,1.518497946017552e-14
SI,Mutant,0.021677584561454837
TI,Mutant,7.100651053571081e-07
