sample,group,p_value
A,Mutant,0.02905166783759493
I,Mutant,7.017599465588957e-16
