sample,group,p_value
11I,Mutant,0.0020377751807140253
12I,Mutant,9.442301490580144e-11
3A,Mutant,0.0018956016804442513
8I,Mutant,1.6272887621660493e-07
