sample,group,p_value
11I,Mutant,0.0020377751807123946
12I,Mutant,9.442301490471586e-11
3A,Mutant,0.0018956016804338193
8I,Mutant,1.6272887621412157e-07
