sample,group,p_value
3,Mutant,0.0009028390832231993
8,Mutant,5.628355620699545e-06
12,Mutant,2.635391569772564e-08
