sample,group,p_value
A,Mutant,5.8439224520703654e-09
F,Mutant,0.004339867742117602
T,Mutant,1.1467920631405703e-05
V,Mutant,1.8185106413146605e-05
Y,Mutant,0.004959935389053641
