sample,group,p_value
AI,Mutant,5.843922452002293e-09
FA,Mutant,0.002390033997972753
TI,Mutant,1.0394185175143644e-05
VI,Mutant,3.2785966996945736e-06
YA,Mutant,0.005704532037316485
