,>= 0.6_freq,>= 0.6_count,0.4 - 0.6_freq,0.4 - 0.6_count,0.2 - 0.4_freq,0.2 - 0.4_count,-0.0 - 0.2_freq,-0.0 - 0.2_count
A,0.25166666666666665,151,0.23490338164251207,389,0.20477941176470588,557,0.0857843137254902,35
L,0.14833333333333334,89,0.16847826086956522,279,0.16727941176470587,455,0.18382352941176472,75
T,0.12333333333333334,74,0.12258454106280194,203,0.12022058823529412,327,0.1053921568627451,43
V,0.12,72,0.12198067632850242,202,0.12205882352941176,332,0.125,51
I,0.095,57,0.10628019323671498,176,0.12426470588235294,338,0.18627450980392157,76
S,0.09333333333333334,56,0.11171497584541062,185,0.10661764705882353,290,0.09558823529411764,39
Y,0.07333333333333333,44,0.03743961352657005,62,0.05477941176470588,149,0.1053921568627451,43
F,0.07,42,0.08454106280193237,140,0.09375,255,0.11274509803921569,46
W,0.025,15,0.012077294685990338,20,0.00625,17,0.0,0
