,0.4 - 0.6_freq,0.4 - 0.6_count,0.2 - 0.4_freq,0.2 - 0.4_count,-0.0 - 0.2_freq,-0.0 - 0.2_count,>= 0.6_freq,>= 0.6_count
A,0.285,513,0.23550724637681159,910,0.15217391304347827,84,0.2916666666666667,42
T,0.135,243,0.12681159420289856,490,0.09782608695652174,54,0.125,18
L,0.12555555555555556,226,0.10947204968944099,423,0.10869565217391304,60,0.1111111111111111,16
S,0.115,207,0.1105072463768116,427,0.11413043478260869,63,0.13194444444444445,19
V,0.11277777777777778,203,0.11154244306418219,431,0.1068840579710145,59,0.125,18
I,0.09666666666666666,174,0.12163561076604555,470,0.18659420289855072,103,0.09027777777777778,13
F,0.06833333333333333,123,0.08592132505175984,332,0.1213768115942029,67,0.027777777777777776,4
Y,0.056666666666666664,102,0.09161490683229814,354,0.1105072463768116,61,0.08333333333333333,12
W,0.005,9,0.006987577639751553,27,0.0018115942028985507,1,0.013888888888888888,2
