sample,group,p_value
12A,Mutant,0.025142805439910224
12L,Mutant,0.006589964995605838
12T,Mutant,0.00016437429092199522
12V,Mutant,0.018902438926117662
3Y,Mutant,0.002077796590500064
8A,Mutant,3.055389149516913e-06
8T,Mutant,0.04340431433977103
