sample,group,p_value
3,Mutant,0.00365768114415359
8,Mutant,1.1605434306335505e-06
12,Mutant,4.419062818930327e-08
