sample,group,p_value
A,Mutant,1.0579359877217641e-07
T,Mutant,3.9549747685453864e-05
V,Mutant,0.012358542036439516
Y,Mutant,0.0018149564517842462
