sample,group,p_value
AI,Mutant,1.5677596080843221e-07
TI,Mutant,2.875920111715496e-05
VI,Mutant,0.0016510615026801999
YA,Mutant,0.002379486697952995
