Sequence,Segments,Fluorescence,FluorStdDev,Rep1-Fluor,Rep2-Fluor,Rep3-Fluor,Sample,Average Percent GpA,LB-12H_M9-24H,LB-12H_M9-36H,LB-24H_M9-24H,LB-24H_M9-36H,LB-36H_M9-24H,LB-36H_M9-36H,std,Percent Error,mean,PercentGpA_transformed,Percent GpA,std_adjusted,Type,Mutant Type,mean_transformed,percent_wt,wt_seq,position,wt_aa,mut_aa,mut_position
LLLTFLLGLLLGVLLGSLILI,1.0,29278.595617808183,1107.764843545903,29258.714259520297,30396.1673263526,28180.90526755165,G,181.03378512139705,15693014341577.057,15693014341577.057,13708678454209.94,13708678454209.94,17186469419688.406,17186469419688.406,1566.4268238834231,0.1368782011388807,29288.536296952123,1.5078476893415682,136.76332019896645,0.2063914793084916,WT,,,171.02394644344906,LLLTLLLGLLLGVLLGSLILI,L4F,L,F,4
LLLALLLGFLLGVLLSTLILI,1.0,26522.95979539521,461.7078273089715,26063.314344865063,26986.702726400563,26518.86231492003,G,144.0741403716593,9166618043476.477,9166618043476.477,8859070278919.398,8859070278919.398,10998261923083.416,10998261923083.416,330.8131274709906,0.0957611692162103,26752.782520660294,1.1926873068893058,108.17795272185144,0.1142131310170529,WT,,,128.78988483301595,LLLALLLGLLLGVLLSTLILI,L8F,L,F,8
LLLAFLLGLLLGVLLSTLILI,6.0,28232.531351676687,1129.715258883155,28673.446407212625,29075.30098755003,26948.846660267413,G,162.2910328707375,15377132337831.918,15377132337831.918,13877971523246.49,13877971523246.49,16324085706176.703,16324085706176.703,1503.6302747050158,0.1370735444730222,28012.07382390872,1.3492004243935454,122.37385178770326,0.184939684376129,Mutant,void,,145.690631794766,LLLALLLGLLLGVLLSTLILI,L4F,L,F,4
