Sequence,Segments,Fluorescence,FluorStdDev,Rep1-Fluor,Rep2-Fluor,Rep3-Fluor,Sample,Average Percent GpA,LB-12H_M9-24H,LB-12H_M9-36H,LB-24H_M9-24H,LB-24H_M9-36H,LB-36H_M9-24H,LB-36H_M9-36H,std,Percent Error,mean,PercentGpA_transformed,Percent GpA,std_adjusted,Type,Mutant Type,mean_transformed,percent_wt,wt_seq,position,wt_aa,mut_aa,mut_position
LLLTVLLAYLLGLLLGFLILI,0.0,24164.87353007743,1125.387468405056,25163.299065351694,24385.977909207864,22945.343615672733,G,95.31477536497005,3880776275947.54,3880776275947.54,3414157868178.897,3414157868178.897,3976644175332.868,3976644175332.868,1018.6822781685826,0.126440352280885,23665.660762440297,0.8089992362675216,73.37705417626641,0.1022901484286323,WT,,,221.31394978568636,LLLTVLLAILLGLLLGFLILI,I8Y,I,Y,8
LLLTYLLAILLGLLLGFLILI,0.0,23793.872846233884,1294.564535012419,25171.630217769365,23607.224988071,22602.763332861294,G,89.61123577419177,9242640235316.756,9242640235316.756,8998372813866.06,8998372813866.06,12112337338557.07,12112337338557.07,710.2616478406475,0.114136221029639,23104.994160466147,0.7393158536148173,67.05670044183822,0.084382717678897,WT,,,202.25100886073645,LLLTVLLAILLGLLLGFLILI,V4Y,V,Y,4
LLLVALLTILLYLLFSLLILI,3.0,31274.59703755405,1220.4314807678309,32679.18164699897,30671.3479326587,30473.261533004472,L,217.7920691345355,22795790908990.91,22795790908990.91,21952858333233.344,21952858333233.344,99999900.0,99999900.0,1220.4314807678288,0.1309639405373132,31274.59703755405,0.7174776054810348,71.74044197079319,0.0939636944610721,WT,,,239.8717250304287,LLLVALLTILLALLFSLLILI,A11Y,A,Y,11
