sample,group,p_value
11I,Mutant,7.301880289932386e-05
15I,Mutant,0.007555693124022546
7I,Mutant,0.034973248438955905
