sample,group,p_value
11G,Mutant,4.892709527257849e-05
15G,Mutant,0.02908416488127368
7G,Mutant,4.314354689540977e-05
