sample,group,p_value
11I,Mutant,7.301880289963111e-05
15I,Mutant,0.007555693124025502
7I,Mutant,0.03497324843898217
