sample,group,p_value
11G,Mutant,4.892709527280503e-05
15G,Mutant,0.029084164881270018
7G,Mutant,4.314354689491061e-05
