sample,group,p_value
11,Mutant,3.0932778055183495e-05
15,Mutant,0.017605686762930475
