sample,group,p_value
11,Mutant,3.093277805505486e-05
15,Mutant,0.0176056867629269
