sample,group,p_value
11I,Mutant,2.1535933467262103e-08
7I,Mutant,0.0005795055685882211
