sample,group,p_value
G,clash,1.4133490315255845e-05
L,clash,8.90865987356374e-05
R,clash,1.6424759437865355e-15
G,void,0.9358612918671071
L,void,0.3119310512068393
R,void,0.08583812745961637
