Sequence	Interface	InterfaceSequence	Baseline	Dimer	Dimerw/Baseline	HBONDDimer	HBONDMonomer	IMM1Dimer	IMM1Monomer	Monomer	MonomerSasa	SequenceProbability	Total	VDWDimer	VDWMonomer	acceptCycleNumber	axialRotation	bestEnergyTotal	crossingAngle	currEnergyTotal	currEntropy	endAxialRotation	endCrossingAngle	endXShift	endZShift	energyComparison	entropyDiff	geometryNumber	prevEntropy	startEnergy	xShift	zShift	
LLLYTLLGTLLGTLLSTLILI	033002200210030003011	L--YT--GT-LGT-LST-ILI	373.528	-377.184	-3.65552	-111.528	-101.719	-223.251	-274.943	-377.344	4500.2	1.09842e-06	-3.24751	-42.4044	-0.681504	101	-92.9204	-1.25473	-43.9981	-2.50869	1.14683	-93.1619	-43.4825	8.66726	2.50973	1.25397	-1.05471	2	0.0921195	0.160091	8.69494	2.45939	
LLLYTLLTTLLGTLLSTLILI	033002200210030003011	L--YT--TT-LGT-LST-ILI	378.173	-386.189	-8.01532	-118.056	-115.587	-224.628	-279.289	-392.664	4533.04	3.41155e-07	7813.2	-43.5037	2.21208	116	-93.2138	-6.86854	-42.7902	-7.34149	0.673827	-92.9204	-43.9981	8.69494	2.45939	0.472947	-0.445177	1	0.22865	6.4755	8.67174	2.27768	
