sample,group,p_value
A,Mutant,0.013315395944770941
I,Mutant,0.028675738231900432
