sample,group,p_value
A,Mutant,0.013315395944761745
I,Mutant,0.028675738231733045
