sample,group,p_value
AI,Mutant,0.018533321478348724
LA,Mutant,0.036645788064288164
