sample,group,p_value
AI,Mutant,0.018533321478228747
LA,Mutant,0.03664578806435073
