sample,group,p_value
12I,Mutant,0.0006262428038311484
8I,Mutant,0.00042568403192390055
