sample,group,p_value
11A,Mutant,0.020267832005724573
8A,Mutant,0.0002632195488940086
