sample,group,p_value
8,Mutant,0.03393186763387924
12,Mutant,0.00045194856686899427
