sample,group,p_value
A,Mutant,9.536524964595762e-07
S,Mutant,0.03871760903125372
T,Mutant,0.006387530981325088
