sample,group,p_value
AI,Mutant,9.536524964595918e-07
SI,Mutant,0.038717609031253784
TI,Mutant,0.002034636766889913
