sample,group,p_value
A,Mutant,0.041514828644863486
I,Mutant,1.3232724080174178e-28
