sample,group,p_value
11I,Mutant,2.0725709556525035e-26
15I,Mutant,0.00359823108532514
4A,Mutant,0.04265726678969573
7I,Mutant,0.0013347559589686191
8A,Mutant,0.04415973340645556
