sample,group,p_value
11G,Mutant,1.5736400678773574e-24
15G,Mutant,0.033810460798517364
7G,Mutant,3.8633857993318016e-05
