sample,group,p_value
11I,Mutant,2.0725709556281212e-26
15I,Mutant,0.0035982310853356816
4A,Mutant,0.04265726678997668
7I,Mutant,0.001334755958967326
8A,Mutant,0.04415973340689111
