sample,group,p_value
7,Mutant,0.0035467609677772177
11,Mutant,1.0396124146520448e-20
15,Mutant,0.0006275173412322819
