sample,group,p_value
AI,Mutant,0.039069278555829166
FA,Mutant,0.010660603248387971
GI,Mutant,6.743628008245639e-31
