sample,group,p_value
AI,Mutant,0.03906927855584941
FA,Mutant,0.010660603248412838
GI,Mutant,6.743628008122554e-31
