sample,group,p_value
11I,Mutant,9.069143791964916e-11
12I,Mutant,0.03952697646831352
15I,Mutant,0.009365242421639507
7I,Mutant,0.007518636149330814
