sample,group,p_value
11I,Mutant,1.189100805037884e-08
15I,Mutant,0.00040807116721475374
7I,Mutant,5.06593775268068e-05
