sample,group,p_value
11G,Mutant,1.2715594463012808e-08
15G,Mutant,0.0011961010039199355
7G,Mutant,1.9915128281055812e-10
