sample,group,p_value
7,Mutant,0.0002944766349264526
11,Mutant,7.4287061835823216e-09
15,Mutant,0.0006093438336275522
