sample,group,p_value
A,Mutant,0.010640598145553296
G,Mutant,9.986511307313992e-17
Y,Mutant,0.022204705728870587
