sample,group,p_value
AI,Mutant,0.010640598145553262
GI,Mutant,3.385206576103191e-16
YA,Mutant,0.022204705728870587
