sample,group,p_value
11A,Mutant,0.00019309990512600387
12A,Mutant,0.0015601315596472526
12T,Mutant,0.009830556967897744
12V,Mutant,0.002717032742526325
8A,Mutant,3.415936035710904e-05
