sample,group,p_value
11I,Mutant,0.00040888888016836706
12I,Mutant,6.150385841725217e-07
3A,Mutant,0.00262691447657518
4I,Mutant,0.024042689594829986
8I,Mutant,3.5337997583313526e-06
