sample,group,p_value
3,Mutant,0.0016261814687519205
8,Mutant,0.0015065828351771588
12,Mutant,0.0001810485256434893
