sample,group,p_value
A,Mutant,4.4455528872777484e-10
F,Mutant,0.011984699322393998
T,Mutant,0.000851189649066299
V,Mutant,0.02328356818192432
