sample,group,p_value
AI,Mutant,1.4199304085510531e-10
FA,Mutant,0.001292867891583395
SI,Mutant,0.0459676129923943
TI,Mutant,0.0005337601932295346
VI,Mutant,0.04106558071358167
