sample,group,p_value
G,void,0.29012667697150435
L,void,8.290727063075086e-07
R,void,0.0013640094786343546
G,clash,1.4765301150229319e-18
L,clash,0.0005139689729754868
R,clash,1.3088768824940152e-17
