sample,group,p_value
G,clash,1.2163553503109495e-37
L,clash,0.01722153457294888
R,clash,0.007395612770716982
G,void,0.005365385556270238
L,void,0.12939246651321232
R,void,0.04431903695804844
