sample,group,p_value
A,Mutant,0.001160680523008988
I,Mutant,0.0002273928438873393
