sample,group,p_value
11I,Mutant,3.8243819684498614e-05
12I,Mutant,1.9104431559705459e-22
4I,Mutant,0.0077103695060806035
8I,Mutant,4.013296979513166e-06
