sample,group,p_value
8,Mutant,0.002898141879782887
12,Mutant,1.2997547582075734e-14
