sample,group,p_value
A,Mutant,1.7052556923688038e-15
T,Mutant,3.46896351832166e-09
V,Mutant,0.006367433928700252
