sample,group,p_value
AI,Mutant,2.1454355855349554e-15
LI,Mutant,0.043121468057687254
TI,Mutant,7.836997521495216e-09
VI,Mutant,0.0055378287358613
