sample,group,p_value
AI,Mutant,1.7052556923688038e-15
LI,Mutant,0.04312146805768766
TI,Mutant,2.946575028376878e-09
VI,Mutant,0.004401973450706732
