sample,group,p_value
11A,Mutant,0.008173580869247542
12A,Mutant,9.519088227667456e-05
8A,Mutant,0.01301700937670051
