sample,group,p_value
11I,Mutant,0.04257142129459692
12I,Mutant,1.3041502087880416e-05
4A,Mutant,0.006878966154554892
4I,Mutant,0.021123870740755907
5A,Mutant,0.038316272918837505
8I,Mutant,0.0008625390940074556
