sample,group,p_value
11A,Mutant,0.008173580869324579
12A,Mutant,9.519088227711648e-05
8A,Mutant,0.013017009376613377
