sample,group,p_value
5,Mutant,0.028656287516236934
12,Mutant,0.0003441010420268089
