sample,group,p_value
A,Mutant,1.12215588881566e-05
T,Mutant,0.006134340785377141
