sample,group,p_value
A,Mutant,1.1221558888122827e-05
T,Mutant,0.006134340785397432
