sample,group,p_value
12I,Mutant,0.012790730033068819
4I,Mutant,0.018657088705340392
8I,Mutant,0.044175901575624614
