sample,group,p_value
11I,Mutant,0.012048949066735704
12I,Mutant,2.3112271739149083e-08
4I,Mutant,0.0006918455314806694
8I,Mutant,1.4986102408692507e-05
