sample,group,p_value
11I,Mutant,0.012048949066705016
12I,Mutant,2.31122717390903e-08
4I,Mutant,0.0006918455314809466
8I,Mutant,1.4986102408648509e-05
