sample,group,p_value
8,Mutant,0.00017612796340234555
12,Mutant,2.8853464954538655e-07
