sample,group,p_value
AI,Mutant,3.089944368118046e-12
TI,Mutant,1.572182909775494e-05
