sample,group,p_value
AI,Mutant,3.0899443681144344e-12
TI,Mutant,1.5721829097846548e-05
