sample,group,p_value
G,clash,1.6257018682178966e-22
G,void,0.030061947070711956
