sample,group,p_value
11A,Mutant,2.9928033037881606e-05
12A,Mutant,2.1302328051887274e-12
12L,Mutant,0.004937926985701659
12S,Mutant,0.0024607615822832066
12T,Mutant,0.00013524179869950256
12V,Mutant,2.0648907451213947e-05
4A,Mutant,0.028009237872492685
8A,Mutant,0.00011988020094755072
8T,Mutant,0.0017574163345656457
