sample,group,p_value
11I,Mutant,2.902668155682399e-05
12I,Mutant,2.3318057531543954e-19
4I,Mutant,0.007710369506080716
8I,Mutant,6.6995946048134164e-06
