sample,group,p_value
11I,Mutant,1.4569032275776653e-05
12I,Mutant,1.5262272811348073e-19
15A,Mutant,0.020642799409294713
4I,Mutant,0.00619269569001719
8I,Mutant,9.921910980779254e-06
