sample,group,p_value
11I,Mutant,1.456903227577337e-05
12I,Mutant,1.52622728114362e-19
15A,Mutant,0.020642799409334972
4I,Mutant,0.006192695689997512
8I,Mutant,9.921910980785567e-06
