sample,group,p_value
11A,Mutant,7.08249916639648e-05
12A,Mutant,2.1302328051887653e-12
12L,Mutant,0.014590516370527868
12S,Mutant,0.0027594426782778627
12T,Mutant,0.00013524179869950256
12V,Mutant,2.0648907451213757e-05
4A,Mutant,0.047337310871711266
8A,Mutant,0.00011988020094755166
8T,Mutant,0.000885140676651042
