sample,group,p_value
8,Mutant,0.005382013326862485
11,Mutant,0.03738721602431783
12,Mutant,2.574931899358249e-13
