sample,group,p_value
8,Mutant,0.0020870126507008084
12,Mutant,3.796747279062275e-13
