sample,group,p_value
8,Mutant,0.005382013326866031
11,Mutant,0.0373872160242466
12,Mutant,2.5749318993605586e-13
