sample,group,p_value
A,Mutant,2.1146184202773718e-13
S,Mutant,0.049328570489638755
T,Mutant,2.5831806666515155e-08
V,Mutant,0.006367433928700162
