Sequence	Interface	InterfaceSequence	Baseline	Dimer	Dimerw/Baseline	HBONDDimer	HBONDMonomer	IMM1Dimer	IMM1Monomer	Monomer	MonomerSasa	SequenceProbability	Total	VDWDimer	VDWMonomer	acceptCycleNumber	axialRotation	bestEnergyTotal	crossingAngle	currEnergyTotal	currEntropy	endAxialRotation	endCrossingAngle	endXShift	endZShift	energyComparison	entropyDiff	geometryNumber	prevEntropy	startEnergy	xShift	zShift	
LLLYGLLTALLFGLLTTLILI	133002300120022003211	L--YG--TAL-FG--TT--LI	344.804	-354.126	-9.32225	-86.3817	-86.3277	-225.577	-275.006	-349.732	4594.3	9.60162e-06	-7.76369	-42.1676	11.6015	134	-30.3417	-9.22052	-38.547	-9.23013	0.0921195	-29.9602	-39.0416	8.30233	2.18736	0.009607	1.05471	2	1.14683	-4.39436	8.33974	2.28395	
LLLYGLLTALLTSLLTSLILI	133002300120022003211	L--YG--TAL-TS--TS--LI	386.943	-392.925	-5.98225	-106.919	-117.261	-225.24	-275.251	-391.222	4529.82	6.1425e-06	-6.34164	-60.7664	1.29069	118	-30.47	-4.88069	-38.79	-5.34004	0.642213	-30.4451	-39.3011	8.30387	2.33076	0.459348	-0.398052	0	0.244161	-1.7037	8.24	2.21	
LLLYGLLTALLTTLLGWLILI	133002300120022003211	L--YG--TAL-TT--GW--LI	356.273	-367.117	-10.8439	-76.8945	-86.4245	-229.323	-278.45	-361.497	4615.69	2.74332e-06	-8.84692	-60.8997	3.37797	104	-30.4451	-9.49194	-39.3011	-10.2598	0.584123	-30.3417	-38.547	8.33974	2.28395	0.767818	-0.307954	1	0.276169	-5.62022	8.30387	2.33076	
