Sequence,mean
CAVVVGVGLIVGFAVGLL,5702.744340435238
CTGAFLISCMVGSVIVYL,5749.098378247814
FHMIAVGLSSSILGCLITLLVL,-43782.5
GIYFVLGVCFGLLLTLCLLVIL,4831.27054198326
GTIAVIVFFLIGFMIGYL,6523.284199262725
IIVAMTAVGGSICVMLVVICLL,5557.0998027950955
ILFVIAVASELGYFLCIL,5654.251429424232
LALGLGACLLAGTSLSVLWVYL,11991.900834572065
LIIFGVMAGVIGT,3504.2714083413775
LIIFGVMAIVIGT,7147.964778833608
LIVVLFGISITGGLFYTL,17369.336664066814
LLLSSLLLLLLGLLVAIL,7125.782222065118
MIAVGLSSSILGCLLTLL,6703.193697027651
VVATSLVVLTLGVLLAFL,6383.409293721488
VVIIAIVCCVVGTSLVWVVIIL,5844.643438152063
YIAIGIGVGLLLSGFLVL,5631.4273351382035
