sample,group,p_value
11S,Mutant,0.030869637048695546
12A,Mutant,0.00016931973910878486
12S,Mutant,0.002400041703975249
4A,Mutant,0.0023460648084226267
4T,Mutant,0.0392335816214198
5A,Mutant,0.04194139898005971
8A,Mutant,0.0037492729512241395
