sample,group,p_value
A,Mutant,1.1880466869397713e-08
T,Mutant,0.02700829331634091
