sample,group,p_value
A,Mutant,1.1880466869534944e-08
T,Mutant,0.027008293316204933
