Sequence	Interface	InterfaceSequence	Baseline	Dimer	Dimerw/Baseline	HBONDDimer	HBONDMonomer	IMM1Dimer	IMM1Monomer	Monomer	MonomerSasa	SequenceProbability	Total	VDWDimer	VDWMonomer	acceptCycleNumber	axialRotation	bestEnergyTotal	crossingAngle	currEnergyTotal	currEntropy	endAxialRotation	endCrossingAngle	endXShift	endZShift	energyComparison	entropyDiff	geometryNumber	prevEntropy	startEnergy	xShift	zShift	
LLLYYLLTGLLTGLLGWLILI	113000300020032003212	LL-YYL-TGL-TG--GW--L-	341.302	-343.859	-2.55671	-72.6771	-72.351	-228.114	-280.124	-340.305	4622.52	6.05315e-07	-8.69626	-43.0675	12.1701	110	-6.49871	-1.61394	-41.511	-2.18699	0.369715	-6.77904	-41.0166	8.46811	4.90397	0.573053	0.0842512	1	0.453966	-3.55407	8.43004	4.76807	
LLLYYLLTGLLTGLLTTLILI	113000300020032003212	LL-YYL-TGL-TG--TT--L-	353.112	-356.638	-3.52559	-94.6491	-99.9744	-227.458	-278.994	-361.98	4598.58	2.7697e-07	0.551053	-34.5304	16.9884	106	-6.77904	-2.34758	-41.0166	-3.07066	0.454934	-7.18695	-40.7411	8.39392	4.8385	0.723076	-0.0860566	2	0.368877	5.34239	8.46811	4.90397	
