sample,group,p_value
11I,Mutant,1.0672660005827554e-15
15I,Mutant,0.01688149144213631
7I,Mutant,0.0009005966604709119
