sample,group,p_value
11G,Mutant,4.0910316902446244e-15
12G,Mutant,0.03169509427790649
7A,Mutant,0.015833094590495013
7G,Mutant,0.00018137613114280383
