sample,group,p_value
11I,Mutant,9.986500079627556e-16
15I,Mutant,0.01688149144206698
7I,Mutant,0.000900596660466551
