sample,group,p_value
7,Mutant,0.0022807393960919153
11,Mutant,2.08626284781457e-14
