sample,group,p_value
A,Mutant,0.014257036336406157
G,Mutant,4.7268368677588915e-20
