sample,group,p_value
AI,Mutant,0.015846291326253776
GI,Mutant,7.05806238134108e-20
