sample,group,p_value
AI,Mutant,0.014257036336406166
GI,Mutant,7.058062381315775e-20
