sample,group,p_value
11I,Mutant,1.4397541101916327e-13
15I,Mutant,0.023799049235614402
4A,Mutant,0.041957292203582845
7I,Mutant,0.0003029428785598921
