sample,group,p_value
7,Mutant,0.00634584633012849
11,Mutant,1.4397541101916327e-13
15,Mutant,0.03803860380394832
