sample,group,p_value
7,Mutant,0.006345846330130273
11,Mutant,1.439754110118114e-13
15,Mutant,0.03803860380395435
