Sequence	Interface	InterfaceSequence	Baseline	Dimer	Dimerw/Baseline	HBONDDimer	HBONDMonomer	IMM1Dimer	IMM1Monomer	Monomer	MonomerSasa	SequenceProbability	Total	VDWDimer	VDWMonomer	acceptCycleNumber	axialRotation	bestEnergyTotal	crossingAngle	currEnergyTotal	currEntropy	endAxialRotation	endCrossingAngle	endXShift	endZShift	energyComparison	entropyDiff	geometryNumber	prevEntropy	startEnergy	xShift	zShift	
LLLGYLLTTLLTTLLWTLILI	033002200220031003311	L--GY--TT--TT-LWT--LI	377.121	-401.515	-24.3934	-111.586	-113.925	-235.801	-283.421	-392.153	4567.64	9.83127e-08	-13.0369	-54.1276	5.19298	110	-75.9377	-23.5747	-40.5726	-24.1973	0.196163	-76.0626	-40.3118	8.81119	5.67507	0.622554	0.553111	1	0.749274	-9.36158	8.82461	5.67211	
LLLGYLLTTLLTYLLTTLILI	033002200220031003311	L--GY--TT--TY-LTT--LI	364.034	-386.175	-22.141	-104.723	-113.897	-233.278	-281.37	-380.873	4561.49	8.60236e-08	-10.0651	-48.1747	14.3947	131	-75.99	-21.8535	-40.76	-21.9215	0.219549	-75.9377	-40.5726	8.82461	5.67211	0.0679812	0.47406	0	0.693609	-5.30278	8.78	5.54	
