sample,group,p_value
G,clash,1.1383070245003145e-29
G,void,0.035337345778343944
