sample,group,p_value
G,clash,1.0185835549786908e-07
G,void,0.8476290525571343
