Sequence	Interface	InterfaceSequence	Baseline	Dimer	Dimerw/Baseline	HBONDDimer	HBONDMonomer	IMM1Dimer	IMM1Monomer	Monomer	MonomerSasa	SequenceProbability	Total	VDWDimer	VDWMonomer	acceptCycleNumber	axialRotation	bestEnergyTotal	crossingAngle	currEnergyTotal	currEntropy	endAxialRotation	endCrossingAngle	endXShift	endZShift	energyComparison	entropyDiff	geometryNumber	prevEntropy	startEnergy	xShift	zShift	
LLLWTLLATLLGTLLGYLILI	133002200210031003102	L--WT--AT-LGT-LGY-IL-	357.065	-335	22.0652	-84.0772	-72.5845	-226.601	-276.68	-356.467	4586.22	3.14637e-06	17.3956	-24.3223	-7.20237	124	-69.0284	22.5121	-43.1589	22.4373	0.372136	-68.7093	-43.0644	7.1352	0.754968	0.0748176	0.0790506	2	0.451187	21.4667	7.16705	0.711531	
LLLWTLLGTLLGTLLGYLILI	133002200210031003102	L--WT--GT-LGT-LGY-IL-	352.279	-328.319	23.9601	-83.823	-72.5716	-225.241	-275.475	-352.316	4581.47	6.23406e-07	18.2126	-19.2558	-4.26972	157	-68.8205	24.4152	-41.7004	24.3322	0.372136	-69.0284	-43.1589	7.16705	0.711531	0.0829407	0.0790506	1	0.451187	23.9972	7.15329	0.541392	
LLLYTLLATLLGTLLGWLILI	133002200210031003102	L--YT--AT-LGT-LGW-IL-	357.104	-332.045	25.0595	-85.2542	-72.5601	-225.131	-278.536	-358.047	4536	3.14637e-06	22.7036	-21.6597	-6.95084	148	-69.17	25.4393	-41.71	25.4316	0.372136	-68.8205	-41.7004	7.15329	0.541392	0.00772567	0.0790506	0	0.451187	26.0018	7.15	0.54	
