sample,group,p_value
G,clash,2.3140822409006396e-10
L,clash,0.00040803634646992227
R,clash,1.0891855595180619e-11
G,void,0.27618476393153096
L,void,0.8337059222654544
R,void,0.7841543284131516
