sample,group,p_value
12I,Mutant,1.695742503936414e-10
4I,Mutant,0.025402515689537813
8I,Mutant,0.005635022363419352
