sample,group,p_value
12I,Mutant,1.6957425039257814e-10
4I,Mutant,0.02540251568953799
8I,Mutant,0.005635022363425394
