sample,group,p_value
12A,Mutant,0.00029665214629976804
12S,Mutant,0.031589090468177566
12T,Mutant,0.0008938630787359357
12V,Mutant,0.001092613746654798
3Y,Mutant,0.03389848364110857
4A,Mutant,0.04932110347351286
8A,Mutant,0.006773075929354276
