sample,group,p_value
12A,Mutant,0.0002966521463008476
12S,Mutant,0.031589090468268355
12T,Mutant,0.0008938630787356783
12V,Mutant,0.001092613746659505
3Y,Mutant,0.03389848364120994
4A,Mutant,0.04932110347346627
8A,Mutant,0.00677307592938461
