sample,group,p_value
8,Mutant,0.03060355554384383
12,Mutant,3.100285771594803e-07
