sample,group,p_value
8,Mutant,0.03060355554387716
12,Mutant,3.1002857715812925e-07
