sample,group,p_value
A,Mutant,8.010896717908408e-08
S,Mutant,0.049492118901371625
T,Mutant,0.0049587122610479555
V,Mutant,0.0035769086828007636
Y,Mutant,0.024185574736689894
