sample,group,p_value
A,Mutant,8.010896717874353e-08
S,Mutant,0.04949211890151516
T,Mutant,0.004958712261056786
V,Mutant,0.0035769086827986698
Y,Mutant,0.024185574736629748
