sample,group,p_value
AI,Mutant,1.3400910789434274e-07
SI,Mutant,0.04949211890137201
TI,Mutant,0.005135912082974953
VI,Mutant,0.0009226475543416985
YA,Mutant,0.024185574736689894
