sample,group,p_value
11A,Mutant,7.452572631567297e-05
12A,Mutant,1.8394672709172987e-12
12L,Mutant,0.004937926985701677
12S,Mutant,0.0024607615822832066
12T,Mutant,1.4958521203519791e-05
12V,Mutant,2.0648907451213757e-05
4A,Mutant,0.047337310871711516
8A,Mutant,0.00011988020094755166
8T,Mutant,0.0017574163345656759
