sample,group,p_value
11G,Mutant,1.1527075639020422e-05
15G,Mutant,0.00976993155707101
