sample,group,p_value
11G,Mutant,1.1527075639065166e-05
15G,Mutant,0.009769931557058404
