sample,group,p_value
7,Mutant,3.2300755188549654e-05
11,Mutant,0.0003465760628081009
15,Mutant,0.04805310483373659
