sample,group,p_value
7,Mutant,3.2300755188670346e-05
11,Mutant,0.0003465760628094217
15,Mutant,0.048053104833825695
