sample,group,p_value
A,Mutant,0.0023682682776327672
G,Mutant,8.59424130530699e-20
