sample,group,p_value
AI,Mutant,0.0025839831497231707
GI,Mutant,3.3161651498027185e-20
TI,Mutant,0.039625136168480665
