sample,group,p_value
11I,Mutant,2.4586409292242423e-05
12I,Mutant,3.406565512678878e-17
4I,Mutant,0.0005015014524869281
8I,Mutant,6.822389450848534e-07
