sample,group,p_value
11I,Mutant,0.0011689232847498872
12I,Mutant,4.596603524058936e-19
8I,Mutant,3.450566407534635e-08
