sample,group,p_value
11I,Mutant,0.0011689232847546123
12I,Mutant,4.596603524050105e-19
8I,Mutant,3.4505664075162154e-08
