sample,group,p_value
11A,Mutant,2.4995103222248346e-05
12A,Mutant,3.3442888172741985e-11
12L,Mutant,0.0058969405412396085
12T,Mutant,1.1715389747181667e-05
12V,Mutant,8.582106741685671e-05
8A,Mutant,3.686752016397357e-06
8T,Mutant,0.0008379100861417037
