sample,group,p_value
8,Mutant,1.0409977609852653e-06
12,Mutant,8.252707292299162e-17
