sample,group,p_value
A,Mutant,6.700598144611518e-16
T,Mutant,5.236908083969768e-09
