sample,group,p_value
AI,Mutant,1.1441826064760683e-15
LI,Mutant,0.048691015997841425
TI,Mutant,3.4875442132825878e-09
