sample,group,p_value
AI,Mutant,1.1441826064848507e-15
LI,Mutant,0.048691015997838254
TI,Mutant,3.487544213267095e-09
