sample,group,p_value
11I,Mutant,0.0012239066947158518
12I,Mutant,0.02718921241086371
15I,Mutant,0.000979663237339334
7I,Mutant,0.02667431640997576
