sample,group,p_value
11G,Mutant,0.0002923161911394556
12G,Mutant,0.012289272093705502
15G,Mutant,0.012337441270819328
7G,Mutant,1.5022566609902568e-05
