sample,group,p_value
11I,Mutant,0.001223906694715989
12I,Mutant,0.027189212411059864
15I,Mutant,0.000979663237342366
7I,Mutant,0.026674316409958668
