sample,group,p_value
11G,Mutant,0.00029231619113963937
12G,Mutant,0.012289272093740127
15G,Mutant,0.012337441270840245
7G,Mutant,1.5022566610117205e-05
