sample,group,p_value
7,Mutant,0.00880107647153484
11,Mutant,0.0021376325225215586
15,Mutant,0.004169788916685445
