sample,group,p_value
A,Mutant,0.009736674601365906
G,Mutant,3.1088024485357946e-09
