sample,group,p_value
AI,Mutant,0.009736674601301187
GI,Mutant,3.1088024485215e-09
