sample,group,p_value
11I,Mutant,2.560375503099655e-05
15I,Mutant,0.005359017148928418
7I,Mutant,0.0027570756000517968
