sample,group,p_value
A,Mutant,0.005137204217032676
G,Mutant,2.2165879866685384e-09
