sample,group,p_value
AI,Mutant,0.019698881623517604
FA,Mutant,0.00043097682779103024
GI,Mutant,4.524607316523999e-09
