sample,group,p_value
AI,Mutant,0.017421032741297734
FA,Mutant,0.0004309768277821741
GI,Mutant,4.524607316516404e-09
