sample,group,p_value
G,clash,1.0067923035135863e-17
R,clash,
G,void,0.054804945913659066
R,void,
