sample,group,p_value
G,clash,3.350022426429395e-08
G,void,0.49618907210786944
