sample,group,p_value
G,clash,3.3500224264502165e-08
G,void,0.49618907210718377
