,high_count,low_count,high_frequency,low_frequency
L,448,352,0.17177914110429449,0.16236162361623616
A,436,541,0.16717791411042945,0.24953874538745388
I,376,221,0.1441717791411043,0.10193726937269372
V,321,266,0.12308282208588957,0.12269372693726938
T,299,269,0.11464723926380369,0.12407749077490775
S,273,240,0.10467791411042945,0.11070110701107011
F,258,165,0.09892638036809816,0.0761070110701107
Y,180,98,0.06901840490797546,0.045202952029520294
W,17,16,0.00651840490797546,0.007380073800738007
