,high_count,low_count,high_frequency,low_frequency
A,668,744,0.29094076655052264,0.2052980132450331
T,315,440,0.13719512195121952,0.12141280353200883
S,278,394,0.1210801393728223,0.108719646799117
L,269,394,0.1171602787456446,0.108719646799117
V,255,404,0.11106271777003485,0.11147902869757174
I,203,510,0.08841463414634146,0.14072847682119205
F,159,339,0.06925087108013937,0.0935430463576159
Y,140,376,0.06097560975609756,0.10375275938189846
W,9,23,0.0039198606271777,0.0063465783664459164
