sample,group,p_value
11A,Mutant,2.7507250208267533e-05
12A,Mutant,3.3442888172741985e-11
12L,Mutant,0.0016909602630104175
12T,Mutant,1.1715389747181667e-05
12V,Mutant,8.582106741685728e-05
8A,Mutant,9.802646762119939e-07
8T,Mutant,0.0007332050766448412
