sample,group,p_value
8,Mutant,4.71406737401173e-07
12,Mutant,8.268952295128772e-17
