sample,group,p_value
A,Mutant,2.904930134494219e-16
T,Mutant,5.633753323419805e-09
