sample,group,p_value
A,Mutant,2.9049301345213e-16
T,Mutant,5.6337533233956035e-09
