sample,group,p_value
11I,Mutant,8.339526314802913e-06
12I,Mutant,6.119694049206395e-08
7A,Mutant,0.02081583112016403
8I,Mutant,0.006146874217342158
