sample,group,p_value
11A,Mutant,5.453960361808711e-06
12A,Mutant,0.0045553819562012925
12S,Mutant,0.021107385468875386
12T,Mutant,0.002795747267240464
12V,Mutant,0.01394538531933019
12Y,Mutant,0.01448894723349543
7I,Mutant,0.018713142885627684
8A,Mutant,0.011183662346076402
