sample,group,p_value
7,Mutant,0.012487987815108322
11,Mutant,0.008736791810119712
12,Mutant,1.302363800959957e-05
