sample,group,p_value
A,Mutant,1.0742920251954496e-09
I,Mutant,0.026642298756013982
S,Mutant,0.045964192965587077
T,Mutant,0.005989424111138822
V,Mutant,0.0007624986745000162
Y,Mutant,0.004294820221517767
