sample,group,p_value
AI,Mutant,5.211338895093574e-10
IA,Mutant,0.026642298756013982
SI,Mutant,0.03878115829213763
TI,Mutant,0.014643918175982727
VI,Mutant,0.0006579153081809426
YA,Mutant,0.004294820221517817
