Sample,Sequence,Mutant,Position,Type,Mutant Type,WT_AA,mut_AA,PercentGpA,PercentStd,toxgreen_fluor,toxgreen_std,WT Fluor,Delta Fluorescence
G,LLLAFLLGILLGLLLGTLILI,LLLAALLGILLGLLLGTLILI,4,Mutant,void,F,A,1.1451418297480436,0.0905744999299904,27626.986552848022,1777.7057100172383,29766.886963490844,2139.900410642822
G,LLLAYLLGVLLGLLLAFLILI,LLLAALLGVLLGLLLAFLILI,4,Mutant,void,Y,A,1.1535003316666836,0.0780018524893958,27828.63862259818,1530.942358892641,27070.13329476872,-758.5053278294617
G,LLLYFLLGVLLGTLLGLLILI,LLLYALLGVLLGTLLGLLILI,4,Mutant,void,F,A,0.3281085552905666,0.1033894044853927,7915.744940381982,2029.2238418126733,25877.47989864072,17961.734958258738
G,LLLAYLLGVLLGLLLAFLILI,LLLAYLLGVLLGLLLIFLILI,15,Mutant,clash,A,I,0.308146929397847,0.033524919582483,7434.163047390447,657.9935966241444,27070.13329476872,19635.97024737827
G,LLLAFLLGILLGLLLGTLILI,LLLAFLLGILLILLLGTLILI,11,Mutant,clash,G,I,0.3400205571193194,0.0102131772394111,8203.126560535726,200.4540296471676,29766.886963490844,21563.76040295512
G,LLLAFLLGILLGLLLGTLILI,LLLAFLLIILLGLLLGTLILI,7,Mutant,clash,G,I,0.2781866874416763,0.0333616172468046,6711.360700866172,654.7884616774674,29766.886963490844,23055.526262624673
G,LLLAYLLGVLLGLLLAFLILI,LLLAYLLGVLLILLLAFLILI,11,Mutant,clash,G,I,0.1865364730941653,0.0493418833061106,4500.264071984715,968.4331435877472,27070.13329476872,22569.869222784004
G,LLLYFLLGVLLGTLLGLLILI,LLLYFLLGVLLITLLGLLILI,11,Mutant,clash,G,I,0.2201350901219283,0.07338513864783,5310.843614798581,1440.3301162617056,25877.47989864072,20566.636283842137
