sample,group,p_value
G,clash,2.3140822409128715e-10
L,clash,0.0004080363464679671
R,clash,1.0891855595155651e-11
G,void,0.2761847639305471
L,void,0.8337059222662715
R,void,0.7841543284140077
