sample,group,p_value
G,clash,2.5155476084154967e-13
G,void,0.45880035430794563
