sample,group,p_value
G,clash,2.515547608402805e-13
G,void,0.458800354306675
