sample,group,p_value
11G,Mutant,6.483396284150459e-05
15G,Mutant,0.01306501892688668
7A,Mutant,0.0037853612761852657
7G,Mutant,0.0004196716702843739
