sample,group,p_value
11G,Mutant,6.483396284163029e-05
15G,Mutant,0.01306501892684942
7A,Mutant,0.003785361276177686
7G,Mutant,0.00041967167028152135
