sample,group,p_value
7,Mutant,0.0042001578252937695
11,Mutant,0.013344576445498187
