sample,group,p_value
A,Mutant,0.0010692285069483708
G,Mutant,5.256977949106906e-09
