sample,group,p_value
AI,Mutant,0.0010692285069483732
GI,Mutant,2.2410139310144595e-09
