sample,group,p_value
11G,Mutant,2.9275434927358895e-16
12G,Mutant,0.00714874897819342
15G,Mutant,0.008141423725364588
7A,Mutant,0.01583309459046403
7G,Mutant,2.6676573109450635e-07
