sample,group,p_value
11I,Mutant,4.677090045010295e-19
15I,Mutant,0.002260484346184452
7I,Mutant,0.001493453085839783
