sample,group,p_value
11I,Mutant,4.2714638467552673e-19
15I,Mutant,0.0022604843461903243
7I,Mutant,0.0014934530858312376
