sample,group,p_value
7,Mutant,0.017473262027786977
11,Mutant,3.0038039009176613e-17
15,Mutant,0.0028692255243449004
