sample,group,p_value
A,Mutant,0.006848685348352026
G,Mutant,9.129917504431691e-24
