sample,group,p_value
A,Mutant,0.006092137180295831
G,Mutant,9.129917504468527e-24
