Sequence,Segments,Fluorescence,FluorStdDev,Rep1-Fluor,Rep2-Fluor,Rep3-Fluor,Sample,LB-12H_M9-36H,LB-36H_M9-36H,std,Percent Error,mean,PercentGpA_transformed,Percent GpA,std_adjusted,Type,Mutant Type,mean_transformed,percent_wt,wt_seq,position,wt_aa,mut_aa,mut_position
LLLTFLLGALLGILLSLLILI,0.0,26686.22959,2317.747727,28585.01634,27370.21037,24103.46204,G,10710300000000.0,10040500000000.0,2309.939896572831,0.0897522864960406,25736.836205,1.106561397501955,96.6588424044954,0.0993164155740545,WT,,,292.4425457710313,LLLTVLLGALLGILLSLLILI,V4F,V,F,4
LLLTFLLGLLLGVLLGSLILI,1.0,29278.59562,1107.764844,29258.71426,30396.16733,28180.90527,G,15693000000000.0,17186500000000.0,1566.4268247312812,0.0534825915739354,29288.5363,1.5742185384835323,137.50899133569854,0.0841932871418322,WT,,,172.8346068894086,LLLTLLLGLLLGVLLGSLILI,L4F,L,F,4
LLLALLLGFLLGVLLSTLILI,1.0,26522.9598,461.7078273,26063.31434,26986.70273,26518.86231,G,9166620000000.0,10998300000000.0,330.8131334951628,0.0123655598533667,26752.78252,1.240332418803141,108.34382626117912,0.0153374047627813,WT,,,129.4877912131601,LLLALLLGLLLGVLLSTLILI,L8F,L,F,8
LLLAFLLGLLLGVLLSTLILI,6.0,28232.53135,1129.715259,28673.44641,29075.30099,26948.84666,G,15377100000000.0,16324100000000.0,1503.6302766264969,0.0536779349511976,28012.073825,1.4061450030887124,122.8276610391882,0.0754789600077474,Mutant,void,,146.79823554968942,LLLALLLGLLLGVLLSTLILI,L4F,L,F,4
