sample,group,p_value
G,void,0.5706470081455554
L,void,8.290727063075011e-07
R,void,0.0013640094786343778
G,clash,1.1138332317688838e-13
L,clash,0.0005139689729754868
R,clash,1.308876882493968e-17
