Sequence,Segments,Fluorescence,FluorStdDev,Rep1-Fluor,Rep2-Fluor,Rep3-Fluor,Sample,Average Percent GpA,LB-12H_M9-24H,LB-12H_M9-36H,LB-24H_M9-24H,LB-24H_M9-36H,LB-36H_M9-24H,LB-36H_M9-36H,std,Percent Error,mean,mean_transformed,Percent GpA,std_adjusted,Type,Mutant Type,percent_wt,wt_seq,position,wt_aa,mut_aa,mut_position
LLLSYLLGVLLGTLLGFLILI,1.0,23296.610213242944,2353.955424415526,23976.542572254017,25235.761216006125,20677.526851468687,G,68.69871599210894,1268.6364083988456,2113.954860214444,1209.1252815367964,2017.6875479140128,1457.9253086959548,2420.1553077735634,3223.1584294019763,14.04019866608193,22956.644033737408,25742.941927156782,86.69961141518189,3614.360189066912,WT,,87.80422347957213,LLLSYLLGVLLGTLLGLLILI,L16F,L,F,16
