Sequence,Segments,Fluorescence,FluorStdDev,Rep1-Fluor,Rep2-Fluor,Rep3-Fluor,Sample,Average Percent GpA,LB-12H_M9-24H,LB-12H_M9-36H,LB-24H_M9-24H,LB-24H_M9-36H,LB-36H_M9-24H,LB-36H_M9-36H,std,Percent Error,mean,mean_transformed,Percent GpA,std_adjusted,Type,Mutant Type,percent_wt,wt_seq,position,wt_aa,mut_aa,mut_position
LLLAYLLGLLLGVLLGTLILI,0.0,26622.6850227904,2186.111322459042,27199.32784470646,28462.67162669608,24206.055596968647,G,125.863971481207,4075.9693343907607,6558.955858984602,4391.713903270049,7062.438758048573,4372.434684275807,7031.696322460959,3009.8820595276266,11.429484698750224,26334.363611832363,30086.976602444585,101.32987859238504,3438.786387092964,WT,,49.299947686187075,LLLALLLGLLLGVLLGTLILI,L4Y,L,Y,4
LLLLALLLFVLTYLLSLLILI,2.0,28503.580526728125,1041.585060246117,27303.321720399465,29170.294733720224,29037.12512606469,L,181.22685470857888,10.586682141844898,-9.598645313831856,-9.874667489112063,-26.32519583076716,-9.784069029315123,-26.25113425898025,1041.5850602461182,3.654225332390829,28503.580526728125,21031.641198333185,71.52158635674762,768.5435604870373,WT,,82.60490470110334,LLLLALLLFVLTWLLSLLILI,W12Y,W,Y,12
LLLAALLLLLVTLLYSLLILI,9.0,28464.499943966643,839.7083391761205,27591.94410324016,29266.96746480004,28534.58826385974,L,176.84009309040528,44.22532330562577,24.79633968920692,-23.690853365854043,-33.9706650227567,21.883787994227824,5.464493062028147,839.7083391761203,2.95001964140988,28464.499943966646,20955.72678009977,71.26342677860524,618.1980560131334,Mutant,void,84.37350031068394,LLLAALLLLLVTLLFSLLILI,F14Y,F,Y,14
