Sequence,Segments,Fluorescence,FluorStdDev,Rep1-Fluor,Rep2-Fluor,Rep3-Fluor,Sample,Average Percent GpA,LB-12H_M9-24H,LB-12H_M9-36H,LB-24H_M9-24H,LB-24H_M9-36H,LB-36H_M9-24H,LB-36H_M9-36H,std,Percent Error,mean,mean_transformed,Percent GpA,std_adjusted,Type,Mutant Type,percent_wt,wt_seq,position,wt_aa,mut_aa,mut_position
LLLAYLLGLLLGVLLGTLILI,0.0,26622.6850227904,2186.111322459042,27199.32784470646,28462.67162669608,24206.055596968647,G,125.863971481207,4075.9693343907607,6558.955858984602,4391.713903270049,7062.438758048573,4372.434684275807,7031.696322460959,3009.8820595276266,11.429484698750224,26334.363611832363,30086.976602444585,101.32987859238504,3438.786387092964,WT,,49.299947686187075,LLLALLLGLLLGVLLGTLILI,L4Y,L,Y,4
