sample,group,p_value
11I,Mutant,2.539720967036715e-05
12A,Mutant,0.018613138486565043
12I,Mutant,1.9116048634886307e-19
4A,Mutant,0.015666384743874672
4I,Mutant,0.007710369506062303
8I,Mutant,6.173850188778896e-06
