sample,group,p_value
8,Mutant,0.0025653193472044912
12,Mutant,1.2042047317572008e-13
