sample,group,p_value
A,Mutant,4.4788951329521344e-13
T,Mutant,3.553235114965069e-08
V,Mutant,0.008073425879713308
Y,Mutant,0.003542509179710663
