sample,group,p_value
AI,Mutant,2.1473486571526928e-13
LI,Mutant,0.04312146805768766
TI,Mutant,3.263996581964855e-08
VI,Mutant,0.005537828735853041
YA,Mutant,0.0035731012205667007
