sample,group,p_value
11A,Mutant,0.007809652639702431
12A,Mutant,4.699193473061205e-10
12T,Mutant,0.0045677835102734
12V,Mutant,0.03772347027871728
3Y,Mutant,0.02724332237739253
4A,Mutant,0.01846868168525237
8A,Mutant,0.0001924569583788578
8S,Mutant,0.0408897191109116
8T,Mutant,0.002311980216796191
