sample,group,p_value
11I,Mutant,0.02027549580226534
12I,Mutant,3.1404258107237434e-13
4I,Mutant,0.0018740435246919244
8I,Mutant,2.6932044130004883e-05
