sample,group,p_value
8,Mutant,0.00040517789359986094
12,Mutant,1.1953333327482509e-07
