sample,group,p_value
A,Mutant,3.3862416019871415e-15
S,Mutant,0.017454110455451033
T,Mutant,2.2548536584913406e-06
V,Mutant,0.045388603188371554
