sample,group,p_value
A,Mutant,3.3862416019603364e-15
S,Mutant,0.017454110455452938
T,Mutant,2.254853658491897e-06
V,Mutant,0.04538860318819098
