sample,group,p_value
AI,Mutant,3.386241601987215e-15
SI,Mutant,0.01745411045545088
TI,Mutant,1.100872360825741e-06
VI,Mutant,0.04538860318837165
