sample,group,p_value
AI,Mutant,3.386241601960361e-15
SI,Mutant,0.01745411045545299
TI,Mutant,1.1008723608255713e-06
VI,Mutant,0.04538860318819098
