sample,group,p_value
G,void,0.08110001959838475
L,void,0.0030654819456287083
R,void,0.05248341416044964
G,clash,1.0305111105480163e-23
L,clash,0.0014676005362565352
R,clash,3.863005395616253e-17
