sample,group,p_value
11I,Mutant,0.00017417709816056873
12I,Mutant,8.464535738152309e-14
4I,Mutant,0.0005374897578363502
8I,Mutant,3.4426158610459877e-06
