sample,group,p_value
A,Mutant,4.363652459005544e-15
T,Mutant,2.5502025506410556e-07
V,Mutant,0.0009285257287592215
