Amino Acid,Count,Percentage
V,250,9.980039920159681
W,14,0.5588822355289421
T,326,13.013972055888223
A,431,17.20558882235529
L,581,23.193612774451097
I,164,6.54690618762475
S,274,10.93812375249501
Y,221,8.822355289421157
F,244,9.740518962075848
