sample,group,p_value
11G,Mutant,1.8176018000498222e-12
12G,Mutant,0.008413515269913345
15G,Mutant,0.007381468101794065
7G,Mutant,9.174179678794198e-06
