sample,group,p_value
G,clash,2.685044427637992e-06
L,clash,0.02812671283600284
R,clash,3.0674166668017996e-12
G,void,0.8531139778278034
L,void,0.011494237603386734
R,void,0.011295663147504546
