sample,group,p_value
G,clash,2.6850444276365165e-06
L,clash,0.028126712836180703
R,clash,3.0674166667891637e-12
G,void,0.8531139778285309
L,void,0.011494237603381982
R,void,0.01129566314752902
