sample,group,p_value
AI,Mutant,0.00031622366312979595
FI,Mutant,0.029186832610878347
