sample,group,p_value
A,Mutant,0.045936848010149176
I,Mutant,7.123200530385878e-19
