sample,group,p_value
11I,Mutant,2.6775977104995103e-15
12I,Mutant,0.026013243663303303
15I,Mutant,0.0010282790502362928
7I,Mutant,0.0012361574572582943
