sample,group,p_value
11I,Mutant,2.4730511325760273e-15
12I,Mutant,0.026013243663490473
15I,Mutant,0.001028279050232668
7I,Mutant,0.0012361574572523945
