sample,group,p_value
7,Mutant,0.01596776497599066
11,Mutant,2.5856241166608633e-14
15,Mutant,0.005844307428814123
