sample,group,p_value
A,Mutant,0.0012323998460635486
G,Mutant,6.980821511580078e-20
