sample,group,p_value
A,Mutant,0.0014211821413350467
G,Mutant,6.980821511572175e-20
