sample,group,p_value
AI,Mutant,0.000883923688208606
GI,Mutant,1.755361523487273e-17
