sample,group,p_value
A,Mutant,0.004103407993750752
G,Mutant,5.944843454950258e-20
