sample,group,p_value
G,clash,5.311719415033092e-18
G,void,0.19323453619577233
