sample,group,p_value
G,clash,5.311719414928133e-18
G,void,0.19323453619397377
