Sequence	Interface	InterfaceSequence	Baseline	Dimer	Dimerw/Baseline	HBONDDimer	HBONDMonomer	IMM1Dimer	IMM1Monomer	Monomer	MonomerSasa	SequenceProbability	Total	VDWDimer	VDWMonomer	acceptCycleNumber	axialRotation	bestEnergyTotal	crossingAngle	currEnergyTotal	currEntropy	endAxialRotation	endCrossingAngle	endXShift	endZShift	energyComparison	entropyDiff	geometryNumber	prevEntropy	startEnergy	xShift	zShift	
LLLYYLLGTLLGTLLATLILI	133002300200020003012	L--YY--GT-LGT-LAT-IL-	347.769	-357.817	-10.0476	-100.241	-86.3847	-223.699	-275.945	-352.059	4561.94	2.75307e-06	-8.16536	-33.8761	10.2702	109	-98.01	-7.70432	-38.31	-9.983	0.064646	-97.8711	-38.2942	8.11376	0.368195	2.27867	1.27841	0	1.34306	-5.75751	8.14	0.35	
LLLYYLLGTLLGTLLGYLILI	133002300200020003012	L--YY--GT-LGT-LGY-IL-	330.77	-341.116	-10.3466	-86.4318	-72.5716	-226.333	-278.411	-333.217	4610.44	4.04978e-07	-10.3159	-28.3516	17.7659	113	-97.8711	-9.38874	-38.2942	-9.59219	0.754431	-97.7285	-38.3373	8.09775	0.37086	0.20345	-0.560281	1	0.19415	-7.89919	8.11376	0.368195	
LLLYYLLTTLLGTLLGYLILI	133002300200020003012	L--YY--TT-LGT-LGY-IL-	335.545	-351.062	-15.5177	-93.3402	-86.2911	-228.304	-282.817	-348.468	4638.44	3.14453e-07	1082.61	-29.4181	20.6402	108	-97.7285	-12.5747	-38.3373	-15.1043	0.413356	-98.2875	-38.8836	8.07715	0.0262915	2.52961	-0.0060102	2	0.407346	-2.59419	8.09775	0.37086	
