sample,group,p_value
11A,Mutant,0.0016669679028770673
12A,Mutant,0.00012594407186560492
12S,Mutant,0.029165348525656387
12T,Mutant,0.004653460910349001
12V,Mutant,0.010130786548417928
3Y,Mutant,0.003635762630025038
7T,Mutant,0.02122629960169025
8A,Mutant,2.138672238896717e-05
8T,Mutant,0.042796646368937236
