sample,group,p_value
11I,Mutant,0.0002305716281898079
12I,Mutant,1.011726724505908e-07
3A,Mutant,0.03965654299901959
8I,Mutant,1.2828751814788779e-07
