sample,group,p_value
3,Mutant,0.026873831156708796
8,Mutant,0.00034918669944245667
12,Mutant,7.654324400023018e-06
