sample,group,p_value
A,Mutant,1.476306850232467e-10
F,Mutant,0.029536197494484034
T,Mutant,2.9835190193770348e-05
V,Mutant,0.04229233022644379
