sample,group,p_value
AI,Mutant,7.055130073136923e-11
TI,Mutant,5.848769835217562e-05
