sample,group,p_value
A,Mutant,0.004661877143497666
F,Mutant,0.03772593873069064
