sample,group,p_value
AI,Mutant,0.009062895964543885
FA,Mutant,0.027221640197450794
