sample,group,p_value
11G,Mutant,1.677718162807296e-16
12G,Mutant,0.04794114905969272
15A,Mutant,0.009464234908076042
15G,Mutant,0.03586678072702175
7A,Mutant,0.01583309459046403
7G,Mutant,2.0206458791634382e-05
