sample,group,p_value
7,Mutant,0.002246662511114218
11,Mutant,1.2874225720760283e-15
