sample,group,p_value
G,void,0.2069622285898712
L,void,0.6444749955252724
R,void,0.07537945889627018
G,clash,1.7039244748726783e-14
L,clash,0.011973595486733872
R,clash,0.009580943845050118
