sample,group,p_value
G,void,0.20696222859011265
L,void,0.6444749955231854
R,void,0.0753794588961386
G,clash,1.7039244748851082e-14
L,clash,0.01197359548663617
R,clash,0.009580943845037892
