sample,group,p_value
12A,Mutant,0.030010924145546142
7I,Mutant,0.0018189583022800633
