sample,group,p_value
12S,Mutant,0.008182802438216298
5A,Mutant,0.017226969989553618
