sample,group,p_value
5,Mutant,0.04308057062239071
7,Mutant,0.003430223716074122
