sample,group,p_value
AI,Mutant,0.03755165192281408
TI,Mutant,0.022024582334056814
