sample,group,p_value
G,clash,4.753065078848497e-20
G,void,0.11830581016723399
