sample,group,p_value
11I,Mutant,0.030295108762554715
12I,Mutant,1.0249052077822262e-08
3A,Mutant,0.005303797686097806
8I,Mutant,2.7517415085948977e-08
