Sequence	Interface	InterfaceSequence	Baseline	Dimer	Dimerw/Baseline	HBONDDimer	HBONDMonomer	IMM1Dimer	IMM1Monomer	Monomer	MonomerSasa	SequenceProbability	Total	VDWDimer	VDWMonomer	acceptCycleNumber	axialRotation	bestEnergyTotal	crossingAngle	currEnergyTotal	currEntropy	endAxialRotation	endCrossingAngle	endXShift	endZShift	energyComparison	entropyDiff	geometryNumber	prevEntropy	startEnergy	xShift	zShift	
LLLYYLLTTLLGALLGALILI	133002200220031003201	L--YY--TT--GA-LGA--LI	342.942	-348.035	-5.09272	-86.8191	-72.4026	-223.983	-272.686	-340.811	4560.4	7.80132e-06	-12.529	-37.2327	4.27715	127	-35.4642	-4.691	-43.504	-4.89511	0.197612	-36.1032	-43.4117	6.80691	0.23503	0.204113	0.54799	1	0.745602	-7.22368	6.77381	0.145794	
LLLYYLLTTLLGALLGGLILI	133002200220031003201	L--YY--TT--GA-LGG--LI	338.867	-347.244	-8.3767	-86.8639	-72.3898	-223.204	-271.481	-336.419	4543.65	3.09143e-06	-13.6602	-37.1759	7.45243	124	-36.1032	-7.31148	-43.4117	-7.30205	1.07465	-36.105	-43.4896	6.79608	0.263447	-0.00943322	-0.969464	2	0.105187	-10.8255	6.80691	0.23503	
