Sequence,Type,Clash Mutant,Mutant Type,Geometry,Interface,Seed,HBONDDimerOptimize,HBONDDimerPreOptimize,HBONDMonomer,IMM1DimerOptimize,IMM1DimerPreOptimize,IMM1Monomer,Monomer,MonomerSasa,OptimizeSasa,PreBBOptimizeSasa,Total,TotalPreOptimize,VDWDimerOptimize,VDWDimerPreOptimize,VDWMonomer,endAxialRotation,endAxialRotationPrime,endCrossingAngle,endXShift,endZShift,endZShiftPrime,firstRepackEnergy,preOptimizeAxialRotation,preOptimizeAxialRotationPrime,preOptimizeCrossingAngle,preOptimizeEnergy,preOptimizeXShift,preOptimizeZShift,preOptimizeZShiftPrime,replicateNumber,Directory,PercentGpA,PercentStd,Sample,toxgreen_fluor,toxgreen_std,Segments,LB-0H_M9-30H,LB-0H_M9-36H,LB-12H_M9-30H,LB-12H_M9-36H,LB-36H_M9-30H,LB-36H_M9-36H,VDWDiff,HBONDDiff,IMM1Diff,interfaceSasa,vdwPerSasa,hbondPerSasa,imm1PerSasa,totalPerSasa
TALLFLLLGVLLASL,WT,LLLTALLFLLLIVLLASLILI,clash,LLLTALLFLLLGVLLASLILI_2,110011001100110000,1,-60.3462,-60.3462,-60.3462,-227.776,-226.56,-240.448,-355.85,4565.71,3649.38,3532.84,-16.1501,813.015,-83.8775,744.071,-55.0555,-66.3945,66.0403,-44.8469,8.15907,5.37461,4.86522,790.193,-60.5958,60.1642,-40.2827,442.07,7.5,3.71154,3.114,2,LLLTALLFLLLGVLLASLILI,0.8197424357000297,0.1079198890631077,G,19750.964592706445,2118.143662551448,1,-92.07085335792048,-92.64904292785975,-91.87641027865332,-92.46877854466844,-93.80202080003151,-94.25397447044344,-28.821999999999996,0.0,12.671999999999997,916.3299999999999,-0.03145373391682036,0.0,0.013829079043576002,-0.01762476400423428
TVLLALLLGFLLGSL,WT,LLLTVLLALLLGFLLISLILI,clash,LLLTVLLALLLGFLLGSLILI_2,110011001100110000,1,-60.3442,-60.3442,-60.3442,-229.305,-220.036,-238.886,-354.868,4500.03,4001.16,3568.39,-9.60802,273882.0,-74.8271,273807.0,-55.6382,-57.7114,66.0761,-46.594,9.86837,4.07698,3.56812,148316.0,-52.4326,53.6154,-37.48,273400.0,7.3254,1.60297,0.907201,2,LLLTVLLALLLGFLLGSLILI,0.7769629407095923,0.069986458157335,G,18720.230725533205,1373.6242141732926,1,-90.01055203010327,-91.93577656837844,-89.06290383213047,-91.17076464519155,-88.79455198009252,-90.954131123535,-19.188900000000004,0.0,9.580999999999989,498.8699999999999,-0.038464730290456446,0.0,0.019205404213522542,-0.019259566620562475
