sample,group,p_value
A,Mutant,4.1429111767149496e-15
S,Mutant,0.044966155497830076
T,Mutant,9.049160428196e-09
V,Mutant,0.006367433928700125
