sample,group,p_value
11I,Mutant,3.725134588079462e-05
12I,Mutant,4.155555371939464e-17
4I,Mutant,0.01154388055950846
8I,Mutant,1.137356637851305e-05
