sample,group,p_value
11A,Mutant,6.65171047617861e-05
11T,Mutant,0.027065887466987553
12A,Mutant,4.8235552238290686e-11
12S,Mutant,0.0038415112627275287
12T,Mutant,0.0003396095574105755
12V,Mutant,2.0648907451213757e-05
4A,Mutant,0.03927589175731619
8A,Mutant,0.001026259397622625
8S,Mutant,0.04649874556383728
8T,Mutant,0.01013533925042415
