sample,group,p_value
A,Mutant,2.066041683055578e-11
S,Mutant,0.009309651161200767
T,Mutant,8.656561678612704e-07
