sample,group,p_value
11I,Mutant,0.005692095486635363
12I,Mutant,1.0733438904889144e-08
