sample,group,p_value
11A,Mutant,0.004888382769989049
12A,Mutant,0.004498203932697189
12S,Mutant,0.009433491187632207
12T,Mutant,0.004115979611630029
12V,Mutant,5.508643970310189e-05
16F,Mutant,0.04217572142108138
