sample,group,p_value
11I,Mutant,0.005692095486646131
12I,Mutant,1.0733438904951761e-08
