sample,group,p_value
11A,Mutant,0.004888382769991384
12A,Mutant,0.004498203932703612
12S,Mutant,0.009433491187626373
12T,Mutant,0.00411597961164461
12V,Mutant,5.508643970338754e-05
16F,Mutant,0.042175721421246044
