sample,group,p_value
A,Mutant,7.464874350941332e-06
F,Mutant,0.011537399634535192
S,Mutant,0.034125200200562686
T,Mutant,0.002289431678761268
V,Mutant,0.0003158772998305091
