sample,group,p_value
A,Mutant,7.464874350974427e-06
F,Mutant,0.011537399634562866
S,Mutant,0.034125200200469864
T,Mutant,0.0022894316787609907
V,Mutant,0.00031587729983140314
