sample,group,p_value
AI,Mutant,1.1100195671432706e-05
FA,Mutant,0.0032943718524991207
SI,Mutant,0.03412520020046979
TI,Mutant,0.0013882950779839935
VI,Mutant,0.0006496752193528903
