sample,group,p_value
AI,Mutant,1.1100195671385567e-05
FA,Mutant,0.003294371852486268
SI,Mutant,0.034125200200562686
TI,Mutant,0.001388295077983374
VI,Mutant,0.0006496752193509942
