sample,group,p_value
11I,Mutant,9.106658203386446e-27
7I,Mutant,2.1409024191712694e-05
