sample,group,p_value
11I,Mutant,8.970489644511452e-06
12I,Mutant,0.015420812856948804
15I,Mutant,0.012951603922564205
7I,Mutant,0.025747789119158194
