sample,group,p_value
11I,Mutant,8.970489644493775e-06
12I,Mutant,0.015420812857058114
15I,Mutant,0.012951603922623678
7I,Mutant,0.02574778911914203
