sample,group,p_value
11A,Mutant,0.025467022176274383
11F,Mutant,0.04995969272142391
11Y,Mutant,0.00010842011886882821
12A,Mutant,0.0003254339281394887
4A,Mutant,0.003343405900785235
5A,Mutant,0.04194139898018131
8A,Mutant,0.0075123169716078304
8L,Mutant,0.014171123906754056
8S,Mutant,0.039169980177867915
