sample,group,p_value
11A,Mutant,0.02546702217662328
11F,Mutant,0.049959692721359014
11Y,Mutant,0.00010842011886660465
12A,Mutant,0.00032543392814178465
4A,Mutant,0.0033434059007973103
5A,Mutant,0.04194139898005939
8A,Mutant,0.007512316971486601
8L,Mutant,0.014171123906853088
8S,Mutant,0.039169980178288405
