sample,group,p_value
7,Mutant,0.005979157754628028
11,Mutant,9.265726423459538e-12
15,Mutant,0.01581513120876496
