sample,group,p_value
G,void,0.7935531578046617
L,void,0.31193105120600817
R,void,0.0858381274593401
G,clash,3.2073938240183584e-08
L,clash,8.908659873588228e-05
R,clash,1.6424759438043345e-15
