sample,group,p_value
4A,Mutant,0.02502910162022857
8A,Mutant,0.03559627028210573
