sample,group,p_value
4A,Mutant,0.025029101620352184
8A,Mutant,0.035596270282530214
