sample,group,p_value
11I,Mutant,6.218414466254775e-06
15I,Mutant,0.003038613498381188
7I,Mutant,0.003604653770348562
