sample,group,p_value
11G,Mutant,0.00029236343469684305
15G,Mutant,0.011119371825779639
7G,Mutant,1.3620835851595887e-05
