sample,group,p_value
11I,Mutant,3.993248016809981e-12
12I,Mutant,0.014478909206710185
15I,Mutant,0.005087025526210924
7I,Mutant,0.006038406961696626
