sample,group,p_value
7,Mutant,0.0033823317633189212
11,Mutant,1.4446512409105737e-12
15,Mutant,0.02733560932546817
