sample,group,p_value
11G,Mutant,0.0002471357382097986
15G,Mutant,0.011479269212929683
7G,Mutant,3.6140857827616323e-06
