sample,group,p_value
A,Mutant,0.00011243182052277015
G,Mutant,3.63240662157515e-08
