sample,group,p_value
11G,Mutant,3.392354626976763e-09
7G,Mutant,2.5593499457007928e-05
