sample,group,p_value
11I,Mutant,1.8854713087070104e-08
7I,Mutant,2.5593499457007928e-05
