sample,group,p_value
7,Mutant,0.01123097452598884
11,Mutant,1.776814010956697e-06
