,>= 0.5_freq,>= 0.5_count,< 0.5_freq,< 0.5_count
A,0.2395104895104895,274,0.20235849056603775,858
L,0.16346153846153846,187,0.16768867924528302,711
T,0.12325174825174826,141,0.11933962264150944,506
V,0.12062937062937062,138,0.12240566037735849,519
S,0.09965034965034965,114,0.10754716981132076,456
I,0.09527972027972027,109,0.1268867924528302,538
F,0.07692307692307693,88,0.09316037735849056,395
Y,0.06031468531468531,69,0.05400943396226415,229
W,0.02097902097902098,24,0.006603773584905661,28
