,< 0.5_freq,< 0.5_count,>= 0.5_freq,>= 0.5_count
A,0.23832417582417584,1388,0.3003731343283582,161
T,0.12688873626373626,739,0.12313432835820895,66
I,0.12208104395604395,711,0.0914179104477612,49
L,0.11332417582417582,660,0.12126865671641791,65
S,0.11195054945054946,652,0.11940298507462686,64
V,0.11160714285714286,650,0.11380597014925373,61
F,0.08550824175824176,498,0.05223880597014925,28
Y,0.08464972527472528,493,0.06716417910447761,36
W,0.005666208791208791,33,0.011194029850746268,6
