sample,group,p_value
G,clash,5.5036210479425475e-14
G,void,0.40996646851316887
