sample,group,p_value
11,Mutant,0.007077334375807577
12,Mutant,1.679898977199121e-06
