sample,group,p_value
11,Mutant,0.007077334375816076
12,Mutant,1.6798989771900365e-06
