sample,group,p_value
11I,Mutant,2.4238287513319902e-05
12A,Mutant,0.0009111892984110535
12I,Mutant,1.554718603680934e-17
4I,Mutant,0.000180333094804046
8I,Mutant,1.2952278541454404e-07
