sample,group,p_value
11A,Mutant,0.00023986197973728358
12A,Mutant,1.0465161674636034e-09
12L,Mutant,0.004281502242124917
12S,Mutant,0.013135198569542794
12T,Mutant,0.001229341838949206
12V,Mutant,0.0007778614255615973
16L,Mutant,0.03375821779841759
4A,Mutant,0.0022239348716819084
8A,Mutant,6.049619625107212e-05
8S,Mutant,0.0408897191109115
8T,Mutant,0.0015238766501129302
