sample,group,p_value
11A,Mutant,0.0002738221964028206
12A,Mutant,4.1965689161234244e-10
12F,Mutant,0.006723231800143285
12L,Mutant,0.007863129284243726
12S,Mutant,0.013135198569542714
12T,Mutant,0.0012293418389492038
12V,Mutant,0.0007778614255615951
4A,Mutant,0.0022239348716819236
8A,Mutant,0.0002808688417985705
8S,Mutant,0.0408897191109115
8T,Mutant,0.00017201132919961596
