sample,group,p_value
11I,Mutant,2.4238287513336965e-05
12A,Mutant,0.0009111892984133987
12I,Mutant,1.5547186036789262e-17
4I,Mutant,0.00018033309480441207
8I,Mutant,1.2952278541397216e-07
