sample,group,p_value
8,Mutant,0.00024630160349856204
12,Mutant,1.052034377727232e-10
