sample,group,p_value
A,Mutant,1.1761224173676901e-17
S,Mutant,0.0032553931479010613
T,Mutant,1.0148390069634563e-08
V,Mutant,0.00028050822073277966
Y,Mutant,0.022209357077289174
