sample,group,p_value
A,Mutant,1.1761224173669447e-17
S,Mutant,0.0032553931478999276
T,Mutant,1.0148390069639726e-08
V,Mutant,0.00028050822073110213
Y,Mutant,0.022209357077329878
