sample,group,p_value
A,Mutant,3.4529201528668954e-17
S,Mutant,0.0020801375258915167
T,Mutant,2.049504979361065e-07
V,Mutant,0.0003012671194988397
Y,Mutant,0.0021515287070361416
