sample,group,p_value
12A,Mutant,4.50062980548236e-05
12S,Mutant,0.00857072534518261
4A,Mutant,0.007773746096581031
8A,Mutant,0.0008587925949281848
