sample,group,p_value
12I,Mutant,5.261903788993892e-08
4I,Mutant,0.000831186339913074
8I,Mutant,0.013743453525705999
