sample,group,p_value
12I,Mutant,5.2619037890098516e-08
4I,Mutant,0.0008311863399126434
8I,Mutant,0.013743453525807496
