sample,group,p_value
A,Mutant,9.765078966154534e-09
T,Mutant,0.005050257597642945
