sample,group,p_value
AI,Mutant,9.06286350556295e-09
TI,Mutant,0.005050257597642971
