Sequence	Interface	InterfaceSequence	Baseline	Dimer	Dimerw/Baseline	HBONDDimer	HBONDMonomer	IMM1Dimer	IMM1Monomer	Monomer	MonomerSasa	SequenceProbability	Total	VDWDimer	VDWMonomer	acceptCycleNumber	axialRotation	bestEnergyTotal	crossingAngle	currEnergyTotal	currEntropy	endAxialRotation	endCrossingAngle	endXShift	endZShift	energyComparison	entropyDiff	geometryNumber	prevEntropy	startEnergy	xShift	zShift	
LLLGGLLYSLLGTLLTTLILI	133001300220022003211	L--GGL-YS--GT--TT--LI	365.472	-353.959	11.5132	-91.1661	-101.772	-222.41	-268.606	-369.413	4456.26	1.41711e-06	4.44268	-40.3835	0.96399	139	-61.0619	12.0069	-42.0084	11.8821	0.368877	-61.8877	-41.6899	7.28865	5.22662	0.124815	0.0860566	2	0.454934	15.4542	7.28181	5.46256	
LLLTALLFALLGTLLSYLILI	133001300220022003211	L--TAL-FA--GT--SY--LI	358.327	-316.733	41.5937	-73.8138	-74.1344	-224.066	-272.516	-351.804	4523.73	5.35996e-05	18.2415	-18.8537	-5.15377	119	-60.33	42.2955	-42.54	41.8379	0.244161	-60.6165	-42.0037	7.26002	5.74271	0.457651	0.398052	0	0.642213	35.071	7.25	5.9	
LLLYGLLYSLLGTLLTTLILI	133001300220022003211	L--YGL-YS--GT--TT--LI	362.86	-337.611	25.2498	-91.1661	-101.772	-227.126	-278.777	-369.006	4562.64	1.22538e-06	14.5331	-19.3187	11.5425	122	-60.6165	25.9843	-42.0037	25.7047	0.454934	-61.0619	-42.0084	7.28181	5.46256	0.279568	-0.0860566	1	0.368877	31.3953	7.26002	5.74271	
