sample,group,p_value
A,Mutant,0.026226444449776936
I,Mutant,2.4958219166686943e-18
