sample,group,p_value
11A,Mutant,1.7611579484149964e-05
12A,Mutant,7.232507324940224e-05
12L,Mutant,0.006548269742624234
12S,Mutant,0.005334972456161649
12T,Mutant,0.0004185754465252328
12V,Mutant,0.006017375563764076
3Y,Mutant,0.0014783097803185003
4A,Mutant,0.03953198376428926
7V,Mutant,0.01704822997367412
8A,Mutant,0.00021621786129238878
