sample,group,p_value
11I,Mutant,0.00011918624774961957
12I,Mutant,9.664615418461045e-13
3A,Mutant,0.01900770211313857
4A,Mutant,0.027096475176214215
4I,Mutant,0.002018773838734304
8I,Mutant,0.0002597056193142036
