sample,group,p_value
3,Mutant,0.020947296074439136
8,Mutant,0.01336982915735205
12,Mutant,1.0523242617193608e-06
