sample,group,p_value
A,Mutant,1.7510985709864489e-12
T,Mutant,9.568467486990311e-05
V,Mutant,0.003086875942108924
Y,Mutant,0.019472543102197384
