sample,group,p_value
AI,Mutant,5.91854573039478e-12
TI,Mutant,8.844045004423895e-05
VI,Mutant,0.0012954828762014891
YA,Mutant,0.019472543102197384
