sample,group,p_value
G,void,0.35982943410648915
L,void,0.008214210920363547
R,void,0.34149625674232365
G,clash,3.8802937532878325e-16
L,clash,0.013766101459364999
R,clash,1.6702762044425468e-14
