sample,group,p_value
G,void,0.3598294341053888
L,void,0.00821421092036815
R,void,0.3414962567416082
G,clash,3.8802937532811464e-16
L,clash,0.013766101459268036
R,clash,1.670276204444266e-14
