Sequence,Flow Mean Total,Flow Mean,Mean Std,Percent GpA,Sd,Design,Rep1-Fluor,Rep2-Fluor,Rep3-Fluor,Sample
LLLLWALLFVLATLLSLL,32897.33333,8396.33333,786.0084817,0.313729153,0.007495859,GJL,28041.75024769657,28930.353319359376,27671.98522047307,L
LLLLFILLAVLLTLLLSL,30780.33333,6279.33333,319.8692441,0.234627408,0.002438248,GJL,34303.142426885366,26087.0,30422.22649045997,L
LLLFSLLLLLVALLLTLL,37505.33333,13004.33333,1197.895794,0.48590716,0.015519557,GJL,32966.302040629365,30977.155545109592,30339.21563045702,L
LIIFGVMAGVIGT,51264.0,26763.0,4713.50008,1.0,0.091945616,,29646.249673871287,34024.24835066188,34773.55801149091,L
LIIFGVMAIVIGT,31076.0,6575.0,1675.048358,0.262260516,0.032848804,,24891.356382756003,29816.862386328223,29506.02825262737,L
IIVAMTAVGGSICVMLVVICLL,36197.0,11696.0,679.8610152,0.532044962,0.072694619,,28239.44013768497,30583.380834000567,30201.55834656471,L
GIYFVLGVCFGLLLTLCLLVIL,55313.0,30812.0,2991.170172,1.050543816,0.014618961,,31498.228759282545,34759.31042757261,32952.02961705512,L
VVIIAIVCCVVGTSLVWVVIIL,11171.6666666667,,1334.61579989648,0.561183483473427,0.0747741799549446,,28866.965208522663,31648.53160942742,30468.434773438923,L
CAVVVGVGLIVGFAVGLL,5871.33333333333,,1679.63200334676,0.294933190449081,0.086148831231335,,27517.52588705186,28015.01962204459,29114.36157550693,L
