sample,group,p_value
7,Mutant,0.02563317076032376
11,Mutant,0.0008071773145645398
