Sequence	Interface	InterfaceSequence	Baseline	Dimer	Dimerw/Baseline	HBONDDimer	HBONDMonomer	IMM1Dimer	IMM1Monomer	Monomer	MonomerSasa	SequenceProbability	Total	VDWDimer	VDWMonomer	acceptCycleNumber	axialRotation	bestEnergyTotal	crossingAngle	currEnergyTotal	currEntropy	endAxialRotation	endCrossingAngle	endXShift	endZShift	energyComparison	entropyDiff	geometryNumber	prevEntropy	startEnergy	xShift	zShift	
LLLYGLLTYLLGTLLATLILI	033002300220021003211	L--YG--TY--GT-LAT--LI	356.168	-366.59	-10.4219	-100.509	-86.3832	-224.732	-276.869	-352.979	4613.73	2.40041e-06	-3.8608	-41.349	10.2737	121	-79.2994	-8.63685	-38.9752	-9.46913	0.952787	-79.0886	-39.1511	8.58272	3.89723	0.832276	-0.820686	2	0.132101	-13.6109	8.55322	3.87008	
LLLYGLLTYLLGTLLTTLILI	033002300220021003211	L--YG--TY--GT-LTT--LI	356.7	-370.708	-14.0077	-106.803	-100.171	-225.214	-280.09	-363.963	4629.99	2.7697e-07	1433.15	-38.6911	16.2988	134	-79.108	-12.5726	-38.5359	-13.0549	0.952787	-79.2994	-38.9752	8.55322	3.87008	0.482309	-0.820686	1	0.132101	-6.74528	8.53673	3.77633	
LLLYYLLTYLLGTLLGTLILI	033002300220021003211	L--YY--TY--GT-LGT--LI	352.693	-361.031	-8.33792	-98.1745	-86.2911	-232.239	-282.863	-348.997	4622.53	2.74172e-07	-3.69805	-30.6175	20.1576	133	-79.12	-7.70416	-39.09	-7.74236	0.595564	-79.108	-38.5359	8.53673	3.77633	0.0382003	-0.326092	0	0.269472	-12.0338	8.6	3.64	
