sample,group,p_value
11I,Mutant,1.1238716299659549e-20
15I,Mutant,0.00011098390498190176
7I,Mutant,1.5366632722990789e-09
