sample,group,p_value
11G,Mutant,1.6453557559221062e-21
12G,Mutant,0.0014977398779381552
15G,Mutant,0.0007996864417155272
7G,Mutant,2.542814602097293e-17
