sample,group,p_value
7,Mutant,7.671607820516376e-07
11,Mutant,2.3037743303620245e-21
15,Mutant,0.0007767868236318133
