sample,group,p_value
A,Mutant,0.04165304657623835
G,Mutant,5.15015858862873e-35
