sample,group,p_value
AI,Mutant,0.04165304657623831
GI,Mutant,9.05160745544461e-34
