sample,group,p_value
A,Mutant,0.00439908637261285
T,Mutant,0.031055860733007288
