sample,group,p_value
AI,Mutant,0.00439908637261285
TI,Mutant,0.031055860733007288
