Sequence,Segments,Fluorescence,FluorStdDev,Rep1-Fluor,Rep2-Fluor,Rep3-Fluor,Sample,Average Percent GpA,LB-12H_M9-24H,LB-12H_M9-36H,LB-24H_M9-24H,LB-24H_M9-36H,LB-36H_M9-24H,LB-36H_M9-36H,std,Percent Error,mean,mean_transformed,Percent GpA,std_adjusted,Type,Mutant Type,percent_wt,wt_seq,position,wt_aa,mut_aa,mut_position
LLLTFLLGLLLGVLLGSLILI,1.0,29278.595617808183,1107.764843545903,29258.714259520297,30396.1673263526,28180.90526755165,G,181.03378512139705,15693014341577.057,15693014341577.057,13708678454209.94,13708678454209.94,17186469419688.406,17186469419688.406,1566.4268238834231,5.348259155055255,29288.536296952123,41662.99539600989,138.0810943321042,2228.244965537348,WT,,174.23639143274826,LLLTLLLGLLLGVLLGSLILI,L4F,L,F,4
LLLALLLGFLLGVLLSTLILI,1.0,26522.95979539521,461.7078273089715,26063.314344865063,26986.702726400563,26518.86231492003,G,144.0741403716593,9166618043476.477,9166618043476.477,8859070278919.398,8859070278919.398,10998261923083.416,10998261923083.416,330.8131274709906,1.236555962788224,26752.782520660294,32728.8144651177,108.47108986236418,404.7101068183077,WT,,130.02692979100297,LLLALLLGLLLGVLLSTLILI,L8F,L,F,8
LLLAFLLGLLLGVLLSTLILI,6.0,28232.531351676687,1129.715258883155,28673.446407212625,29075.30098755003,26948.846660267413,G,162.2910328707375,15377132337831.918,15377132337831.918,13877971523246.49,13877971523246.49,16324085706176.703,16324085706176.703,1503.6302747050158,5.367793488469408,28012.07382390872,37165.65547590899,123.17583819657288,1994.9756345828168,Mutant,void,147.65386874471517,LLLALLLGLLLGVLLSTLILI,L4F,L,F,4
LLLFALLVALLTALLSLLILI,10.0,25247.276198056577,1834.004078261776,24574.511589311307,27322.655855789963,23844.661149068463,R,110.73589199824308,-20.75439088059577,-45.1229662816669,-16.009045425437698,-41.83684752453208,-17.898112288186535,-43.145013201788124,2459.31364205369,9.612830165866129,25583.65850242921,10311.044058407282,34.6367246437769,991.1831536623224,Mutant,void,129.87619132253553,LLLYALLVALLTALLSLLILI,Y3F,Y,F,3
LLLYTLLVALLAFLLSLLILI,10.0,25527.760754563817,2077.393185733532,24782.24241994639,27875.03613038895,23926.00371335612,R,113.6736587193358,8111721482627.89,8111721482627.89,7740197182528.621,7740197182528.621,11173881033577.506,11173881033577.506,2792.38760120942,10.781202885627394,25900.51992187253,12170.638638127826,40.88345048860757,1312.1412440531196,Mutant,void,165.17072488747422,LLLYTLLVALLATLLSLLILI,T12F,T,F,12
