sample,group,p_value
11I,Mutant,1.7997251950915732e-14
15I,Mutant,0.0012747668668853843
7I,Mutant,0.0006753809933762856
