sample,group,p_value
11I,Mutant,3.5242239485396205e-19
15I,Mutant,0.0036774219681314623
7I,Mutant,1.254323354501151e-09
