sample,group,p_value
11G,Mutant,1.5387266885287898e-21
15G,Mutant,0.0041996175237134096
7G,Mutant,4.345560254562128e-18
