sample,group,p_value
7,Mutant,2.1737917497659678e-09
11,Mutant,5.164603522355049e-18
15,Mutant,0.021297161061951866
