sample,group,p_value
A,Mutant,0.016315146890192582
G,Mutant,1.9962512400211705e-33
