sample,group,p_value
AI,Mutant,0.018272774827932253
GI,Mutant,5.169826878812768e-34
