sample,group,p_value
11G,Mutant,0.0007045840563852314
7G,Mutant,1.830367299738687e-09
