sample,group,p_value
11I,Mutant,0.006985548994228686
7I,Mutant,2.250404545650817e-11
