sample,group,p_value
7,Mutant,1.2804813033444075e-05
11,Mutant,0.006254296685362393
15,Mutant,0.04726175422612212
