sample,group,p_value
11A,Mutant,0.0015002234187632521
12A,Mutant,1.6145875804650937e-08
12T,Mutant,0.014762251143706757
4S,Mutant,0.0472766924097546
8A,Mutant,0.0042979202344955334
8T,Mutant,0.0035591624903648037
