sample,group,p_value
11I,Mutant,0.008492752599990933
12I,Mutant,1.22017472728011e-08
4I,Mutant,0.002826429296125211
8I,Mutant,7.740937804734641e-06
