sample,group,p_value
8,Mutant,0.00017867028813354797
12,Mutant,4.702401613317086e-05
