sample,group,p_value
8,Mutant,0.00017867028813330096
12,Mutant,4.7024016133272475e-05
