sample,group,p_value
A,Mutant,1.3879673264322738e-11
T,Mutant,3.637719753802933e-05
