sample,group,p_value
AI,Mutant,1.3879673264268488e-11
TI,Mutant,1.8402187147882245e-05
