sample,group,p_value
A,Mutant,0.002329560582953622
I,Mutant,0.010063784187959066
