sample,group,p_value
11A,Mutant,0.04759417312512714
12S,Mutant,0.005580759626559982
4Y,Mutant,0.0020427530051252895
8A,Mutant,0.007902013656271963
