sample,group,p_value
12I,Mutant,0.0030739798737905236
14A,Mutant,0.03488893026426508
4A,Mutant,0.015522360781708664
8I,Mutant,0.009070870372235097
