sample,group,p_value
4,Mutant,0.0378533944315494
11,Mutant,0.02595276299603889
