sample,group,p_value
A,Mutant,0.006236639101802022
L,Mutant,0.010956824743528644
