sample,group,p_value
AI,Mutant,0.003719028629925133
FA,Mutant,0.039288392612360924
LA,Mutant,0.032133865712463405
