sample,group,p_value
G,clash,2.2207091743479724e-09
G,void,0.4110513269933175
