sample,group,p_value
G,clash,2.2207091743459574e-09
G,void,0.41105132699231584
