sample,group,p_value
11A,Mutant,1.8139514311374495e-05
12A,Mutant,4.930352695631931e-13
12L,Mutant,0.014590516370527029
12S,Mutant,0.002460761582283328
12T,Mutant,1.373533941088026e-05
12V,Mutant,5.304954741779709e-05
8A,Mutant,2.600875448643773e-05
8T,Mutant,0.0005067359931982139
