sample,group,p_value
11I,Mutant,3.437441748083e-05
12I,Mutant,1.3970559694845928e-22
4I,Mutant,0.013575175702845704
8I,Mutant,2.053494153212888e-06
