sample,group,p_value
11A,Mutant,1.8139514311386496e-05
12A,Mutant,4.930352695651018e-13
12L,Mutant,0.014590516370527875
12S,Mutant,0.0024607615822832066
12T,Mutant,1.3735339410840138e-05
12V,Mutant,5.3049547417880265e-05
8A,Mutant,2.6008754486261942e-05
8T,Mutant,0.0005067359931980456
