sample,group,p_value
AI,Mutant,2.2777123760289744e-15
LI,Mutant,0.043121468057687656
TI,Mutant,2.8571121532502926e-09
VI,Mutant,0.00684266896378684
