"","Var1","Freq","Mean","SD"
"1","A",34380,-0.233058894793485,0.207333727779799
"2","C",2642,-0.179647555639667,0.454360345135275
"3","D",2720,0.231589120845588,0.403077012322161
"4","E",2794,-0.16316106750179,1.15064876231242
"5","F",21124,11.3588928432115,0.546825627289281
"6","G",23648,-0.131660928450609,0.216091714553662
"7","H",5241,-0.954213788570883,0.403742505684357
"8","I",29021,1.40797477485269,2.17971951699181
"9","K",2626,-0.67633210053313,0.31786775605816
"10","L",42482,-0.399411211687303,0.352984655669319
"11","M",10618,-0.627157505462422,0.631962930148778
"12","N",2662,0.0899263668670173,0.469025761605129
"13","Q",2675,-0.535881444785047,0.903435991311685
"14","R",2565,-2.64226751048733,2.18668084361031
"15","S",13174,1.25331269595415,0.456683379568291
"16","T",15743,0.505918403671473,0.603342105425934
"17","V",29336,1.02005418300927,1.93005292340631
"18","W",7958,8.03888962302086,0.415732704996677
"19","Y",7950,10.9573397672956,0.449366038839951
