sample,group,p_value
A,Mutant,0.0025839831497231768
G,Mutant,8.594241305327566e-20
