sample,group,p_value
11G,Mutant,5.486749373192461e-31
7G,Mutant,1.6512826332622266e-05
