sample,group,p_value
7,Mutant,0.0009787833830279264
11,Mutant,9.279148759320177e-22
15,Mutant,0.003972613333793349
