sample,group,p_value
11I,Mutant,0.001018922351505372
12I,Mutant,2.119820448983001e-07
8I,Mutant,0.007419793293408872
