sample,group,p_value
11I,Mutant,5.970681143470393e-15
15I,Mutant,0.0007583183638081681
7I,Mutant,0.0010906253217751248
