sample,group,p_value
11I,Mutant,8.707686144740635e-17
15I,Mutant,2.3134609678950282e-05
7I,Mutant,0.0005113904826474904
