sample,group,p_value
A,Mutant,0.012359193972703374
G,Mutant,2.0339661167225449e-22
