sample,group,p_value
AI,Mutant,0.0006834473117011015
GI,Mutant,3.813341241408753e-22
