sample,group,p_value
G,clash,1.1383070245050095e-29
G,void,0.03533734577808511
