sample,group,p_value
A,Mutant,0.002225224956126672
Y,Mutant,0.007144787260506486
