sample,group,p_value
G,void,0.7149973013016637
L,void,0.5943528169503437
R,void,0.7329327503462555
G,clash,1.0528966172391828e-07
L,clash,0.001092259857579244
R,clash,1.2400043206115268e-09
