sample,group,p_value
G,void,0.71499730130047
L,void,0.5943528169491024
R,void,0.7329327503455245
G,clash,1.0528966172349143e-07
L,clash,0.0010922598575796496
R,clash,1.240004320611287e-09
