sample,group,p_value
11G,Mutant,1.4275919135620926e-20
12G,Mutant,0.0035731842598651295
15G,Mutant,0.00046627964878622364
7G,Mutant,1.2652237922081765e-13
