sample,group,p_value
11I,Mutant,2.6173577007104115e-20
12I,Mutant,0.021292416190171404
15I,Mutant,4.5568160052180474e-05
7I,Mutant,1.1291936836950614e-08
