sample,group,p_value
7,Mutant,2.890863803820214e-07
11,Mutant,6.0818686788498776e-21
15,Mutant,0.00011949156481844165
