sample,group,p_value
A,Mutant,0.04165304657623835
G,Mutant,1.4743991660755988e-33
L,Mutant,0.012711946309560473
