sample,group,p_value
AI,Mutant,0.04165304657623849
GI,Mutant,7.257411084413347e-33
LA,Mutant,0.02688308570690854
