sample,group,p_value
11G,Mutant,1.439754110118114e-13
7G,Mutant,4.314354689540977e-05
