sample,group,p_value
7,Mutant,0.006345846330128485
11,Mutant,1.3772359092114976e-13
15,Mutant,0.03803860380394834
