sample,group,p_value
11G,Mutant,0.00023923624656714155
15G,Mutant,0.030348400087998367
7G,Mutant,0.000140645969711878
