sample,group,p_value
11I,Mutant,2.8346217128173408e-05
15I,Mutant,0.018185206670974605
7I,Mutant,0.008851216855803416
