sample,group,p_value
11G,Mutant,0.0002392362465658169
15G,Mutant,0.030348400088021702
7G,Mutant,0.00014064596971340293
