sample,group,p_value
11I,Mutant,3.0354895567253878e-05
15I,Mutant,0.01818520667105596
7I,Mutant,0.008851216855803297
