sample,group,p_value
AI,Mutant,0.013675412713735647
GI,Mutant,1.2352375412464867e-08
