sample,group,p_value
AI,Mutant,0.01598171529366241
GI,Mutant,1.2352375412481824e-08
