sample,group,p_value
A,Mutant,0.00014383405575723975
G,Mutant,3.632406621574315e-08
