sample,group,p_value
A,Mutant,0.0005218773255590473
G,Mutant,7.172842910299476e-09
