sample,group,p_value
11I,Mutant,0.003282250865379117
15I,Mutant,0.0006311979039185679
