sample,group,p_value
11I,Mutant,0.0032822508653883855
15I,Mutant,0.0006311979039191408
