sample,group,p_value
11,Mutant,0.005048268510536747
15,Mutant,0.0006311979039185679
