sample,group,p_value
11,Mutant,0.005048268510553496
15,Mutant,0.0006311979039191426
