sample,group,p_value
11I,Mutant,2.2925896530055698e-23
7I,Mutant,8.561556189540119e-10
