sample,group,p_value
11G,Mutant,2.2925896530055698e-23
7G,Mutant,3.7318527651094625e-12
