sample,group,p_value
7,Mutant,1.020052942710334e-07
11,Mutant,1.0654603853292404e-24
