sample,group,p_value
G,clash,1.411776639867595e-07
G,void,0.8924778407315941
