sample,group,p_value
G,clash,2.0890080935528344e-07
L,clash,0.00491375651708934
R,clash,9.593586289924723e-10
G,void,0.8573942455375851
L,void,0.3582156964667237
R,void,0.6159715601461009
