sample,group,p_value
G,clash,2.0890080935491818e-07
L,clash,0.004913756517077233
R,clash,9.593586289936814e-10
G,void,0.8573942455365264
L,void,0.3582156964663987
R,void,0.6159715601452851
