sample,group,p_value
11I,Mutant,0.00015211188313705588
12I,Mutant,5.549065033435827e-23
4A,Mutant,0.018289076264401086
4I,Mutant,0.007937712601663248
8I,Mutant,7.130870795627818e-08
