sample,group,p_value
8,Mutant,2.7653249959289064e-05
12,Mutant,2.9219884687094837e-16
