sample,group,p_value
A,Mutant,3.337837777123626e-16
T,Mutant,2.686165638453461e-09
V,Mutant,0.00696810538659533
