sample,group,p_value
A,Mutant,3.3378377771195833e-16
T,Mutant,2.6861656384350736e-09
V,Mutant,0.006968105386577736
