sample,group,p_value
AI,Mutant,4.9329034982652e-17
LI,Mutant,0.043121468057687254
TI,Mutant,3.5966779850913907e-09
VI,Mutant,0.004905358247031282
