sample,group,p_value
AI,Mutant,4.9329034982589094e-17
LI,Mutant,0.04312146805768766
TI,Mutant,3.5966779850704895e-09
VI,Mutant,0.004905358247016632
