sample,group,p_value
7,Mutant,0.030804782394254663
11,Mutant,4.651296158645298e-15
15,Mutant,0.0055987954081919275
