sample,group,p_value
AI,Mutant,0.004103407993750736
GI,Mutant,5.944843454950387e-20
