sample,group,p_value
7,Mutant,7.652493391249939e-05
11,Mutant,9.990498732141574e-22
