sample,group,p_value
11I,Mutant,9.552640188550388e-06
15I,Mutant,0.04452432224060255
7I,Mutant,0.005173285675887075
