sample,group,p_value
11A,Mutant,0.03240024046084387
8A,Mutant,0.0006654594985912566
8T,Mutant,0.001190562156853234
