sample,group,p_value
12I,Mutant,0.00016609574118302874
8I,Mutant,1.2985836895824605e-06
