sample,group,p_value
8,Mutant,0.0014430162712224034
12,Mutant,0.001954387908525558
