sample,group,p_value
A,Mutant,1.829592376840599e-05
S,Mutant,0.029485522921222057
T,Mutant,0.0008757173433080581
