sample,group,p_value
AI,Mutant,1.829592376840582e-05
SI,Mutant,0.029485522921222057
TI,Mutant,0.00020566065891864998
