sample,group,p_value
11I,Mutant,2.2115438280462017e-05
12I,Mutant,3.634601504820285e-18
4I,Mutant,0.00899539193673008
8I,Mutant,6.371032384432757e-07
