sample,group,p_value
8,Mutant,0.0003377233622060064
12,Mutant,4.612510577806213e-13
