sample,group,p_value
AI,Mutant,1.1229435525207223e-13
LI,Mutant,0.043121468057687296
SI,Mutant,0.01369762035818619
TI,Mutant,3.225087934150963e-07
VI,Mutant,0.006842668963796762
