sample,group,p_value
11G,Mutant,7.787473784538669e-17
12G,Mutant,0.004748678523380313
15G,Mutant,0.00013101124385348593
3Y,Mutant,0.018077552565761133
7G,Mutant,3.780754601427221e-11
