sample,group,p_value
11I,Mutant,4.189402389808233e-14
12I,Mutant,0.0164100834337644
15I,Mutant,0.041688819905439004
7I,Mutant,2.659402876887461e-05
