sample,group,p_value
7,Mutant,1.7970587057096998e-05
11,Mutant,4.5784906808932665e-15
15,Mutant,0.005519960359946517
