sample,group,p_value
A,Mutant,0.03474243069391021
G,Mutant,8.231729242969688e-25
