sample,group,p_value
11,Mutant,0.025263676859474983
12,Mutant,0.014063050898941104
