sample,group,p_value
11,Mutant,0.02526367685957621
12,Mutant,0.014063050899100907
