sample,group,p_value
A,Mutant,0.0002769346814029491
F,Mutant,0.016977934832088724
