sample,group,p_value
AI,Mutant,0.0024002215130282667
FA,Mutant,0.0106421217996159
