sample,group,p_value
AI,Mutant,0.002400221513036276
FA,Mutant,0.010642121799500219
