sample,group,p_value
G,clash,2.088984547133461e-20
L,clash,0.0002905680802308272
R,clash,2.4738526664874278e-14
G,void,0.07403975168404815
L,void,0.4734139925304164
R,void,0.571553957044536
