sample,group,p_value
G,clash,8.160210511754361e-09
L,clash,0.006999285362083022
R,clash,2.5614297336341155e-07
G,void,0.307054423785834
L,void,0.1547814411721749
R,void,0.1536021215371745
