sample,group,p_value
G,void,0.6205673125812705
L,void,0.270484313913372
R,void,0.4052940985266684
G,clash,9.183651103467448e-09
L,clash,0.006986957759541407
R,clash,1.1356945137095953e-08
