sample,group,p_value
G,void,0.6205673125819172
L,void,0.27048431391364086
R,void,0.40529409852714127
G,clash,9.183651103467853e-09
L,clash,0.006986957759552758
R,clash,1.1356945137092505e-08
