sample,group,p_value
G,clash,1.1679569610182451e-12
G,void,0.40281871776258094
