sample,group,p_value
G,clash,1.1679569609972233e-12
G,void,0.40281871776241873
