sample,group,p_value
11A,Mutant,0.025831921667633324
12A,Mutant,0.00010912970785424369
12S,Mutant,0.01865272451458692
12T,Mutant,0.01173570659276431
12V,Mutant,0.00039410060572285033
16L,Mutant,0.016094478245120263
3Y,Mutant,0.014858593396739892
7I,Mutant,0.002835172086971941
8A,Mutant,0.005144399905009925
