sample,group,p_value
3,Mutant,0.0071873677004565895
7,Mutant,0.008774043077103152
12,Mutant,1.0115370745334844e-06
