sample,group,p_value
A,Mutant,2.8473380607196987e-06
L,Mutant,0.037753382699583296
T,Mutant,0.005218930306480004
V,Mutant,0.0014407742139727628
