sample,group,p_value
AI,Mutant,1.219167053560309e-05
LA,Mutant,0.049024603324229005
TI,Mutant,0.0036235476601960354
VI,Mutant,0.00040243099110195637
