sample,group,p_value
11G,Mutant,3.1697252982893306e-21
12G,Mutant,0.01036971730806228
15G,Mutant,0.0009053449886765572
7G,Mutant,1.2929936446207752e-16
