sample,group,p_value
11I,Mutant,2.527924926615061e-20
15I,Mutant,4.433893523560936e-05
7I,Mutant,1.5366632722990789e-09
