sample,group,p_value
7,Mutant,6.764371124365673e-08
11,Mutant,3.7205312802094015e-21
15,Mutant,0.0003742957370717438
