sample,group,p_value
A,Mutant,0.04363845897468671
G,Mutant,2.2125429237168453e-34
L,Mutant,0.025908056516334977
