sample,group,p_value
AI,Mutant,0.04363845897468668
GI,Mutant,5.753522303042398e-34
LA,Mutant,0.00645483008373008
