Sequence,Segments,Fluorescence,FluorStdDev,Rep1-Fluor,Rep2-Fluor,Rep3-Fluor,Sample,Average Percent GpA,LB-12H_M9-24H,LB-12H_M9-36H,LB-24H_M9-24H,LB-24H_M9-36H,LB-36H_M9-24H,LB-36H_M9-36H,std,Percent Error,mean,mean_transformed,Percent GpA,std_adjusted,Type,Mutant Type,percent_wt,wt_seq,position,wt_aa,mut_aa,mut_position,Mutant Type_x,Mutant Type_y
LLLAFLLGLLLGVLLGTLILI,1.0,27161.231167581416,1145.952462355247,28420.165040601554,26884.639809002063,26178.888653140628,G,147.50915466976815,13633764451770.385,13633764451770.385,16333494371827.56,16333494371827.56,21336775125412.254,21336775125412.254,499.0414281398648,1.8809206345782217,26531.764231071345,30340.850589041493,102.18490037072948,570.6873194358293,WT,,49.71594077261419,LLLALLLGLLLGVLLGTLILI,L4F,L,F,4,,
LLLSYLLFVLLGILLALLILI,1.0,21161.43114665583,1291.6004660113658,20935.9369995839,22550.930371561823,19997.42606882176,G,44.870385106490176,6189612926829.686,6189612926829.686,5525481233253.091,5525481233253.091,4816315118269.225,4816315118269.225,1805.6002082565265,8.487285335152412,21274.17822019179,23579.14778585906,79.41217271591434,2001.2295521831306,WT,,64.64613311597111,LLLSYLLTVLLGILLALLILI,T7F,T,F,7,,
