sample,group,p_value
11G,Mutant,3.936523120471055e-08
7G,Mutant,6.887224878484505e-05
