sample,group,p_value
11I,Mutant,2.7613697705561753e-05
12I,Mutant,2.5395932075048366e-08
3A,Mutant,0.022956060582085182
7A,Mutant,0.005301603318573196
8I,Mutant,0.001343723991555614
