sample,group,p_value
11A,Mutant,7.952152828002298e-05
12A,Mutant,0.002496163157679034
12S,Mutant,0.020443904347508222
12T,Mutant,0.0005597114412150209
12V,Mutant,0.003442614982548041
7I,Mutant,0.0002532664181972297
8A,Mutant,0.009565018023170918
