sample,group,p_value
3,Mutant,0.028688413527738977
7,Mutant,0.002314462821820042
8,Mutant,0.035986563660161265
12,Mutant,1.1522465408888458e-05
