sample,group,p_value
A,Mutant,3.901993069806321e-09
I,Mutant,0.00027241162506052094
S,Mutant,0.049891707656170126
T,Mutant,0.0025778611874680063
V,Mutant,0.0008283394928862441
