sample,group,p_value
AI,Mutant,2.5503866318178903e-09
IA,Mutant,0.0002724116250605195
SI,Mutant,0.049891707656170674
TI,Mutant,0.005087821182528518
VI,Mutant,0.0005756893266324171
