sample,group,p_value
G,void,0.37092636481955765
L,void,0.0022637292670469266
R,void,0.0325311384555341
G,clash,7.959083054571055e-14
L,clash,0.021296753317755636
R,clash,3.581922997107938e-11
