sample,group,p_value
G,void,0.37092636481835095
L,void,0.00226372926702642
R,void,0.032531138455357544
G,clash,7.959083054526533e-14
L,clash,0.02129675331781423
R,clash,3.5819229971265613e-11
