sample,group,p_value
11A,Mutant,0.007146966532824476
12A,Mutant,0.0028635195428341337
12L,Mutant,0.00615488876313609
12T,Mutant,0.0016264523065512208
12V,Mutant,0.0222341720519421
3Y,Mutant,0.030066983240195567
4A,Mutant,0.02767833844917834
8A,Mutant,0.001613104514088095
