sample,group,p_value
11A,Mutant,0.0071469665328283555
12A,Mutant,0.0028635195428398813
12L,Mutant,0.006154888763167537
12T,Mutant,0.0016264523065565896
12V,Mutant,0.022234172052000664
3Y,Mutant,0.030066983240450016
4A,Mutant,0.02767833844922714
8A,Mutant,0.0016131045140944174
