sample,group,p_value
11I,Mutant,0.0038760806775362993
12I,Mutant,5.475973090629814e-08
3A,Mutant,0.007026665500972724
4I,Mutant,0.016859628440453
8I,Mutant,0.0005225799086502542
