sample,group,p_value
11I,Mutant,0.003876080677527801
12I,Mutant,5.475973090578559e-08
3A,Mutant,0.007026665500891423
4I,Mutant,0.016859628440445643
8I,Mutant,0.0005225799086508188
