sample,group,p_value
3,Mutant,0.007026665500891396
8,Mutant,0.0028777244616034064
12,Mutant,1.858250938113494e-06
