sample,group,p_value
3,Mutant,0.007026665500972724
8,Mutant,0.002877724461598348
12,Mutant,1.8582509381221713e-06
