sample,group,p_value
A,Mutant,3.6533231057931426e-09
T,Mutant,0.004319220006070577
V,Mutant,0.009337325277622849
Y,Mutant,0.008895441096180286
