sample,group,p_value
A,Mutant,3.6533231057651384e-09
T,Mutant,0.004319220006075769
V,Mutant,0.009337325277617575
Y,Mutant,0.008895441096116166
