sample,group,p_value
AI,Mutant,4.5858948104283885e-09
TI,Mutant,0.002435685266427886
VI,Mutant,0.006834006360271095
YA,Mutant,0.008895441096116164
