sample,group,p_value
AI,Mutant,4.58589481046557e-09
TI,Mutant,0.0024356852664230706
VI,Mutant,0.006834006360271261
YA,Mutant,0.008895441096180286
