sample,group,p_value
A,Mutant,0.007672489925860662
I,Mutant,8.29679950613889e-07
