sample,group,p_value
11Y,Mutant,7.962103179160149e-05
12A,Mutant,0.0017262913789128861
12S,Mutant,0.008570725345182634
4A,Mutant,0.007773746096581011
8A,Mutant,0.0007637708119799063
