sample,group,p_value
11I,Mutant,0.00661653036160556
12I,Mutant,1.2039597680327952e-06
4I,Mutant,0.003988291400604743
8I,Mutant,0.024009770038655426
