sample,group,p_value
11Y,Mutant,7.962103179048476e-05
12A,Mutant,0.001726291378907908
12S,Mutant,0.008570725345162554
4A,Mutant,0.007773746096596451
8A,Mutant,0.0007637708119585782
