sample,group,p_value
A,Mutant,4.3163403575848516e-07
T,Mutant,0.01911405628763651
