sample,group,p_value
7,Mutant,0.029955762984777243
11,Mutant,5.318165085063008e-09
15,Mutant,0.0007991013514070473
