sample,group,p_value
7,Mutant,0.029955762984708752
11,Mutant,5.318165085068283e-09
15,Mutant,0.0007991013514100686
