sample,group,p_value
A,Mutant,0.012950808213720992
I,Mutant,2.7389224637398784e-21
