sample,group,p_value
11A,Mutant,0.0010747746149444202
12A,Mutant,1.3768662852846317e-09
12L,Mutant,0.009739509010982809
12T,Mutant,2.1946770537975022e-05
12V,Mutant,0.0011984773882617247
3Y,Mutant,0.0054127826557112905
8A,Mutant,3.784910977765204e-06
8T,Mutant,0.00810145429084098
