sample,group,p_value
11G,Mutant,4.833027557214829e-13
15G,Mutant,0.032333955123395444
4F,Mutant,0.015278620864920421
7G,Mutant,4.804154319549777e-07
