sample,group,p_value
7,Mutant,0.002780690194475738
11,Mutant,3.87359037757775e-14
