sample,group,p_value
7,Mutant,0.002780690194502626
11,Mutant,4.112346335304823e-14
