sample,group,p_value
A,Mutant,0.0028697544569631114
G,Mutant,1.4668511721100472e-17
