sample,group,p_value
AI,Mutant,0.0028697544569631114
FA,Mutant,0.02556165967405148
GI,Mutant,3.6529931963844257e-17
