sample,group,p_value
AI,Mutant,0.0024835881331478557
FA,Mutant,0.02556165967392653
GI,Mutant,3.652993196531348e-17
