sample,group,p_value
11I,Mutant,1.5746958070940504e-30
15I,Mutant,0.006272159885346637
7I,Mutant,0.00045409670340372684
