sample,group,p_value
11I,Mutant,1.5746958071030637e-30
15I,Mutant,0.006272159885327816
7I,Mutant,0.00045409670340495453
