sample,group,p_value
11I,Mutant,6.058972013006221e-14
15I,Mutant,0.006857186560203641
7I,Mutant,0.0004024060433641193
