sample,group,p_value
11G,Mutant,7.380996469471058e-14
15A,Mutant,0.03012058471965014
15G,Mutant,0.03127376224514545
7A,Mutant,0.028391175837174775
7G,Mutant,2.6676573109450635e-07
