sample,group,p_value
A,Mutant,0.0077825600496074865
G,Mutant,8.3849810665246695e-19
