sample,group,p_value
AI,Mutant,0.006283835517889363
GI,Mutant,1.748852052826792e-19
