sample,group,p_value
AI,Mutant,0.005518623609104456
GI,Mutant,1.7488520529277983e-19
