sample,group,p_value
G,void,0.5918029660440107
L,void,0.22637239152652175
R,void,0.4484395481533662
G,clash,2.444592818997445e-09
L,clash,0.002221871934767104
R,clash,2.832528874781668e-12
