sample,group,p_value
G,void,0.7923943802128488
L,void,0.07236760843770465
R,void,0.013403261926993364
G,clash,9.613813333759947e-07
L,clash,0.0059938528916512225
R,clash,9.302199220334102e-12
