sample,group,p_value
G,void,0.792394380211838
L,void,0.07236760843754132
R,void,0.013403261926942057
G,clash,9.61381333373141e-07
L,clash,0.005993852891611963
R,clash,9.302199220382938e-12
