sample,group,p_value
A,Mutant,0.0020426454212101406
Y,Mutant,0.00714478726060138
