,>= 0.35_freq,>= 0.35_count,< 0.35_freq,< 0.35_count
L,0.19921875,153,0.19924812030075187,212
A,0.15755208333333334,121,0.1400375939849624,149
T,0.12630208333333334,97,0.125,133
V,0.11979166666666667,92,0.12406015037593984,132
F,0.11979166666666667,92,0.12218045112781954,130
S,0.1171875,90,0.11654135338345864,124
I,0.08203125,63,0.08740601503759399,93
Y,0.0625,48,0.08364661654135339,89
W,0.015625,12,0.0018796992481203006,2
