,< 0.35_freq,< 0.35_count,>= 0.35_freq,>= 0.35_count
A,0.17468944099378883,225,0.1951219512195122,192
T,0.14518633540372672,187,0.15040650406504066,148
L,0.13121118012422361,169,0.13109756097560976,129
S,0.12267080745341614,158,0.13109756097560976,129
F,0.11801242236024845,152,0.10670731707317073,105
Y,0.11568322981366459,149,0.09451219512195122,93
V,0.11413043478260869,147,0.11178861788617886,110
I,0.07531055900621118,97,0.07215447154471545,71
W,0.003105590062111801,4,0.007113821138211382,7
