sample,group,p_value
G,void,0.9793458630467134
L,void,5.410856412788284e-06
R,void,0.002940622336285365
G,clash,1.985309843741543e-09
L,clash,0.0015529906963437905
R,clash,1.0150625515100517e-21
