sample,group,p_value
11A,Mutant,0.00378905141907003
12A,Mutant,0.008882359554018638
12S,Mutant,0.03316519879683843
12T,Mutant,0.00530385450855117
12V,Mutant,0.0003748063177628948
8A,Mutant,0.000512667925333405
