sample,group,p_value
11I,Mutant,0.0028479618805191025
12I,Mutant,2.871257546859701e-07
3A,Mutant,0.0028869011609085776
8I,Mutant,2.1732626369710397e-05
