sample,group,p_value
11I,Mutant,0.002847961880512308
12I,Mutant,2.8712575468741235e-07
3A,Mutant,0.0028869011609193884
8I,Mutant,2.173262636982705e-05
