sample,group,p_value
11A,Mutant,0.0037890514190720673
12A,Mutant,0.008882359554013416
12S,Mutant,0.033165198796852945
12T,Mutant,0.005303854508539331
12V,Mutant,0.00037480631776104083
8A,Mutant,0.0005126679253295119
