sample,group,p_value
3,Mutant,0.0063451668991554066
8,Mutant,0.0005779790663176124
11,Mutant,0.0428991062187039
12,Mutant,5.723691495448733e-05
