sample,group,p_value
11A,Mutant,0.0019073456394821334
12A,Mutant,5.587642859999634e-07
12T,Mutant,0.03801209274603834
4S,Mutant,0.012382036901378572
8A,Mutant,0.006020636667189532
8T,Mutant,0.0034035373099582655
