sample,group,p_value
8,Mutant,0.00031801849191473956
12,Mutant,0.0005556360780431999
