sample,group,p_value
8,Mutant,0.0003180184919140156
12,Mutant,0.0005556360780444887
