sample,group,p_value
AI,Mutant,5.252375724787359e-11
TI,Mutant,8.898742941231707e-05
