sample,group,p_value
AI,Mutant,5.252375724760082e-11
TI,Mutant,8.89874294129659e-05
