sample,group,p_value
11G,Mutant,1.965428175202454e-24
15G,Mutant,0.004523870376870704
7G,Mutant,3.7807546014271943e-11
