sample,group,p_value
11I,Mutant,8.05255167947098e-24
15I,Mutant,0.0026145709540271573
7I,Mutant,1.0112570957273783e-10
