sample,group,p_value
7,Mutant,3.188503429112672e-08
11,Mutant,8.328043866042334e-24
15,Mutant,0.0026145709540271573
