sample,group,p_value
11I,Mutant,0.012048949066704976
12I,Mutant,6.417613864618118e-08
4I,Mutant,0.00022760122895538313
8I,Mutant,1.4986102408648509e-05
