sample,group,p_value
11I,Mutant,0.012048949066735704
12I,Mutant,6.417613864628442e-08
4I,Mutant,0.00022760122895537917
8I,Mutant,1.4986102408692507e-05
