sample,group,p_value
8,Mutant,0.0007583472905564009
12,Mutant,1.465528242514445e-06
