sample,group,p_value
A,Mutant,7.578589477870953e-11
T,Mutant,5.110408064167777e-05
