sample,group,p_value
A,Mutant,7.578589477888329e-11
T,Mutant,5.1104080641458955e-05
