sample,group,p_value
AI,Mutant,7.578589477870844e-11
TI,Mutant,1.61368070521165e-05
