sample,group,p_value
AI,Mutant,7.578589477888411e-11
TI,Mutant,1.6136807052039933e-05
