sample,group,p_value
11I,Mutant,0.0013828575039549122
12I,Mutant,3.388627666202709e-09
16A,Mutant,0.033909833488700504
3A,Mutant,0.038306867685378485
7A,Mutant,0.022673556102106404
8I,Mutant,0.02972143382473247
