sample,group,p_value
11I,Mutant,0.001382857503953692
12I,Mutant,3.3886276661855487e-09
16A,Mutant,0.03390983348859427
3A,Mutant,0.038306867685172385
7A,Mutant,0.022673556102121357
8I,Mutant,0.02972143382467853
