sample,group,p_value
11A,Mutant,0.01971612084853905
12A,Mutant,0.00010912970785424448
12S,Mutant,0.02680308720199789
12T,Mutant,0.005710525905380498
12V,Mutant,0.00039410060572285033
16L,Mutant,0.01361753758529906
3Y,Mutant,0.014858593396739892
7I,Mutant,0.002835172086971941
8A,Mutant,0.021608207586552408
