sample,group,p_value
11A,Mutant,0.019716120848537952
12A,Mutant,0.00010912970785394723
12S,Mutant,0.026803087201985563
12T,Mutant,0.005710525905373124
12V,Mutant,0.0003941006057210884
16L,Mutant,0.013617537585241094
3Y,Mutant,0.01485859339669077
7I,Mutant,0.0028351720869743994
8A,Mutant,0.021608207586412444
