sample,group,p_value
3,Mutant,0.020119045203487406
7,Mutant,0.049629145653667994
12,Mutant,8.717334921461242e-07
16,Mutant,0.03057653429655683
