sample,group,p_value
3,Mutant,0.020119045203582847
7,Mutant,0.04962914565357033
12,Mutant,8.717334921465713e-07
16,Mutant,0.030576534296656188
