sample,group,p_value
A,Mutant,2.0286204786053273e-06
I,Mutant,0.011719908967512073
T,Mutant,0.011391706652758779
V,Mutant,0.00051970823201753
