sample,group,p_value
A,Mutant,2.0286204786182946e-06
I,Mutant,0.011719908967494507
T,Mutant,0.01139170665276044
V,Mutant,0.0005197082320177792
