sample,group,p_value
AI,Mutant,2.139403927088793e-06
IA,Mutant,0.011719908967494507
TI,Mutant,0.00810783784059171
VI,Mutant,0.00040243099110195637
