sample,group,p_value
AI,Mutant,2.13940392707554e-06
IA,Mutant,0.011719908967512073
TI,Mutant,0.0081078378405937
VI,Mutant,0.00040243099110184676
