Sequence,Mutant,Region,Mutant Type,CHARMM_IMM1,CHARMM_IMM1REF,CHARMM_VDW,Dimer,HBONDMonomer,IMM1Monomer,Monomer,MonomerSasa,SCWRL4_HBOND,VDWMonomer,Mutant_DimerSasa,Mutant_MonomerSasa,Mutant_Position_MonomerSasa,Mutant_Position_Sasa,WT_DimerSasa,WT_MonomerSasa,WT_Position_MonomerSasa,WT_Position_Sasa,Total,Interface,Position,WT_AA,SasaDifference,SasaPercDifference,Mutant_SASA_no_alanine,SASA_no_wt_position,DimerSasaDifference,Segment,PercentGpA_transformed,std_adjusted,Sample,LB-12H_M9-36H,wt_seq,Fluorescence,FluorStdDev,Percent GpA
LLLYGLLFALLGILLTLLILI,LLLYGLLAALLGILLTLLILI,GAS,void,,,,,,,,,,,3682.08,4555.69,43.8937,28.9653,3651.6,4660.34,133.949,102.18,-19.6027,1.1e+17,7,F,100.6301,22.35056183,3653.1147,3549.42,103.6947,0.0,0.2558429095869604,0.0740202457454332,G,-3.1798836287198795,LLLFGLLAALLGILLTLLILI,20660.84265209125,2776.5961797484383,45.37938666639235
LLLYWLLTVLLALLFSLLILI,LLLYALLTVLLALLFSLLILI,Left,void,,,,,,,,,,,3935.88,4810.03,56.6439,36.4719,3887.96,4816.97,128.924,137.926,-12.558,1.1e+17,4,W,102.0033,26.33821796,3899.4081,3750.034,149.3741,2.0,0.3597707698858347,0.1415414927904537,L,3390772030105.942,LLLLALLTVLLALLFSLLILI,28977.719514774755,1024.9158389125846,21.23646790347726
LLLYWLLTILVALLLSLLILI,LLLYALLTILVALLLSLLILI,Left,void,,,,,,,,,,,3584.43,4114.05,48.8124,41.7687,3604.75,4130.02,126.011,207.924,-14.8358,1.1e+17,4,W,104.1574,24.78263256,3542.6613,3396.826,145.8353,2.0,0.4182318382612513,0.0430515081727925,L,5200910050390.028,LLLFALLTILVALLLSLLILI,29179.01707593941,1080.5578639701846,36.69144441697289
LLLFALLLLLVTLLYSLLILI,LLLAALLLLLVTLLYSLLILI,Left,void,,,,,,,,,,,3369.2,4122.9,54.8724,105.815,3449.49,4264.16,157.067,270.168,-17.4217,1.1e+17,3,F,63.9158,62.34283937,3263.385,3179.322,84.063,3.0,0.2768369615109162,0.1369686044932281,L,24.79633968920692,LLLAALLLLLVTLLFSLLILI,28464.499943966643,839.7083391761205,14.71877430847841
LLLYFLLVALLTLLLSILILI,LLLYALLVALLTLLLSILILI,Right,void,,,,,,,,,,,3544.47,4152.64,49.4187,35.3736,3529.7,4293.82,152.678,118.567,-9.13618,1.1e+17,4,F,103.1016,25.54507955,3509.0964,3411.133,97.9634,5.0,0.3960695548454241,0.066590834801197,R,28.56036581866207,LLLFALLVALLTLLLSILILI,25033.59472343301,1357.4634234659632,37.13348277839669
