sample,group,p_value
A,Mutant,0.003527519327378467
I,Mutant,1.2006335424127629e-08
