sample,group,p_value
11I,Mutant,0.019633706973103664
12I,Mutant,1.2390451722225655e-05
4I,Mutant,0.008782415157637431
5A,Mutant,0.015418790123469073
8I,Mutant,0.00019583414847866457
