sample,group,p_value
11I,Mutant,0.01963370697325198
12I,Mutant,1.2390451722223846e-05
4I,Mutant,0.008782415157713504
5A,Mutant,0.015418790123584184
8I,Mutant,0.00019583414847577907
