sample,group,p_value
A,Mutant,9.258982595734843e-09
F,Mutant,0.02928198116356552
T,Mutant,0.0025906765222414407
