sample,group,p_value
11A,Mutant,0.0015002234187632521
12A,Mutant,1.6145875804650818e-08
12T,Mutant,0.014762251143706757
4S,Mutant,0.04727669240975444
8A,Mutant,0.0023153892201622853
8T,Mutant,0.00166309932551256
