sample,group,p_value
11I,Mutant,0.008053908377680658
12I,Mutant,1.2201747272668629e-08
4I,Mutant,0.0028264292961277682
8I,Mutant,5.778335563238583e-06
