sample,group,p_value
A,Mutant,1.387967326432279e-11
T,Mutant,9.954158726602933e-06
