sample,group,p_value
AI,Mutant,1.3879673264322738e-11
TI,Mutant,2.702084989485611e-06
