sample,group,p_value
G,clash,1.8517500860890755e-15
L,clash,0.001015821912900679
R,clash,1.0445012204938731e-19
G,void,0.12664437769343656
L,void,0.00016849643119301187
R,void,0.007473519288702663
