sample,group,p_value
11I,Mutant,3.974701727805763e-30
15I,Mutant,0.0001266674094407934
7I,Mutant,8.796562823828613e-06
