sample,group,p_value
11I,Mutant,3.974701727846518e-30
15I,Mutant,0.00012666740944105827
7I,Mutant,8.796562823812141e-06
