sample,group,p_value
11G,Mutant,2.1268879516594739e-29
7G,Mutant,9.867634607998468e-09
