sample,group,p_value
F,Mutant,0.020307502528705102
G,Mutant,6.459672952589181e-36
