sample,group,p_value
F,Mutant,0.020307502528761227
G,Mutant,6.459672952588812e-36
