sample,group,p_value
F,Mutant,0.00367091587083257
G,Mutant,2.5803284653781657e-28
