sample,group,p_value
FA,Mutant,0.020307502528705102
GI,Mutant,6.459672952589181e-36
