sample,group,p_value
FA,Mutant,0.020307502528761227
GI,Mutant,6.45967295258872e-36
