Sequence	Interface	InterfaceSequence	Baseline	Dimer	Dimerw/Baseline	HBONDDimer	HBONDMonomer	IMM1Dimer	IMM1Monomer	Monomer	MonomerSasa	SequenceProbability	Total	VDWDimer	VDWMonomer	acceptCycleNumber	axialRotation	bestEnergyTotal	crossingAngle	currEnergyTotal	currEntropy	endAxialRotation	endCrossingAngle	endXShift	endZShift	energyComparison	entropyDiff	geometryNumber	prevEntropy	startEnergy	xShift	zShift	
LLLTYLLWTLLGTLLGYLILI	133002200220031003102	L--TY--WT--GT-LGY-IL-	354.809	508892	509247	-77.592	-72.6042	-238.597	-282.398	-352.819	4638.19	5.39063e-07	229736	509209	2.1826	125	-59.32	509248	-44.07	509248	0.952787	-59.557	-44.4104	6.74599	0.866572	0.194729	-0.820686	0	0.132101	509245	6.72	0.66	
LLLYTLLAYLLGTLLGFLILI	133002200220031003102	L--YT--AY--GT-LGF-IL-	331.85	229410	229742	-80.8758	-58.7873	-226.63	-278.417	-325.451	4669.49	1.22637e-05	86713.9	229717	11.7528	105	-59.557	229742	-44.4104	229742	0.0912572	-59.8296	-43.8177	6.7092	1.07248	0.034202	1.06072	1	1.15198	229735	6.74599	0.866572	
LLLYYLLFTLLGTLLGYLILI	133002200220031003102	L--YY--FT--GT-LGY-IL-	327.563	86397	86724.5	-79.471	-72.6316	-236.269	-284.57	-330.537	4683.74	1.40075e-06	25429.7	86712.7	26.6638	121	-59.8296	86725.7	-43.8177	86725.3	0.820686	-60.2746	-44.2167	6.55313	1.30976	0.373994	-0.650378	2	0.170308	86727.5	6.7092	1.07248	
