sample,group,p_value
11I,Mutant,0.022518461970782763
12I,Mutant,0.0003482798805758066
4I,Mutant,0.0017322931833109415
5A,Mutant,0.014927334427926278
8I,Mutant,0.02279460605838069
