sample,group,p_value
11I,Mutant,0.022518461971018172
12I,Mutant,0.000348279880572783
4I,Mutant,0.0017322931833002803
5A,Mutant,0.014927334427915807
8I,Mutant,0.022794606058166838
