sample,group,p_value
11A,Mutant,0.04774051042185078
11F,Mutant,0.02280419159856528
11Y,Mutant,7.372336282902718e-05
12A,Mutant,0.0008802775587642064
4A,Mutant,0.0029708656725471313
8A,Mutant,0.0051051509278185895
8L,Mutant,0.026504953543346917
8S,Mutant,0.039169980177867915
