sample,group,p_value
AI,Mutant,1.8431345280926695e-08
TI,Mutant,0.014493513352451548
