sample,group,p_value
11Y,Mutant,0.00035785827548985
12A,Mutant,0.012674732770834928
12L,Mutant,0.048188761868290714
12S,Mutant,0.04449942161471898
4A,Mutant,0.028786017937253255
