sample,group,p_value
11I,Mutant,0.0003314319155676394
12I,Mutant,8.167500457335655e-23
16A,Mutant,0.016277977006704917
4A,Mutant,0.020142104584526175
4I,Mutant,0.022136699701258557
8I,Mutant,1.357185150424815e-07
