sample,group,p_value
8,Mutant,4.4188580727480865e-05
12,Mutant,2.5982627458838954e-16
16,Mutant,0.04482077363435035
