sample,group,p_value
12I,Mutant,0.009454983398232586
4I,Mutant,0.045490139858409356
