sample,group,p_value
G,clash,2.220709174347996e-09
L,clash,0.004118332068701454
R,clash,1.8934305553204823e-11
G,void,0.41105132699331803
L,void,0.036218240984436136
R,void,0.01937871224987318
