sample,group,p_value
11I,Mutant,0.024291794797218144
12I,Mutant,1.1376367726132765e-06
4I,Mutant,0.0017322931833002617
8I,Mutant,0.04661425786220833
