sample,group,p_value
11I,Mutant,0.02429179479697376
12I,Mutant,1.1376367726232946e-06
4I,Mutant,0.0017322931833109415
8I,Mutant,0.04661425786263386
