sample,group,p_value
11A,Mutant,0.047740510421850596
12A,Mutant,0.0008802775587642095
4A,Mutant,0.0018881288700318725
5A,Mutant,0.01386828749022071
8A,Mutant,0.01150036656242683
8L,Mutant,0.026504953543346917
8S,Mutant,0.039169980177867915
