sample,group,p_value
A,Mutant,4.528087802324581e-08
F,Mutant,0.003994693283344366
T,Mutant,0.040743519966485044
