sample,group,p_value
AI,Mutant,4.528087802324612e-08
FA,Mutant,5.733073294289783e-05
TI,Mutant,0.014493513352451633
