sample,group,p_value
11G,Mutant,1.162384488888767e-12
7G,Mutant,6.8468295513215236e-15
