sample,group,p_value
11I,Mutant,7.504065732163391e-12
15I,Mutant,0.03765092819686753
7I,Mutant,2.4412302270590247e-06
