sample,group,p_value
7,Mutant,5.891689217566624e-07
11,Mutant,7.685244827590814e-12
