sample,group,p_value
A,Mutant,0.0075729746970797426
G,Mutant,6.233145695793786e-20
