sample,group,p_value
AI,Mutant,0.0075729746970797426
GI,Mutant,7.006879033961441e-22
