sample,group,p_value
G,clash,3.1834115654325545e-10
L,clash,1.3424531802284227e-05
R,clash,1.919350949673686e-18
G,void,0.12123204807416572
L,void,0.0011848497203333615
R,void,0.004604027237995082
