sample,group,p_value
G,void,0.2904381886998507
L,void,0.8700165046535583
R,void,0.8677081082925188
G,clash,2.504153092041081e-10
L,clash,0.0013427237300299556
R,clash,1.7837965116063258e-11
