sample,group,p_value
G,void,0.2904381887008787
L,void,0.8700165046543473
R,void,0.867708108291562
G,clash,2.50415309203075e-10
L,clash,0.0013427237300356755
R,clash,1.783796511608436e-11
