sample,group,p_value
11Y,Mutant,0.0029076538090583234
12S,Mutant,0.01757006019787401
