sample,group,p_value
11I,Mutant,0.02203411013882407
12I,Mutant,0.0037534685239241704
