sample,group,p_value
11I,Mutant,0.022034110138730568
12I,Mutant,0.0037534685239133136
