sample,group,p_value
A,Mutant,0.0002769346814016359
F,Mutant,0.016977934832225337
