sample,group,p_value
11I,Mutant,9.990498732141644e-22
7I,Mutant,7.652493391249939e-05
