sample,group,p_value
11G,Mutant,2.343445425765044e-15
15G,Mutant,0.003709568594504026
7A,Mutant,0.01583309459046403
7G,Mutant,2.0206458791634382e-05
