Sequence,Segments,Fluorescence,FluorStdDev,Rep1-Fluor,Rep2-Fluor,Rep3-Fluor,Sample,LB-12H_M9-36H,LB-36H_M9-36H,std,Percent Error,mean,PercentGpA_transformed,Percent GpA,std_adjusted,Type,Mutant Type,mean_transformed,percent_wt,wt_seq,position,wt_aa,mut_aa,mut_position,Mutant Type_x,Mutant Type_y
LLLFLLLGLLLGVLLGTLILI,13.0,29271.54428,1976.375664,30270.11636,30549.39108,26995.12541,D,-43.26000037,-32.61457129,1976.3756620285835,0.0675186673753285,29271.544283333333,0.776613711061653,74.62506434197739,0.05243592283629122,WT,,,66.2072469282185,LLLALLLGLLLGVLLGTLILI,A3F,A,F,3,,
LLLAYLLFVLLGTLLGLLILI,13.0,26899.86703,1934.487773,27447.02341,28501.84419,24750.7335,D,7896570000000.0,8496630000000.0,1934.4877687784224,0.0719143989217967,26899.86703333333,0.3530549027342103,33.925160549604854,0.025389731116524133,WT,,,31.271024365699105,LLLAYLLGVLLGTLLGLLILI,G7F,G,F,7,,
LLLTYLLLILLGALLGFLILI,13.0,27908.89283,1951.655491,28628.11277,29398.87773,25699.688,D,-89.02688569,-88.70295465,1951.655490246287,0.0699295203826682,27908.89283333333,0.5332572322963984,51.24086106662153,0.03729042249507623,WT,,,67.71999091127638,LLLTYLLLILLGALLGWLILI,W16F,W,F,16,,
LLLTYLLVLLLGALLGFLILI,13.0,28431.33291,1892.258232,29334.02758,29703.2087,26256.76244,D,6768320000000.0,7091070000000.0,1892.2582304525145,0.0665553822841985,28431.332906666667,0.6265600182819575,60.20635614903496,0.04170094154075008,WT,,,73.24171013768745,LLLTYLLVLLLGALLGWLILI,W16F,W,F,16,,
LLLAFLLGLLLGVLLGTLILI,1.0,27161.23117,1145.952462,28420.16504,26884.63981,26178.88865,G,13633800000000.0,21336800000000.0,499.041431066272,0.0188092064568399,26531.76423,1.211230642515344,105.80176757899191,0.02278228722192195,WT,,,27.82474375036993,LLLALLLGLLLGVLLGTLILI,L4F,L,F,4,,
LLLTYLLFVLLGILLALLILI,1.0,21673.23802,1624.758266,20406.24399,23505.01882,21108.45126,G,13817000000000.0,13542800000000.0,1694.6291732476975,0.0759693953511763,22306.73504,0.6549153516098177,57.20727282050901,0.04975352326800088,WT,,,0.0,LLLTYLLAVLLGILLALLILI,A7F,A,F,7,,
LLLAFLLGLLLGVLLSTLILI,6.0,28232.53135,1129.715259,28673.44641,29075.30099,26948.84666,G,15377100000000.0,16324100000000.0,1503.6302766264969,0.0536779349511976,28012.073825,1.4061450030887124,122.8276610391882,0.07547896000774745,Mutant,,,69.39852838815453,LLLAILLGLLLGVLLSTLILI,I4F,I,F,4,void,void
