sample,group,p_value
AI,Mutant,0.0028743509529855563
SI,Mutant,0.010894672512483309
