sample,group,p_value
11A,Mutant,0.006990237654517115
12A,Mutant,0.00031053629898411333
12S,Mutant,0.018652724514585592
12T,Mutant,0.0006545562267272399
12V,Mutant,0.0012931346033578526
3Y,Mutant,0.03665289252439969
8A,Mutant,0.00023996085325644854
