sample,group,p_value
11I,Mutant,0.0007475770977332001
12I,Mutant,1.867057242580082e-10
7A,Mutant,0.004321363276067505
8I,Mutant,0.0004913868542551356
