sample,group,p_value
11I,Mutant,0.0007475770977353664
12I,Mutant,1.8670572425959356e-10
7A,Mutant,0.0043213632760661196
8I,Mutant,0.0004913868542573348
