sample,group,p_value
11A,Mutant,0.006990237654521023
12A,Mutant,0.0003105362989844001
12S,Mutant,0.018652724514586896
12T,Mutant,0.0006545562267295879
12V,Mutant,0.0012931346033640428
3Y,Mutant,0.03665289252450106
8A,Mutant,0.00023996085325956177
