sample,group,p_value
3,Mutant,0.0213381928742779
7,Mutant,0.030340552003899898
8,Mutant,0.001704861386225902
12,Mutant,1.1028022501033544e-09
