sample,group,p_value
3,Mutant,0.02133819287434163
7,Mutant,0.030340552003867705
8,Mutant,0.0017048613862320674
12,Mutant,1.1028022501037022e-09
