sample,group,p_value
A,Mutant,2.691738536166905e-07
T,Mutant,0.0034210802399014164
V,Mutant,0.003231338256290631
