sample,group,p_value
A,Mutant,2.691738536186419e-07
T,Mutant,0.00342108023990351
V,Mutant,0.0032313382562909536
