sample,group,p_value
AI,Mutant,4.353818730291353e-07
FA,Mutant,0.04979111939711037
TI,Mutant,0.0031384651061470096
VI,Mutant,0.0010154919906396036
