sample,group,p_value
AI,Mutant,4.3538187302544137e-07
FA,Mutant,0.04979111939688902
TI,Mutant,0.003138465106145636
VI,Mutant,0.0010154919906388527
