sample,group,p_value
G,clash,4.419343608031406e-08
G,void,0.891243098454051
