sample,group,p_value
11A,Mutant,0.030353624536437578
12I,Mutant,0.005573812375584828
