sample,group,p_value
11A,Mutant,0.030353624536347178
12I,Mutant,0.005573812375630512
