sample,group,p_value
G,clash,3.0665342409110954e-22
L,clash,0.002540564890206429
R,clash,8.080078732919457e-17
G,void,0.13696985499188447
L,void,0.0006701436613002073
R,void,0.06935258128515112
