sample,group,p_value
G,void,0.3128958139970374
L,void,0.12814129787270995
R,void,0.50663853792701
G,clash,2.0129129105321504e-19
L,clash,0.0030084558666380423
R,clash,4.4088889407173377e-16
