sample,group,p_value
G,void,0.733326764863026
L,void,0.033394536100601904
R,void,0.0036447221622629843
G,clash,2.7358841398879796e-09
L,clash,1.647324030115305e-05
R,clash,5.585167665791687e-22
