,D1-Rep1,D1-Rep2,D1-Rep3,D2-Rep1,D2-Rep2,D2-Rep3,D3-Rep1,D3-Rep2,D3-Rep3,D4-Rep1,D4-Rep2,D4-Rep3,E1-Rep1,E1-Rep2,E1-Rep3,E2-Rep1,E2-Rep2,E2-Rep3,E3-Rep1,E3-Rep2,E3-Rep3,E4-Rep1,E4-Rep2,E4-Rep3
Median,17683.0,17440.0,16488.0,27051.0,26339.0,25472.0,38787.0,36611.0,37735.0,52720.0,50733.0,48162.0,15698.0,15757.0,15491.0,25755.0,25060.0,25714.0,33756.0,36460.0,34602.0,46731.0,49548.0,45512.0
Percent,0.265316404675534,0.251161381539083,0.300453514739229,0.4690648931882305,0.44637446980408,0.4867037724180581,0.25624748085449417,0.2890325186830943,0.19975262832405688,0.009371221281741232,0.013431629973742677,0.013090084518655946,0.3542960370328554,0.2784,0.3149,0.41097437055436375,0.4767,0.4626,0.21926160099356443,0.2329,0.2108,0.015467991419216438,0.012,0.0117
