sample,group,p_value
7,Mutant,0.006856277948929851
11,Mutant,8.280196483689141e-14
15,Mutant,0.009787522218570762
