sample,group,p_value
11G,Mutant,0.002445211594297114
15G,Mutant,0.009769931557071005
