sample,group,p_value
11G,Mutant,0.0024452115943020335
15G,Mutant,0.0097699315570584
