sample,group,p_value
A,Mutant,0.021880924535148633
G,Mutant,8.781333574654997e-05
