sample,group,p_value
A,Mutant,0.021880924535325797
G,Mutant,8.781333574622113e-05
