sample,group,p_value
AI,Mutant,0.021880924535148578
GI,Mutant,8.781333574655112e-05
