sample,group,p_value
AI,Mutant,0.021880924535325825
GI,Mutant,8.781333574622113e-05
