sample,group,p_value
11I,Mutant,3.902829858421862e-15
15I,Mutant,0.0008899836183851026
7I,Mutant,0.00018340369782079578
