sample,group,p_value
AI,Mutant,0.009513658260635043
GI,Mutant,1.3033714299183418e-19
