sample,group,p_value
G,void,0.6426918820767992
L,void,0.18450586795842905
R,void,0.3923486209641168
G,clash,1.2489057564373798e-08
L,clash,0.01926076135442072
R,clash,1.3386962399489179e-08
