sample,group,p_value
G,void,0.6426918820774773
L,void,0.18450586795872662
R,void,0.39234862096459266
G,clash,1.2489057564362148e-08
L,clash,0.01926076135446155
R,clash,1.3386962399484383e-08
