sample,group,p_value
11I,Mutant,0.00010954399821568747
12I,Mutant,6.065114634223169e-13
4I,Mutant,0.017738258232434377
8I,Mutant,8.228861346337905e-05
