sample,group,p_value
11A,Mutant,0.001943841934795243
11T,Mutant,0.0013834753531165919
12A,Mutant,3.81849659986602e-08
12S,Mutant,0.03635640580478732
12T,Mutant,0.0009251486106003677
12V,Mutant,0.00011171380556524299
4A,Mutant,0.039275891757244434
8A,Mutant,0.0022264015941353063
8T,Mutant,0.024655681922294174
