sample,group,p_value
11I,Mutant,1.246690753107407e-09
7I,Mutant,2.492581438727983e-08
