sample,group,p_value
11G,Mutant,1.8962874326685538e-14
7G,Mutant,4.8506266211489365e-14
