sample,group,p_value
7,Mutant,8.616708731823216e-08
11,Mutant,1.2230909648376615e-10
