sample,group,p_value
G,void,0.20743032099262393
L,void,0.0005901537335441051
R,void,0.005645701371713432
G,clash,1.2400809430962417e-22
L,clash,5.494689413645886e-06
R,clash,3.2328067740688014e-27
