sample,group,p_value
G,void,0.20743032099109615
L,void,0.0005901537335388695
R,void,0.005645701371677789
G,clash,1.2400809430977367e-22
L,clash,5.494689413627963e-06
R,clash,3.232806774091294e-27
