sample,group,p_value
11A,Mutant,0.00045641535781437893
12A,Mutant,8.410724339614863e-12
12L,Mutant,0.009739509010982809
12T,Mutant,7.135014430968524e-05
12V,Mutant,0.0021146214682984266
8A,Mutant,1.0181940882384326e-06
8T,Mutant,0.005566043719807385
