sample,group,p_value
11I,Mutant,0.00018001226765343732
12I,Mutant,1.4269621595053186e-17
4I,Mutant,0.019436801123437493
8I,Mutant,8.350715227165394e-07
