sample,group,p_value
11I,Mutant,0.0001800122676531509
12I,Mutant,1.4269621595008837e-17
4I,Mutant,0.019436801123435498
8I,Mutant,8.35071522715689e-07
