sample,group,p_value
11A,Mutant,0.0004564153578150907
12A,Mutant,8.410724339619162e-12
12L,Mutant,0.009739509011025728
12T,Mutant,7.135014430984829e-05
12V,Mutant,0.0021146214682988425
8A,Mutant,1.0181940882283052e-06
8T,Mutant,0.005566043719807347
