sample,group,p_value
8,Mutant,0.0003087135920986589
12,Mutant,1.7445315830118181e-09
