sample,group,p_value
A,Mutant,7.37651047324568e-14
T,Mutant,6.567354235435086e-08
V,Mutant,0.008413878326985586
