sample,group,p_value
AI,Mutant,7.376510473235603e-14
TI,Mutant,5.143483487588269e-08
VI,Mutant,0.004559115442533335
