sample,group,p_value
A,Mutant,0.016777612354255504
I,Mutant,0.029080279436670606
