sample,group,p_value
11F,Mutant,0.03159170874122119
12S,Mutant,0.006145689232166759
4A,Mutant,0.018293629721040587
5L,Mutant,0.03815266975031257
8A,Mutant,0.013564847324241664
