sample,group,p_value
G,void,0.09468302156035074
L,void,0.0011848497203333491
R,void,0.004604027237995082
G,clash,2.5546600202578306e-14
L,clash,1.3424531802284029e-05
R,clash,1.919350949673686e-18
