sample,group,p_value
12A,Mutant,0.001276360860438324
12S,Mutant,0.021931005013896072
4A,Mutant,0.014522540836139453
8A,Mutant,0.0016941543158385595
