sample,group,p_value
12I,Mutant,2.9600596612557425e-06
4I,Mutant,0.006942920357182115
8A,Mutant,0.04764630952634333
