sample,group,p_value
A,Mutant,2.073822001540619e-06
T,Mutant,0.011856042212403812
