sample,group,p_value
AI,Mutant,1.371044345793494e-06
TI,Mutant,0.012204498848744286
