sample,group,p_value
AI,Mutant,1.3710443458158339e-06
TI,Mutant,0.012204498848663143
