sample,group,p_value
11,Mutant,8.424246658541597e-05
12,Mutant,0.009434329853965114
