sample,group,p_value
A,Mutant,0.0022252249561517264
Y,Mutant,0.00714478726060138
