Sequence	Interface	InterfaceSequence	Baseline	Dimer	Dimerw/Baseline	HBONDDimer	HBONDMonomer	IMM1Dimer	IMM1Monomer	Monomer	MonomerSasa	SequenceProbability	Total	VDWDimer	VDWMonomer	acceptCycleNumber	axialRotation	bestEnergyTotal	crossingAngle	currEnergyTotal	currEntropy	endAxialRotation	endCrossingAngle	endXShift	endZShift	energyComparison	entropyDiff	geometryNumber	prevEntropy	startEnergy	xShift	zShift	
LLLYWLLGTLLGTLLGWLILI	133002300220031003102	L--YW--GT--GT-LGW-IL-	353.161	2240	2593.16	-76.5326	-72.5472	-227.703	-282.763	-352.417	4673.75	3.96713e-07	1028.03	2544.24	2.89241	119	-72.85	2594.73	-35.44	2594.39	1.23103	-72.6877	-35.4699	6.541	1.10818	0.337172	-1.15198	0	0.0790506	2592.42	6.58	0.86	
LLLYYLLGTLLGTLLGWLILI	133002300220031003102	L--YY--GT--GT-LGW-IL-	341.855	690.195	1032.05	-80.266	-72.5472	-228.143	-277.59	-340.021	4634.93	6.94248e-07	410.39	998.603	10.1161	122	-72.6877	1033.36	-35.4699	1033	0.952787	-73.7033	-36.323	6.51623	1.37204	0.361144	-0.820686	1	0.132101	1030.22	6.541	1.10818	
LLLYYLLGWLLGTLLGWLILI	133002300220031003102	L--YY--GW--GT-LGW-IL-	343.302	71.815	415.117	-66.7676	-58.7227	-234.293	-286.753	-330.989	4637.58	2.94529e-07	162.676	372.876	14.4867	119	-73.7033	415.656	-36.323	415.575	0.457728	-73.5058	-36.1359	6.55099	1.6712	0.0806452	-0.0912572	2	0.366471	402.804	6.51623	1.37204	
