sample,group,p_value
11G,Mutant,1.5223001296963684e-16
15G,Mutant,0.00038869326460208527
7A,Mutant,0.016675433381758305
7G,Mutant,2.6695654855685484e-07
