sample,group,p_value
A,Mutant,0.00010314847999816759
G,Mutant,2.654346651094524e-20
