sample,group,p_value
A,Mutant,0.023281873860159823
I,Mutant,3.945097209591595e-17
