sample,group,p_value
11I,Mutant,0.0076932706936172855
12I,Mutant,4.875354668524547e-18
3A,Mutant,0.00021756319171724388
8I,Mutant,2.5927649614776777e-09
