sample,group,p_value
11I,Mutant,0.0076932706936131325
12I,Mutant,4.875354668537589e-18
3A,Mutant,0.00021756319171827056
8I,Mutant,2.5927649614835106e-09
