sample,group,p_value
11A,Mutant,0.0004463870451434545
12A,Mutant,3.2711755596273604e-10
12L,Mutant,0.0014898251144773672
12T,Mutant,2.3407532316430387e-05
12V,Mutant,1.4601305479676873e-05
3Y,Mutant,0.00011447605181408593
8A,Mutant,1.3861276182874537e-06
8T,Mutant,0.0006392917272727507
