sample,group,p_value
3,Mutant,0.00014749655668039568
8,Mutant,7.904807747824978e-08
12,Mutant,9.607002772117634e-16
