sample,group,p_value
AI,Mutant,3.836027688285531e-15
TI,Mutant,3.809190509602273e-10
YA,Mutant,0.0002749654481253425
