sample,group,p_value
AI,Mutant,3.836027688311112e-15
TI,Mutant,3.809190509576087e-10
YA,Mutant,0.0002749654481236949
