sample,group,p_value
7,Mutant,0.002246662511129109
11,Mutant,1.3734316517050773e-15
