sample,group,p_value
A,Mutant,0.0395230695886751
G,Mutant,6.819521734298612e-21
