sample,group,p_value
A,Mutant,0.033952216837117244
I,Mutant,7.568213965347283e-08
