sample,group,p_value
11G,Mutant,1.5281627825632884e-05
15G,Mutant,0.0037772152315269703
7G,Mutant,9.17417967879423e-06
