sample,group,p_value
11I,Mutant,0.000166327851136135
15I,Mutant,0.000976470685944274
7I,Mutant,0.023561546349947716
