sample,group,p_value
11I,Mutant,0.00016632785113643577
15I,Mutant,0.0009764706859387085
7I,Mutant,0.023561546349967166
