sample,group,p_value
7,Mutant,0.03761645498827153
11,Mutant,0.00053220849368279
