sample,group,p_value
7,Mutant,0.03761645498822431
11,Mutant,0.0005322084936820061
