sample,group,p_value
G,clash,1.0017802324132805e-21
L,clash,1.3370959352963387e-05
R,clash,7.237493971576534e-22
G,void,0.18449974332360683
L,void,0.003042679668833978
R,void,0.017304735166406272
