sample,group,p_value
7,Mutant,0.00037920566483974145
11,Mutant,3.662318736075331e-05
