sample,group,p_value
7,Mutant,0.00037920566483956103
11,Mutant,3.66231873605626e-05
