sample,group,p_value
A,Mutant,0.00018946677718166614
I,Mutant,0.0006168256546102422
