sample,group,p_value
A,Mutant,0.022345007674276184
F,Mutant,0.0014971634148568708
T,Mutant,0.040337096602216356
