sample,group,p_value
AI,Mutant,0.03872279539279787
FA,Mutant,0.002180286325070917
TI,Mutant,0.04033709660221631
