sample,group,p_value
11I,Mutant,0.00012743021875380242
15I,Mutant,0.0007060959286129796
7I,Mutant,0.019318624164806928
