sample,group,p_value
11I,Mutant,0.00013866845784595735
15I,Mutant,0.0007060959286156016
7I,Mutant,0.019318624164812198
