sample,group,p_value
7,Mutant,0.026043843300788218
11,Mutant,0.0009720707340127301
15,Mutant,0.0056603786730520175
