sample,group,p_value
A,Mutant,0.0002980905655196056
G,Mutant,1.5874277954673321e-12
