sample,group,p_value
A,Mutant,0.00024092898746182323
G,Mutant,1.5874277954710785e-12
