sample,group,p_value
8,Mutant,0.003151434392047091
11,Mutant,0.0006135894927675787
12,Mutant,1.3941611097708092e-09
