sample,group,p_value
11I,Mutant,2.0246411196770616e-12
12I,Mutant,0.015221431468521967
15I,Mutant,0.005132023012689603
7I,Mutant,0.006306229948409903
