sample,group,p_value
11G,Mutant,5.84434461610081e-13
12G,Mutant,0.004081930539390155
15G,Mutant,0.004250559915270512
7G,Mutant,3.3871066478392875e-07
