sample,group,p_value
7,Mutant,0.00936907332119742
11,Mutant,1.6032860111941363e-13
15,Mutant,0.020230370263682934
