sample,group,p_value
A,Mutant,0.04047445143987417
I,Mutant,1.965071163757494e-22
