sample,group,p_value
11A,Mutant,0.00013095224305654973
12A,Mutant,9.241009027174408e-13
12L,Mutant,0.004937926985701677
12S,Mutant,0.002460761582283227
12T,Mutant,1.4958521203519791e-05
12V,Mutant,2.0648907451213564e-05
4A,Mutant,0.047337310871711315
8A,Mutant,5.1530742881870815e-05
8T,Mutant,0.0018801123221531173
