sample,group,p_value
A,Mutant,2.911555684099539e-15
S,Mutant,0.048514017205164364
T,Mutant,6.808844319440176e-09
V,Mutant,0.006367433928700211
