sample,group,p_value
AI,Mutant,2.911555684099685e-15
LI,Mutant,0.04312146805768766
SI,Mutant,0.048514017205164364
TI,Mutant,5.823314468357104e-09
VI,Mutant,0.004401973450706732
