sample,group,p_value
G,clash,3.8772287483263186e-20
L,clash,0.00013867737512898484
R,clash,1.820325362069563e-19
G,void,0.33993508138532536
L,void,0.005154920815011459
R,void,0.1257901580477382
