sample,group,p_value
G,clash,3.8772287483083707e-20
L,clash,0.0001386773751298832
R,clash,1.8203253620828493e-19
G,void,0.3399350813870071
L,void,0.0051549208150226756
R,void,0.12579015804808044
