sample,group,p_value
11I,Mutant,0.0339454442882739
12I,Mutant,9.048666367614969e-08
4I,Mutant,0.022496533022968456
8I,Mutant,0.0015778923457878955
