sample,group,p_value
11A,Mutant,0.04617372188102666
12A,Mutant,0.0016339437878173221
12T,Mutant,0.023984895585970393
3Y,Mutant,0.023924184317858917
4A,Mutant,0.018399738820203976
8A,Mutant,0.012775819862074574
8T,Mutant,0.041220081807338195
