sample,group,p_value
8,Mutant,0.0068623778753136265
12,Mutant,6.980105037022316e-05
