sample,group,p_value
8,Mutant,0.006862377875293098
12,Mutant,6.980105037045594e-05
