sample,group,p_value
A,Mutant,9.561318183573493e-10
T,Mutant,0.007125666872057279
