sample,group,p_value
11G,Mutant,1.0947119850351038e-12
15G,Mutant,0.026875818071494705
3Y,Mutant,0.048409108012595035
7A,Mutant,0.028391175837174775
7G,Mutant,2.1924874312602678e-07
8L,Mutant,0.028325579506550166
