sample,group,p_value
11I,Mutant,3.051579549490035e-13
15I,Mutant,0.003483621675951303
7I,Mutant,0.0015872414857290257
