sample,group,p_value
11I,Mutant,3.2667764480697933e-13
15I,Mutant,0.0034836216759445717
7I,Mutant,0.001587241485740659
