sample,group,p_value
7,Mutant,0.03444320566923106
11,Mutant,4.298030540448411e-12
15,Mutant,0.027820239464613965
