sample,group,p_value
A,Mutant,0.00015661265097843098
G,Mutant,1.9148258270623078e-16
Y,Mutant,0.02888184345113327
