sample,group,p_value
AI,Mutant,0.00018281244198808225
GI,Mutant,6.179956986601298e-16
YA,Mutant,0.03075844816436237
