sample,group,p_value
11A,Mutant,0.004348824420360142
12A,Mutant,0.0009269704166532133
12S,Mutant,0.016929571092039273
12T,Mutant,0.0015685152771122742
12V,Mutant,0.00022083455150656272
8A,Mutant,0.00010860032529349285
