sample,group,p_value
11G,Mutant,1.0311771631570823e-26
15G,Mutant,0.01825828683554147
7G,Mutant,2.328340868184705e-06
