sample,group,p_value
11I,Mutant,8.587199743581851e-28
15I,Mutant,0.003163531435139939
7I,Mutant,2.328340868184705e-06
