sample,group,p_value
11I,Mutant,8.587199743803456e-28
15I,Mutant,0.00316353143512202
7I,Mutant,2.3283408681610322e-06
