sample,group,p_value
11G,Mutant,1.0311771631585357e-26
15G,Mutant,0.018258286835453767
7G,Mutant,2.3283408681610322e-06
