sample,group,p_value
7,Mutant,9.286396355983793e-05
11,Mutant,1.3671301314129712e-24
15,Mutant,0.0035628474366335887
