sample,group,p_value
11A,Mutant,0.004722981683120558
12A,Mutant,0.0008854459754380566
12S,Mutant,0.016929571092047995
12T,Mutant,0.004246523895190256
12V,Mutant,0.00022083455150524964
8A,Mutant,6.545710968924946e-05
8T,Mutant,0.03332896250182764
