sample,group,p_value
3,Mutant,0.006345166899165272
8,Mutant,0.00026060011072221877
12,Mutant,5.845330439575541e-06
