sample,group,p_value
3,Mutant,0.006345166899155412
8,Mutant,0.00026060011072072777
12,Mutant,5.845330439566198e-06
