sample,group,p_value
A,Mutant,1.3409282322774442e-07
F,Mutant,0.008391624528751574
S,Mutant,0.009070570389373029
T,Mutant,4.727049004391066e-05
V,Mutant,1.994436210585747e-05
