sample,group,p_value
A,Mutant,1.3409282322721e-07
F,Mutant,0.008391624528709628
S,Mutant,0.009070570389370184
T,Mutant,4.7270490043986414e-05
V,Mutant,1.9944362105820122e-05
