sample,group,p_value
AI,Mutant,7.078970308487141e-08
FA,Mutant,0.00021158884575419662
SI,Mutant,0.00633982125709001
TI,Mutant,2.5576489130898613e-05
VI,Mutant,2.4438000168665956e-05
