sample,group,p_value
11A,Mutant,0.02753115575904047
12A,Mutant,0.0002966521463008446
12S,Mutant,0.03158909046826841
12T,Mutant,0.001608990260734494
12V,Mutant,0.001092613746659505
3Y,Mutant,0.020560621651235414
4A,Mutant,0.0375388273394361
8A,Mutant,0.0035325569306144714
