sample,group,p_value
11I,Mutant,0.032569237040575204
12I,Mutant,3.6320305452491766e-10
4I,Mutant,0.03908818244984451
8I,Mutant,0.0037870445798163905
