sample,group,p_value
11A,Mutant,0.027531155759058887
12A,Mutant,0.0002966521462997689
12S,Mutant,0.03158909046817737
12T,Mutant,0.0016089902607336725
12V,Mutant,0.001092613746654798
3Y,Mutant,0.020560621651049934
4A,Mutant,0.0375388273394824
8A,Mutant,0.0035325569305961857
