sample,group,p_value
11I,Mutant,0.03256923704051811
12I,Mutant,3.6320305452776596e-10
4I,Mutant,0.039088182449848304
8I,Mutant,0.003787044579813084
