sample,group,p_value
8,Mutant,0.021344153705279954
12,Mutant,6.740790333004502e-07
