sample,group,p_value
8,Mutant,0.02134415370529539
12,Mutant,6.740790332974671e-07
