sample,group,p_value
A,Mutant,1.1729545713185921e-08
S,Mutant,0.04949211890151516
T,Mutant,0.011125196274027345
V,Mutant,0.003576908682798683
