sample,group,p_value
A,Mutant,1.1729545713232463e-08
S,Mutant,0.04949211890137175
T,Mutant,0.011125196274005725
V,Mutant,0.0035769086828007705
