sample,group,p_value
AI,Mutant,2.713266300723618e-08
SI,Mutant,0.04949211890137157
TI,Mutant,0.008375853286522603
VI,Mutant,0.0009226475543417037
