sample,group,p_value
AI,Mutant,2.713266300712151e-08
SI,Mutant,0.049492118901514955
TI,Mutant,0.008375853286544046
VI,Mutant,0.0009226475543414334
