sample,group,p_value
11I,Mutant,3.2835809533246443e-15
12I,Mutant,0.041079279864894194
15I,Mutant,0.0015960840638295423
7I,Mutant,0.0007117579842493282
