sample,group,p_value
A,Mutant,0.0035737947468773477
G,Mutant,9.621002792816412e-19
