sample,group,p_value
A,Mutant,0.004103407993750737
G,Mutant,9.62100279280281e-19
