sample,group,p_value
11I,Mutant,4.3605900910399875e-14
15I,Mutant,0.00023266399556881232
7I,Mutant,0.0004469510337679273
