sample,group,p_value
A,Mutant,0.0004279218944680703
G,Mutant,5.760406383550046e-18
