sample,group,p_value
11I,Mutant,0.0009872767229871697
12I,Mutant,3.1472185344942754e-08
3A,Mutant,0.002741240882519569
8I,Mutant,5.556186064929259e-08
