sample,group,p_value
11A,Mutant,0.0034736398784383166
12A,Mutant,0.0003961771266399896
12S,Mutant,0.029665008430670707
12T,Mutant,0.003710520239874685
12V,Mutant,0.0003234833698801578
16L,Mutant,0.013841775401880176
3Y,Mutant,0.0013870645902152939
8A,Mutant,9.321227357379747e-06
8T,Mutant,0.02433451195102894
