sample,group,p_value
3,Mutant,0.001414208926901781
8,Mutant,4.909686080919971e-07
12,Mutant,9.33622975011821e-08
