sample,group,p_value
3,Mutant,0.0014142089269037234
8,Mutant,4.90968608097821e-07
12,Mutant,9.336229750144891e-08
