sample,group,p_value
A,Mutant,2.7869219862343524e-08
F,Mutant,0.0010514840101338108
T,Mutant,2.975174138756231e-05
V,Mutant,1.8185106413050033e-05
Y,Mutant,0.02749036989205881
