sample,group,p_value
AI,Mutant,2.7869219862562992e-08
FA,Mutant,0.002662872133033522
TI,Mutant,4.698386880176985e-05
VI,Mutant,3.2785966997188432e-06
