sample,group,p_value
G,clash,3.7964298171952453e-10
L,clash,0.010804785629673564
R,clash,1.7109517684971882e-11
G,void,0.3919066785379479
L,void,0.32039129082706475
R,void,0.7559379955724432
