sample,group,p_value
11I,Mutant,2.231763848716026e-12
12I,Mutant,0.009847490930144616
15I,Mutant,0.0031673723802245297
7I,Mutant,0.004101728141847419
