sample,group,p_value
11G,Mutant,1.0117021790648135e-12
12G,Mutant,0.007816977914149259
15G,Mutant,0.0038329284343630904
7G,Mutant,5.551011229071765e-07
