sample,group,p_value
11G,Mutant,1.0117021790586607e-12
12G,Mutant,0.007816977914203245
15G,Mutant,0.003832928434397937
7G,Mutant,5.551011229176134e-07
