sample,group,p_value
7,Mutant,0.0068562779489152285
11,Mutant,8.28019648362826e-14
15,Mutant,0.009787522218612545
