sample,group,p_value
11A,Mutant,0.019282754151843398
12A,Mutant,0.0016339437878198804
12T,Mutant,0.02398489558603652
4A,Mutant,0.018399738820276117
8A,Mutant,0.01277581986212933
