sample,group,p_value
A,Mutant,1.1725981554923017e-09
S,Mutant,0.0333354286153654
T,Mutant,0.0070020080008328
