,>= 0.5_freq,>= 0.5_count,< 0.5_freq,< 0.5_count
L,0.2037037037037037,44,0.19863861386138615,321
A,0.16203703703703703,35,0.1454207920792079,235
V,0.125,27,0.1219059405940594,197
T,0.125,27,0.12561881188118812,203
F,0.12037037037037036,26,0.12128712871287128,196
S,0.10648148148148148,23,0.11819306930693069,191
I,0.0787037037037037,17,0.08601485148514851,139
Y,0.06481481481481481,14,0.07611386138613861,123
W,0.013888888888888888,3,0.006806930693069307,11
