,< 0.5_freq,< 0.5_count,>= 0.5_freq,>= 0.5_count
A,0.18323863636363635,387,0.1875,30
T,0.14725378787878787,311,0.15,24
L,0.13162878787878787,278,0.125,20
S,0.1240530303030303,262,0.15625,25
F,0.11458333333333333,242,0.09375,15
V,0.11410984848484848,241,0.1,16
Y,0.10653409090909091,225,0.10625,17
I,0.07339015151515152,155,0.08125,13
W,0.005208333333333333,11,0.0,0
