sample,group,p_value
11A,Mutant,0.0004004245971889583
12A,Mutant,1.4377189363031784e-10
12S,Mutant,0.0020236158839980574
12T,Mutant,0.0002808860112394634
12V,Mutant,2.0648907451213835e-05
16L,Mutant,0.049101208829932706
4A,Mutant,0.019673168818461064
8A,Mutant,0.0004445920531829226
8S,Mutant,0.02980232547064958
8T,Mutant,0.0017925884412033082
