sample,group,p_value
11I,Mutant,0.00025391615852657
12I,Mutant,1.123478972290156e-18
4I,Mutant,0.011543880559508371
8I,Mutant,5.455323883797955e-06
