sample,group,p_value
11A,Mutant,0.00040042459719029697
12A,Mutant,1.4377189362948678e-10
12S,Mutant,0.002023615884006159
12T,Mutant,0.00028088601124042053
12V,Mutant,2.0648907451193106e-05
16L,Mutant,0.04910120882994266
4A,Mutant,0.019673168818422584
8A,Mutant,0.0004445920531842096
8S,Mutant,0.02980232547064971
8T,Mutant,0.0017925884412010268
