sample,group,p_value
11I,Mutant,0.00025391615852708694
12I,Mutant,1.1234789722929868e-18
4I,Mutant,0.011543880559485877
8I,Mutant,5.455323883794553e-06
