sample,group,p_value
8,Mutant,0.0006268988738641008
11,Mutant,0.03629437643126687
12,Mutant,8.550862856881751e-12
