sample,group,p_value
8,Mutant,0.0006268988738642788
11,Mutant,0.0362943764312312
12,Mutant,8.550862856895088e-12
