sample,group,p_value
A,Mutant,4.962794634385691e-12
S,Mutant,0.003227382836363221
T,Mutant,9.084393241088321e-07
V,Mutant,0.008498855415558266
