sample,group,p_value
A,Mutant,4.962794634397778e-12
S,Mutant,0.0032273828363624567
T,Mutant,9.084393241097267e-07
V,Mutant,0.008498855415553576
