sample,group,p_value
AI,Mutant,2.1303604320774135e-12
LI,Mutant,0.043121468057687254
SI,Mutant,0.003227382836362409
TI,Mutant,9.161286392823467e-07
VI,Mutant,0.007317606191104561
