sample,group,p_value
AI,Mutant,2.130360432073177e-12
LI,Mutant,0.04312146805768766
SI,Mutant,0.003227382836363221
TI,Mutant,9.16128639281561e-07
VI,Mutant,0.00731760619110885
