sample,group,p_value
AI,Mutant,2.0276253617772858e-13
LI,Mutant,0.043121468057687726
SI,Mutant,0.01708621982423026
TI,Mutant,1.3257250246850713e-07
VI,Mutant,0.004401973450706697
