sample,group,p_value
7,Mutant,0.0007595766226042008
11,Mutant,2.889139232207479e-14
12,Mutant,0.04661965561459313
15,Mutant,0.004118778806283624
