sample,group,p_value
G,void,0.5166235445117893
L,void,0.03339453610060207
R,void,0.0036447221622629843
G,clash,6.38492668142065e-11
L,clash,1.6473240301152074e-05
R,clash,5.585167665791688e-22
