sample,group,p_value
G,void,0.5166235445096792
L,void,0.03339453610034156
R,void,0.0036447221622335946
G,clash,6.384926681439417e-11
L,clash,1.6473240301135886e-05
R,clash,5.585167665829588e-22
