sample,group,p_value
AI,Mutant,0.025144347523292632
GI,Mutant,1.9206618614413538e-21
