Sequence,Segments,Fluorescence,FluorStdDev,Rep1-Fluor,Rep2-Fluor,Rep3-Fluor,Sample,Average Percent GpA,LB-12H_M9-24H,LB-12H_M9-36H,LB-24H_M9-24H,LB-24H_M9-36H,LB-36H_M9-24H,LB-36H_M9-36H,std,Percent Error,mean,PercentGpA_transformed,Percent GpA,std_adjusted,Type,Mutant Type,mean_transformed,percent_wt,wt_seq,position,wt_aa,mut_aa,mut_position,Mutant Type_x,Mutant Type_y
LLLSYLLVALLIALLGLLILI,7.0,22062.77675458984,2551.3702285912927,24906.346085573365,21308.13160843376,19973.85256976241,G,54.025568828909336,16058908247114.04,16058908247114.04,12169220547116.082,12169220547116.082,15648593248969.229,15648593248969.229,943.477756239579,0.1291045441282475,20640.992089098087,0.4330732513416878,39.2801847040095,0.05591172468860656,Mutant,,,0.0,LLLSYLLVALLGALLGLLILI,G11I,G,I,11,clash,clash
LLLAYLLILLLGVLLGTLILI,6.0,21094.91906757056,1331.8486094040147,22187.557537126188,21485.843984285177,19611.35568130032,G,41.8935193169449,-50.75589926167873,-66.74340190298112,-67.29258177033749,-77.91131431894482,-54.92363528387416,-69.55804812022356,1325.463390295456,0.1478994395855525,20548.59983279275,0.4215901258485654,38.238653533585655,0.062352943347805376,Mutant,,,0.0,LLLAYLLGLLLGVLLGTLILI,G7I,G,I,7,clash,clash
