sample,group,p_value
G,clash,2.1117314033900827e-14
G,void,0.3761562075957773
