sample,group,p_value
G,clash,2.111731403390486e-14
G,void,0.3761562075968502
