sample,group,p_value
G,clash,2.3140822409006233e-10
G,void,0.2761847639315311
