sample,group,p_value
G,clash,2.3140822409128715e-10
G,void,0.27618476393054536
