sample,group,p_value
A,Mutant,0.01434037753379014
I,Mutant,2.5759869704076605e-21
