sample,group,p_value
A,Mutant,0.004103407993750737
G,Mutant,3.541939249624418e-21
