sample,group,p_value
AI,Mutant,0.0041034079937506875
GI,Mutant,8.068827625817078e-21
