sample,group,p_value
G,clash,9.48058082018034e-33
L,clash,0.00024025282685880966
R,clash,1.9956488648183376e-05
G,void,0.004840099101489023
L,void,0.19740979285925842
R,void,0.0016417020469012829
