sample,group,p_value
11G,Mutant,2.5197699783718757e-14
12G,Mutant,0.04377739080791101
15G,Mutant,0.0009322243633741273
7G,Mutant,1.1649271587306893e-06
