sample,group,p_value
7,Mutant,0.012040746968168186
11,Mutant,8.932562936152794e-16
15,Mutant,0.0003040972466490355
