sample,group,p_value
12S,Mutant,0.007677636506926969
5A,Mutant,0.017226969989553618
7L,Mutant,0.010030546381740175
8T,Mutant,0.025291805459654978
8Y,Mutant,0.004872374924140532
