sample,group,p_value
11I,Mutant,0.0124884220152586
5I,Mutant,0.006003399843909037
7A,Mutant,0.002379911378346319
