sample,group,p_value
5,Mutant,0.03628430200483499
7,Mutant,5.829388866333187e-05
11,Mutant,0.03797522571777801
