sample,group,p_value
AI,Mutant,0.005044946502724252
TI,Mutant,0.009497925142504682
