sample,group,p_value
G,void,0.3577136681981473
L,void,0.012844157270663958
R,void,0.3414962567416111
G,clash,1.6611668178043176e-16
L,clash,0.010949789290529392
R,clash,1.670276204444266e-14
