sample,group,p_value
G,void,0.35771366819916917
L,void,0.012844157270662742
R,void,0.34149625674232365
G,clash,1.6611668178001023e-16
L,clash,0.010949789290602538
R,clash,1.670276204442601e-14
