sample,group,p_value
11A,Mutant,0.0007862835016519466
12A,Mutant,0.009398148947813306
12S,Mutant,0.020538660291806905
12T,Mutant,0.006894906164819226
12V,Mutant,0.0007742065181439737
12Y,Mutant,0.024090623854873264
8A,Mutant,0.015239898265869505
