sample,group,p_value
11A,Mutant,0.0007862835016529682
12A,Mutant,0.009398148947802965
12S,Mutant,0.020538660291791588
12T,Mutant,0.006894906164799349
12V,Mutant,0.0007742065181408107
12Y,Mutant,0.024090623854822944
8A,Mutant,0.015239898265815507
