sample,group,p_value
11,Mutant,0.0015935023367964255
12,Mutant,2.2657137917904854e-06
