sample,group,p_value
11,Mutant,0.0015935023367989517
12,Mutant,2.2657137917810816e-06
