sample,group,p_value
A,Mutant,4.457361578485318e-07
S,Mutant,0.013538522048838894
T,Mutant,0.0008606916133495031
V,Mutant,0.001023951731240379
