sample,group,p_value
AI,Mutant,3.0466018457670954e-07
SI,Mutant,0.013538522048845222
TI,Mutant,0.0009495666187641919
VI,Mutant,0.0007875119055436593
