sample,group,p_value
AI,Mutant,3.046601845753204e-07
SI,Mutant,0.013538522048838866
TI,Mutant,0.0009495666187636406
VI,Mutant,0.0007875119055410183
