sample,group,p_value
11I,Mutant,0.0010189223515061087
12I,Mutant,2.1198204489701287e-07
8I,Mutant,0.007419793293412128
