sample,group,p_value
A,Mutant,2.916546113733602e-06
S,Mutant,0.009093592974076815
T,Mutant,0.00036200067140459405
V,Mutant,0.00015884244430457015
