sample,group,p_value
A,Mutant,2.916546113738931e-06
S,Mutant,0.009093592974094823
T,Mutant,0.0003620006714044458
V,Mutant,0.00015884244430550113
