sample,group,p_value
AI,Mutant,2.5718472764960433e-06
SI,Mutant,0.009093592974094844
TI,Mutant,0.0005744146405349493
VI,Mutant,0.00012461905199637058
