sample,group,p_value
AI,Mutant,2.5718472764894496e-06
SI,Mutant,0.009093592974076815
TI,Mutant,0.000574414640535395
VI,Mutant,0.00012461905199563194
