sample,group,p_value
11I,Mutant,4.275932880288087e-06
15I,Mutant,0.04521065462413659
