sample,group,p_value
7,Mutant,0.0003880035155220912
11,Mutant,1.2590754040986394e-06
