sample,group,p_value
7,Mutant,0.0003880035155220562
11,Mutant,1.25907540410386e-06
