sample,group,p_value
A,Mutant,2.9313832957123057e-08
T,Mutant,0.03419013572203915
