sample,group,p_value
11I,Mutant,0.008232112142485816
12I,Mutant,0.0003036995531190847
4A,Mutant,0.021165761654987174
4I,Mutant,0.0061256941103148355
