sample,group,p_value
A,Mutant,3.671127862725356e-07
L,Mutant,0.023812959632742894
T,Mutant,0.03792643942418375
