Amino Acid,Count,Percentage
S,177,10.872235872235873
Y,158,9.705159705159705
F,164,10.073710073710075
T,206,12.653562653562652
A,271,16.646191646191646
I,104,6.388206388206388
L,375,23.034398034398034
V,165,10.135135135135135
W,8,0.4914004914004914
