Sequence,Segments,Fluorescence,FluorStdDev,Rep1-Fluor,Rep2-Fluor,Rep3-Fluor,Sample,Average Percent GpA,LB-12H_M9-24H,LB-12H_M9-36H,LB-24H_M9-24H,LB-24H_M9-36H,LB-36H_M9-24H,LB-36H_M9-36H,std,Percent Error,mean,mean_transformed,Percent GpA,std_adjusted,Type,Mutant Type,percent_wt,wt_seq,position,wt_aa,mut_aa,mut_position,Mutant Type_x,Mutant Type_y
LLLAYLLGVLLGLLLASLILI,6.0,29868.266555690803,4896.6023899384045,25405.24850830173,29093.479287157967,35106.07187161272,G,241.95014864834133,-5.574718058349071,5.679110787480766,8.090400049150555,20.97287005100977,38.31571608620825,54.80051087331253,4251.544988979907,13.244781037379818,32099.775579385343,37501.78677993567,126.30220548978774,4967.029544107531,Mutant,,136.78840403936496,LLLFYLLGVLLGLLLASLILI,F3A,F,A,3,void,void
LLLAILLGLLLGTLLASLILI,7.0,25387.63250533537,1594.9708835646338,26430.541737236777,26180.7832940328,23551.57248473654,G,110.49924376910084,-56.09121638250157,-59.42887323963873,-58.73204806667505,-61.868966273067294,-54.26974334981005,-57.74585660352184,1859.1327924223528,7.476552289992316,24866.17788938467,28198.764884267435,94.97057347882094,2108.295401704246,Mutant,,135.3682637807648,LLLYILLGLLLGTLLASLILI,Y3A,Y,A,3,void,void
LLLLALLAILTYLLAVLLILI,8.0,37652.22406239277,5586.331734114681,34662.01680925055,44097.18603855516,34197.46933937261,L,298.779249838905,-27.318286575852103,-31.066046920372862,-48.83835477685289,-51.476454184455,-35.296623562672366,-38.63298888682623,5586.331734114681,14.836658054668106,37652.22406239278,38802.97167909181,131.95594502936595,5757.064223076559,Mutant,,153.2761857673216,LLLLALLFILTYLLAVLLILI,F7A,F,A,7,void,void
LLLLVSLLIALTALLFLLILI,9.0,32229.37705800798,1759.6643844305136,33106.4211718714,33378.15269293699,30203.55730921555,L,222.95575701898164,20724585892307.465,-16.563658902976584,19990671303766.27,-19.51836922932567,29576354545354.58,19.07320218953636,1759.6643844305136,5.459815066432667,32229.377058007984,28269.03778104176,96.13355457201216,1543.4371839048608,Mutant,,138.63483514464946,LLLLVSLLILLTALLFLLILI,L9A,L,A,9,void,void
