sample,group,p_value
7,Mutant,0.0019685749534456005
11,Mutant,1.9626763379108928e-13
15,Mutant,0.005790282683537275
