sample,group,p_value
AI,Mutant,0.008095449270786089
GI,Mutant,6.5764565250598284e-18
