sample,group,p_value
AI,Mutant,0.007632044737905327
GI,Mutant,6.576456525041939e-18
