sample,group,p_value
11I,Mutant,0.0016040299139714438
15I,Mutant,0.0034229020795099887
7I,Mutant,0.04864903813708511
