sample,group,p_value
G,clash,1.4989271729221728e-16
G,void,0.330762432474759
