sample,group,p_value
G,clash,1.498927172922291e-16
G,void,0.33076243247577575
