sample,group,p_value
11I,Mutant,2.197555459756643e-05
12I,Mutant,3.406565512679074e-17
3A,Mutant,0.004060575077270941
4I,Mutant,0.0003643211125889241
8I,Mutant,4.867664436786469e-07
