sample,group,p_value
AI,Mutant,7.368547951173125e-18
LI,Mutant,0.048954891606069015
SI,Mutant,0.003688383893313238
TI,Mutant,2.715072695997238e-07
VI,Mutant,0.00018651884674101014
YA,Mutant,0.0013640512499237252
