sample,group,p_value
11I,Mutant,0.002916038886413578
12I,Mutant,1.5899951467935115e-09
3A,Mutant,0.014952097018491796
7A,Mutant,0.0032450175616207328
8I,Mutant,0.01787895381560694
