sample,group,p_value
11I,Mutant,0.002916038886416512
12I,Mutant,1.589995146802466e-09
3A,Mutant,0.014952097018569997
7A,Mutant,0.0032450175616231154
8I,Mutant,0.017878953815652007
