sample,group,p_value
3,Mutant,0.007187367700488915
7,Mutant,0.008774043077080216
12,Mutant,1.0115370745349727e-06
