sample,group,p_value
A,Mutant,2.847338060704394e-06
L,Mutant,0.03775338269944775
T,Mutant,0.005218930306480609
V,Mutant,0.0014407742139719588
