sample,group,p_value
AI,Mutant,1.2191670535551418e-05
LA,Mutant,0.04902460332405926
TI,Mutant,0.0036235476601979644
VI,Mutant,0.0004024309911018445
