sample,group,p_value
G,clash,1.75858412015863e-13
G,void,0.46502510431647204
