sample,group,p_value
G,clash,1.758584120160767e-13
G,void,0.4650251043177407
