sample,group,p_value
G,void,0.12702801443302142
L,void,1.5115813632348673e-05
R,void,0.01707226407005813
G,clash,2.377587333744973e-17
L,clash,0.0021218014124275014
R,clash,2.6758248422068334e-17
