sample,group,p_value
G,clash,8.86164113258417e-19
L,clash,0.0001020197423279182
R,clash,5.084332221071422e-22
G,void,0.3486230683995507
L,void,1.094634622935267e-05
R,void,0.011332574901707537
