sample,group,p_value
G,clash,8.861641132777857e-19
L,clash,0.00010201974232835756
R,clash,5.084332221085844e-22
G,void,0.3486230683979822
L,void,1.0946346229115875e-05
R,void,0.011332574901640963
