sample,group,p_value
A,Mutant,4.386581795690002e-15
T,Mutant,2.5502025506411493e-07
V,Mutant,0.0009285257287592154
Y,Mutant,0.013218052576787785
