sample,group,p_value
G,void,0.4370523605114308
L,void,0.0022637292670263957
R,void,0.032531138455357586
G,clash,1.5994757689114655e-15
L,clash,0.021296753317814096
R,clash,3.5819229971265613e-11
