sample,group,p_value
11A,Mutant,0.0003880290666619268
12A,Mutant,2.1958198921887514e-09
12L,Mutant,0.02628714643662423
12T,Mutant,0.00027153231216359576
12V,Mutant,0.0089296048755042
4A,Mutant,0.01364835453940509
8A,Mutant,7.11483123927977e-05
8T,Mutant,0.010019437112133954
