sample,group,p_value
11A,Mutant,0.0003880290666628783
12A,Mutant,2.195819892196209e-09
12L,Mutant,0.02628714643669582
12T,Mutant,0.0002715323121642081
12V,Mutant,0.008929604875500884
4A,Mutant,0.013648354539380202
8A,Mutant,7.114831239240615e-05
8T,Mutant,0.010019437112139038
