sample,group,p_value
AI,Mutant,2.2351598014981573e-14
TI,Mutant,6.45403977275157e-08
VI,Mutant,0.0014029507358150472
