sample,group,p_value
G,clash,7.181685651571499e-10
L,clash,1.0664797685344448e-05
R,clash,7.915863974038152e-21
G,void,0.698120312873354
L,void,0.14783198190874827
R,void,0.005407962747192085
