sample,group,p_value
3,Mutant,0.0153437857118386
8,Mutant,0.004027255762785349
12,Mutant,1.595400851227671e-05
