sample,group,p_value
11A,Mutant,0.0016338872537130377
12A,Mutant,9.519088227667482e-05
4A,Mutant,0.044502650157651376
7L,Mutant,0.03735231971934527
8A,Mutant,0.01679218531604069
