sample,group,p_value
AI,Mutant,1.2211958285078438e-07
SI,Mutant,0.03833246113377023
TI,Mutant,0.004056542082464571
