Sequence,Segments,Fluorescence,FluorStdDev,Rep1-Fluor,Rep2-Fluor,Rep3-Fluor,Sample,LB-12H_M9-36H,LB-36H_M9-36H,std,Percent Error,mean,mean_transformed,Percent GpA,std_adjusted,Type,Mutant Type,percent_wt,wt_seq,position,wt_aa,mut_aa,mut_position
LLLAYLLALLLGFLLGTLILI,13.0,30249.32133,1965.213027,30478.00483,32090.18804,28179.77111,D,-58.24202822,-46.37438814,1965.2130291981728,6.496717754344178,30249.321326666668,0.9928452572806534,91.54775167098228,0.0645023541029163,WT,,132.2753505474629,LLLAALLALLLGFLLGTLILI,A4Y,A,Y,4
LLLYTLLALLLGILLGFLILI,13.0,27165.12298,1951.257549,28057.66692,28510.47876,24927.22325,D,20.54862463,54.64354642,1951.257551060881,7.182951289183941,27165.122976666666,0.4284080546563862,39.50242388119195,0.0307723418849087,WT,,142.18234391328778,LLLWTLLALLLGILLGFLILI,W3Y,W,Y,3
