Sequence	Interface	InterfaceSequence	Baseline	Dimer	Dimerw/Baseline	HBONDDimer	HBONDMonomer	IMM1Dimer	IMM1Monomer	Monomer	MonomerSasa	SequenceProbability	Total	VDWDimer	VDWMonomer	acceptCycleNumber	axialRotation	bestEnergyTotal	crossingAngle	currEnergyTotal	currEntropy	endAxialRotation	endCrossingAngle	endXShift	endZShift	energyComparison	entropyDiff	geometryNumber	prevEntropy	startEnergy	xShift	zShift	
LLLYFLLGFLLGTLLSTLILI	033002300210021003231	L--YF--GF-LGT-LST---I	344.77	-344.819	-0.049012	-87.9683	-87.9217	-224.469	-277.506	-342.788	4619.53	1.03479e-05	-7.11471	-32.3822	22.6401	129	-96.6858	0.500059	-44.5243	0.191023	0.240035	-96.2569	-44.4137	8.14264	5.5543	0.309035	0.410343	2	0.650378	-2.03153	8.18139	5.47986	
LLLYYLLGTLLGTLLATLILI	033002300210021003231	L--YY--GT-LGT-LAT---I	347.769	-347.085	0.683708	-86.482	-86.3847	-223.889	-275.964	-352.079	4559.27	2.27527e-06	0.671148	-36.7148	10.2702	142	-96.24	0.975619	-43.88	0.927869	0.244161	-95.8443	-44.0806	8.21582	5.33872	0.0477504	0.398052	0	0.642213	4.9935	8.19	5.27	
LLLYYLLGTLLGTLLSTLILI	033002300210021003231	L--YY--GT-LGT-LST---I	362.627	-362.466	0.160371	-101.738	-101.719	-226.157	-277.992	-366.768	4557.69	1.1615e-06	-0.781011	-34.5715	12.9426	135	-95.8443	1.23079	-44.0806	1.16467	1.0043	-96.6858	-44.5243	8.18139	5.47986	0.0661198	-0.884404	1	0.119894	4.30168	8.21582	5.33872	
