sample,group,p_value
11I,Mutant,4.674436094074244e-06
12I,Mutant,0.04346516796065275
15I,Mutant,0.03570221581261032
7I,Mutant,0.02352044065817274
