sample,group,p_value
11G,Mutant,3.0931639365543444e-06
12G,Mutant,0.04510500971173836
12L,Mutant,0.014418922241247056
15A,Mutant,0.04289131531555532
7G,Mutant,1.0823449037625903e-06
8L,Mutant,0.002642266755045412
