sample,group,p_value
7,Mutant,0.008883549437959583
11,Mutant,8.938444773969676e-05
