sample,group,p_value
11I,Mutant,2.8997388199444015e-16
15I,Mutant,0.0020864560692716158
7I,Mutant,0.0005134787272766851
