sample,group,p_value
AI,Mutant,0.02277971693133032
GI,Mutant,1.920661861448043e-21
