sample,group,p_value
11I,Mutant,2.7034452821105447e-15
12I,Mutant,0.04318125906838979
15I,Mutant,0.0015999071544348451
7I,Mutant,0.00104414466823434
