sample,group,p_value
7,Mutant,0.030804782394059385
11,Mutant,4.352373841437545e-15
15,Mutant,0.005598795408161691
