sample,group,p_value
A,Mutant,0.0035737947468773477
G,Mutant,5.944843454923186e-20
