Sequence,Segments,Fluorescence,FluorStdDev,Rep1-Fluor,Rep2-Fluor,Rep3-Fluor,Sample,Average Percent GpA,LB-12H_M9-24H,LB-12H_M9-36H,LB-24H_M9-24H,LB-24H_M9-36H,LB-36H_M9-24H,LB-36H_M9-36H,std,Percent Error,mean,mean_transformed,Percent GpA,std_adjusted,Type,Mutant Type,percent_wt,wt_seq,position,wt_aa,mut_aa,mut_position,Mutant Type_x,Mutant Type_y
LLLFALLLVLITLLYSLLILI,3.0,32424.17886463772,2899.5673554258374,34187.132013616705,34007.75563531746,29077.648944979,L,215.53331454403903,-99.99961656134305,99999900.0,-11.048471177787484,23198372727172.73,-28.85372407823958,18554799999899.984,2899.56735542584,8.942608439000901,32424.17886463772,25499.97166216418,92.12172675113884,2280.3626178035324,WT,,178.14716983774824,LLLFALLLVLITLLLSLLILI,L14Y,L,Y,14,,
LLLYALLTVLLALLFSLLILI,8.0,28977.719514774755,1024.9158389125846,27936.375200758102,29985.376262507245,29011.407081058915,L,184.985636929072,3390772030105.942,3390772030105.942,2781112499012.7554,2781112499012.7554,3371854522576.518,3371854522576.518,1024.9158389125864,3.536909929678961,28977.719514774755,6253.391075289823,22.591130356455,221.1768098835837,Mutant,,134.21964123787154,LLLLALLTVLLALLFSLLILI,L3Y,L,Y,3,void,void
LLLLVLLIALLATLLSYLILI,10.0,25388.19600575313,1528.8638611375543,24548.12872199607,27152.900583200364,24463.558712062964,R,117.04989692749004,-16.028907675469124,-24.51077222069754,0.0498627064924677,-10.05610780971172,37.697197171598944,23.78849427949761,1901.6518740101733,7.368393337993573,25808.229647631662,11629.005977260622,39.06400512242887,856.870901703346,Mutant,,160.58322254028172,LLLLVLLIALLATLLSFLILI,F16Y,F,Y,16,void,void
