sample,group,p_value
G,clash,3.12629218683809e-17
G,void,0.30778837359602007
