sample,group,p_value
G,clash,4.5368109559806985e-21
L,clash,0.028463858150905783
R,clash,3.7331014731205756e-15
G,void,0.06547885642779365
L,void,0.14054878659918113
R,void,0.0025647349512028495
