sample,group,p_value
G,void,0.8764539558809514
L,void,0.03339453610034156
R,void,0.003644722162233529
G,clash,2.735884139891094e-09
L,clash,1.6473240301136167e-05
R,clash,5.585167665829227e-22
