sample,group,p_value
G,void,0.8764539558787026
L,void,0.033394536100601904
R,void,0.0036447221622629843
G,clash,2.7358841398879593e-09
L,clash,1.6473240301152383e-05
R,clash,5.585167665791406e-22
