sample,group,p_value
G,clash,1.0192142463311067e-09
L,clash,1.6473240301152474e-05
R,clash,5.585167665791687e-22
G,void,0.9891794627580949
L,void,0.033394536100601904
R,void,0.0036447221622629843
