Sequence,Interface,startAxialRotation,startCrossingAngle,startXShift,startZShift,PDB,negRot,negAngle,Region
LLLLLALLFVLWTLLSYLILI,000011001101100110000,-40.4618,22.7533,9.4481,4.17759,1960_4.pdb,true,false,Left
LLLLLLLTFLLATLVILLILI,000011011001101100000,-50.6236,28.0,9.5,5.56445,1537_1.pdb,true,false,Left
LLLLYVLLFTLALLLSILILI,000011001101100110000,-45.0276,24.7723,9.3884,4.44983,1732_4.pdb,true,false,Left
LLLLLFLLAVLLTLLSILILI,000011001101100110000,-54.9139,28.0,9.3875,3.49725,1084_3.pdb,true,false,Left
LLLAALLYVLTLLLFSLLILI,000110011011001100000,-104.425,25.0886,9.5,5.48425,1062_0.pdb,true,false,Left
LLLLIALLSVLFTLLLYLILI,000011001101100110000,-47.2897,26.2853,9.0922,4.13637,1534_0.pdb,true,false,Left
LLLLYVLTALLFILLLLLILI,000011011001101100000,-64.2673,21.3262,9.4491,3.188,36_0.pdb,true,false,Left
LLLLLALITLLTVLFSLLILI,000011011001101100000,-63.0512,20.5938,9.1177,3.53345,506_3.pdb,true,false,Left
LLLLVLLIALLFLLTSLLILI,000011011001101100000,-59.2101,22.4036,8.5,1.20846,558_0.pdb,true,false,Left
LLLLLFLLAVLYTLLSILILI,000011001101100110000,-52.7055,21.5821,9.2885,4.73195,162_1.pdb,true,false,Left
LLLLAVLTFLLALLISLLILI,000011011001101100000,-62.4072,19.8661,8.7128,2.18738,1583_1.pdb,true,false,Left
LLLLAVLIYLLFTLLSLLILI,000011011001101100000,-87.4835,27.0762,9.5,4.27901,1045_3.pdb,true,false,Left
LLLLVILLYLLATLFLLLILI,000011011001101100000,-57.6596,25.001,9.1953,3.1013,969_0.pdb,true,false,Left
LLLLVLLLTILALLLSFLILI,000011001101100110000,-9.55643,18.0,9.4499,0.925446,1378_3.pdb,true,false,Left
LLLILLLTLLVALLFSLLILI,000110011011001100000,-105.484,21.1505,9.3705,4.56089,921_3.pdb,true,false,Left
LLLVLLLATLLILLFSLLILI,000110011011001100000,-115.621,26.2444,9.5,3.99125,1289_1.pdb,true,false,Left
LLLLIVLALLLLTLYFLLILI,000011011001101100000,-64.5026,28.0,8.5172,0.967539,1774_1.pdb,true,false,Left
LLLLAVLLLILTYLLSFLILI,000011001101100110000,-65.8443,18.8025,9.3959,4.83057,174_1.pdb,true,false,Left
LLLLTLLLYVLALLLSFLILI,000011001101100110000,-56.1056,20.982,8.8568,3.79583,1565_0.pdb,true,false,Left
LLLLYFLLLVLATLLLILILI,000011001101100110000,-59.1731,21.7183,9.3027,4.0601,1533_0.pdb,true,false,Left
LLLLLVLTFLLALLISLLILI,000011011001101100000,-65.3002,22.7316,9.0047,1.29216,1490_1.pdb,true,false,Left
LLLLALLVTLLTILFSLLILI,000011011001101100000,-57.4157,20.3375,8.5,1.15589,145_3.pdb,true,false,Left
LLLLLVLIALLTFLYLLLILI,000011011001101100000,-63.6223,25.1674,9.3555,4.01046,281_2.pdb,true,false,Left
LLLYALLFILVLLLTSLLILI,000110011011001100000,-100.847,18.4789,9.3388,4.61428,520_2.pdb,true,false,Left
LLLLALLVLLLSILFTLLILI,000011011001101100000,-97.11,26.835,9.5,2.82159,751_4.pdb,true,false,Left
LLLLLALVLLLTFLISLLILI,000011011001101100000,-63.8201,28.0,8.7037,2.44914,1493_3.pdb,true,false,Left
LLLLALLTVLLSLLFILLILI,000110011011001100000,-95.9088,24.4087,9.3555,5.3053,1880_1.pdb,true,false,Left
LLLVALLLLLFTLLASLLILI,000110011011001100000,-112.035,25.6894,8.8215,4.25318,301_0.pdb,true,false,Left
LLLLLFLVLLLTALISLLILI,000011011001101100000,-60.2062,21.5124,9.5,1.59483,1143_1.pdb,true,false,Left
LLLLLALITLLLVLFSLLILI,000011011001101100000,-61.7762,27.5734,9.4171,2.53215,979_2.pdb,true,false,Left
LLLLLALTVLLFILYSLLILI,000011011001101100000,-69.7673,27.775,9.066,1.82204,808_4.pdb,true,false,Left
LLLLVLLLYILATLLSFLILI,000011001101100110000,-53.8143,24.318,9.2808,4.12092,1670_0.pdb,true,false,Left
LLLLFLLLLTLAVLLSILILI,000011001101100110000,-60.0532,18.0145,9.4128,4.4936,1068_0.pdb,true,false,Left
LLLLYILLALLTVLFSLLILI,000011011001101100000,-45.197,23.9372,9.5,1.26277,1172_2.pdb,true,false,Left
LLLLVALLLTLFLLLAILILI,000011001101100110000,-17.3153,18.0,8.8015,1.11365,1279_1.pdb,true,false,Left
LLLLAVLLILLYTLLSFLILI,000011001101100110000,-64.6361,19.7597,9.4978,4.54569,1729_4.pdb,true,false,Left
LLLLVILLALLTLLLSFLILI,000011001101100110000,-41.3973,19.281,9.3778,3.17138,225_3.pdb,true,false,Left
LLLLLALTLLLTVLFILLILI,000011011001101100000,-65.6006,28.0,8.7601,1.68817,1049_1.pdb,true,false,Left
LLLLIALLTLLVALLSFLILI,000011001101100110000,-2.1739,19.6299,9.2379,0.117928,313_1.pdb,true,false,Left
LLLYLLLFVLTALLLSLLILI,000110011011001100000,-98.208,18.0,8.9124,5.07681,1017_3.pdb,true,false,Left
LLLLLLLVALLITLFSLLILI,000011011001101100000,-48.2707,23.404,9.3829,1.37422,1337_2.pdb,true,false,Left
LLLLALLTWLLSVLIFLLILI,000011011001101100000,-91.7845,18.1768,9.3834,3.62155,109_1.pdb,true,false,Left
LLLLYVLLFLLATLLSILILI,000011001101100110000,-52.7055,21.5821,9.2885,4.73195,162_0.pdb,true,false,Left
LLLLLILALLLFVLTSLLILI,000011011001101100000,-61.7768,21.5473,9.5,3.47734,1034_4.pdb,true,false,Left
LLLLAVLILLLSLLFTLLILI,000011011001101100000,-93.3402,24.3747,9.4761,5.76906,72_0.pdb,true,false,Left
LLLLAVLLATLLLLLSFLILI,000011001101100110000,-61.161,18.0,8.8181,3.97579,1831_1.pdb,true,false,Left
LLLLWVLLFILATLLSLLILI,000011001101100110000,-59.2256,18.0467,9.5,3.59954,648_0.pdb,true,false,Left
LLLLYLLLFVLAILLSTLILI,000011001101100110000,-58.0008,18.0,9.5,4.22224,1592_0.pdb,true,false,Left
LLLLVILLALLLTLLSFLILI,000011001101100110000,-49.9452,28.0,9.4728,3.60623,455_3.pdb,true,false,Left
LLLLFALTVLLLLLISLLILI,000011011001101100000,-64.2673,21.3262,9.4491,3.188,36_2.pdb,true,false,Left
LLLYLLLTVLLALLFILLILI,000110011011001100000,-104.611,18.0,9.4573,6.90581,1644_0.pdb,true,false,Left
LLLLYALIVLLLTLFSLLILI,000011011001101100000,-60.9815,19.8704,9.3939,5.78057,932_2.pdb,true,false,Left
LLLLLALLFLLTILVSLLILI,000011011001101100000,-64.5279,25.4166,9.1613,1.59963,1733_3.pdb,true,false,Left
LLLLYFLVALLTILLSLLILI,000011011001101100000,-49.6305,27.2769,9.5,1.70899,949_2.pdb,true,false,Left
LLLLVTLLALLLFLLSILILI,000011001101100110000,-10.3153,18.0,9.3619,0.81614,919_0.pdb,true,false,Left
LLLYLLLAILTSLLFVLLILI,000110011011001100000,-107.508,18.0,9.1345,4.0374,1855_0.pdb,true,false,Left
LLLLILLLALLFVLTSLLILI,000011011001101100000,-54.6517,25.202,8.7401,1.71483,1302_3.pdb,true,false,Left
LLLLALLTVLLSILFLLLILI,000011011001101100000,-93.5519,25.9939,9.4179,3.45897,1848_2.pdb,true,false,Left
LLLLWVLLAILLTLLLFLILI,000011001101100110000,-59.7614,25.2452,9.5,3.78434,1784_0.pdb,true,false,Left
LLLLFVLLALLLILLSTLILI,000011001101100110000,-63.4452,19.7618,9.1047,4.82636,1269_4.pdb,true,false,Left
LLLLTILVLLLLALFSLLILI,000011011001101100000,-94.4984,19.3383,9.5,5.02873,1826_2.pdb,true,false,Left
LLLLWLLVALLLTLFSLLILI,000011011001101100000,-62.8439,19.0347,9.5,3.61539,103_4.pdb,true,false,Left
LLLLLALLLVLFTLLIYLILI,000011001101100110000,-63.0953,27.7648,9.3901,4.20713,1503_4.pdb,true,false,Left
LLLLALLILLTFLLSVLLILI,000110011011001100000,-95.9055,24.4134,9.4674,6.14054,937_0.pdb,true,false,Left
LLLLAYLLLVLTLLLSFLILI,000011001101100110000,-61.8997,20.3741,9.5,4.29,1236_0.pdb,true,false,Left
LLLLYALTILLLVLFSLLILI,000011011001101100000,-60.9815,19.8704,9.3939,5.78057,932_3.pdb,true,false,Left
LLLLAVLLALLFILLSTLILI,000011001101100110000,-61.9293,20.1004,8.8722,4.80893,1584_2.pdb,true,false,Left
LLLLTVLLALLYILFLLLILI,000011011001101100000,-58.0121,28.0,9.1359,5.41995,1100_0.pdb,true,false,Left
LLLLILLLAVLFLLLSTLILI,000011001101100110000,-51.9769,27.0969,8.9741,3.50431,286_0.pdb,true,false,Left
LLLVALLILLFLLLTSLLILI,000110011011001100000,-94.4368,27.3029,8.9923,5.37385,1869_4.pdb,true,false,Left
LLLLALLLILTALLFVLLILI,000110011011001100000,-109.119,26.2333,9.5,4.76942,518_0.pdb,true,false,Left
LLLVLLLAILTSLLFLLLILI,000110011011001100000,-110.423,21.4532,9.0663,3.36148,1028_0.pdb,true,false,Left
LLLLAVLLLLLTFLYILLILI,000011011001101100000,-58.0121,28.0,9.1359,5.41995,1100_4.pdb,true,false,Left
LLLLVLLALLLFTLISLLILI,000011011001101100000,-44.2197,28.0,9.4831,5.10255,936_1.pdb,true,false,Left
LLLLLALLTLLFVLYILLILI,000011011001101100000,-63.6223,25.1674,9.3555,4.01046,281_1.pdb,true,false,Left
LLLLAVLLILLLTLLSFLILI,000011001101100110000,-63.2471,18.87,9.5,4.54268,1181_2.pdb,true,false,Left
LLLLYFLLATLVILLSLLILI,000011001101100110000,-47.1318,28.0,9.4088,2.80974,337_4.pdb,true,false,Left
LLLLFALITLLLVLLSLLILI,000011011001101100000,-59.5624,23.7924,9.4709,4.99753,215_1.pdb,true,false,Left
LLLLFALVSLLLLLITLLILI,000011011001101100000,-59.6908,22.1002,9.4645,6.01933,1275_0.pdb,true,false,Left
LLLLAVLLFLLATLLSILILI,000011001101100110000,-55.9953,22.9125,8.7664,4.77077,1930_3.pdb,true,false,Left
LLLLVALLTILFLLLSLLILI,000011001101100110000,-11.364,28.0,9.3241,0.65925,218_0.pdb,true,false,Left
LLLLAVLTSLLFLLYILLILI,000011011001101100000,-56.2764,26.3008,9.5,5.99809,725_0.pdb,true,false,Left
LLLLAVLLFTLALLLSILILI,000011001101100110000,-52.7055,21.5821,9.2885,4.73195,162_2.pdb,true,false,Left
LLLLAVLLLLLTYLFILLILI,000011011001101100000,-58.9652,23.2877,9.5,5.33264,1772_1.pdb,true,false,Left
LLLLWVLLSALTILLFLLILI,000011001101100110000,-46.2231,26.3613,9.08,2.80295,1724_2.pdb,true,false,Left
LLLLYFLLAVLITLLSLLILI,000011001101100110000,-48.8736,28.0,9.2954,2.74334,217_3.pdb,true,false,Left
LLLLLALLLILVTLLSFLILI,000011001101100110000,-18.4894,21.4874,8.8163,0.76073,1664_1.pdb,true,false,Left
LLLFALLLVLTLLLASLLILI,000110011011001100000,-107.84,18.2142,9.3464,3.02619,560_2.pdb,true,false,Left
LLLLLVLLILLFTLASLLILI,000011011001101100000,-70.366,25.0484,9.5,2.39073,794_4.pdb,true,false,Left
LLLLLVLLALLFILTSLLILI,000011011001101100000,-63.0512,20.5938,9.1177,3.53345,506_2.pdb,true,false,Left
LLLYALLFVLILLLTSLLILI,000110011011001100000,-97.2084,25.3425,9.1745,5.72701,191_1.pdb,true,false,Left
LLLLIVLLALLYTLFSLLILI,000011011001101100000,-56.6799,21.9235,9.5,1.31298,652_0.pdb,true,false,Left
LLLLVFLLATLLLLLSILILI,000011001101100110000,-12.9966,24.558,9.3303,0.693369,97_2.pdb,true,false,Left
LLLLLALLLVLTILLSFLILI,000011001101100110000,-59.7614,25.2452,9.5,3.78434,1784_1.pdb,true,false,Left
LLLLVLLLATLIALLLFLILI,000011001101100110000,-16.1029,19.7018,8.5,0.853723,1752_2.pdb,true,false,Left
LLLLFALLLLLVTLLSILILI,000011001101100110000,-9.55643,18.0,9.4499,0.925446,1378_1.pdb,true,false,Left
LLLLYFLLLVLATLLILLILI,000011001101100110000,-61.0758,23.9309,8.8895,4.69146,1157_0.pdb,true,false,Left
LLLYLLLTVLFLLLASLLILI,000110011011001100000,-108.73,19.3936,9.4542,3.26581,66_1.pdb,true,false,Left
LLLAFLLLLLTFLLLSLLILI,000110011011001100000,-102.982,18.5071,9.4861,3.7941,325_2.pdb,true,false,Left
LLLLLVLLFLLTALYILLILI,000011011001101100000,-64.6862,27.4927,9.5,3.17106,292_3.pdb,true,false,Left
LLLVALLLILTFLLASLLILI,000110011011001100000,-110.909,19.6609,9.5,3.35285,1505_2.pdb,true,false,Left
LLLLLALLSVLYTLLFILILI,000011001101100110000,-53.2403,27.0707,8.9688,3.89001,521_1.pdb,true,false,Left
LLLLIVLTYLLALLFLLLILI,000011011001101100000,-61.2762,26.8432,9.2269,1.78287,834_0.pdb,true,false,Left
LLLLIVLLLALTLLLSFLILI,000011001101100110000,-59.5756,26.5633,9.4841,3.55592,396_3.pdb,true,false,Left
LLLLYFLLAVLILLLSTLILI,000011001101100110000,-48.8736,28.0,9.2954,2.74334,217_2.pdb,true,false,Left
LLLLALLLVLTFLLASLLILI,000110011011001100000,-111.692,20.9519,9.3303,5.07809,207_0.pdb,true,false,Left
LLLLFVLLATLWLLLSILILI,000011001101100110000,-46.4401,28.0,9.4,1.73106,821_1.pdb,true,false,Left
LLLLLFLIALLTVLLSLLILI,000011011001101100000,-54.9154,18.6881,9.5,1.29911,364_0.pdb,true,false,Left
LLLTALLLVLLLLLFSLLILI,000110011011001100000,-113.58,27.0117,9.2654,3.78055,771_3.pdb,true,false,Left
LLLLILLLFLLVTLLSALILI,000011001101100110000,-44.5029,27.834,9.2951,3.75778,557_3.pdb,true,false,Left
LLLLLLLLAILVTLLSFLILI,000011001101100110000,-46.4571,22.5254,9.4077,2.71007,442_1.pdb,true,false,Left
LLLLFVLLLLLTILLSALILI,000011001101100110000,-60.6212,23.7988,9.1815,4.44488,1526_4.pdb,true,false,Left
LLLLAILLYLLAVLFSLLILI,000011011001101100000,-53.3268,18.6844,8.9663,5.3773,1293_2.pdb,true,false,Left
LLLLFLLALLLVTLISLLILI,000011011001101100000,-42.7815,19.5283,9.5,4.95677,1643_4.pdb,true,false,Left
LLLLIVLLYTLALLLSFLILI,000011001101100110000,-54.4487,28.0,9.5,3.45625,1928_0.pdb,true,false,Left
LLLLTILLALLYVLFSLLILI,000011011001101100000,-49.3753,24.9943,8.8949,5.68316,498_1.pdb,true,false,Left
LLLLLVLLFLLATLYILLILI,000011011001101100000,-63.4231,26.6367,9.4625,3.5663,1067_2.pdb,true,false,Left
LLLLFALISLLLVLTLLLILI,000011011001101100000,-61.1595,21.8227,9.5,3.61595,401_0.pdb,true,false,Left
LLLLFVLLTLLAILLSLLILI,000011011001101100000,-86.3509,28.0,9.5,4.13593,816_3.pdb,true,false,Left
LLLLLFLIALLLVLTSLLILI,000011011001101100000,-64.1298,25.3043,8.9696,2.15031,1809_2.pdb,true,false,Left
LLLLALLTVLLWILFSLLILI,000011011001101100000,-93.7867,26.0492,9.3628,3.10024,755_2.pdb,true,false,Left
LLLLYFLLAILVTLLSLLILI,000011001101100110000,-44.5029,27.834,9.2951,3.75778,557_2.pdb,true,false,Left
LLLLAVLLFLLAILTSLLILI,000011011001101100000,-64.3494,18.7489,8.7227,2.00636,707_0.pdb,true,false,Left
LLLLLALTLLLVILFSLLILI,000011011001101100000,-41.2319,25.1673,9.2111,5.39604,1332_1.pdb,true,false,Left
LLLLIVLLFLLATLLSLLILI,000011001101100110000,-49.3417,24.9228,9.2384,3.61104,1425_1.pdb,true,false,Left
LLLLIVLTFLLWLLASLLILI,000011011001101100000,-39.2467,27.6059,9.5,5.10418,192_3.pdb,true,false,Left
LLLLAFLVTLLLLLISLLILI,000011011001101100000,-59.0701,19.3358,9.5,4.96296,1421_1.pdb,true,false,Left
LLLLVLLLALLITLFSLLILI,000011011001101100000,-40.2399,26.1031,9.5,5.33985,786_3.pdb,true,false,Left
LLLYLLLTVLALLLFSLLILI,000110011011001100000,-108.707,23.6216,9.2079,7.02935,1448_4.pdb,true,false,Left
LLLLVALLLLLFTLISLLILI,000011011001101100000,-56.4165,25.8289,9.2401,5.44786,426_3.pdb,true,false,Left
LLLLVFLTALLYLLIALLILI,000011011001101100000,-43.3965,18.0,9.3753,1.10266,317_0.pdb,true,false,Left
LLLLYLLVTLLAILFSLLILI,000011011001101100000,-65.2267,18.2626,9.2213,1.25056,1891_0.pdb,true,false,Left
LLLLVILALLLFTLYLLLILI,000011011001101100000,-61.8729,25.8384,9.4323,1.89541,1931_0.pdb,true,false,Left
LLLLFLLLTILALLLSVLILI,000011001101100110000,-14.9502,28.0,9.2661,0.937053,1898_2.pdb,true,false,Left
LLLLYVLLFTLALLLLILILI,000011001101100110000,-57.8657,28.0,9.3315,4.73007,1231_0.pdb,true,false,Left
LLLLVALLSLLFLLTSLLILI,000011011001101100000,-57.4157,20.3375,8.5,1.15589,145_0.pdb,true,false,Left
LLLLVALLLTLLLLLSFLILI,000011001101100110000,-15.856,19.3699,9.4176,0.36096,1330_1.pdb,true,false,Left
LLLLVFLIALLTLLLSLLILI,000011011001101100000,-49.0996,23.1877,9.5,1.25318,807_1.pdb,true,false,Left
LLLLIVLLALLYTLLLFLILI,000011001101100110000,-54.9139,28.0,9.3875,3.49725,1084_0.pdb,true,false,Left
LLLLAYLLFTLALLLIVLILI,000011001101100110000,-65.8443,18.8025,9.3959,4.83057,174_0.pdb,true,false,Left
LLLALLLTVLLALLFSLLILI,000110011011001100000,-102.701,19.9893,9.3308,5.75297,1153_0.pdb,true,false,Left
LLLLYILLALLVFLLSTLILI,000011001101100110000,-46.4034,27.707,9.4925,2.08718,1558_1.pdb,true,false,Left
LLLLALLLTILLFLLSVLILI,000011001101100110000,-6.4439,18.8212,9.5,0.229768,1786_1.pdb,true,false,Left
LLLLYLLLAVLFILLSTLILI,000011001101100110000,-59.2256,18.0467,9.5,3.59954,648_2.pdb,true,false,Left
LLLLAVLLFLLATLYLLLILI,000011011001101100000,-61.7768,21.5473,9.5,3.47734,1034_0.pdb,true,false,Left
LLLLAILVSLLLTLFLLLILI,000011011001101100000,-56.5748,24.0998,9.2364,6.15205,1865_0.pdb,true,false,Left
LLLLVALLLILFTLLYLLILI,000011001101100110000,-15.856,19.3699,9.4176,0.36096,1330_3.pdb,true,false,Left
LLLLVVLLATLFLLLLILILI,000011001101100110000,-46.0089,28.0,9.4653,4.04443,1318_4.pdb,true,false,Left
LLLLFYLLAVLWTLLSLLILI,000011001101100110000,-42.6863,25.6658,9.3299,4.23156,154_4.pdb,true,false,Left
LLLLVALLLILFTLLSLLILI,000011001101100110000,-54.9139,28.0,9.3875,3.49725,1084_2.pdb,true,false,Left
LLLAALLYVLLSLLFTLLILI,000110011011001100000,-96.6314,19.4487,9.4205,5.39066,1284_1.pdb,true,false,Left
LLLLTALLLLLFVLISLLILI,000011011001101100000,-61.8729,25.8384,9.4323,1.89541,1931_2.pdb,true,false,Left
LLLLVLLLFLLATLLSILILI,000011001101100110000,-51.7813,22.0045,9.5,3.35882,1382_0.pdb,true,false,Left
LLLLALLLTVLIALLSFLILI,000011001101100110000,-8.97767,18.6528,9.1809,0.942055,1477_0.pdb,true,false,Left
LLLLVILLLTLFVLLSALILI,000011001101100110000,-56.2955,25.6434,9.349,4.41581,1523_3.pdb,true,false,Left
LLLLYVLTFLLALLISLLILI,000011011001101100000,-54.4628,26.3947,8.5,6.13981,866_1.pdb,true,false,Left
LLLLVALTLLLLILFSLLILI,000011011001101100000,-66.1545,26.6162,8.9139,1.32829,1791_2.pdb,true,false,Left
LLLLVLLTFLLALLISLLILI,000011011001101100000,-52.8963,28.0,9.1119,5.13594,1974_2.pdb,true,false,Left
LLLLYYLTALLLVLFSLLILI,000011011001101100000,-67.4691,23.3974,9.1721,1.76489,1875_1.pdb,true,false,Left
LLLLILLLATLFVLLSLLILI,000011001101100110000,-51.7813,22.0045,9.5,3.35882,1382_2.pdb,true,false,Left
LLLLALLTILLFVLASLLILI,000011011001101100000,-90.6535,21.6497,9.4157,4.05332,111_2.pdb,true,false,Left
LLLVALLFLLITLLLSLLILI,000110011011001100000,-108.269,20.9908,9.3034,5.8381,1889_1.pdb,true,false,Left
LLLLLFLLYLLAVLTSLLILI,000011011001101100000,-65.2907,24.0147,8.7976,1.86991,1082_0.pdb,true,false,Left
LLLLALLLLVLITLLSFLILI,000011001101100110000,-9.55643,18.0,9.4499,0.925446,1378_4.pdb,true,false,Left
LLLLAVLLILLFTLYSLLILI,000011011001101100000,-70.366,25.0484,9.5,2.39073,794_3.pdb,true,false,Left
LLLLALLVYLLFILTSLLILI,000011011001101100000,-86.2941,28.0,9.3605,5.48103,845_3.pdb,true,false,Left
LLLLALLILLLSTLFVLLILI,000011011001101100000,-87.7246,24.0564,9.3496,4.93054,1706_2.pdb,true,false,Left
LLLLALLLLVLTFLLSILILI,000011001101100110000,-12.9966,24.558,9.3303,0.693369,97_1.pdb,true,false,Left
LLLLLFLTALLYVLISLLILI,000011011001101100000,-59.2399,27.4276,9.2339,3.06363,1910_1.pdb,true,false,Left
LLLLYVLATLLWILLSLLILI,000011011001101100000,-34.6225,23.4149,9.5,4.63144,841_4.pdb,true,false,Left
LLLLVLLIALLTLLFSLLILI,000011011001101100000,-50.9448,23.641,9.3588,1.31299,1703_3.pdb,true,false,Left
LLLLAILTSLLFLLVLLLILI,000011011001101100000,-58.0954,24.7819,9.3888,5.41067,179_1.pdb,true,false,Left
LLLLLALLTLLFVLISLLILI,000011011001101100000,-63.0338,23.361,9.4488,5.54064,1047_1.pdb,true,false,Left
LLLLAVLILLLFTLASLLILI,000011011001101100000,-97.5227,27.7133,9.4785,3.112,1401_1.pdb,true,false,Left
LLLLYFLLATLVLLLSILILI,000011001101100110000,-45.531,25.8966,9.5,3.09415,1201_4.pdb,true,false,Left
LLLLVLLILLLFALTSLLILI,000011011001101100000,-55.5458,27.6384,9.4049,2.57505,6_3.pdb,true,false,Left
LLLYLLLAVLLTLLFSLLILI,000110011011001100000,-113.025,24.0969,9.3898,6.42523,343_0.pdb,true,false,Left
LLLLLLLIALLVTLFSLLILI,000011011001101100000,-39.8599,19.4139,9.461,5.21787,1950_2.pdb,true,false,Left
LLLLAVLITLLYLLFSLLILI,000011011001101100000,-88.8359,25.9499,9.3794,3.78117,811_3.pdb,true,false,Left
LLLLTLLFVLLYLLASLLILI,000110011011001100000,-106.284,23.559,9.5,2.98286,1465_0.pdb,true,false,Left
LLLLFALVALLLTLISLLILI,000011011001101100000,-62.4916,21.9638,9.193,3.33218,127_2.pdb,true,false,Left
LLLLLYLLATLFVLLLILILI,000011001101100110000,-63.0953,27.7648,9.3901,4.20713,1503_1.pdb,true,false,Left
LLLLWALLSVLITLLLFLILI,000011001101100110000,-43.8697,27.5751,9.4143,3.96131,1245_2.pdb,true,false,Left
LLLLALLLTILFLLLSVLILI,000011001101100110000,-14.9392,23.3548,9.1433,0.910788,576_0.pdb,true,false,Left
LLLLVFLLALLILLLSTLILI,000011001101100110000,-47.6786,20.0175,9.3356,1.98544,541_0.pdb,true,false,Left
LLLLYVLLALLFILLSTLILI,000011001101100110000,-47.1318,28.0,9.4088,2.80974,337_3.pdb,true,false,Left
LLLLAVLLLLLTILYFLLILI,000011011001101100000,-64.7112,25.8855,8.5,2.01845,1403_1.pdb,true,false,Left
LLLVALLITLLLLLFSLLILI,000110011011001100000,-95.8143,18.0,9.5,5.28463,702_4.pdb,true,false,Left
LLLLAVLIYLLFLLTSLLILI,000011011001101100000,-87.4835,27.0762,9.5,4.27901,1045_2.pdb,true,false,Left
LLLLTALVALLLLLFSLLILI,000011011001101100000,-60.1144,21.9291,8.6228,1.90657,1010_1.pdb,true,false,Left
LLLLYVLLALLFLLTSLLILI,000011011001101100000,-54.3535,27.8434,9.0098,1.60685,288_0.pdb,true,false,Left
LLLLYLLITLLAVLFLLLILI,000011011001101100000,-63.0432,21.9672,9.225,2.78867,1779_0.pdb,true,false,Left
LLLLVALLLLLTFLLAILILI,000011001101100110000,-17.8087,19.8407,8.7536,1.00009,285_0.pdb,true,false,Left
LLLLAILLALLFTLLSVLILI,000011001101100110000,-55.9953,22.9125,8.7664,4.77077,1930_1.pdb,true,false,Left
LLLLAVLISLLLTLFLLLILI,000011011001101100000,-57.8805,21.4985,9.3192,6.20512,750_0.pdb,true,false,Left
LLLLLALVLLLTFLYILLILI,000011011001101100000,-58.0954,24.7819,9.3888,5.41067,179_2.pdb,true,false,Left
LLLLIALLTVLLSLLFLLILI,000011001101100110000,-11.3701,28.0,9.5,0.614521,629_3.pdb,true,false,Left
LLLLYLLITLLFVLASLLILI,000011011001101100000,-93.3245,28.0,9.4377,2.87605,1076_3.pdb,true,false,Left
LLLLAVLLTILLLLLSFLILI,000011001101100110000,-60.6709,20.4901,9.5,4.47595,678_2.pdb,true,false,Left
LLLLVLLLALLIFLLSTLILI,000011001101100110000,-45.0131,23.6085,9.5,2.63351,985_0.pdb,true,false,Left
LLLLTVLLALLYLLFILLILI,000011011001101100000,-58.0954,24.7819,9.3888,5.41067,179_0.pdb,true,false,Left
LLLLVALLSLLFTLYLLLILI,000011011001101100000,-46.8039,26.1957,9.1178,5.26542,839_0.pdb,true,false,Left
LLLLILLLAVLFTLLLYLILI,000011001101100110000,-53.2403,27.0707,8.9688,3.89001,521_0.pdb,true,false,Left
LLLLALLIYLLFVLTSLLILI,000011011001101100000,-86.2941,28.0,9.3605,5.48103,845_2.pdb,true,false,Left
LLLLVALTSLLFLLISLLILI,000011011001101100000,-53.1564,23.4469,8.8405,2.50942,947_0.pdb,true,false,Left
LLLLAVLLSTLFLLLLILILI,000011001101100110000,-55.6891,26.7491,9.1577,4.36019,1789_0.pdb,true,false,Left
LLLLLALLLLLFVLTSLLILI,000011011001101100000,-50.4173,26.2686,9.1172,5.43428,1562_4.pdb,true,false,Left
LLLLVFLLATLYLLLSILILI,000011001101100110000,-47.1796,21.2412,9.5,3.93302,1331_0.pdb,true,false,Left
LLLLVILTFLLLLLASLLILI,000011011001101100000,-60.1843,28.0,9.1155,2.28076,1906_4.pdb,true,false,Left
LLLLIALTYLLSVLFLLLILI,000011011001101100000,-50.0474,24.7367,9.325,5.05955,185_2.pdb,true,false,Left
LLLLTLLTVLIALLFSLLILI,000110011011001100000,-107.454,19.9983,9.2997,4.76333,1162_1.pdb,true,false,Left
LLLTALLLVLFLLLASLLILI,000110011011001100000,-111.619,18.5361,9.3412,4.01923,1870_0.pdb,true,false,Left
LLLAALLYVLLFLLSTLLILI,000110011011001100000,-96.3201,20.3353,9.2265,5.6352,1895_1.pdb,true,false,Left
LLLLLALLFVLTILLSLLILI,000011001101100110000,-52.2651,26.861,9.4045,4.78718,951_2.pdb,true,false,Left
LLLTALLLFLVALLLSLLILI,000110011011001100000,-92.4987,27.7343,9.4847,6.78685,1234_1.pdb,true,false,Left
LLLLVALLITLLSLLFLLILI,000011001101100110000,-3.92537,25.7769,9.5,0.40781,175_1.pdb,true,false,Left
LLLLLALLSVLYTLLLFLILI,000011001101100110000,-52.37,26.0846,9.2813,4.57482,1798_1.pdb,true,false,Left
LLLLVTLLAILTSLLLFLILI,000011001101100110000,-16.1029,19.7018,8.5,0.853723,1752_1.pdb,true,false,Left
LLLLYTLVLLLAILFSLLILI,000011011001101100000,-67.3847,21.814,9.5,2.14846,1535_3.pdb,true,false,Left
LLLLTVLLAILYLLLLFLILI,000011001101100110000,-61.4399,25.116,9.5,3.89538,1030_0.pdb,true,false,Left
LLLLVFLTWLLALLISLLILI,000011011001101100000,-44.3956,19.2336,9.5,5.83139,1210_0.pdb,true,false,Left
LLLLIALLLTLVSLLLFLILI,000011001101100110000,-16.9063,23.8698,9.4389,0.549334,1220_0.pdb,true,false,Left
LLLVTLLLILALLLFSLLILI,000110011011001100000,-107.499,26.7755,9.3626,3.5303,1730_4.pdb,true,false,Left
LLLLYFLIALLTVLLSLLILI,000011011001101100000,-45.8938,26.2774,9.1338,1.44018,456_3.pdb,true,false,Left
LLLLYALVTLLLILFSLLILI,000011011001101100000,-59.5624,23.7924,9.4709,4.99753,215_2.pdb,true,false,Left
LLLLYVLLATLWLLLSILILI,000011001101100110000,-41.287,28.0,9.5,4.5578,427_4.pdb,true,false,Left
LLLLIVLLALLFLLLSTLILI,000011001101100110000,-46.0948,26.7485,9.494,3.98578,1373_1.pdb,true,false,Left
LLLLYVLTALLFILLSLLILI,000011011001101100000,-45.197,23.9372,9.5,1.26277,1172_3.pdb,true,false,Left
LLLYALLVLLTSLLFLLLILI,000110011011001100000,-100.583,24.9099,8.8607,3.82795,346_0.pdb,true,false,Left
LLLLFVLIALLTLLLSLLILI,000011011001101100000,-47.5649,21.7888,9.5,5.53918,1315_3.pdb,true,false,Left
LLLLVLLLTILLALLSFLILI,000011001101100110000,-7.00423,20.3201,9.431,0.637414,324_4.pdb,true,false,Left
LLLLAVLLFILALLLSTLILI,000011001101100110000,-54.6802,22.4372,8.9954,3.62298,1186_3.pdb,true,false,Left
LLLLLALLTVLFILLSLLILI,000011001101100110000,-59.3359,28.0,9.3632,4.9269,747_3.pdb,true,false,Left
LLLLLVLLLTLAFLLSILILI,000011001101100110000,-60.6709,20.4901,9.5,4.47595,678_3.pdb,true,false,Left
LLLLLLLTYLLAVLFSLLILI,000011011001101100000,-48.6486,27.8474,8.7613,5.7232,1982_2.pdb,true,false,Left
LLLLWVLLSTLIALLLFLILI,000011001101100110000,-48.2707,27.6831,9.5,2.86102,1909_1.pdb,true,false,Left
LLLFALLTVLLSLLYILLILI,000110011011001100000,-103.445,27.6195,9.3988,4.22368,60_0.pdb,true,false,Left
LLLLAILLYLLSVLTWLLILI,000011011001101100000,-89.8672,20.0282,9.4985,2.58101,1165_1.pdb,true,false,Left
LLLLAVLTSLLLILFLLLILI,000011011001101100000,-61.6036,18.0,9.2414,3.78803,1861_0.pdb,true,false,Left
LLLLLFLLLILATLLSVLILI,000011001101100110000,-55.3439,27.9551,9.0365,4.43682,1461_2.pdb,true,false,Left
LLLVYLLILLTALLFSLLILI,000110011011001100000,-98.8508,28.0,9.5,2.33029,57_4.pdb,true,false,Left
LLLLAILTALLFVLLSLLILI,000011011001101100000,-51.8031,19.9242,8.6827,5.92127,108_4.pdb,true,false,Left
LLLLYALTILLFLLVSLLILI,000011011001101100000,-63.9738,25.8588,9.1246,3.73206,1867_4.pdb,true,false,Left
LLLLFVLTALLWLLISLLILI,000011011001101100000,-41.1626,26.296,9.4713,0.716349,1822_4.pdb,true,false,Left
LLLLTVLLWLLAILFSLLILI,000011011001101100000,-60.1144,21.9291,8.6228,1.90657,1010_3.pdb,true,false,Left
LLLLAVLLLLLAILTSLLILI,000011011001101100000,-64.5014,18.5014,8.808,2.42084,407_0.pdb,true,false,Left
LLLLAVLLLILFALLSTLILI,000011001101100110000,-60.0532,18.0145,9.4128,4.4936,1068_3.pdb,true,false,Left
LLLLTLLLAILFLLLSVLILI,000011001101100110000,-52.9432,18.0,8.5539,4.14719,659_1.pdb,true,false,Left
LLLLLLLAFLLTVLISLLILI,000011011001101100000,-60.6875,25.5985,8.9175,3.00992,33_3.pdb,true,false,Left
LLLLYFLLAILTVLLSLLILI,000011001101100110000,-46.6763,26.8502,9.2459,3.35065,1943_2.pdb,true,false,Left
LLLLLVLLALLFTLISLLILI,000011011001101100000,-64.7731,26.0535,9.1893,2.59484,1370_4.pdb,true,false,Left
LLLLAILVLLLLTLFSLLILI,000011011001101100000,-91.8986,24.0282,9.5,4.89658,1327_2.pdb,true,false,Left
LLLIALLLVLTLLLFSLLILI,000110011011001100000,-103.669,19.8474,9.4595,6.51079,804_2.pdb,true,false,Left
LLLLAYLTILLLVLFSLLILI,000011011001101100000,-63.0624,20.1626,9.5,3.75907,1713_1.pdb,true,false,Left
LLLLLALLLILFTLLSVLILI,000011001101100110000,-46.2254,26.8386,9.3536,4.24226,1392_3.pdb,true,false,Left
LLLLFALLLLLTVLYILLILI,000011011001101100000,-63.5976,22.7455,9.4863,2.88005,1072_1.pdb,true,false,Left
LLLLYLLTILLAVLFSLLILI,000011011001101100000,-95.7197,27.626,9.3614,2.37837,608_2.pdb,true,false,Left
LLLLLLLLAVLFYLLSTLILI,000011001101100110000,-14.6826,18.0,8.5,0.50581,1673_2.pdb,true,false,Left
LLLLAVLLLLLFTLYILLILI,000011011001101100000,-57.8172,27.4495,9.5,5.20841,1303_4.pdb,true,false,Left
LLLLALLTVLLFILASLLILI,000011011001101100000,-91.0726,18.9508,9.5,5.47018,1132_2.pdb,true,false,Left
LLLLYVLTALLLILFSLLILI,000011011001101100000,-59.2782,20.287,9.4301,3.43491,1853_4.pdb,true,false,Left
LLLVALLLLLTSLLAFLLILI,000110011011001100000,-105.941,26.1948,8.5,6.50779,1970_0.pdb,true,false,Left
LLLLILLLFTLAVLLSLLILI,000011001101100110000,-53.1276,22.5619,8.7172,3.16697,1022_1.pdb,true,false,Left
LLLLALLLTILVSLLFLLILI,000011001101100110000,-17.8087,19.8407,8.7536,1.00009,285_1.pdb,true,false,Left
LLLLTLLAVLLILLFSLLILI,000110011011001100000,-109.692,28.0,9.5,6.76935,308_0.pdb,true,false,Left
LLLLVLLLALLFILLSTLILI,000011001101100110000,-42.4871,18.0255,9.5,3.78749,1306_1.pdb,true,false,Left
LLLLLFLLLVLAILLSTLILI,000011001101100110000,-54.5787,27.8285,9.3908,4.60894,1629_4.pdb,true,false,Left
LLLYLLLAVLTFLLASLLILI,000110011011001100000,-112.029,22.1507,8.7264,4.67645,1617_2.pdb,true,false,Left
LLLLILLTALLFVLYLLLILI,000011011001101100000,-56.5141,27.886,8.9625,2.51874,242_0.pdb,true,false,Left
LLLLLFLILLLTVLASLLILI,000011011001101100000,-59.6597,27.3954,9.319,2.37108,1778_1.pdb,true,false,Left
LLLLAVLITLLFLLYSLLILI,000011011001101100000,-57.8998,21.3396,9.5,5.274,994_2.pdb,true,false,Left
LLLLILLLAVLTSLLFLLILI,000011001101100110000,-15.4674,20.4362,8.9034,0.551511,610_1.pdb,true,false,Left
LLLLLLLLAVLITLLSFLILI,000011001101100110000,-46.4571,22.5254,9.4077,2.71007,442_2.pdb,true,false,Left
LLLLVALTLLLILLFSLLILI,000011011001101100000,-61.6692,24.4821,9.38,2.7668,1447_4.pdb,true,false,Left
LLLLVVLLATLFILLLLLILI,000011001101100110000,-60.3633,28.0,9.3037,3.89759,1501_3.pdb,true,false,Left
LLLAFLLTLLVILLLSLLILI,000110011011001100000,-103.491,25.0645,9.4859,4.7822,1362_3.pdb,true,false,Left
LLLATLLFVLIALLLSLLILI,000110011011001100000,-105.33,21.0727,9.4689,3.10554,1654_1.pdb,true,false,Left
LLLLLVLTFLLAILLSLLILI,000011011001101100000,-66.3064,28.0,8.743,1.24723,1934_3.pdb,true,false,Left
LLLLFLLSVLTALLYILLILI,000110011011001100000,-106.23,27.0803,9.5,5.81723,1334_1.pdb,true,false,Left
LLLLAVLTLLLAILFSLLILI,000011011001101100000,-60.0299,19.5041,8.5832,3.18132,1711_4.pdb,true,false,Left
LLLLFLLTLLLAVLISLLILI,000011011001101100000,-62.2255,18.5913,8.5,1.7063,1478_4.pdb,true,false,Left
LLLLIVLTLLLLALFSLLILI,000011011001101100000,-64.5026,28.0,8.5172,0.967539,1774_2.pdb,true,false,Left
LLLAALLFVLTSLLYLLLILI,000110011011001100000,-98.685,18.0061,9.2443,5.86111,1057_1.pdb,true,false,Left
LLLLALLIFLLYTLVSLLILI,000011011001101100000,-91.2166,22.6004,9.4646,2.81374,383_4.pdb,true,false,Left
LLLVALLYFLLLLLTSLLILI,000110011011001100000,-103.285,26.4298,8.8673,6.4126,582_0.pdb,true,false,Left
LLLAVLLLILFLLLTSLLILI,000110011011001100000,-107.84,18.2142,9.3464,3.02619,560_4.pdb,true,false,Left
LLLLVALLLILTSLLFLLILI,000011001101100110000,-9.91693,21.4559,9.3626,0.206444,229_1.pdb,true,false,Left
LLLLVALLTILLALLFLLILI,000011001101100110000,-6.46247,27.4718,9.1274,0.274417,812_0.pdb,true,false,Left
LLLLLALLFVLATLLLILILI,000011001101100110000,-57.7764,24.5839,9.4846,4.24678,92_0.pdb,true,false,Left
LLLLLVLLAILYTLLLFLILI,000011001101100110000,-60.3633,28.0,9.3037,3.89759,1501_1.pdb,true,false,Left
LLLLVLLLALLFTLLSILILI,000011001101100110000,-54.3497,26.4868,9.2584,3.65394,623_4.pdb,true,false,Left
LLLLAVLTILLFLLASLLILI,000011011001101100000,-93.0657,20.8949,9.5,2.41488,1610_2.pdb,true,false,Left
LLLLAVLLLILFTLLSYLILI,000011001101100110000,-55.1286,22.4827,9.2055,3.57112,1674_3.pdb,true,false,Left
LLLLLLLTVLAILLFSLLILI,000110011011001100000,-114.889,23.032,9.5,3.99161,729_4.pdb,true,false,Left
LLLAALLLVLTLLLFSLLILI,000110011011001100000,-110.864,20.7126,9.0658,7.05153,1199_2.pdb,true,false,Left
LLLLTLLAILVTLLFSLLILI,000110011011001100000,-110.479,18.2124,9.5,4.74221,1647_0.pdb,true,false,Left
LLLLLLLLFILAVLLSTLILI,000011001101100110000,-55.6891,26.7491,9.1577,4.36019,1789_2.pdb,true,false,Left
LLLLAVLLFILATLLSLLILI,000011001101100110000,-50.5223,19.578,9.0984,4.55412,1947_2.pdb,true,false,Left
LLLLFLLLAVLLILLSTLILI,000011001101100110000,-60.0532,18.0145,9.4128,4.4936,1068_2.pdb,true,false,Left
LLLLLFLLLVLATLLSILILI,000011001101100110000,-55.9049,21.3066,9.1952,3.6778,7_3.pdb,true,false,Left
LLLLVALLSTLFLLLSILILI,000011001101100110000,-48.7451,23.7975,8.989,3.81458,788_0.pdb,true,false,Left
LLLLALLYVLTFLLASLLILI,000110011011001100000,-104.147,23.7979,8.7977,3.42151,1433_1.pdb,true,false,Left
LLLLLLLLAVLFTLLIYLILI,000011001101100110000,-60.3633,28.0,9.3037,3.89759,1501_4.pdb,true,false,Left
LLLVTLLAILFLLLASLLILI,000110011011001100000,-110.591,18.0,9.2612,3.6611,662_0.pdb,true,false,Left
LLLLLVLATLLFILLSLLILI,000011011001101100000,-65.1081,23.6038,8.6862,2.29377,1146_1.pdb,true,false,Left
LLLLALLTILLWVLFSLLILI,000011011001101100000,-95.1629,21.224,9.5,2.37865,567_2.pdb,true,false,Left
LLLLALLVLLTALLFSLLILI,000110011011001100000,-103.723,27.5002,9.1841,2.58958,1450_0.pdb,true,false,Left
LLLLWFLTSLLIVLALLLILI,000011011001101100000,-41.136,27.4775,9.4534,5.2965,1359_1.pdb,true,false,Left
LLLLAVLLSILLTLLLFLILI,000011001101100110000,-57.612,22.8754,9.5,4.29345,1377_0.pdb,true,false,Left
LLLLIVLLALLYTLLSFLILI,000011001101100110000,-51.2293,23.4186,9.2593,3.10826,1457_1.pdb,true,false,Left
LLLLAYLLATLFVLLSLLILI,000011001101100110000,-59.0192,18.558,9.2849,4.0073,525_0.pdb,true,false,Left
LLLLFLLAILVLLLTSLLILI,000110011011001100000,-99.5393,23.6355,9.5,3.94001,1636_2.pdb,true,false,Left
LLLLIALLLLLTVLFSLLILI,000011011001101100000,-56.141,27.7353,9.5,2.6161,1254_3.pdb,true,false,Left
LLLLIVLLLLLFTLASLLILI,000011011001101100000,-54.2004,26.2942,9.153,1.40053,533_4.pdb,true,false,Left
LLLLLLLAILTSLLFVLLILI,000110011011001100000,-109.423,25.414,9.058,3.20608,1653_3.pdb,true,false,Left
LLLLAVLTWLLALLFSLLILI,000011011001101100000,-60.224,18.8493,8.5894,1.22538,764_1.pdb,true,false,Left
LLLTALLLILVLLLFSLLILI,000110011011001100000,-98.208,18.0,8.9124,5.07681,1017_2.pdb,true,false,Left
LLLLLVLLATLFLLLSILILI,000011001101100110000,-55.6891,26.7491,9.1577,4.36019,1789_1.pdb,true,false,Left
LLLVALLILLTYLLFSLLILI,000110011011001100000,-96.257,23.4821,9.5,4.09507,1850_3.pdb,true,false,Left
LLLLIVLALLLLTLFSLLILI,000011011001101100000,-66.1545,26.6162,8.9139,1.32829,1791_3.pdb,true,false,Left
LLLLFALILLLTLLVSLLILI,000011011001101100000,-65.8769,20.8808,9.2706,2.95006,509_4.pdb,true,false,Left
LLLALLLTVLLSLLFILLILI,000110011011001100000,-106.425,19.2052,9.5,5.54044,1170_0.pdb,true,false,Left
LLLLLVLALLLFTLISLLILI,000011011001101100000,-64.6135,24.2089,9.453,2.74634,1104_3.pdb,true,false,Left
LLLLAVLLSILFLLLSTLILI,000011001101100110000,-53.1276,22.5619,8.7172,3.16697,1022_0.pdb,true,false,Left
LLLLALLLLILFVLLSTLILI,000011001101100110000,-52.1497,18.0,9.5,3.15104,1312_3.pdb,true,false,Left
LLLLLALLALLFVLTSLLILI,000011011001101100000,-59.9361,20.4204,9.2057,1.3665,1077_0.pdb,true,false,Left
LLLLAVLLTLLAILFSLLILI,000011011001101100000,-95.2993,24.1394,9.5,1.90523,1014_1.pdb,true,false,Left
LLLLLALLYVLTLLLSFLILI,000011001101100110000,-57.7764,24.5839,9.4846,4.24678,92_1.pdb,true,false,Left
LLLLAVLLAILLTLLSFLILI,000011001101100110000,-61.9293,20.1004,8.8722,4.80893,1584_3.pdb,true,false,Left
LLLLYLLITLLAVLFSLLILI,000011011001101100000,-62.4072,19.8661,8.7128,2.18738,1583_2.pdb,true,false,Left
LLLLLVLTFLLLALISLLILI,000011011001101100000,-64.2055,27.6236,9.0967,2.16692,1999_4.pdb,true,false,Left
LLLLFLLAVLILLLTSLLILI,000110011011001100000,-106.919,26.3181,9.2773,3.67658,872_3.pdb,true,false,Left
LLLLVLLLFILATLLSLLILI,000011001101100110000,-53.8932,22.5561,9.1861,2.95499,1455_2.pdb,true,false,Left
LLLLFVLTALLLILYLLLILI,000011011001101100000,-55.3857,25.3608,9.4072,5.02497,1969_0.pdb,true,false,Left
LLLYALLFVLLTLLASLLILI,000110011011001100000,-112.029,22.1507,8.7264,4.67645,1617_0.pdb,true,false,Left
LLLLAVLTILLYLLFSLLILI,000011011001101100000,-96.7803,27.9384,9.3089,3.02733,272_3.pdb,true,false,Left
LLLLAYLLIVLLTLLSFLILI,000011001101100110000,-63.2471,18.87,9.5,4.54268,1181_1.pdb,true,false,Left
LLLLAVLLTLLFLLISLLILI,000011011001101100000,-60.2802,20.6302,8.8113,5.11305,1196_3.pdb,true,false,Left
LLLLVLLLATLYFLLSYLILI,000011001101100110000,-44.2818,28.0,9.5,2.53776,644_3.pdb,true,false,Left
LLLLFALVLLLLTLISLLILI,000011011001101100000,-66.5739,22.6773,9.4306,1.79196,1368_1.pdb,true,false,Left
LLLLYVLLLLLATLFILLILI,000011011001101100000,-62.1119,23.2337,9.5,5.30505,1167_0.pdb,true,false,Left
LLLLVLLLATLILLLSFLILI,000011001101100110000,-44.367,18.0,9.3424,1.28138,1197_4.pdb,true,false,Left
LLLLAYLLLTLFVLLSILILI,000011001101100110000,-60.6709,20.4901,9.5,4.47595,678_1.pdb,true,false,Left
LLLLFLLSTLALLLYVLLILI,000110011011001100000,-106.919,26.3181,9.2773,3.67658,872_1.pdb,true,false,Left
LLLVLLLTILALLLFSLLILI,000110011011001100000,-105.484,21.1505,9.3705,4.56089,921_2.pdb,true,false,Left
LLLLVALLLFLISLLLTLILI,000011001101100110000,-13.5638,24.6135,9.5,0.928318,626_1.pdb,true,false,Left
LLLFALLTVLLSLLYLLLILI,000110011011001100000,-98.5934,21.886,9.3632,6.13694,516_0.pdb,true,false,Left
LLLLAILTSLLFVLLLLLILI,000011011001101100000,-58.2423,19.8916,9.3909,5.53078,1547_0.pdb,true,false,Left
LLLLAVLLATLFILLSLLILI,000011001101100110000,-59.3818,18.458,8.6148,3.89799,1994_2.pdb,true,false,Left
LLLLLILATLLFLLVSLLILI,000011011001101100000,-63.0338,23.361,9.4488,5.54064,1047_2.pdb,true,false,Left
LLLLYLLLFTLAILLSVLILI,000011001101100110000,-58.5206,19.5178,9.0988,3.49906,134_1.pdb,true,false,Left
LLLLVFLLALLYTLISLLILI,000011011001101100000,-53.4087,20.1028,9.5,2.21863,1519_0.pdb,true,false,Left
LLLLFALLLVLLTLLSILILI,000011001101100110000,-61.8997,20.3741,9.5,4.29,1236_1.pdb,true,false,Left
LLLLAYLLVLLLSLLFTLILI,000011001101100110000,-7.46127,27.9329,9.5,0.747859,1472_0.pdb,true,false,Left
LLLLYALTVLLSLLFILLILI,000011011001101100000,-93.1221,18.0,9.5,2.43615,1136_2.pdb,true,false,Left
LLLLILLLALLFVLLSTLILI,000011001101100110000,-44.7045,18.5476,9.3325,3.87097,1975_0.pdb,true,false,Left
LLLLLVLLFTLALLLSILILI,000011001101100110000,-58.8797,28.0,9.4923,3.68426,340_4.pdb,true,false,Left
LLLLAILTLLLAVLFSLLILI,000011011001101100000,-57.9523,18.0,9.4741,2.35959,752_4.pdb,true,false,Left
LLLLFLLTVLIALLLSLLILI,000110011011001100000,-101.498,20.1514,9.5,3.77814,977_3.pdb,true,false,Left
LLLLALLLTILVSLLLFLILI,000011001101100110000,-15.5905,19.7114,9.1389,1.04161,1922_2.pdb,true,false,Left
LLLFALLTILLLLLASLLILI,000110011011001100000,-104.316,27.7037,9.2666,3.32442,1677_2.pdb,true,false,Left
LLLLVFLTALLYLLISLLILI,000011011001101100000,-54.4023,20.2113,9.2974,1.07542,579_0.pdb,true,false,Left
LLLFALLLVLTSLLLILLILI,000110011011001100000,-108.523,18.0,9.5,6.34681,182_0.pdb,true,false,Left
LLLLVILTYLLALLFSLLILI,000011011001101100000,-58.192,23.5706,9.5,1.50612,943_2.pdb,true,false,Left
LLLLVLLLAILYTLLSFLILI,000011001101100110000,-56.6384,26.5287,9.5,4.49467,1876_4.pdb,true,false,Left
LLLLAYLVILLLTLFSLLILI,000011011001101100000,-64.2673,21.3262,9.4491,3.188,36_1.pdb,true,false,Left
LLLLALLLLVLTLLLSFLILI,000011001101100110000,-12.9966,24.558,9.3303,0.693369,97_3.pdb,true,false,Left
LLLLWALLSILTVLLLFLILI,000011001101100110000,-48.2707,27.6831,9.5,2.86102,1909_0.pdb,true,false,Left
LLLLFALLTVLLYLLSLLILI,000011001101100110000,-6.22357,21.7061,9.0889,0.778163,998_1.pdb,true,false,Left
LLLYALLTLLLSLLFVLLILI,000110011011001100000,-98.8127,26.7549,8.7734,4.57117,1158_0.pdb,true,false,Left
LLLVALLILLTFLLASLLILI,000110011011001100000,-97.7678,26.8232,9.4019,3.40602,1829_1.pdb,true,false,Left
LLLLLVLAFLLSILTYLLILI,000011011001101100000,-41.136,27.4775,9.4534,5.2965,1359_3.pdb,true,false,Left
LLLLFLLLLVLAILLSTLILI,000011001101100110000,-61.4404,18.0,8.9371,3.9997,113_2.pdb,true,false,Left
LLLLLLLLAVLTFLLAILILI,000011001101100110000,-14.353,20.0763,8.5846,1.96444,1482_0.pdb,true,false,Left
LLLLYFLVALLILLTSLLILI,000011011001101100000,-49.1948,28.0,9.5,0.760151,1804_0.pdb,true,false,Left
LLLYALLTVLLLLLFSLLILI,000110011011001100000,-98.3087,24.8804,9.3751,6.70399,1336_2.pdb,true,false,Left
LLLLIVLLFTLALLLSLLILI,000011001101100110000,-54.5803,25.2446,9.5,2.83416,1258_1.pdb,true,false,Left
LLLLVFLLWLLATLISLLILI,000011011001101100000,-54.6517,25.202,8.7401,1.71483,1302_1.pdb,true,false,Left
LLLLLFLLALLTILLSVLILI,000011001101100110000,-41.3973,19.281,9.3778,3.17138,225_2.pdb,true,false,Left
LLLLLALLLILTVLLSFLILI,000011001101100110000,-59.7614,25.2452,9.5,3.78434,1784_3.pdb,true,false,Left
LLLLALLLVLTALLFILLILI,000110011011001100000,-112.389,23.3953,9.4501,3.4178,1459_2.pdb,true,false,Left
LLLLIFLLATLYVLLSLLILI,000011001101100110000,-47.5614,19.2779,9.4842,1.85048,1973_0.pdb,true,false,Left
LLLLAYLLLVLATLLSFLILI,000011001101100110000,-61.9293,20.1004,8.8722,4.80893,1584_1.pdb,true,false,Left
LLLLFLLLATLLVLLSILILI,000011001101100110000,-60.0532,18.0145,9.4128,4.4936,1068_1.pdb,true,false,Left
LLLLAVLTSLLFALYLLLILI,000011011001101100000,-51.0504,24.2236,8.6299,6.16576,428_0.pdb,true,false,Left
LLLLVLLTWLLFILYSLLILI,000011011001101100000,-91.7845,18.1768,9.3834,3.62155,109_3.pdb,true,false,Left
LLLATLLYVLLLLLFSLLILI,000110011011001100000,-105.757,20.3643,9.4808,5.90069,899_1.pdb,true,false,Left
LLLLFLLVLLLTILASLLILI,000011011001101100000,-62.6015,20.7952,9.4319,2.83856,1058_2.pdb,true,false,Left
LLLLYVLTALLLLLFSLLILI,000011011001101100000,-51.2329,22.1105,9.2959,5.56423,703_0.pdb,true,false,Left
LLLLFVLTALLILLYSLLILI,000011011001101100000,-48.8456,26.5476,9.2615,1.4354,963_4.pdb,true,false,Left
LLLVALLLILTSLLLFLLILI,000110011011001100000,-99.4191,18.2583,9.5,5.78753,967_4.pdb,true,false,Left
LLLLAVLLWLLATLLSFLILI,000011001101100110000,-46.7812,20.3303,9.2984,4.62347,574_3.pdb,true,false,Left
LLLLAVLTYLLALLFSLLILI,000011011001101100000,-60.3987,18.0,9.5,2.71075,956_3.pdb,true,false,Left
LLLLFVLLATLLILLSLLILI,000011001101100110000,-59.0192,18.558,9.2849,4.0073,525_1.pdb,true,false,Left
LLLLAVLIFLLSLLYTLLILI,000011011001101100000,-88.3329,22.447,9.5,3.07387,1223_2.pdb,true,false,Left
LLLLVALLILLLFLLSTLILI,000011001101100110000,-3.25933,22.3804,9.4501,0.32285,107_2.pdb,true,false,Left
LLLLVLLAWLLTILFSLLILI,000011011001101100000,-40.2399,26.1031,9.5,5.33985,786_1.pdb,true,false,Left
LLLLYALITLLLVLFSLLILI,000011011001101100000,-65.8769,20.8808,9.2706,2.95006,509_3.pdb,true,false,Left
LLLLALLLFTLVALLSILILI,000011001101100110000,-11.4105,18.1282,9.2875,0.966937,1142_1.pdb,true,false,Left
LLLLALLLLFLTVLLSILILI,000011001101100110000,-57.4607,18.0,9.255,3.2965,687_3.pdb,true,false,Left
LLLLAVLLLILFLLLSTLILI,000011001101100110000,-16.2744,20.6107,9.5,1.07149,459_2.pdb,true,false,Left
LLLLVLLLALLYTLFSLLILI,000011011001101100000,-50.9448,23.641,9.3588,1.31299,1703_1.pdb,true,false,Left
LLLYLLLTILLALLFVLLILI,000110011011001100000,-105.145,18.0,9.5,6.00031,1291_0.pdb,true,false,Left
LLLLVLLTALLYLLFSLLILI,000011011001101100000,-58.9545,28.0,8.5413,1.09384,913_3.pdb,true,false,Left
LLLLAVLTLLLTILFLLLILI,000011011001101100000,-64.6862,27.4927,9.5,3.17106,292_4.pdb,true,false,Left
LLLVALLILLTSLLFLLLILI,000110011011001100000,-96.2594,22.3166,9.3909,4.77092,331_2.pdb,true,false,Left
LLLAALLFVLLLLLTSLLILI,000110011011001100000,-104.818,25.5597,9.5,6.63107,1087_0.pdb,true,false,Left
LLLLLALTSLLFLLVILLILI,000011011001101100000,-55.688,27.7609,9.5,5.67696,1012_1.pdb,true,false,Left
LLLIALLLVLLTLLFSLLILI,000110011011001100000,-112.982,23.8746,9.4758,6.50685,1131_4.pdb,true,false,Left
LLLLAILLLLLFVLLSTLILI,000011001101100110000,-65.8443,18.8025,9.3959,4.83057,174_3.pdb,true,false,Left
LLLLVALILLLLTLFSLLILI,000011011001101100000,-60.1843,28.0,9.1155,2.28076,1906_3.pdb,true,false,Left
LLLLYLLLLVLATLLFILILI,000011001101100110000,-61.1918,23.7758,8.7499,4.38018,1502_0.pdb,true,false,Left
LLLLALLLYILVTLLSFLILI,000011001101100110000,-46.2231,26.3613,9.08,2.80295,1724_4.pdb,true,false,Left
LLLLFVLLAILYTLLSLLILI,000011001101100110000,-48.7014,24.481,9.3933,3.80969,453_0.pdb,true,false,Left
LLLLAVLIFLLATLLSLLILI,000011011001101100000,-87.4835,27.0762,9.5,4.27901,1045_1.pdb,true,false,Left
LLLLYLLVALLTILFALLILI,000011011001101100000,-34.1779,18.0,9.4486,4.80009,966_0.pdb,true,false,Left
LLLLVLLLYILALLLFTLILI,000011001101100110000,-58.2464,27.0089,9.4298,3.43456,1883_0.pdb,true,false,Left
LLLLYILVALLLTLFSLLILI,000011011001101100000,-41.136,27.4775,9.4534,5.2965,1359_2.pdb,true,false,Left
LLLLFVLLAILLLLLSTLILI,000011001101100110000,-43.7075,24.7015,9.4016,2.60015,1748_4.pdb,true,false,Left
LLLLLLLLFILTVLLSALILI,000011001101100110000,-58.8493,27.494,9.4061,4.87847,510_3.pdb,true,false,Left
LLLLAILTVLLWLLLSLLILI,000011011001101100000,-85.9986,24.8935,9.5,6.20362,1151_1.pdb,true,false,Left
LLLLAVLTSLLFLLYLLLILI,000011011001101100000,-44.5387,26.2798,9.1547,5.21812,1736_0.pdb,true,false,Left
LLLLALLTILLYVLFSLLILI,000011011001101100000,-86.3426,21.6787,9.5,5.74645,554_2.pdb,true,false,Left
LLLLVLLTALLLFLISLLILI,000011011001101100000,-50.0474,24.7367,9.325,5.05955,185_1.pdb,true,false,Left
LLLLIALLLTLVALLSFLILI,000011001101100110000,-8.98253,18.8869,9.4948,1.20952,1509_0.pdb,true,false,Left
LLLLYILLATLVLLLSFLILI,000011001101100110000,-44.2244,28.0,9.3243,4.71022,1063_3.pdb,true,false,Left
LLLLVLLLAILYTLLAFLILI,000011001101100110000,-43.8654,18.1944,9.5,1.26818,147_0.pdb,true,false,Left
LLLLILLLALLTVLLSFLILI,000011001101100110000,-41.3973,19.281,9.3778,3.17138,225_0.pdb,true,false,Left
LLLLTLLLALLIVLFSLLILI,000011011001101100000,-42.7815,19.5283,9.5,4.95677,1643_2.pdb,true,false,Left
LLLLVFLASLLILLTSLLILI,000011011001101100000,-41.2319,25.1673,9.2111,5.39604,1332_0.pdb,true,false,Left
LLLLVILLFLLATLLSLLILI,000011011001101100000,-56.6011,25.5689,9.5,2.5052,353_1.pdb,true,false,Left
LLLLVILLALLLTLFSLLILI,000011011001101100000,-61.7319,27.5718,9.3419,2.33763,1983_3.pdb,true,false,Left
LLLLLVLLALLTILLSFLILI,000011001101100110000,-47.2232,24.3828,9.5,3.08075,381_0.pdb,true,false,Left
LLLLALLTILLFLLVSLLILI,000011011001101100000,-87.966,27.113,9.3674,5.82165,911_1.pdb,true,false,Left
LLLLLVLTTLLFALLILLILI,000011011001101100000,-68.1123,25.4786,8.7922,1.63909,1846_1.pdb,true,false,Left
LLLLYILLALLVTLLSFLILI,000011001101100110000,-44.2244,28.0,9.3243,4.71022,1063_2.pdb,true,false,Left
LLLLLFLALLLTILVSLLILI,000011011001101100000,-64.2235,27.3697,9.5,2.64203,1750_1.pdb,true,false,Left
LLLLFVLLALLYTLLSILILI,000011001101100110000,-45.531,25.8966,9.5,3.09415,1201_1.pdb,true,false,Left
LLLLALLVFLLSILTWLLILI,000011011001101100000,-93.1221,18.0,9.5,2.43615,1136_1.pdb,true,false,Left
LLLLAILLTLLFVLFSLLILI,000011011001101100000,-87.9394,28.0,9.5,4.91027,1676_2.pdb,true,false,Left
LLLLVLLTALLFILYSLLILI,000011011001101100000,-44.8132,26.7672,9.4293,0.995658,282_1.pdb,true,false,Left
LLLLTVLLLLLAILYFLLILI,000011011001101100000,-56.4165,25.8289,9.2401,5.44786,426_0.pdb,true,false,Left
LLLLAVLISLLLLLTFLLILI,000011011001101100000,-58.9652,23.2877,9.5,5.33264,1772_0.pdb,true,false,Left
LLLLVLLALLLTILFSLLILI,000011011001101100000,-49.4986,27.2172,9.5,5.58178,856_1.pdb,true,false,Left
LLLLAILTLLLFLLVSLLILI,000011011001101100000,-91.2166,22.6004,9.4646,2.81374,383_2.pdb,true,false,Left
LLLLYFLLATLIVLLSLLILI,000011001101100110000,-42.6863,25.6658,9.3299,4.23156,154_3.pdb,true,false,Left
LLLLLVLLFLLATLISLLILI,000011011001101100000,-63.4231,26.6367,9.4625,3.5663,1067_1.pdb,true,false,Left
LLLLYALLTLLVFLLSILILI,000011001101100110000,-38.0885,21.1339,9.5,2.1196,1571_3.pdb,true,false,Left
LLLLLVLLFLLAILTSLLILI,000011011001101100000,-66.9381,26.5671,8.9948,1.57719,884_0.pdb,true,false,Left
LLLLILLTALLVLLFSLLILI,000011011001101100000,-40.2399,26.1031,9.5,5.33985,786_0.pdb,true,false,Left
LLLLALLLTLLFILVSLLILI,000011011001101100000,-88.8359,25.9499,9.3794,3.78117,811_1.pdb,true,false,Left
LLLLFVLLATLLLLLSILILI,000011001101100110000,-43.7075,24.7015,9.4016,2.60015,1748_2.pdb,true,false,Left
LLLLYVLLALLILLLSTLILI,000011001101100110000,-43.1233,21.7001,9.4777,2.80505,1424_0.pdb,true,false,Left
LLLLVFLTALLILLLSLLILI,000011011001101100000,-45.8938,26.2774,9.1338,1.44018,456_0.pdb,true,false,Left
LLLLYLLLFLLATLLIVLILI,000011001101100110000,-59.5967,27.5631,8.9121,3.86953,695_0.pdb,true,false,Left
LLLLFVLLALLTILLALLILI,000011001101100110000,-44.367,18.0,9.3424,1.28138,1197_0.pdb,true,false,Left
LLLFALLVILTSLLYLLLILI,000110011011001100000,-95.8143,18.0,9.5,5.28463,702_2.pdb,true,false,Left
LLLLVLLLAILFLLLFTLILI,000011001101100110000,-53.5401,28.0,8.9211,4.67391,1189_0.pdb,true,false,Left
LLLLLLLIALLTVLYFLLILI,000011011001101100000,-59.7951,27.7332,9.4677,2.24783,98_0.pdb,true,false,Left
LLLLILLVALLLFLTALLILI,000011011001101100000,-43.9168,18.0,9.5,1.13323,1538_0.pdb,true,false,Left
LLLLLLLTALLIVLFSLLILI,000011011001101100000,-39.717,22.7682,9.3252,5.05759,41_1.pdb,true,false,Left
LLLLAVLLLILLFLLSTLILI,000011001101100110000,-60.4764,21.2578,9.1948,3.98299,344_1.pdb,true,false,Left
LLLLVLLAILTFLLASLLILI,000110011011001100000,-115.152,18.3002,9.2232,4.55733,1754_0.pdb,true,false,Left
LLLLVLLLAILYTLLSYLILI,000011001101100110000,-43.0223,28.0,9.5,1.41924,496_0.pdb,true,false,Left
LLLLLLLLTVLFALLSYLILI,000011001101100110000,-8.04023,22.8656,9.1939,0.372694,1375_2.pdb,true,false,Left
LLLLILLLAVLFTLLALLILI,000011001101100110000,-43.0329,19.6442,9.5,1.17685,1815_0.pdb,true,false,Left
LLLLALLLFTLAVLLSILILI,000011001101100110000,-60.4364,18.0,8.8114,4.0678,783_0.pdb,true,false,Left
LLLLAILVTLLFLLYSLLILI,000011011001101100000,-62.2011,18.7588,9.5,2.7944,931_1.pdb,true,false,Left
LLLLALLIFLLLVLTSLLILI,000011011001101100000,-93.2901,27.2793,9.5,4.4589,672_3.pdb,true,false,Left
LLLLWVLLSLLFTLIALLILI,000011011001101100000,-47.1773,23.5653,9.5,0.826729,597_0.pdb,true,false,Left
LLLFALLAVLLLLLTSLLILI,000110011011001100000,-105.941,26.1948,8.5,6.50779,1970_3.pdb,true,false,Left
LLLLYVLLATLFILLSLLILI,000011001101100110000,-44.2244,28.0,9.3243,4.71022,1063_4.pdb,true,false,Left
LLLLILLLATLVLLLSFLILI,000011001101100110000,-46.6921,24.7897,9.4449,2.78289,458_0.pdb,true,false,Left
LLLLVLLLAILTLLLSFLILI,000011001101100110000,-13.4026,19.5036,9.4704,0.973599,1253_0.pdb,true,false,Left
LLLLALLVFLLATLYSLLILI,000011011001101100000,-84.4604,20.518,9.5,5.80273,1496_3.pdb,true,false,Left
LLLLFVLTALLLILLSLLILI,000011011001101100000,-64.2055,27.6236,9.0967,2.16692,1999_2.pdb,true,false,Left
LLLLALLIFLLSVLYTLLILI,000011011001101100000,-84.4604,20.518,9.5,5.80273,1496_1.pdb,true,false,Left
LLLLVLLIALLTVLFSLLILI,000011011001101100000,-39.8599,19.4139,9.461,5.21787,1950_0.pdb,true,false,Left
LLLLLFLIALLTVLYSLLILI,000011011001101100000,-59.5944,24.8855,8.7767,1.67026,624_1.pdb,true,false,Left
LLLLIVLLALLYTLLFLLILI,000011001101100110000,-54.5787,27.8285,9.3908,4.60894,1629_0.pdb,true,false,Left
LLLLAVLISLLLLLFTLLILI,000011011001101100000,-62.7048,18.0,9.0662,3.15862,1038_0.pdb,true,false,Left
LLLLVALLILLTALLSFLILI,000011001101100110000,-7.46127,27.9329,9.5,0.747859,1472_3.pdb,true,false,Left
LLLLYALLALLTVLLSILILI,000011001101100110000,-43.0223,28.0,9.5,1.41924,496_3.pdb,true,false,Left
LLLLALLTVLLYILFSLLILI,000011011001101100000,-92.1998,28.0,9.4683,6.31779,1365_1.pdb,true,false,Left
LLLLLALLAVLLFLLSTLILI,000011001101100110000,-54.7698,25.4648,9.3342,4.38357,1263_0.pdb,true,false,Left
LLLLAILLVLLYLLTSLLILI,000011011001101100000,-86.2941,28.0,9.3605,5.48103,845_4.pdb,true,false,Left
LLLLLALLTVLIALLSFLILI,000011001101100110000,-3.25933,22.3804,9.4501,0.32285,107_0.pdb,true,false,Left
LLLLFALTSLLAILLVLLILI,000011011001101100000,-54.4628,26.3947,8.5,6.13981,866_0.pdb,true,false,Left
LLLLAVLTILLWLLFSLLILI,000011011001101100000,-93.2163,26.9893,9.2485,5.55336,1680_0.pdb,true,false,Left
LLLLAVLLALLYTLLSFLILI,000011001101100110000,-45.0276,24.7723,9.3884,4.44983,1732_0.pdb,true,false,Left
LLLLLVLLAILTWLLSFLILI,000011001101100110000,-39.6745,23.0327,9.3487,3.93601,611_1.pdb,true,false,Left
LLLLVLLLAILLFLLSTLILI,000011001101100110000,-46.0628,23.0534,9.4192,4.02274,1434_2.pdb,true,false,Left
LLLLLVLLAILYTLLSFLILI,000011001101100110000,-47.6323,26.2623,9.3258,4.01145,628_0.pdb,true,false,Left
LLLLAVLILLLFTLLSLLILI,000011011001101100000,-87.966,27.113,9.3674,5.82165,911_2.pdb,true,false,Left
LLLLVALISLLLLLTFLLILI,000011011001101100000,-52.8963,28.0,9.1119,5.13594,1974_0.pdb,true,false,Left
LLLLFVLALLLATLLSLLILI,000011011001101100000,-94.4984,19.3383,9.5,5.02873,1826_1.pdb,true,false,Left
LLLLIVLLALLFTLLSYLILI,000011001101100110000,-49.9576,21.6342,9.2046,3.76085,1207_0.pdb,true,false,Left
LLLLVILTALLLLLFSLLILI,000011011001101100000,-56.9371,24.6165,8.9237,2.88581,1454_1.pdb,true,false,Left
LLLLIFLLALLTVLLSLLILI,000011001101100110000,-47.1398,22.7049,9.4527,2.62122,1691_0.pdb,true,false,Left
LLLLVLLTSLLAFLISLLILI,000011011001101100000,-48.6486,27.8474,8.7613,5.7232,1982_0.pdb,true,false,Left
LLLLYVLLATLILLLSFLILI,000011001101100110000,-43.3011,26.5771,9.4933,4.26167,314_1.pdb,true,false,Left
LLLLLVLTALLFILLSLLILI,000011011001101100000,-58.0121,28.0,9.1359,5.41995,1100_2.pdb,true,false,Left
LLLLVLLLALLTILLSFLILI,000011001101100110000,-45.1707,20.2707,9.4093,2.08507,531_0.pdb,true,false,Left
LLLLYILVALLLLLFSLLILI,000011011001101100000,-61.8139,27.3116,9.2372,0.947369,1514_0.pdb,true,false,Left
LLLLLVLILLLTALFSLLILI,000011011001101100000,-69.7673,27.775,9.066,1.82204,808_1.pdb,true,false,Left
LLLLVILLALLYTLLLFLILI,000011001101100110000,-57.6088,28.0,9.5,4.16317,991_0.pdb,true,false,Left
LLLLVFLLALLTLLIALLILI,000011011001101100000,-44.7927,18.2426,9.3483,0.672071,1086_0.pdb,true,false,Left
LLLLLLLLTVLFALLSILILI,000011001101100110000,-7.00423,20.3201,9.431,0.637414,324_1.pdb,true,false,Left
LLLLVALLTLLLFLLSILILI,000011001101100110000,-11.3701,28.0,9.5,0.614521,629_0.pdb,true,false,Left
LLLLAVLLILLATLFSLLILI,000011011001101100000,-86.6358,26.8369,9.5,5.86497,1694_2.pdb,true,false,Left
LLLLFVLLAILLYLLSTLILI,000011001101100110000,-38.0885,21.1339,9.5,2.1196,1571_1.pdb,true,false,Left
LLLLAVLLSLLFTLLILLILI,000011011001101100000,-64.6135,24.2089,9.453,2.74634,1104_0.pdb,true,false,Left
LLLLFVLLAILTLLLSLLILI,000011001101100110000,-41.287,28.0,9.5,4.5578,427_1.pdb,true,false,Left
LLLALLLVTLILLLFSLLILI,000110011011001100000,-101.349,21.0043,9.3889,2.57296,163_1.pdb,true,false,Left
LLLVALLLILTSLLFLLLILI,000110011011001100000,-103.246,19.2164,9.4947,2.84865,1178_1.pdb,true,false,Left
LLLLYLLITLLAVLLFLLILI,000011011001101100000,-68.986,21.4477,9.1053,1.68,1873_0.pdb,true,false,Left
LLLYALLLLLTALLFVLLILI,000110011011001100000,-96.6415,20.0417,9.0648,6.07931,577_0.pdb,true,false,Left
LLLLYLLTILLAVLWFLLILI,000011011001101100000,-95.3663,28.0,9.3966,1.88877,1177_1.pdb,true,false,Left
LLLVALLILLLFLLATLLILI,000110011011001100000,-93.0334,19.5914,9.5,6.38672,1395_1.pdb,true,false,Left
LLLVALLTILLFLLSLLLILI,000110011011001100000,-97.9457,18.4225,9.4224,5.30238,1757_1.pdb,true,false,Left
LLLLFLLAVLLSLLYTLLILI,000110011011001100000,-97.9457,18.4225,9.4224,5.30238,1757_2.pdb,true,false,Left
LLLTALLILLVALLWFLLILI,000110011011001100000,-96.2594,22.3166,9.3909,4.77092,331_0.pdb,true,false,Left
LLLLAILLTLLFVLASLLILI,000011011001101100000,-91.2166,22.6004,9.4646,2.81374,383_1.pdb,true,false,Left
LLLVTLLAILLSLLFLLLILI,000110011011001100000,-106.353,18.1972,9.5,4.81424,464_0.pdb,true,false,Left
LLLLLFLVALLTILLSLLILI,000011011001101100000,-39.2467,27.6059,9.5,5.10418,192_0.pdb,true,false,Left
LLLLAVLILLLALLFTLLILI,000011011001101100000,-86.3426,21.6787,9.5,5.74645,554_0.pdb,true,false,Left
LLLYALLFILVSLLLTLLILI,000110011011001100000,-101.498,20.1514,9.5,3.77814,977_1.pdb,true,false,Left
LLLLLVLTALLYILLFLLILI,000011011001101100000,-67.4691,23.3974,9.1721,1.76489,1875_0.pdb,true,false,Left
LLLVALLLFLTSLLYLLLILI,000110011011001100000,-98.3355,18.0,9.2738,5.91662,1918_0.pdb,true,false,Left
LLLLAYLTILLALLFVLLILI,000011011001101100000,-93.5519,25.9939,9.4179,3.45897,1848_0.pdb,true,false,Left
LLLLWILTSLLAVLLFLLILI,000011011001101100000,-64.7112,25.8855,8.5,2.01845,1403_0.pdb,true,false,Left
LLLFLLLTVLLALLYILLILI,000110011011001100000,-101.349,21.0043,9.3889,2.57296,163_2.pdb,true,false,Left
LLLLAVLLLLLATLYFLLILI,000011011001101100000,-63.8944,24.9652,8.9593,2.46421,1945_0.pdb,true,false,Left
LLLLAVLLLLLATLFILLILI,000011011001101100000,-84.4604,20.518,9.5,5.80273,1496_0.pdb,true,false,Left
LLLYALLVLLLSLLFTLLILI,000110011011001100000,-97.9864,18.0,9.4869,5.07286,469_0.pdb,true,false,Left
LLLVALLILLLSLLFTLLILI,000110011011001100000,-96.2594,22.3166,9.3909,4.77092,331_1.pdb,true,false,Left
LLLFALLVLLTSLLYLLLILI,000110011011001100000,-96.1052,23.4724,9.5,4.37036,105_0.pdb,true,false,Left
LLLLLLLTVLTALLFSLLILI,000110011011001100000,-102.04,18.1592,9.5,3.28497,94_1.pdb,true,false,Left
LLLYALLTVLLALLFSLLILI,000110011011001100000,-99.4637,18.0,9.4669,3.1871,443_0.pdb,true,false,Left
LLLTALLILLLALLFVLLILI,000110011011001100000,-100.762,20.1318,9.4192,2.15907,970_0.pdb,true,false,Left
LLLVALLTLLISLLWFLLILI,000110011011001100000,-100.98,19.2008,9.049,2.87748,55_0.pdb,true,false,Left
LLLFALLTVLLALLISLLILI,000110011011001100000,-100.223,21.0733,9.5,3.16573,690_0.pdb,true,false,Left
LLLFALLVLLTALLISLLILI,000110011011001100000,-99.8584,21.3829,9.3043,2.72998,1025_0.pdb,true,false,Left
LLLVLLLTILFALLLSLLILI,000110011011001100000,-102.982,18.5071,9.4861,3.7941,325_1.pdb,true,false,Left
LLLLAYLLTLLAVLFILLILI,000011011001101100000,-88.3329,22.447,9.5,3.07387,1223_0.pdb,true,false,Left
LLLLALLTILLALLFVLLILI,000011011001101100000,-90.6869,21.9118,9.5,6.15289,1149_0.pdb,true,false,Left
LLLLLALVSLLLLLFTLLILI,000011011001101100000,-66.3064,28.0,8.743,1.24723,1934_0.pdb,true,false,Left
LLLLAVLTLLLALLFILLILI,000011011001101100000,-65.639,25.0,9.3683,2.18617,1862_0.pdb,true,false,Left
LLLLLVLLALLIFLLSTLILI,000011001101100110000,-41.287,28.0,9.5,4.5578,427_0.pdb,true,false,Left
LLLYALLFTLIALLVLLLILI,000110011011001100000,-94.4359,20.531,9.417,5.20311,630_0.pdb,true,false,Left
LLLLALLVLLLATLFSLLILI,000011011001101100000,-96.0154,18.0,9.5,3.08129,1682_0.pdb,true,false,Left
LLLLALLILLLATLFVLLILI,000011011001101100000,-95.0767,24.6495,9.5,4.15081,1802_0.pdb,true,false,Left
LLLVALLILLTALLFLLLILI,000110011011001100000,-93.0334,19.5914,9.5,6.38672,1395_0.pdb,true,false,Left
LLLFALLTVLLALLYSLLILI,000110011011001100000,-100.762,20.1318,9.4192,2.15907,970_1.pdb,true,false,Left
LLLLALLTILLSVLFLLLILI,000011011001101100000,-93.5412,22.6365,9.2682,3.71801,1039_0.pdb,true,false,Left
LLLLAVLTSLLAILLFLLILI,000011011001101100000,-65.1081,23.6038,8.6862,2.29377,1146_0.pdb,true,false,Left
LLLLALLTVLLALLFILLILI,000011011001101100000,-84.6662,20.7029,9.4057,5.9463,104_0.pdb,true,false,Left
LLLLALLILLLAVLFTLLILI,000011011001101100000,-90.921,18.0,9.4602,5.75617,696_0.pdb,true,false,Left
LLLLALLILLTALLFVLLILI,000110011011001100000,-97.9722,21.7327,9.3228,4.26408,849_0.pdb,true,false,Left
LLLLILLLAVLTTLLSFLILI,000011001101100110000,-39.6745,23.0327,9.3487,3.93601,611_0.pdb,true,false,Left
LLLLALLIFLLAVLYTLLILI,000011011001101100000,-94.6515,21.38,9.5,4.66625,1658_0.pdb,true,false,Left
LLLLLVLLAILYTLLAFLILI,000011001101100110000,-38.0885,21.1339,9.5,2.1196,1571_0.pdb,true,false,Left
LLLLLLLTALLYVLFILLILI,000011011001101100000,-64.2235,27.3697,9.5,2.64203,1750_0.pdb,true,false,Left
LLLLYLLLVLLATLFILLILI,000011011001101100000,-90.1111,25.828,9.4898,3.29639,1556_1.pdb,true,false,Left
LLLLYALLAVLTLLLSFLILI,000011001101100110000,-42.6863,25.6658,9.3299,4.23156,154_2.pdb,true,false,Left
LLLLLALLAVLIFLLSTLILI,000011001101100110000,-47.1318,28.0,9.4088,2.80974,337_0.pdb,true,false,Left
LLLLALLTVLLAILYSLLILI,000011011001101100000,-84.6662,20.7029,9.4057,5.9463,104_1.pdb,true,false,Left
LLLLLLLTYLLAVLFILLILI,000011011001101100000,-69.7673,27.775,9.066,1.82204,808_0.pdb,true,false,Left
LLLLAVLLFILLLLLSTLILI,000011001101100110000,-38.0885,21.1339,9.5,2.1196,1571_4.pdb,true,false,Left
LLLLFVLTLLLAILYSLLILI,000011011001101100000,-91.7845,18.1768,9.3834,3.62155,109_2.pdb,true,false,Left
LLLLLALTSLLFVLLYLLILI,000011011001101100000,-58.1024,26.441,9.3786,1.72312,1078_0.pdb,true,false,Left
LLLLILLTALLFVLLSLLILI,000011011001101100000,-47.8829,28.0,9.5,1.30792,487_0.pdb,true,false,Left
LLLLYVLLALLTILLSFLILI,000011001101100110000,-43.184,24.62,9.5,3.71712,715_0.pdb,true,false,Left
LLLLIFLLALLVLLTSLLILI,000011011001101100000,-39.717,22.7682,9.3252,5.05759,41_0.pdb,true,false,Left
LLLLFLLVTLLAILLSLLILI,000011011001101100000,-84.79,20.2202,9.5,6.37359,681_3.pdb,true,false,Left
LLLLFLLITLLAVLLSLLILI,000011011001101100000,-84.79,20.2202,9.5,6.37359,681_4.pdb,true,false,Left
LLLLYILTLLLALLFVLLILI,000011011001101100000,-68.7003,25.7335,9.1776,1.61514,537_0.pdb,true,false,Left
LLLLAILVSLLLTLLFLLILI,000011011001101100000,-60.9815,19.8704,9.3939,5.78057,932_0.pdb,true,false,Left
LLLLALLIYLLSTLVFLLILI,000011011001101100000,-93.1243,19.941,9.5,2.26932,743_1.pdb,true,false,Left
LLLLAVLLSTLLLLLFILILI,000011001101100110000,-57.7284,25.5882,8.8934,4.34641,1988_0.pdb,true,false,Left
LLLLLALVSLLLALTFLLILI,000011011001101100000,-61.7319,27.5718,9.3419,2.33763,1983_0.pdb,true,false,Left
LLLLAVLLSLLYLLTFLLILI,000011011001101100000,-61.5121,26.5133,8.57,2.77074,1770_0.pdb,true,false,Left
LLLLFILLVLLATLYSLLILI,000011011001101100000,-93.3245,28.0,9.4377,2.87605,1076_2.pdb,true,false,Left
LLLLYVLLTLLAILFSLLILI,000011011001101100000,-84.8108,27.5458,9.5,5.29237,869_2.pdb,true,false,Left
LLLLLLLTFLLAVLYILLILI,000011011001101100000,-59.9493,27.4541,9.5,3.43886,1252_0.pdb,true,false,Left
LLLLLVLLFILVTLLSALILI,000011001101100110000,-43.8697,27.5751,9.4143,3.96131,1245_4.pdb,true,false,Left
LLLLYLLTVLLAILFSLLILI,000011011001101100000,-95.3663,28.0,9.3966,1.88877,1177_3.pdb,true,false,Left
LLLLTVLLAILLLLLSFLILI,000011001101100110000,-60.579,24.7196,9.0704,4.08775,1106_2.pdb,true,false,Left
LLLLAVLILLLFLLFTLLILI,000011011001101100000,-87.9565,22.8301,9.5,5.67076,267_1.pdb,true,false,Left
LLLLLALTSLLYVLLFLLILI,000011011001101100000,-63.7276,25.6069,8.7394,2.18711,548_0.pdb,true,false,Left
LLLLYVLLLLLAILTFLLILI,000011011001101100000,-67.3847,21.814,9.5,2.14846,1535_0.pdb,true,false,Left
LLLLVLLLAILTTLLSFLILI,000011001101100110000,-44.5029,27.834,9.2951,3.75778,557_0.pdb,true,false,Left
LLLLAYLLVLLATLFILLILI,000011011001101100000,-87.9067,24.4097,9.5,3.71611,1292_0.pdb,true,false,Left
LLLLAVLYTLLSYLFLLLILI,000011011001101100000,-96.941,25.6541,9.4044,2.82401,377_0.pdb,true,false,Left
LLLLWVLLALLYTLLFLLILI,000011011001101100000,-63.878,27.3363,8.7117,2.50959,69_0.pdb,true,false,Left
LLLLAILTVLLWLLFSLLILI,000011011001101100000,-92.2149,22.133,9.3381,2.84275,1069_1.pdb,true,false,Left
LLLLVALIALLLLLTFLLILI,000011011001101100000,-58.5829,28.0,8.817,2.11444,48_0.pdb,true,false,Left
LLLLWVLTALLYILLFLLILI,000011011001101100000,-60.6875,25.5985,8.9175,3.00992,33_0.pdb,true,false,Left
LLLVTLLFLLIALLLSLLILI,000110011011001100000,-107.013,18.0,9.0536,4.4384,1411_0.pdb,true,false,Left
LLLLAVLLLLLATLFYLLILI,000011011001101100000,-64.7248,22.1011,9.1837,2.64586,989_0.pdb,true,false,Left
LLLLVILLLLLATLLFYLILI,000011001101100110000,-58.8797,28.0,9.4923,3.68426,340_0.pdb,true,false,Left
LLLLAVLTLLLSILYFLLILI,000011011001101100000,-95.5434,28.0,9.3253,3.73274,995_0.pdb,true,false,Left
LLLLAVLTSLLLILLFLLILI,000011011001101100000,-63.5976,22.7455,9.4863,2.88005,1072_0.pdb,true,false,Left
LLLLVILTYLLALLLFLLILI,000011011001101100000,-64.5279,25.4166,9.1613,1.59963,1733_0.pdb,true,false,Left
LLLLLLLLATLYVLLFILILI,000011001101100110000,-59.5756,26.5633,9.4841,3.55592,396_0.pdb,true,false,Left
LLLLVLLLALLTILLAFLILI,000011001101100110000,-37.82,18.0,9.4473,2.7129,802_0.pdb,true,false,Left
LLLLAVLLLILATLLFLLILI,000011001101100110000,-64.6361,19.7597,9.4978,4.54569,1729_0.pdb,true,false,Left
LLLLLVLLAILTTLLSFLILI,000011001101100110000,-44.2004,24.0266,9.4062,1.89691,1053_0.pdb,true,false,Left
LLLLLLLISLLAVLFTLLILI,000011011001101100000,-64.2055,27.6236,9.0967,2.16692,1999_0.pdb,true,false,Left
LLLLYVLLALLIFLLSTLILI,000011001101100110000,-38.0885,21.1339,9.5,2.1196,1571_2.pdb,true,false,Left
LLLLFLLLALLTVLISLLILI,000011011001101100000,-35.7033,20.7118,9.3829,4.78265,410_0.pdb,true,false,Left
LLLLAVLTSLLFLLLFLLILI,000011011001101100000,-62.5425,24.5496,8.6866,2.51449,96_0.pdb,true,false,Left
LLLALLLFTLVALLLSLLILI,000110011011001100000,-100.831,18.2645,9.5,6.21514,326_0.pdb,true,false,Left
LLLLLALLATLFLLLSVLILI,000011001101100110000,-53.5853,19.9595,9.5,3.11975,551_1.pdb,true,false,Left
LLLLLALLYILVTLLSFLILI,000011001101100110000,-44.5029,27.834,9.2951,3.75778,557_4.pdb,true,false,Left
LLLLLLLVFLLATLISLLILI,000011011001101100000,-42.6031,24.4122,9.5,5.1089,1981_1.pdb,true,false,Left
LLLFALLTVLIALLLSLLILI,000110011011001100000,-98.8928,26.0313,9.3909,5.23702,243_0.pdb,true,false,Left
LLLLYILTLLLFALVSLLILI,000011011001101100000,-93.3245,28.0,9.4377,2.87605,1076_4.pdb,true,false,Left
LLLLLALVSLLLILTFLLILI,000011011001101100000,-60.6875,25.5985,8.9175,3.00992,33_1.pdb,true,false,Left
LLLVILLALLLTLLFSLLILI,000110011011001100000,-115.152,18.3002,9.2232,4.55733,1754_2.pdb,true,false,Left
LLLLVTLLAILFLLLSLLILI,000011001101100110000,-17.3153,18.0,8.8015,1.11365,1279_3.pdb,true,false,Left
LLLLYALTVLLLILFSLLILI,000011011001101100000,-68.986,21.4477,9.1053,1.68,1873_3.pdb,true,false,Left
LLLLLFLIALLLTLVSLLILI,000011011001101100000,-54.9604,28.0,9.5,5.49028,64_1.pdb,true,false,Left
LLLLAVLLFTLALLLLILILI,000011001101100110000,-60.6212,23.7988,9.1815,4.44488,1526_0.pdb,true,false,Left
LLLLTVLLFLLAILLSLLILI,000011001101100110000,-61.1918,23.7758,8.7499,4.38018,1502_1.pdb,true,false,Left
LLLLYLLTFLLAVLLILLILI,000011011001101100000,-65.776,23.3914,9.1145,3.14907,1036_0.pdb,true,false,Left
LLLLTYLLLLLAVLFILLILI,000011011001101100000,-63.9738,25.8588,9.1246,3.73206,1867_0.pdb,true,false,Left
LLLLLALLYVLATLLLFLILI,000011001101100110000,-59.4899,24.9498,9.1884,3.68001,1847_0.pdb,true,false,Left
LLLLLALLYLLTVLFSLLILI,000011011001101100000,-44.5387,26.2798,9.1547,5.21812,1736_2.pdb,true,false,Left
LLLLAILLTLLAVLFSLLILI,000011011001101100000,-62.5444,18.7341,8.7761,2.72188,231_2.pdb,true,false,Left
LLLLVFLIALLLLLTSLLILI,000011011001101100000,-56.0298,25.4188,9.3259,2.36829,1598_0.pdb,true,false,Left
LLLLFVLLALLTILYSLLILI,000011011001101100000,-48.8456,26.5476,9.2615,1.4354,963_1.pdb,true,false,Left
LLLLALLTVLFLLLASLLILI,000110011011001100000,-97.5514,24.3116,9.5,3.60806,435_4.pdb,true,false,Left
LLLLILLVALLFLLTSLLILI,000011011001101100000,-53.5455,23.9181,9.149,2.37413,928_0.pdb,true,false,Left
LLLLYFLLALLTVLLSILILI,000011001101100110000,-48.8736,28.0,9.2954,2.74334,217_4.pdb,true,false,Left
LLLLIALLVLLLFLLSTLILI,000011001101100110000,-3.92537,25.7769,9.5,0.40781,175_0.pdb,true,false,Left
LLLLVFLLATLILLLSLLILI,000011001101100110000,-46.8452,24.6878,9.1851,2.35895,1621_0.pdb,true,false,Left
LLLLYLLTALLLVLFSLLILI,000011011001101100000,-59.0701,19.3358,9.5,4.96296,1421_0.pdb,true,false,Left
LLLLYFLLAVLTILLSLLILI,000011001101100110000,-41.5493,22.4182,9.4163,2.07233,295_2.pdb,true,false,Left
LLLFALLLILVLLLTSLLILI,000110011011001100000,-104.425,25.0886,9.5,5.48425,1062_1.pdb,true,false,Left
LLLLVLLTALLILLFSLLILI,000011011001101100000,-35.7873,20.1927,9.3786,5.16596,230_0.pdb,true,false,Left
LLLLFVLLAILWLLLSTLILI,000011001101100110000,-43.0223,28.0,9.5,1.41924,496_2.pdb,true,false,Left
LLLLLVLLATLFILLSLLILI,000011001101100110000,-59.3359,28.0,9.3632,4.9269,747_2.pdb,true,false,Left
LLLLFVLIALLLTLLSLLILI,000011011001101100000,-45.7951,25.6019,9.4825,5.39204,452_2.pdb,true,false,Left
LLLLIVLLYLLALLTFLLILI,000011011001101100000,-66.1545,26.6162,8.9139,1.32829,1791_1.pdb,true,false,Left
LLLLFYLLAILTVLLSLLILI,000011001101100110000,-48.2707,27.6831,9.5,2.86102,1909_4.pdb,true,false,Left
LLLLLILTALLFLLVSLLILI,000011011001101100000,-60.7042,28.0,9.285,3.10881,1145_2.pdb,true,false,Left
LLLAYLLAVLFLLLTSLLILI,000110011011001100000,-108.707,23.6216,9.2079,7.02935,1448_1.pdb,true,false,Left
LLLLAVLTSLLYILFLLLILI,000011011001101100000,-57.8172,27.4495,9.5,5.20841,1303_0.pdb,true,false,Left
LLLLFALLAVLLILLSTLILI,000011001101100110000,-58.8038,24.4838,8.9338,4.90209,159_1.pdb,true,false,Left
LLLLLILTLLLFALVSLLILI,000011011001101100000,-62.5425,24.5496,8.6866,2.51449,96_1.pdb,true,false,Left
LLLLAVLTSLLAILFLLLILI,000011011001101100000,-55.5888,20.9813,8.5824,5.15014,1521_0.pdb,true,false,Left
LLLLLLLVALLTFLISLLILI,000011011001101100000,-56.4165,25.8289,9.2401,5.44786,426_4.pdb,true,false,Left
LLLLILLLALLTVLFSLLILI,000011011001101100000,-50.2686,23.3167,9.4199,1.65277,847_0.pdb,true,false,Left
LLLLAILLFLLAVLTSLLILI,000011011001101100000,-63.7548,20.0048,8.747,1.68199,1642_0.pdb,true,false,Left
LLLLLALTSLLFVLLILLILI,000011011001101100000,-63.4231,26.6367,9.4625,3.5663,1067_0.pdb,true,false,Left
LLLLIALLLTLFVLLSLLILI,000011001101100110000,-53.5401,28.0,8.9211,4.67391,1189_2.pdb,true,false,Left
LLLLFVLLALLTILLSLLILI,000011001101100110000,-46.4401,28.0,9.4,1.73106,821_4.pdb,true,false,Left
LLLLLVLLLILATLLSFLILI,000011001101100110000,-61.55,27.3561,9.3793,4.8567,1244_2.pdb,true,false,Left
LLLLVFLLALLTILLSLLILI,000011001101100110000,-48.4345,19.9952,9.3565,2.58043,246_0.pdb,true,false,Left
LLLLTALVSLLLILFLLLILI,000011011001101100000,-66.5739,22.6773,9.4306,1.79196,1368_0.pdb,true,false,Left
LLLLAVLTSLLFILLLLLILI,000011011001101100000,-54.9604,28.0,9.5,5.49028,64_0.pdb,true,false,Left
LLLVALLILLTLLLFSLLILI,000110011011001100000,-106.919,26.3181,9.2773,3.67658,872_2.pdb,true,false,Left
LLLLLALLSVLFTLLLILILI,000011001101100110000,-60.579,24.7196,9.0704,4.08775,1106_1.pdb,true,false,Left
LLLLLALVSLLLTLFLLLILI,000011011001101100000,-61.6969,25.8557,9.3461,3.39352,1182_0.pdb,true,false,Left
LLLLLALLSVLFLLLITLILI,000011001101100110000,-58.6855,28.0,9.4647,4.16537,1217_0.pdb,true,false,Left
LLLLYFLLAILVLLLSTLILI,000011001101100110000,-43.1763,28.0,9.4198,4.44978,1226_1.pdb,true,false,Left
LLLLAVLLTLLFILYSLLILI,000011011001101100000,-88.3329,22.447,9.5,3.07387,1223_3.pdb,true,false,Left
LLLLVALLLILLFLLSTLILI,000011001101100110000,-15.5905,19.7114,9.1389,1.04161,1922_0.pdb,true,false,Left
LLLLLILVALLLTLFSLLILI,000011011001101100000,-63.8201,28.0,8.7037,2.44914,1493_1.pdb,true,false,Left
LLLLVILLLLLFTLASLLILI,000011011001101100000,-56.6011,25.5689,9.5,2.5052,353_4.pdb,true,false,Left
LLLLYVLLILLATLFSLLILI,000011011001101100000,-95.3663,28.0,9.3966,1.88877,1177_4.pdb,true,false,Left
LLLLIVLTALLFLLYLLLILI,000011011001101100000,-57.8746,27.5572,8.9855,2.87827,817_0.pdb,true,false,Left
LLLALLLTILVTLLFSLLILI,000110011011001100000,-105.757,20.3643,9.4808,5.90069,899_2.pdb,true,false,Left
LLLLALLFVLLLILTSLLILI,000011011001101100000,-87.966,27.113,9.3674,5.82165,911_4.pdb,true,false,Left
LLLILLLTVLALLLFSLLILI,000110011011001100000,-105.102,27.0926,9.3373,4.66749,889_2.pdb,true,false,Left
LLLLAILTVLLALLFSLLILI,000011011001101100000,-92.6216,25.6506,9.4273,2.91932,1566_3.pdb,true,false,Left
LLLVYLLILLTFLLASLLILI,000110011011001100000,-98.8508,28.0,9.5,2.33029,57_3.pdb,true,false,Left
LLLLLLLTVLTFLLASLLILI,000110011011001100000,-108.465,22.5121,9.059,3.21781,434_3.pdb,true,false,Left
LLLLILLTALLFLLVSLLILI,000011011001101100000,-53.9342,25.0394,9.0912,1.36098,627_0.pdb,true,false,Left
LLLLALLLILVSLLFTLLILI,000110011011001100000,-112.116,18.0,9.4637,3.36707,1101_0.pdb,true,false,Left
LLLLAVLLFLLLILTSLLILI,000011011001101100000,-92.3387,26.5853,9.5,5.8579,1311_2.pdb,true,false,Left
LLLTALLVLLLFLLASLLILI,000110011011001100000,-97.8964,27.8583,9.496,3.48967,152_1.pdb,true,false,Left
LLLLFALLLLLAVLLITLILI,000011001101100110000,-61.55,27.3561,9.3793,4.8567,1244_0.pdb,true,false,Left
LLLLVALLTLLFILYSLLILI,000011011001101100000,-93.1221,18.0,9.5,2.43615,1136_3.pdb,true,false,Left
LLLLAVLTLLLTLLFILLILI,000011011001101100000,-56.2764,26.3008,9.5,5.99809,725_1.pdb,true,false,Left
LLLLVALLLILLTLLSFLILI,000011001101100110000,-57.8657,28.0,9.3315,4.73007,1231_3.pdb,true,false,Left
LLLLIFLLAVLYLLLSTLILI,000011001101100110000,-50.3551,27.796,9.2642,3.89354,1029_0.pdb,true,false,Left
LLLLAVLLTLLLFLISLLILI,000011011001101100000,-62.4537,20.9221,8.6198,2.92617,398_3.pdb,true,false,Left
LLLLVILTALLFLLYSLLILI,000011011001101100000,-54.4023,20.2113,9.2974,1.07542,579_1.pdb,true,false,Left
LLLLLVLLLILFTLLSALILI,000011001101100110000,-46.2008,24.3906,9.5,4.3705,960_4.pdb,true,false,Left
LLLLFVLLALLILLTSLLILI,000011011001101100000,-48.8456,26.5476,9.2615,1.4354,963_3.pdb,true,false,Left
LLLLALLVLLTSLLFILLILI,000110011011001100000,-98.0808,20.6519,9.3154,3.51376,858_2.pdb,true,false,Left
LLLLIVLLFLLATLYLLLILI,000011011001101100000,-57.4925,28.0,9.3504,2.28079,22_0.pdb,true,false,Left
LLLLLVLLALLFTLYILLILI,000011011001101100000,-58.3985,25.7514,9.3911,5.65327,1834_0.pdb,true,false,Left
LLLLVLLLAILLTLLSFLILI,000011001101100110000,-46.2254,26.8386,9.3536,4.24226,1392_4.pdb,true,false,Left
LLLLYLLATLLFILVSLLILI,000011011001101100000,-66.1132,19.7839,9.3929,2.21435,1764_2.pdb,true,false,Left
LLLLALLTVLLFLLASLLILI,000110011011001100000,-107.576,27.6742,9.29,3.06273,1204_1.pdb,true,false,Left
LLLLFILLALLTVLYWLLILI,000011011001101100000,-44.8132,26.7672,9.4293,0.995658,282_0.pdb,true,false,Left
LLLLVLLLFLLAILLSTLILI,000011001101100110000,-46.5934,25.2315,9.2915,3.41222,1242_1.pdb,true,false,Left
LLLLVLLTYLLAILFLLLILI,000011011001101100000,-53.4915,27.9465,9.1156,5.13992,800_0.pdb,true,false,Left
LLLLAVLLAILLFLLSTLILI,000011001101100110000,-61.4404,18.0,8.9371,3.9997,113_0.pdb,true,false,Left
LLLLLVLLFLLTILASLLILI,000011011001101100000,-58.1024,26.441,9.3786,1.72312,1078_4.pdb,true,false,Left
LLLLAILVLLLYTLFSLLILI,000011011001101100000,-91.5809,21.6668,9.3523,6.17107,584_3.pdb,true,false,Left
LLLLWVLLSTLILLLSFLILI,000011001101100110000,-43.184,24.62,9.5,3.71712,715_1.pdb,true,false,Left
LLLLAVLTLLLAILFLLLILI,000011011001101100000,-59.4567,18.0,9.4042,6.08845,1686_0.pdb,true,false,Left
LLLLALLTVLLWLLFSLLILI,000110011011001100000,-99.2693,28.0,9.4208,3.30191,1135_0.pdb,true,false,Left
LLLLLLLTILTALLFVLLILI,000110011011001100000,-113.58,27.0117,9.2654,3.78055,771_2.pdb,true,false,Left
LLLLAILVTLLLLLFSLLILI,000011011001101100000,-61.6036,18.0,9.2414,3.78803,1861_2.pdb,true,false,Left
LLLVALLTILLSLLFLLLILI,000110011011001100000,-95.9479,20.265,9.4392,5.96604,1371_3.pdb,true,false,Left
LLLLALLITLLTVLFSLLILI,000011011001101100000,-57.8805,21.4985,9.3192,6.20512,750_2.pdb,true,false,Left
LLLLVILLALLFTLYSLLILI,000011011001101100000,-53.7888,21.4486,9.5,1.77496,1295_1.pdb,true,false,Left
LLLLLVLITLLLALFSLLILI,000011011001101100000,-62.7008,24.7766,8.8337,2.54179,37_2.pdb,true,false,Left
LLLLAVLTLLLFILASLLILI,000011011001101100000,-94.2488,18.3479,9.3079,4.95964,380_1.pdb,true,false,Left
LLLLALLVLLLTILFSLLILI,000011011001101100000,-56.141,27.7353,9.5,2.6161,1254_1.pdb,true,false,Left
LLLLILLLAVLYTLLSFLILI,000011001101100110000,-50.9633,22.8707,9.4791,2.41577,488_0.pdb,true,false,Left
LLLLAILLVLLSTLFYLLILI,000011011001101100000,-84.6662,20.7029,9.4057,5.9463,104_4.pdb,true,false,Left
LLLLAVLLALLFILTSLLILI,000011011001101100000,-60.2802,20.6302,8.8113,5.11305,1196_1.pdb,true,false,Left
LLLLLALVALLLTLFSLLILI,000011011001101100000,-54.1834,25.954,9.5,5.10296,173_2.pdb,true,false,Left
LLLLLFLTLLLAILVSLLILI,000011011001101100000,-52.6592,21.0713,9.5,5.69444,1397_0.pdb,true,false,Left
LLLLLFLVALLLLLTSLLILI,000011011001101100000,-59.5425,27.3052,8.6304,1.86793,568_1.pdb,true,false,Left
LLLLALLLTLLFVLLSILILI,000011001101100110000,-61.0233,18.806,9.3641,3.88355,1864_1.pdb,true,false,Left
LLLLFLLILLLTVLASLLILI,000011011001101100000,-64.2235,27.3697,9.5,2.64203,1750_3.pdb,true,false,Left
LLLLLVLLAILLTLLSFLILI,000011001101100110000,-58.8797,28.0,9.4923,3.68426,340_3.pdb,true,false,Left
LLLLIVLLALLLTLLSFLILI,000011001101100110000,-45.1707,20.2707,9.4093,2.08507,531_2.pdb,true,false,Left
LLLLLLLATLLFILVSLLILI,000011011001101100000,-59.9583,26.7655,9.2183,2.99125,1329_1.pdb,true,false,Left
LLLIALLTVLLLLLFSLLILI,000110011011001100000,-96.7127,27.2021,8.7177,5.36506,494_4.pdb,true,false,Left
LLLLFALTYLLALLVILLILI,000011011001101100000,-63.6223,25.1674,9.3555,4.01046,281_0.pdb,true,false,Left
LLLLVILTFLLLALLSLLILI,000011011001101100000,-63.4202,24.2117,9.4519,2.13507,566_1.pdb,true,false,Left
LLLLVTLLALLILLFSLLILI,000011011001101100000,-37.6288,20.1403,9.3503,4.91215,1890_0.pdb,true,false,Left
LLLLFALLLLLVTLISLLILI,000011011001101100000,-42.7815,19.5283,9.5,4.95677,1643_3.pdb,true,false,Left
LLLLIVLLYLLATLLSFLILI,000011001101100110000,-45.0697,25.6355,9.0815,4.34292,1766_2.pdb,true,false,Left
LLLLYVLLALLTILFSLLILI,000011011001101100000,-53.4255,28.0,9.2063,1.00505,232_4.pdb,true,false,Left
LLLLILLLTLLVALLSFLILI,000011001101100110000,-7.00423,20.3201,9.431,0.637414,324_2.pdb,true,false,Left
LLLLVLLLATLWYLLSFLILI,000011001101100110000,-39.6745,23.0327,9.3487,3.93601,611_3.pdb,true,false,Left
LLLLIALVLLLTLLFSLLILI,000011011001101100000,-63.4492,25.8795,9.3535,2.02535,31_2.pdb,true,false,Left
LLLLAVLILLLFLLYTLLILI,000011011001101100000,-86.3426,21.6787,9.5,5.74645,554_1.pdb,true,false,Left
LLLLYVLTILLFLLASLLILI,000011011001101100000,-90.1111,25.828,9.4898,3.29639,1556_2.pdb,true,false,Left
LLLLFVLLALLILLLSTLILI,000011001101100110000,-46.4034,27.707,9.4925,2.08718,1558_3.pdb,true,false,Left
LLLLVALLLLLTALLSFLILI,000011001101100110000,-8.04023,22.8656,9.1939,0.372694,1375_0.pdb,true,false,Left
LLLLLALLSVLLTLLFILILI,000011001101100110000,-56.6384,26.5287,9.5,4.49467,1876_0.pdb,true,false,Left
LLLLAVLLLTLALLLIFLILI,000011001101100110000,-62.6534,23.4815,9.298,4.53476,486_0.pdb,true,false,Left
LLLLALLILLLSVLFTLLILI,000011011001101100000,-91.5809,21.6668,9.3523,6.17107,584_2.pdb,true,false,Left
LLLLAVLTILLFLLYSLLILI,000011011001101100000,-68.7003,25.7335,9.1776,1.61514,537_4.pdb,true,false,Left
LLLLYVLLALLFILTSLLILI,000011011001101100000,-47.8829,28.0,9.5,1.30792,487_1.pdb,true,false,Left
LLLLFLLLYVLATLLLILILI,000011001101100110000,-58.8038,24.4838,8.9338,4.90209,159_0.pdb,true,false,Left
LLLLLALLTLLFILVSLLILI,000011011001101100000,-58.0121,28.0,9.1359,5.41995,1100_1.pdb,true,false,Left
LLLLFLLTYLLAVLISLLILI,000011011001101100000,-54.6553,24.8666,8.5,5.89475,852_1.pdb,true,false,Left
LLLLLLLLAVLYTLLFILILI,000011001101100110000,-58.0219,25.5722,9.2296,3.93699,564_0.pdb,true,false,Left
LLLLALLILLLFTLSVLLILI,000011011001101100000,-92.3387,26.5853,9.5,5.8579,1311_0.pdb,true,false,Left
LLLLVLLLAILTWLLSFLILI,000011001101100110000,-39.6745,23.0327,9.3487,3.93601,611_4.pdb,true,false,Left
LLLLIVLLLLLFALTSLLILI,000011011001101100000,-63.862,27.3221,9.0487,2.3766,860_1.pdb,true,false,Left
LLLLVLLLAILYFLLSTLILI,000011001101100110000,-46.4232,21.0786,9.1869,3.39176,1884_0.pdb,true,false,Left
LLLLALLLILLFVLTSLLILI,000011011001101100000,-70.366,25.0484,9.5,2.39073,794_1.pdb,true,false,Left
LLLLFALLTVLLALLSILILI,000011001101100110000,-2.1739,19.6299,9.2379,0.117928,313_0.pdb,true,false,Left
LLLLVALLLLLTILFSLLILI,000011011001101100000,-63.0687,28.0,8.5682,1.38055,1589_4.pdb,true,false,Left
LLLLFALTILLLVLLSLLILI,000011011001101100000,-67.3847,21.814,9.5,2.14846,1535_2.pdb,true,false,Left
LLLLALLVTLILLLFSLLILI,000110011011001100000,-95.8143,18.0,9.5,5.28463,702_3.pdb,true,false,Left
LLLLAVLTWLLFILLSLLILI,000011011001101100000,-89.8672,20.0282,9.4985,2.58101,1165_3.pdb,true,false,Left
LLLLFVLTSLLAILLSLLILI,000011011001101100000,-59.7148,24.4172,8.5,2.47774,1602_0.pdb,true,false,Left
LLLLAVLITLLYFLLSLLILI,000011011001101100000,-86.3509,28.0,9.5,4.13593,816_1.pdb,true,false,Left
LLLLALLLTLLAILFVLLILI,000011011001101100000,-89.5823,26.986,9.5,2.93394,593_2.pdb,true,false,Left
LLLLIVLLALLYTLFLLLILI,000011011001101100000,-57.4752,28.0,9.5,2.15255,1209_0.pdb,true,false,Left
LLLLIALLVLLTSLLFLLILI,000011001101100110000,-7.46127,27.9329,9.5,0.747859,1472_2.pdb,true,false,Left
LLLLAVLLTLLSILFYLLILI,000011011001101100000,-84.6662,20.7029,9.4057,5.9463,104_3.pdb,true,false,Left
LLLLLALLFLLAVLTSLLILI,000011011001101100000,-65.6006,28.0,8.7601,1.68817,1049_0.pdb,true,false,Left
LLLLYVLTALLILLFSLLILI,000011011001101100000,-49.1948,28.0,9.5,0.760151,1804_2.pdb,true,false,Left
LLLVLLLAILTFLLASLLILI,000110011011001100000,-103.669,19.8474,9.4595,6.51079,804_0.pdb,true,false,Left
LLLLYVLLILLATLFLLLILI,000011011001101100000,-69.4304,19.061,9.4613,1.72429,1877_0.pdb,true,false,Left
LLLLLALTSLLYVLFLLLILI,000011011001101100000,-61.6692,24.4821,9.38,2.7668,1447_0.pdb,true,false,Left
LLLLIVLLALLFTLYSLLILI,000011011001101100000,-52.5731,22.2545,9.1686,2.29664,193_0.pdb,true,false,Left
LLLLYILLATLFLLLSVLILI,000011001101100110000,-47.1318,28.0,9.4088,2.80974,337_2.pdb,true,false,Left
LLLFALLLLLVSLLTILLILI,000110011011001100000,-93.5334,20.6243,9.2374,6.29891,189_1.pdb,true,false,Left
LLLLFYLLATLVILLSLLILI,000011001101100110000,-48.2707,27.6831,9.5,2.86102,1909_3.pdb,true,false,Left
LLLLAVLTWLLFLLISLLILI,000011011001101100000,-85.9986,24.8935,9.5,6.20362,1151_4.pdb,true,false,Left
LLLLALLLFLLTVLISLLILI,000011011001101100000,-60.3018,18.0,9.4027,2.27127,1140_1.pdb,true,false,Left
LLLLYALVILLLTLFSLLILI,000011011001101100000,-67.3847,21.814,9.5,2.14846,1535_4.pdb,true,false,Left
LLLALLLTVLLFLLASLLILI,000110011011001100000,-100.055,19.3198,9.4622,5.92676,908_0.pdb,true,false,Left
LLLLAFLLAVLTLLLSILILI,000011001101100110000,-16.2744,20.6107,9.5,1.07149,459_1.pdb,true,false,Left
LLLLTLLLYLLAVLFSLLILI,000011011001101100000,-62.4537,20.9221,8.6198,2.92617,398_0.pdb,true,false,Left
LLLLAVLLWLLSILFTLLILI,000011011001101100000,-84.8108,27.5458,9.5,5.29237,869_3.pdb,true,false,Left
LLLLLALLFLLTVLYILLILI,000011011001101100000,-57.1251,27.2915,9.4111,5.31854,904_2.pdb,true,false,Left
LLLLLALTYLLAVLFLLLILI,000011011001101100000,-60.4659,26.6983,9.428,1.98564,801_0.pdb,true,false,Left
LLLLWVLASLLTFLILLLILI,000011011001101100000,-40.1641,26.9667,9.4099,5.16987,1250_2.pdb,true,false,Left
LLLLVALTALLLLLFSLLILI,000011011001101100000,-49.4201,25.1284,9.1132,4.8606,1668_0.pdb,true,false,Left
LLLLAILLLLLTVLLSFLILI,000011001101100110000,-57.8356,20.1938,9.2739,3.45107,1785_1.pdb,true,false,Left
LLLLAVLTILLSLLFYLLILI,000011011001101100000,-86.6358,26.8369,9.5,5.86497,1694_1.pdb,true,false,Left
LLLLVILALLLTLLFSLLILI,000011011001101100000,-46.6019,23.627,9.5,5.76846,871_2.pdb,true,false,Left
LLLLALLILLLTVLFSLLILI,000011011001101100000,-67.4691,23.3974,9.1721,1.76489,1875_3.pdb,true,false,Left
LLLLAVLLLLLTFLISLLILI,000011011001101100000,-65.776,23.3914,9.1145,3.14907,1036_3.pdb,true,false,Left
LLLLLVLLFTLAILLSLLILI,000011001101100110000,-57.7764,24.5839,9.4846,4.24678,92_2.pdb,true,false,Left
LLLLFVLLATLILLLSLLILI,000011001101100110000,-46.6763,26.8502,9.2459,3.35065,1943_4.pdb,true,false,Left
LLLLLALIALLTVLFSLLILI,000011011001101100000,-48.2707,23.404,9.3829,1.37422,1337_0.pdb,true,false,Left
LLLLIVLTALLYLLFLLLILI,000011011001101100000,-60.7042,28.0,9.285,3.10881,1145_0.pdb,true,false,Left
LLLLIVLLALLLFLTSLLILI,000011011001101100000,-58.9545,28.0,8.5413,1.09384,913_1.pdb,true,false,Left
LLLLFLLLTLLAVLISLLILI,000011011001101100000,-65.2702,18.0,8.5093,1.47585,262_1.pdb,true,false,Left
LLLLAVLTSLLALLTSLLILI,000011011001101100000,-60.0299,19.5041,8.5832,3.18132,1711_0.pdb,true,false,Left
LLLLLILALLLTVLFSLLILI,000011011001101100000,-63.878,27.3363,8.7117,2.50959,69_1.pdb,true,false,Left
LLLLAILLLTLFVLLSLLILI,000011001101100110000,-56.2955,25.6434,9.349,4.41581,1523_1.pdb,true,false,Left
LLLLAFLLAVLLLLLSTLILI,000011001101100110000,-13.5222,18.0,9.2289,1.00275,1105_1.pdb,true,false,Left
LLLLYILLALLTVLLSLLILI,000011001101100110000,-44.2004,24.0266,9.4062,1.89691,1053_4.pdb,true,false,Left
LLLLYVLLLILATLLLFLILI,000011001101100110000,-63.0953,27.7648,9.3901,4.20713,1503_0.pdb,true,false,Left
LLLLFVLTALLILLLSLLILI,000011011001101100000,-49.1948,28.0,9.5,0.760151,1804_4.pdb,true,false,Left
LLLLIVLALLLFTLYLLLILI,000011011001101100000,-62.2453,27.4961,9.4817,1.4294,1155_0.pdb,true,false,Left
LLLVALLTILLFLLASLLILI,000110011011001100000,-98.7272,20.6031,9.5,4.69031,591_1.pdb,true,false,Left
LLLLVLLLSILFTLLALLILI,000011001101100110000,-46.6704,20.9922,9.3759,2.1937,335_1.pdb,true,false,Left
LLLLIALLVLLTALLSFLILI,000011001101100110000,-2.75517,25.7929,9.2779,0.100548,1512_0.pdb,true,false,Left
LLLLAVLTILLFLLLSLLILI,000011011001101100000,-87.966,27.113,9.3674,5.82165,911_3.pdb,true,false,Left
LLLLALLVLLLSTLFILLILI,000011011001101100000,-90.6869,21.9118,9.5,6.15289,1149_2.pdb,true,false,Left
LLLLALLLAILFTLLSVLILI,000011001101100110000,-56.9723,18.0,9.0323,4.87965,121_1.pdb,true,false,Left
LLLLILLLLALTFLLSVLILI,000011001101100110000,-14.9502,28.0,9.2661,0.937053,1898_3.pdb,true,false,Left
LLLFALLTLLVALLLSLLILI,000110011011001100000,-96.7127,27.2021,8.7177,5.36506,494_0.pdb,true,false,Left
LLLLYLLLLVLATLLIFLILI,000011001101100110000,-61.8507,23.3116,9.1484,4.95103,1059_0.pdb,true,false,Left
LLLLIALLLVLTLLLSFLILI,000011001101100110000,-54.9139,28.0,9.3875,3.49725,1084_1.pdb,true,false,Left
LLLLWVLLYLLATLFLLLILI,000011011001101100000,-64.0896,21.3323,9.1457,3.11873,1097_0.pdb,true,false,Left
LLLLVILLATLYLLLLFLILI,000011001101100110000,-59.5756,26.5633,9.4841,3.55592,396_1.pdb,true,false,Left
LLLLLVLLTLLFILASLLILI,000011011001101100000,-64.5279,25.4166,9.1613,1.59963,1733_2.pdb,true,false,Left
LLLLVFLTSLLILLYALLILI,000011011001101100000,-40.7831,19.4877,9.1826,4.682,712_0.pdb,true,false,Left
LLLVALLTILLSLLYFLLILI,000110011011001100000,-98.6385,18.0,9.0728,3.8266,527_0.pdb,true,false,Left
LLLLAVLLLLLFILTSLLILI,000011011001101100000,-65.6006,28.0,8.7601,1.68817,1049_3.pdb,true,false,Left
LLLLVALILLLTLLFSLLILI,000011011001101100000,-59.7951,27.7332,9.4677,2.24783,98_4.pdb,true,false,Left
LLLLAVLTILLALLFSLLILI,000011011001101100000,-95.2993,24.1394,9.5,1.90523,1014_3.pdb,true,false,Left
LLLLALLFLLVTLLYSLLILI,000110011011001100000,-106.585,26.3438,9.4042,5.88646,538_4.pdb,true,false,Left
LLLYALLFLLTSLLAVLLILI,000110011011001100000,-105.509,24.2259,8.7657,6.44012,1527_1.pdb,true,false,Left
LLLLLFLALLLTVLISLLILI,000011011001101100000,-57.353,23.3829,9.4811,1.47347,237_3.pdb,true,false,Left
LLLIALLLLLTALLFVLLILI,000110011011001100000,-100.968,27.8002,9.4555,6.22324,1024_3.pdb,true,false,Left
LLLVALLWFLLLLLTSLLILI,000110011011001100000,-94.4368,27.3029,8.9923,5.37385,1869_3.pdb,true,false,Left
LLLAFLLTILVTLLLSLLILI,000110011011001100000,-103.246,19.2164,9.4947,2.84865,1178_3.pdb,true,false,Left
LLLLFALILLLTVLYSLLILI,000011011001101100000,-60.3018,18.0,9.4027,2.27127,1140_2.pdb,true,false,Left
LLLLFALTLLLVILYSLLILI,000011011001101100000,-35.7033,20.7118,9.3829,4.78265,410_4.pdb,true,false,Left
LLLLTVLLYLLALLFSLLILI,000011011001101100000,-62.2235,23.3611,8.5,1.841,625_4.pdb,true,false,Left
LLLVTLLLLLIALLFSLLILI,000110011011001100000,-111.991,18.4107,8.7309,3.96713,658_3.pdb,true,false,Left
LLLLVILLWLLATLLSFLILI,000011001101100110000,-54.5803,25.2446,9.5,2.83416,1258_3.pdb,true,false,Left
LLLLTLLLALVALLFSLLILI,000110011011001100000,-111.087,20.7952,9.3778,5.61172,210_2.pdb,true,false,Left
LLLVALLLILTLLLFSLLILI,000110011011001100000,-111.619,18.5361,9.3412,4.01923,1870_3.pdb,true,false,Left
LLLLFLLATLVSLLLILLILI,000110011011001100000,-99.7246,20.8379,9.5,4.48144,91_3.pdb,true,false,Left
LLLLTLLLFVLAILLSLLILI,000011001101100110000,-56.6653,18.0,9.401,3.78299,1751_4.pdb,true,false,Left
LLLLAILFLLLLVLTSLLILI,000011011001101100000,-95.1629,21.224,9.5,2.37865,567_4.pdb,true,false,Left
LLLLALLLTVLLSLLFILILI,000011001101100110000,-11.3257,21.4503,9.259,0.379856,1394_1.pdb,true,false,Left
LLLLLALLLVLITLLSFLILI,000011001101100110000,-41.3973,19.281,9.3778,3.17138,225_4.pdb,true,false,Left
LLLLVALLLTLFLLLSILILI,000011001101100110000,-14.8026,24.8541,9.1766,0.95095,1924_4.pdb,true,false,Left
LLLLALLLVLITLLFSLLILI,000110011011001100000,-107.414,19.1585,9.5,4.20043,395_4.pdb,true,false,Left
LLLAWLLTILLSLLFVLLILI,000110011011001100000,-106.919,26.3181,9.2773,3.67658,872_0.pdb,true,false,Left
LLLLIVLLFLLALLTSLLILI,000011011001101100000,-52.0168,24.9796,9.3931,0.916152,1492_2.pdb,true,false,Left
LLLLLLLVALLYTLFSLLILI,000011011001101100000,-57.353,23.3829,9.4811,1.47347,237_4.pdb,true,false,Left
LLLAALLYVLLLLLFSLLILI,000110011011001100000,-98.4947,25.3972,9.3113,6.40231,209_3.pdb,true,false,Left
LLLYFLLAVLTSLLLSLLILI,000110011011001100000,-102.356,18.4872,9.3338,4.56708,12_4.pdb,true,false,Left
LLLLLALVLLLTILFSLLILI,000011011001101100000,-56.3184,28.0,8.9505,2.52544,933_4.pdb,true,false,Left
LLLLFLLVLLLATLISLLILI,000011011001101100000,-64.3982,19.5039,9.0192,2.21895,1638_4.pdb,true,false,Left
LLLLLFLILLLAVLTSLLILI,000011011001101100000,-61.8139,27.3116,9.2372,0.947369,1514_3.pdb,true,false,Left
LLLLWYLASLLTVLFLLLILI,000011011001101100000,-47.8829,28.0,9.5,1.30792,487_4.pdb,true,false,Left
LLLLTYLLAVLFLLLSILILI,000011001101100110000,-57.4607,18.0,9.255,3.2965,687_2.pdb,true,false,Left
LLLLAVLTLLLFLLISLLILI,000011011001101100000,-67.0014,18.3874,9.5,3.25007,1144_3.pdb,true,false,Left
LLLYALLFLLTSLLLSLLILI,000110011011001100000,-99.9057,28.0,8.5,5.11407,271_0.pdb,true,false,Left
LLLVALLLILLTLLFSLLILI,000110011011001100000,-110.668,28.0,9.2344,4.55252,1033_4.pdb,true,false,Left
LLLLTILLALLFVLLSLLILI,000011011001101100000,-55.5888,20.9813,8.5824,5.15014,1521_3.pdb,true,false,Left
LLLLLLLTALLYVLFSLLILI,000011011001101100000,-51.5989,25.4159,9.1691,1.03066,1088_4.pdb,true,false,Left
LLLLTVLLYILALLLSFLILI,000011001101100110000,-49.1273,23.6338,9.234,4.69511,1689_3.pdb,true,false,Left
LLLIALLLLLVSLLFTLLILI,000110011011001100000,-96.7396,18.0,8.9733,5.44799,1639_4.pdb,true,false,Left
LLLLFLLAVLLLILTSLLILI,000011011001101100000,-91.8986,24.0282,9.5,4.89658,1327_4.pdb,true,false,Left
LLLILLLFALVLLLTSLLILI,000110011011001100000,-104.818,25.5597,9.5,6.63107,1087_4.pdb,true,false,Left
LLLLALLLILLSVLTWLLILI,000011011001101100000,-86.6358,26.8369,9.5,5.86497,1694_4.pdb,true,false,Left
LLLLALLLFVLTYLLSLLILI,000011001101100110000,-9.83843,23.2579,9.3793,0.771727,1473_0.pdb,true,false,Left
LLLLVILLALLYTLFSLLILI,000011011001101100000,-49.0996,23.1877,9.5,1.25318,807_3.pdb,true,false,Left
LLLLFALLLVLTILLSLLILI,000011001101100110000,-59.0192,18.558,9.2849,4.0073,525_3.pdb,true,false,Left
LLLLALLYTLVILLFSLLILI,000110011011001100000,-115.621,26.2444,9.5,3.99125,1289_2.pdb,true,false,Left
LLLLFLLAILVSLLLTLLILI,000110011011001100000,-103.616,18.4457,8.943,3.71299,1824_2.pdb,true,false,Left
LLLLLALVFLLWTLISLLILI,000011011001101100000,-37.5659,21.0457,9.5,4.62303,1138_1.pdb,true,false,Left
LLLLVALLTILLSLLFLLILI,000011001101100110000,-3.92537,25.7769,9.5,0.40781,175_2.pdb,true,false,Left
LLLLTLLAVLLSLLFILLILI,000110011011001100000,-111.087,20.7952,9.3778,5.61172,210_1.pdb,true,false,Left
LLLLTFLLWVLAILLSLLILI,000011001101100110000,-48.3805,22.6891,9.5,2.88895,1276_2.pdb,true,false,Left
LLLALLLTVLILLLFSLLILI,000110011011001100000,-99.446,18.0,9.2776,2.52516,639_4.pdb,true,false,Left
LLLLAVLLSILYTLLLFLILI,000011001101100110000,-49.8442,24.8196,9.1494,3.04113,887_3.pdb,true,false,Left
LLLLLVLAILLLTLFSLLILI,000011011001101100000,-62.1119,23.2337,9.5,5.30505,1167_4.pdb,true,false,Left
LLLLVALWYLLTLLFSLLILI,000011011001101100000,-90.1111,25.828,9.4898,3.29639,1556_4.pdb,true,false,Left
LLLLWILTSLLAFLVLLLILI,000011011001101100000,-52.8963,28.0,9.1119,5.13594,1974_4.pdb,true,false,Left
LLLLLLLTVLIALLFSLLILI,000110011011001100000,-100.98,19.2008,9.049,2.87748,55_4.pdb,true,false,Left
LLLLILLTALLYVLFSLLILI,000011011001101100000,-57.514,24.5844,9.0841,1.50684,1415_4.pdb,true,false,Left
LLLLAVLLSLLFTLLLILILI,000011001101100110000,-52.37,26.0846,9.2813,4.57482,1798_4.pdb,true,false,Left
LLLLALLLYVLATLLSFLILI,000011001101100110000,-51.2612,18.4693,8.9048,4.04546,1968_3.pdb,true,false,Left
LLLLVALLLSLTALLFLLILI,000011001101100110000,-7.37323,21.1567,8.5838,0.580309,1699_1.pdb,true,false,Left
LLLLALLLATLFVLLSILILI,000011001101100110000,-55.0277,19.5968,9.4911,4.41768,303_2.pdb,true,false,Left
LLLLAILVALLLLLFSLLILI,000011011001101100000,-54.0792,19.5461,8.8671,5.21606,211_4.pdb,true,false,Left
LLLLAILLLLLTVLFSLLILI,000011011001101100000,-43.3965,18.0,9.3753,1.10266,317_4.pdb,true,false,Left
LLLLAVLWFLLLILTSLLILI,000011011001101100000,-93.5519,25.9939,9.4179,3.45897,1848_3.pdb,true,false,Left
LLLAALLLLLTSLLFVLLILI,000110011011001100000,-106.798,22.3838,8.9938,4.83342,160_0.pdb,true,false,Left
LLLLALLLAVLFTLLSILILI,000011001101100110000,-44.7045,18.5476,9.3325,3.87097,1975_4.pdb,true,false,Left
LLLLAVLLLILTLLLSFLILI,000011001101100110000,-41.0172,19.8286,9.5,4.35638,1570_3.pdb,true,false,Left
LLLLVLLIALLWTLFSLLILI,000011011001101100000,-34.1779,18.0,9.4486,4.80009,966_4.pdb,true,false,Left
LLLLVLLLFTLALLLSILILI,000011001101100110000,-45.1259,21.6169,9.4813,2.67192,1168_4.pdb,true,false,Left
LLLLYTLIALLLVLFSLLILI,000011011001101100000,-61.5796,18.0,9.0791,3.22544,1568_3.pdb,true,false,Left
LLLLYLLAVLFLLLTSLLILI,000110011011001100000,-100.847,18.4789,9.3388,4.61428,520_4.pdb,true,false,Left
LLLLLVLTALLFLLYILLILI,000011011001101100000,-57.8226,26.0525,9.5,5.74732,1660_4.pdb,true,false,Left
LLLLALLWYLLSTLFVLLILI,000011011001101100000,-87.9394,28.0,9.5,4.91027,1676_3.pdb,true,false,Left
LLLFTLLLLLVALLYSLLILI,000110011011001100000,-105.587,19.0015,9.4143,2.6692,1585_2.pdb,true,false,Left
LLLLAYLLTVLLFLLSLLILI,000011001101100110000,-10.1001,28.0,9.5,1.49817,1031_4.pdb,true,false,Left
LLLLFVLIALLLLLTSLLILI,000011011001101100000,-50.5624,23.0141,8.6374,4.86226,1387_4.pdb,true,false,Left
LLLLLLLLAVLTSLLFALILI,000011001101100110000,-18.4149,18.9515,8.7466,0.769243,372_3.pdb,true,false,Left
LLLLAALLFVLLLLLSTLILI,000011001101100110000,-12.3023,20.5013,8.6524,1.04926,133_3.pdb,true,false,Left
LLLVTLLAILLLLLFSLLILI,000110011011001100000,-100.055,19.3198,9.4622,5.92676,908_2.pdb,true,false,Left
LLLVALLLLLFLLLTSLLILI,000110011011001100000,-100.49,22.5277,8.7605,5.06352,1342_4.pdb,true,false,Left
LLLLALLFLLTALLYSLLILI,000110011011001100000,-99.9057,28.0,8.5,5.11407,271_2.pdb,true,false,Left
LLLLALLLTVLFLLLSILILI,000011001101100110000,-13.802,26.0641,9.3441,0.73695,825_3.pdb,true,false,Left
LLLLTLLVALLLFLISLLILI,000011011001101100000,-53.2087,24.6184,9.4023,2.3707,1609_4.pdb,true,false,Left
LLLLFALLALLYVLTSLLILI,000011011001101100000,-57.3307,22.6524,8.8208,0.964,1160_2.pdb,true,false,Left
LLLFALLLILVTLLLSLLILI,000110011011001100000,-109.657,18.2417,8.9748,5.65039,744_3.pdb,true,false,Left
LLLLAVLLYTLALLLSFLILI,000011001101100110000,-50.3551,27.796,9.2642,3.89354,1029_3.pdb,true,false,Left
LLLLAALLFVLTSLLYLLILI,000011001101100110000,-7.37323,21.1567,8.5838,0.580309,1699_0.pdb,true,false,Left
LLLLTLLLVLIALLFSLLILI,000110011011001100000,-110.668,28.0,9.2344,4.55252,1033_3.pdb,true,false,Left
LLLFALLLILVTLLYSLLILI,000110011011001100000,-114.889,23.032,9.5,3.99161,729_3.pdb,true,false,Left
LLLLVALLTILLFLLSLLILI,000011001101100110000,-2.75517,25.7929,9.2779,0.100548,1512_4.pdb,true,false,Left
LLLLTLLLAVLFLLLSILILI,000011001101100110000,-47.8455,24.7547,9.1098,4.56923,277_3.pdb,true,false,Left
LLLLVALWYLLTILLSLLILI,000011011001101100000,-90.1111,25.828,9.4898,3.29639,1556_3.pdb,true,false,Left
LLLLVLLLTILTALLFLLILI,000011001101100110000,-13.2915,22.0356,9.5,0.334013,244_4.pdb,true,false,Left
LLLLVALLLILTALLFLLILI,000011001101100110000,-16.9063,23.8698,9.4389,0.549334,1220_4.pdb,true,false,Left
LLLLLLLLTILVALLSFLILI,000011001101100110000,-18.4894,21.4874,8.8163,0.76073,1664_4.pdb,true,false,Left
LLLLALLYLLTALLFSLLILI,000110011011001100000,-99.9057,28.0,8.5,5.11407,271_1.pdb,true,false,Left
LLLLLFLLAVLLILLSTLILI,000011001101100110000,-52.1246,26.2635,9.1613,4.48348,1665_3.pdb,true,false,Left
LLLYLLLAVLTSLLFILLILI,000110011011001100000,-101.372,21.0366,9.3801,6.39957,1233_3.pdb,true,false,Left
LLLLLLLLFVLTALLYILILI,000011001101100110000,-13.802,26.0641,9.3441,0.73695,825_2.pdb,true,false,Left
LLLLVLLTALLFLLISLLILI,000011011001101100000,-59.7148,24.4172,8.5,2.47774,1602_3.pdb,true,false,Left
LLLYALLFVLLLLLTSLLILI,000110011011001100000,-103.753,24.3871,9.5,4.09069,260_4.pdb,true,false,Left
LLLYLLLAVLITLLFSLLILI,000110011011001100000,-109.657,18.2417,8.9748,5.65039,744_2.pdb,true,false,Left
LLLLFLLATLVILLLSLLILI,000110011011001100000,-115.762,19.6398,9.2964,4.11802,1900_3.pdb,true,false,Left
LLLVALLILLTALLFSLLILI,000110011011001100000,-103.723,27.5002,9.1841,2.58958,1450_4.pdb,true,false,Left
LLLLALLTVLILLLFSLLILI,000110011011001100000,-99.2693,28.0,9.4208,3.30191,1135_2.pdb,true,false,Left
LLLLALLYLLTSLLFVLLILI,000110011011001100000,-98.8928,26.0313,9.3909,5.23702,243_2.pdb,true,false,Left
LLLLTLLLALLFVLISLLILI,000011011001101100000,-53.2087,24.6184,9.4023,2.3707,1609_3.pdb,true,false,Left
LLLLAVLIALLFLLTSLLILI,000011011001101100000,-51.9716,23.505,8.7121,5.88113,1001_4.pdb,true,false,Left
LLLYALLFVLTALLLSLLILI,000110011011001100000,-94.4359,20.531,9.417,5.20311,630_3.pdb,true,false,Left
LLLLAVLLFLLATLISLLILI,000011011001101100000,-53.4351,20.8463,9.2092,1.5803,1552_3.pdb,true,false,Left
LLLLTLLLFLLAVLISLLILI,000011011001101100000,-58.7573,18.0,8.9107,2.60981,1441_2.pdb,true,false,Left
LLLLALLTVLLALLFSLLILI,000110011011001100000,-100.762,20.1318,9.4192,2.15907,970_3.pdb,true,false,Left
LLLLLYLATLLFILVSLLILI,000011011001101100000,-63.0338,23.361,9.4488,5.54064,1047_3.pdb,true,false,Left
LLLLLLLTILVALLFSLLILI,000110011011001100000,-112.036,25.9917,9.5,3.58863,1487_4.pdb,true,false,Left
LLLLLLLVALLTILFSLLILI,000011011001101100000,-52.0168,24.9796,9.3931,0.916152,1492_3.pdb,true,false,Left
LLLLFALLLVLTLLLIYLILI,000011001101100110000,-61.55,27.3561,9.3793,4.8567,1244_3.pdb,true,false,Left
LLLLVLLLAILWTLLSFLILI,000011001101100110000,-43.1233,21.7001,9.4777,2.80505,1424_4.pdb,true,false,Left
LLLLYLLTVLIALLFSLLILI,000110011011001100000,-104.39,26.9986,9.4541,4.65285,900_3.pdb,true,false,Left
LLLLTLLAILVALLFSLLILI,000110011011001100000,-111.991,18.4107,8.7309,3.96713,658_2.pdb,true,false,Left
LLLLALLYVLTSLLFLLLILI,000110011011001100000,-96.7396,18.0,8.9733,5.44799,1639_3.pdb,true,false,Left
LLLLLALLYVLTFLLSLLILI,000011001101100110000,-8.97767,18.6528,9.1809,0.942055,1477_3.pdb,true,false,Left
LLLLIVLLALLFLLTSLLILI,000011011001101100000,-40.0539,22.3965,9.5,4.68024,1866_4.pdb,true,false,Left
LLLLTVLLLLLAILFSLLILI,000011011001101100000,-48.0194,26.398,9.4886,5.22542,279_4.pdb,true,false,Left
LLLLVTLLAILTSLLFLLILI,000011001101100110000,-13.5222,18.0,9.2289,1.00275,1105_2.pdb,true,false,Left
LLLYWLLTILLALLFSLLILI,000110011011001100000,-106.919,26.3181,9.2773,3.67658,872_4.pdb,true,false,Left
LLLLAVLLTLLLILFSLLILI,000011011001101100000,-94.4984,19.3383,9.5,5.02873,1826_3.pdb,true,false,Left
LLLYALLFLLTSLLFLLLILI,000110011011001100000,-101.418,19.6683,8.5316,5.22449,595_0.pdb,true,false,Left
LLLLVLLLATLWFLLSILILI,000011001101100110000,-43.1233,21.7001,9.4777,2.80505,1424_3.pdb,true,false,Left
LLLLFVLLYLLATLISLLILI,000011011001101100000,-49.3753,24.9943,8.8949,5.68316,498_3.pdb,true,false,Left
LLLLAVLLFLLWTLLSYLILI,000011001101100110000,-42.3329,19.39,9.5,2.33527,1354_3.pdb,true,false,Left
LLLLVALTWLLFLLYSLLILI,000011011001101100000,-93.1243,19.941,9.5,2.26932,743_2.pdb,true,false,Left
LLLYALLFLLTSLLLVLLILI,000110011011001100000,-100.002,22.1566,9.0669,6.8221,704_2.pdb,true,false,Left
LLLFALLLVLYLLLTSLLILI,000110011011001100000,-109.657,18.2417,8.9748,5.65039,744_1.pdb,true,false,Left
LLLLYTLVALLLILFSLLILI,000011011001101100000,-66.6718,26.0516,9.1567,1.29087,351_1.pdb,true,false,Left
LLLYFLLAVLTSLLLILLILI,000110011011001100000,-103.348,22.9257,9.0331,5.15625,1313_3.pdb,true,false,Left
LLLLVILLLTLWALLSFLILI,000011001101100110000,-45.1707,20.2707,9.4093,2.08507,531_3.pdb,true,false,Left
LLLLYVLLFLLATLISLLILI,000011011001101100000,-65.2907,24.0147,8.7976,1.86991,1082_3.pdb,true,false,Left
LLLLTVLLFILALLLSLLILI,000011001101100110000,-51.4071,21.371,9.0684,4.56308,1219_4.pdb,true,false,Left
LLLLYLLLAVLTSLLFLLILI,000011001101100110000,-16.125,18.1241,8.7035,0.623025,1249_1.pdb,true,false,Left
LLLLVALLLLLTSLLYFLILI,000011001101100110000,-10.5725,18.3939,8.9878,1.20214,257_0.pdb,true,false,Left
LLLLAVLLALLYTLFSLLILI,000011011001101100000,-51.8143,20.5961,8.8715,5.19271,1762_4.pdb,true,false,Left
LLLLLFLLLALTVLLSILILI,000011001101100110000,-47.2232,24.3828,9.5,3.08075,381_4.pdb,true,false,Left
LLLLAVLTLLLLILFSLLILI,000011011001101100000,-91.1293,22.0874,9.5,6.0752,83_4.pdb,true,false,Left
LLLLLVLTLLLAILFSLLILI,000011011001101100000,-65.3002,22.7316,9.0047,1.29216,1490_4.pdb,true,false,Left
LLLYALLLLLTSLLFVLLILI,000110011011001100000,-98.844,23.6923,8.9895,6.24852,1139_0.pdb,true,false,Left
LLLLAILLLLLFVLTSLLILI,000011011001101100000,-60.2062,21.5124,9.5,1.59483,1143_4.pdb,true,false,Left
LLLFALLLILTVLLLSLLILI,000110011011001100000,-103.669,19.8474,9.4595,6.51079,804_4.pdb,true,false,Left
LLLLLALLFTLVALLLILILI,000011001101100110000,-15.4674,20.4362,8.9034,0.551511,610_3.pdb,true,false,Left
LLLLFALLLLLTVLLSILILI,000011001101100110000,-53.2431,21.7744,9.5,4.75595,1002_3.pdb,true,false,Left
LLLLVALLTILFSLLLLLILI,000011001101100110000,-9.3919,25.3594,9.3474,1.0659,470_4.pdb,true,false,Left
LLLLAVLLLTLALLLSFLILI,000011001101100110000,-59.3818,18.458,8.6148,3.89799,1994_4.pdb,true,false,Left
LLLLAILLLVLTLLLSFLILI,000011001101100110000,-15.2279,21.5317,9.5,1.38798,1048_2.pdb,true,false,Left
LLLLWFLTSLLVALILLLILI,000011011001101100000,-49.6305,27.2769,9.5,1.70899,949_3.pdb,true,false,Left
LLLLYLLLAVLFTLLSILILI,000011001101100110000,-59.1731,21.7183,9.3027,4.0601,1533_3.pdb,true,false,Left
LLLLTLLVALLFLLISLLILI,000011011001101100000,-53.7888,21.4486,9.5,1.77496,1295_3.pdb,true,false,Left
LLLLVLLLILATLLFSLLILI,000110011011001100000,-115.621,26.2444,9.5,3.99125,1289_4.pdb,true,false,Left
LLLLILLLAVLLFLLSTLILI,000011001101100110000,-13.802,26.0641,9.3441,0.73695,825_4.pdb,true,false,Left
LLLLVALLLTLLALLFILILI,000011001101100110000,-8.98253,18.8869,9.4948,1.20952,1509_4.pdb,true,false,Left
LLLLVALLILLTSLLFLLILI,000011001101100110000,-2.75517,25.7929,9.2779,0.100548,1512_1.pdb,true,false,Left
LLLLALLLFVLTLLLSILILI,000011001101100110000,-14.8026,24.8541,9.1766,0.95095,1924_2.pdb,true,false,Left
LLLLVLLLAILTFLLSLLILI,000011001101100110000,-16.9063,23.8698,9.4389,0.549334,1220_2.pdb,true,false,Left
LLLLAILLALLFTLVSLLILI,000011011001101100000,-65.2907,24.0147,8.7976,1.86991,1082_4.pdb,true,false,Left
LLLLTVLIALLLLLFSLLILI,000011011001101100000,-50.56,26.2979,9.1551,5.37513,1190_4.pdb,true,false,Left
LLLLIVLLATLYLLLSFLILI,000011001101100110000,-49.3706,18.0,9.0781,2.67475,1301_4.pdb,true,false,Left
LLLLVLLLLALTFLLSILILI,000011001101100110000,-6.4439,18.8212,9.5,0.229768,1786_3.pdb,true,false,Left
LLLLALLLTVLLFLLSILILI,000011001101100110000,-8.97767,18.6528,9.1809,0.942055,1477_2.pdb,true,false,Left
LLLLAWLLTILFLLLSVLILI,000011001101100110000,-11.364,28.0,9.3241,0.65925,218_1.pdb,true,false,Left
LLLLAVLTALLLLLFSLLILI,000011011001101100000,-59.42,19.5166,9.3284,6.08034,1180_3.pdb,true,false,Left
LLLLILLLLTLVALLSFLILI,000011001101100110000,-14.9392,23.3548,9.1433,0.910788,576_4.pdb,true,false,Left
LLLLAILLTLLLVLFSLLILI,000011011001101100000,-96.7487,23.0524,9.5,3.58504,1871_4.pdb,true,false,Left
LLLLIVLTWLLALLFSLLILI,000011011001101100000,-57.514,24.5844,9.0841,1.50684,1415_2.pdb,true,false,Left
LLLLYLLVALLLTLFSLLILI,000011011001101100000,-64.3494,18.7489,8.7227,2.00636,707_3.pdb,true,false,Left
LLLLVLLLATLFLLLSILILI,000011001101100110000,-46.0948,26.7485,9.494,3.98578,1373_3.pdb,true,false,Left
LLLLTILLYVLALLLLFLILI,000011001101100110000,-55.8588,23.2315,9.1998,4.54615,1905_0.pdb,true,false,Left
LLLAALLYTLLSLLFVLLILI,000110011011001100000,-97.4029,22.9274,9.0804,5.04637,1577_1.pdb,true,false,Left
LLLLTLLFALISLLLVLLILI,000110011011001100000,-106.762,18.0,9.3326,4.6474,1836_1.pdb,true,false,Left
LLLLTLLLAILFVLLSLLILI,000011001101100110000,-48.0588,19.6216,9.5,2.77558,910_3.pdb,true,false,Left
LLLLLLLLAVLYTLLSFLILI,000011001101100110000,-46.5934,25.2315,9.2915,3.41222,1242_4.pdb,true,false,Left
LLLLLVLFALLLILTSLLILI,000011011001101100000,-64.3494,18.7489,8.7227,2.00636,707_4.pdb,true,false,Left
LLLYFLLATLVALLLSLLILI,000110011011001100000,-101.372,21.0366,9.3801,6.39957,1233_2.pdb,true,false,Left
LLLLALLFVLITLLLSLLILI,000110011011001100000,-98.5934,21.886,9.3632,6.13694,516_4.pdb,true,false,Left
LLLLYLLAVLTSLLFILLILI,000110011011001100000,-95.9055,24.4134,9.4674,6.14054,937_4.pdb,true,false,Left
LLLLWALLALLFVLTSLLILI,000011011001101100000,-48.7379,20.6635,9.2761,5.59548,3_4.pdb,true,false,Left
LLLAALLYVLTSLLFLLLILI,000110011011001100000,-104.147,23.7979,8.7977,3.42151,1433_0.pdb,true,false,Left
LLLLWVLTSLLFILALLLILI,000011011001101100000,-49.6305,27.2769,9.5,1.70899,949_4.pdb,true,false,Left
LLLLALLFVLILLLTSLLILI,000110011011001100000,-96.1822,26.4173,8.9796,5.22885,1887_4.pdb,true,false,Left
LLLYFLLALLVLLLTSLLILI,000110011011001100000,-96.1822,26.4173,8.9796,5.22885,1887_3.pdb,true,false,Left
LLLAALLFLLTSLLYVLLILI,000110011011001100000,-101.431,25.9416,8.603,5.55733,1997_0.pdb,true,false,Left
LLLLVLLLFILWTLLSYLILI,000011001101100110000,-41.837,22.9121,9.2767,4.20514,43_1.pdb,true,false,Left
LLLLTLLAVLLFLLASLLILI,000110011011001100000,-112.029,22.1507,8.7264,4.67645,1617_3.pdb,true,false,Left
LLLLLALLFVLTYLLSLLILI,000011001101100110000,-6.22357,21.7061,9.0889,0.778163,998_2.pdb,true,false,Left
LLLVALLFLLTALLYSLLILI,000110011011001100000,-105.509,24.2259,8.7657,6.44012,1527_3.pdb,true,false,Left
LLLLTILLAVLLLLLSFLILI,000011001101100110000,-55.3439,27.9551,9.0365,4.43682,1461_3.pdb,true,false,Left
LLLLALLTILVALLFSLLILI,000110011011001100000,-95.4379,25.4063,9.4526,5.23569,1529_3.pdb,true,false,Left
LLLLLALVYLLTSLIFLLILI,000011011001101100000,-7.06267,24.3247,8.5,1.0594,1886_0.pdb,true,false,Left
LLLLVILLATLYLLLSFLILI,000011001101100110000,-43.97,18.127,9.3706,2.86455,596_3.pdb,true,false,Left
LLLLAFLLLILTVLLSLLILI,000011001101100110000,-48.4345,19.9952,9.3565,2.58043,246_4.pdb,true,false,Left
LLLYLLLAVLISLLFTLLILI,000110011011001100000,-102.692,18.8264,9.48,5.84238,1559_2.pdb,true,false,Left
LLLIALLLLLVTLLFSLLILI,000110011011001100000,-98.0574,26.4131,9.1745,6.81623,1528_2.pdb,true,false,Left
LLLAFLLTVLILLLFSLLILI,000110011011001100000,-99.446,18.0,9.2776,2.52516,639_3.pdb,true,false,Left
LLLTALLLLLVALLFSLLILI,000110011011001100000,-107.287,26.9742,9.3157,4.21634,1614_4.pdb,true,false,Left
LLLLLWLLTLLVALLSFLILI,000011001101100110000,-11.364,28.0,9.3241,0.65925,218_4.pdb,true,false,Left
LLLLALLTILLSLLFVLLILI,000110011011001100000,-97.656,21.4951,9.33,3.97683,958_3.pdb,true,false,Left
LLLLLFLLAVLYLLLSTLILI,000011001101100110000,-42.4871,18.0255,9.5,3.78749,1306_3.pdb,true,false,Left
LLLLFALLAVLTILLSLLILI,000011001101100110000,-47.6323,26.2623,9.3258,4.01145,628_3.pdb,true,false,Left
LLLLVALLLILFLLLSTLILI,000011001101100110000,-8.97767,18.6528,9.1809,0.942055,1477_4.pdb,true,false,Left
LLLLALLFYLLAVLTWLLILI,000011011001101100000,-88.3329,22.447,9.5,3.07387,1223_1.pdb,true,false,Left
LLLLYVLALLLLTLFSLLILI,000011011001101100000,-94.2488,18.3479,9.3079,4.95964,380_4.pdb,true,false,Left
LLLLLFLLYVLALLLSTLILI,000011001101100110000,-53.2403,27.0707,8.9688,3.89001,521_4.pdb,true,false,Left
LLLLVILLALLFLLTSLLILI,000011011001101100000,-61.3697,27.6812,8.656,1.5501,1657_3.pdb,true,false,Left
LLLLLALLYVLTSLLFLLILI,000011001101100110000,-11.6325,27.7087,8.5,0.452228,359_4.pdb,true,false,Left
LLLLAVLLLLLATLFSLLILI,000011011001101100000,-96.0154,18.0,9.5,3.08129,1682_3.pdb,true,false,Left
LLLLAVLFLLLLILTSLLILI,000011011001101100000,-96.0154,18.0,9.5,3.08129,1682_4.pdb,true,false,Left
LLLLYLLTALLFVLISLLILI,000011011001101100000,-52.6153,21.7839,8.5648,5.04245,1737_4.pdb,true,false,Left
LLLLAFLLTVLLLLLSILILI,000011001101100110000,-17.7104,26.9275,9.5,1.39237,419_4.pdb,true,false,Left
LLLLALLYVLTSLLFILLILI,000110011011001100000,-100.476,20.731,9.4643,4.07979,370_4.pdb,true,false,Left
LLLLALLYTLVALLFSLLILI,000110011011001100000,-107.547,25.8539,9.5,3.72703,1763_3.pdb,true,false,Left
LLLLLLLAILVTLLFSLLILI,000110011011001100000,-109.657,18.2417,8.9748,5.65039,744_4.pdb,true,false,Left
LLLLFLLTALLLVLISLLILI,000011011001101100000,-65.1081,23.6038,8.6862,2.29377,1146_4.pdb,true,false,Left
LLLLLLLLAVLWFLLSTLILI,000011001101100110000,-41.837,22.9121,9.2767,4.20514,43_4.pdb,true,false,Left
LLLLTVLLAILYLLLSFLILI,000011001101100110000,-48.0588,19.6216,9.5,2.77558,910_4.pdb,true,false,Left
LLLITLLLLLVALLFSLLILI,000110011011001100000,-109.799,24.9589,9.1277,3.14881,653_3.pdb,true,false,Left
LLLLTFLLLVLALLLSILILI,000011001101100110000,-47.8455,24.7547,9.1098,4.56923,277_4.pdb,true,false,Left
LLLLALLLTVLISLLFLLILI,000011001101100110000,-3.14953,19.1098,8.9946,0.280163,546_3.pdb,true,false,Left
LLLLAVLLLLLSILFTLLILI,000011011001101100000,-91.8072,18.3516,9.3473,4.98737,1921_3.pdb,true,false,Left
LLLLAVLLALLFTLLSILILI,000011001101100110000,-56.2943,20.7878,9.4443,3.1926,1000_4.pdb,true,false,Left
LLLLALLFTLVALLYSLLILI,000110011011001100000,-102.413,22.3826,9.5,3.15404,853_3.pdb,true,false,Left
LLLLALLLAVLTSLLFLLILI,000011001101100110000,-14.6826,18.0,8.5,0.50581,1673_3.pdb,true,false,Left
LLLLTILLALLFVLYSLLILI,000011011001101100000,-57.3307,22.6524,8.8208,0.964,1160_3.pdb,true,false,Left
LLLLWVLLALLYTLLSFLILI,000011001101100110000,-53.8143,24.318,9.2808,4.12092,1670_3.pdb,true,false,Left
LLLLAILLAVLFLLLSTLILI,000011001101100110000,-55.2224,23.3889,9.5,4.3873,1243_4.pdb,true,false,Left
LLLVALLLLLFLLLASLLILI,000110011011001100000,-105.336,18.0,8.8545,3.64788,511_3.pdb,true,false,Left
LLLLVALLLTLLFLLSILILI,000011001101100110000,-9.83843,23.2579,9.3793,0.771727,1473_4.pdb,true,false,Left
LLLFALLLVLITLLYSLLILI,000110011011001100000,-113.025,24.0969,9.3898,6.42523,343_3.pdb,true,false,Left
LLLLAILYVLLLTLFSLLILI,000011011001101100000,-96.6968,18.0,9.4076,3.60523,1517_4.pdb,true,false,Left
LLLLLLLLAVLFTLLSILILI,000011001101100110000,-43.0329,19.6442,9.5,1.17685,1815_4.pdb,true,false,Left
LLLLIALLWVLTLLLSFLILI,000011001101100110000,-40.4618,22.7533,9.4481,4.17759,1960_3.pdb,true,false,Left
LLLLFALLLVLTLLLSILILI,000011001101100110000,-61.4399,25.116,9.5,3.89538,1030_4.pdb,true,false,Left
LLLVALLLLLTSLLFILLILI,000110011011001100000,-106.828,23.8579,9.5,4.89408,893_3.pdb,true,false,Left
LLLLALLFVLTALLYSLLILI,000110011011001100000,-102.991,18.0337,9.0042,5.07547,1775_3.pdb,true,false,Left
LLLLVALLFLLWTLISLLILI,000011011001101100000,-40.0539,22.3965,9.5,4.68024,1866_3.pdb,true,false,Left
LLLLLLLLAVLTSLLFILILI,000011001101100110000,-9.83843,23.2579,9.3793,0.771727,1473_2.pdb,true,false,Left
LLLLIVLLALLWFLLSTLILI,000011001101100110000,-41.837,22.9121,9.2767,4.20514,43_3.pdb,true,false,Left
LLLLFLLTALLLILVSLLILI,000011011001101100000,-66.9381,26.5671,8.9948,1.57719,884_4.pdb,true,false,Left
LLLLAILLATLFLLLSVLILI,000011001101100110000,-55.0277,19.5968,9.4911,4.41768,303_4.pdb,true,false,Left
LLLLAILLLVLFTLLSYLILI,000011001101100110000,-43.8654,18.1944,9.5,1.26818,147_4.pdb,true,false,Left
LLLLAALLFVLTSLLLLLILI,000011001101100110000,-17.8087,19.8407,8.7536,1.00009,285_3.pdb,true,false,Left
LLLLAVLYTLLLILFSLLILI,000011011001101100000,-96.6968,18.0,9.4076,3.60523,1517_3.pdb,true,false,Left
LLLLAWLLTILLSLLFVLILI,000011001101100110000,-11.364,28.0,9.3241,0.65925,218_3.pdb,true,false,Left
LLLLTVLLALLFLLLSILILI,000011001101100110000,-56.2943,20.7878,9.4443,3.1926,1000_3.pdb,true,false,Left
LLLLALLLFTLVSLLLILILI,000011001101100110000,-9.83843,23.2579,9.3793,0.771727,1473_1.pdb,true,false,Left
LLLLVALLLALTSLLFLLILI,000011001101100110000,-7.74537,24.6468,8.5926,0.80288,321_3.pdb,true,false,Left
LLLLTLLLALLFVLLSILILI,000011001101100110000,-45.8606,19.4192,9.3601,4.13743,216_3.pdb,true,false,Left
LLLLVLLLTLLTALLFILILI,000011001101100110000,-14.8026,24.8541,9.1766,0.95095,1924_3.pdb,true,false,Left
LLLLAWLLTVLFLLLSILILI,000011001101100110000,-11.6325,27.7087,8.5,0.452228,359_3.pdb,true,false,Left
LLLLLFLLAVLTSLLAYLILI,000011001101100110000,-12.9774,18.0817,8.9236,1.09997,124_3.pdb,true,false,Left
LLLFALLLLLTYLLAVLLILI,000110011011001100000,-100.537,23.8235,9.1814,5.1923,1986_4.pdb,true,false,Left
LLLVALLLLLTALLFSLLILI,000110011011001100000,-96.1052,23.4724,9.5,4.37036,105_4.pdb,true,false,Left
LLLLLYLLAVLTSLLAFLILI,000011001101100110000,-16.125,18.1241,8.7035,0.623025,1249_3.pdb,true,false,Left
LLLLVALYLLLSTLFYLLILI,000011011001101100000,-93.1221,18.0,9.5,2.43615,1136_4.pdb,true,false,Left
LLLLLLLVFLLWTLASLLILI,000011011001101100000,-37.5659,21.0457,9.5,4.62303,1138_4.pdb,true,false,Left
LLLIALLLLLTSLLFVLLILI,000110011011001100000,-100.762,20.1318,9.4192,2.15907,970_4.pdb,true,false,Left
LLLLFALLLLLTVLISLLILI,000011011001101100000,-53.5455,23.9181,9.149,2.37413,928_4.pdb,true,false,Left
LLLLVALLLLLTSLLAFLILI,000011001101100110000,-12.5847,18.8903,8.9604,0.675581,1976_4.pdb,true,false,Left
LLLLALLYVLTALLFSLLILI,000110011011001100000,-97.656,21.4951,9.33,3.97683,958_4.pdb,true,false,Left
LLLLAILFVLLLTLASLLILI,000011011001101100000,-92.2149,22.133,9.3381,2.84275,1069_4.pdb,true,false,Left
LLLLYVLLALLWFLTSLLILI,000011011001101100000,-47.1773,23.5653,9.5,0.826729,597_4.pdb,true,false,Left
LLLLYVLTALLFLLISLLILI,000011011001101100000,-61.3697,27.6812,8.656,1.5501,1657_4.pdb,true,false,Left
LLLLLYLLAVLTSLLFLLILI,000011001101100110000,-15.3543,18.0,9.0332,0.563854,1294_3.pdb,true,false,Left
LLLLVALLLLLTSLLFALILI,000011001101100110000,-7.37323,21.1567,8.5838,0.580309,1699_4.pdb,true,false,Left
LLLLAILLSVLFLLLLTLILI,000011001101100110000,-45.0131,23.6085,9.5,2.63351,985_4.pdb,true,false,Left
LLLLVALLLLLTSLIFLLILI,000011011001101100000,-8.79533,22.4066,8.5,1.3193,875_4.pdb,true,false,Left
LLLLWVLLATLYLLLSFLILI,000011001101100110000,-45.0131,23.6085,9.5,2.63351,985_3.pdb,true,false,Left
LLLLAILLLLLSVLFTLLILI,000011011001101100000,-92.2149,22.133,9.3381,2.84275,1069_3.pdb,true,false,Left
LLLLVALLLALTSLLLFLILI,000011001101100110000,-6.22357,21.7061,9.0889,0.778163,998_4.pdb,true,false,Left
LLLLVALLYLLTSLLFLLILI,000011001101100110000,-12.9774,18.0817,8.9236,1.09997,124_4.pdb,true,false,Left
LLLLVALLLLLTSLLFLLILI,000011001101100110000,-3.14953,19.1098,8.9946,0.280163,546_4.pdb,true,false,Left
LLLLALLYILTALLFVLLILI,000110011011001100000,-104.39,26.9986,9.4541,4.65285,900_4.pdb,true,false,Left
LLLLLYLLAVLTSLLFALILI,000011001101100110000,-16.125,18.1241,8.7035,0.623025,1249_4.pdb,true,false,Left
LLLLVALIFLLTSLLLLLILI,000011011001101100000,-7.06267,24.3247,8.5,1.0594,1886_4.pdb,true,false,Left
LLLLYFLVALLLLLTSLLILI,000011011001101100000,-57.3307,22.6524,8.8208,0.964,1160_4.pdb,true,false,Left
LLLLLVLTALLYLLFSLLILI,000011011001101100000,-52.0168,24.9796,9.3931,0.916152,1492_4.pdb,true,false,Left
LLLLAVLLAILFLLLSTLILI,000011001101100110000,-51.2612,18.4693,8.9048,4.04546,1968_4.pdb,true,false,Left
LLLLYVLATLLLILFSLLILI,000011011001101100000,-94.4984,19.3383,9.5,5.02873,1826_4.pdb,true,false,Left
LLLLVLLTALLWFLISLLILI,000011011001101100000,-42.1434,26.1382,9.484,5.5565,787_4.pdb,true,false,Left
LLLLWALTILLLVLFSLLILI,000011011001101100000,-96.8493,23.3118,9.5,2.8544,1003_4.pdb,true,false,Left
LLLLFVLTALLYLLISLLILI,000011011001101100000,-49.0996,23.1877,9.5,1.25318,807_4.pdb,true,false,Left
LLLLVILLLVLTALLFLLILI,000011001101100110000,-16.1029,19.7018,8.5,0.853723,1752_4.pdb,true,false,Left
LLLLTVLLALLFLLISLLILI,000011011001101100000,-53.5455,23.9181,9.149,2.37413,928_3.pdb,true,false,Left
LLLLVLLLALLTSLLFILILI,000011001101100110000,-9.83843,23.2579,9.3793,0.771727,1473_3.pdb,true,false,Left
LLLLWVLLATLFLLLSILILI,000011001101100110000,-46.0948,26.7485,9.494,3.98578,1373_4.pdb,true,false,Left
LLLLVLLLYALTFLLSLLILI,000011001101100110000,-17.7104,26.9275,9.5,1.39237,419_3.pdb,true,false,Left
LLLLVALLLLLTSLLFILILI,000011001101100110000,-6.22357,21.7061,9.0889,0.778163,998_3.pdb,true,false,Left
LLLLLLLTALLFVLISLLILI,000011011001101100000,-33.8336,19.1525,9.5,4.98104,1115_4.pdb,true,false,Left
LLLLITLLALLVSLLLFLILI,000011001101100110000,-14.5928,20.3128,8.9683,1.28872,1675_4.pdb,true,false,Left
LLLLAVLTSLLFLLISLLILI,000011011001101100000,-59.42,19.5166,9.3284,6.08034,1180_4.pdb,true,false,Left
LLLLVALILLLTSLFLLLILI,000011011001101100000,-8.79533,22.4066,8.5,1.3193,875_3.pdb,true,false,Left
LLLLFALVLLLTLLISLLILI,000011011001101100000,-52.9378,25.2458,9.0311,1.42218,1374_4.pdb,true,false,Left
LLLLYILAVLLLTLFSLLILI,000011011001101100000,-91.8072,18.3516,9.3473,4.98737,1921_4.pdb,true,false,Left
LLLLIALLLVLTALLFLLILI,000011001101100110000,-18.4894,21.4874,8.8163,0.76073,1664_3.pdb,true,false,Left
LLLLYLLVLLLFALTSLLILI,000011011001101100000,-44.784,18.6709,9.3031,4.81941,305_4.pdb,true,false,Left
LLLVALLLFLISLLLTLLILI,000110011011001100000,-102.632,21.1145,8.6084,4.6929,128_3.pdb,true,false,Left
LLLFALLLLLVTLLYSLLILI,000110011011001100000,-109.674,27.3376,9.2539,6.05547,126_2.pdb,true,false,Left
LLLLAVLLATLYLLLSFLILI,000011001101100110000,-47.6323,26.2623,9.3258,4.01145,628_4.pdb,true,false,Left
LLLFALLLLLTALLYSLLILI,000110011011001100000,-108.349,28.0,8.9531,5.77559,1075_4.pdb,true,false,Left
LLLLALLLAILFVLLSTLILI,000011001101100110000,-55.0277,19.5968,9.4911,4.41768,303_3.pdb,true,false,Left
LLLLLVLALLLTILFSLLILI,000011011001101100000,-59.6597,27.3954,9.319,2.37108,1778_4.pdb,true,false,Left
LLLLVALILLLTSLYFLLILI,000011011001101100000,-8.79533,22.4066,8.5,1.3193,875_2.pdb,true,false,Left
LLLLIVLTALLYLLFSLLILI,000011011001101100000,-61.3697,27.6812,8.656,1.5501,1657_2.pdb,true,false,Left
LLLLALLTVLLLILFSLLILI,000011011001101100000,-93.0244,26.3126,9.4354,3.90376,438_4.pdb,true,false,Left
LLLLVILTALLYLLFSLLILI,000011011001101100000,-54.6384,23.9587,9.0815,2.32105,1466_4.pdb,true,false,Left
LLLLLALLYVLTSLLLFLILI,000011001101100110000,-11.554,28.0,8.6458,0.69495,1171_2.pdb,true,false,Left
LLLLALLLTLVALLFSLLILI,000110011011001100000,-105.145,18.0,9.5,6.00031,1291_2.pdb,true,false,Left
LLLLYVLTALLWFLLSLLILI,000011011001101100000,-44.8132,26.7672,9.4293,0.995658,282_3.pdb,true,false,Left
LLLLALLTALLFVLISLLILI,000011011001101100000,-60.1835,18.0168,9.2733,2.60636,1667_3.pdb,true,false,Left
LLLLFALVTLLLILLSLLILI,000011011001101100000,-93.0657,20.8949,9.5,2.41488,1610_3.pdb,true,false,Left
LLLLAVLWYLLSTLFLLLILI,000011011001101100000,-87.9394,28.0,9.5,4.91027,1676_4.pdb,true,false,Left
LLLLVALLWLLTILFSLLILI,000011011001101100000,-42.1434,26.1382,9.484,5.5565,787_3.pdb,true,false,Left
LLLLLALLYVLTSLLFALILI,000011001101100110000,-8.1679,22.0945,8.6347,0.136288,1624_2.pdb,true,false,Left
LLLLYTLLAILFVLLSLLILI,000011001101100110000,-64.6361,19.7597,9.4978,4.54569,1729_2.pdb,true,false,Left
LLLLYLLATLVALLFSLLILI,000110011011001100000,-106.353,18.1972,9.5,4.81424,464_3.pdb,true,false,Left
LLLLAVLFLLLSILYTLLILI,000011011001101100000,-98.2342,21.4834,9.5,2.18127,1437_4.pdb,true,false,Left
LLLLAVLTALLFLLISLLILI,000011011001101100000,-60.3018,18.0,9.4027,2.27127,1140_4.pdb,true,false,Left
LLLAALLFLLTSLLYLLLILI,000110011011001100000,-102.632,21.1145,8.6084,4.6929,128_0.pdb,true,false,Left
LLLLLLLTALLFILVSLLILI,000011011001101100000,-33.8336,19.1525,9.5,4.98104,1115_3.pdb,true,false,Left
LLLVALLLILTALLFSLLILI,000110011011001100000,-109.799,24.9589,9.1277,3.14881,653_4.pdb,true,false,Left
LLLLYVLLAILFLLLSTLILI,000011001101100110000,-49.3417,24.9228,9.2384,3.61104,1425_3.pdb,true,false,Left
LLLVALLLLLTFLLASLLILI,000110011011001100000,-105.336,18.0,8.8545,3.64788,511_4.pdb,true,false,Left
LLLLYLLTFLLAVLISLLILI,000011011001101100000,-61.6758,18.48,9.1352,1.8273,916_4.pdb,true,false,Left
LLLLFALLTVLLILLSLLILI,000011001101100110000,-61.4399,25.116,9.5,3.89538,1030_3.pdb,true,false,Left
LLLLAILLLVLFTLLSLLILI,000011001101100110000,-41.0172,19.8286,9.5,4.35638,1570_4.pdb,true,false,Left
LLLLLALLLILFVLLSTLILI,000011001101100110000,-43.9712,22.5853,9.4653,2.15744,1572_4.pdb,true,false,Left
LLLLLALTFLLWVLISLLILI,000011011001101100000,-40.0539,22.3965,9.5,4.68024,1866_2.pdb,true,false,Left
LLLYALLFVLTSLLLILLILI,000110011011001100000,-106.828,23.8579,9.5,4.89408,893_2.pdb,true,false,Left
LLLLLALLLFLTVLLSILILI,000011001101100110000,-42.4871,18.0255,9.5,3.78749,1306_4.pdb,true,false,Left
LLLLLLLLAVLFILLSTLILI,000011001101100110000,-43.8654,18.1944,9.5,1.26818,147_3.pdb,true,false,Left
LLLLFALLAVLLTLLSILILI,000011001101100110000,-53.445,25.9322,9.1809,3.26578,1372_4.pdb,true,false,Left
LLLLAVLWYLLSLLFTLLILI,000011011001101100000,-86.3426,21.6787,9.5,5.74645,554_3.pdb,true,false,Left
LLLLLVLALLLTVLFILLILI,000011011001101100000,-55.688,27.7609,9.5,5.67696,1012_4.pdb,true,false,Left
LLLLYVLLATLFLLLSILILI,000011001101100110000,-51.2293,23.4186,9.2593,3.10826,1457_4.pdb,true,false,Left
LLLLAVLLLLLSTLFILLILI,000011011001101100000,-92.8616,21.9262,9.3321,5.13809,53_2.pdb,true,false,Left
LLLLALLFILVLLLTSLLILI,000110011011001100000,-95.0256,23.0618,9.4963,6.52856,1110_4.pdb,true,false,Left
LLLLLALIFLLWTLVSLLILI,000011011001101100000,-37.5659,21.0457,9.5,4.62303,1138_2.pdb,true,false,Left
LLLLALLVILLLTLFSLLILI,000011011001101100000,-67.0014,18.3874,9.5,3.25007,1144_4.pdb,true,false,Left
LLLLALLIYLLFVLFTLLILI,000011011001101100000,-88.3329,22.447,9.5,3.07387,1223_4.pdb,true,false,Left
LLLLYLLATLVLLLFSLLILI,000110011011001100000,-95.0256,23.0618,9.4963,6.52856,1110_3.pdb,true,false,Left
LLLLLFLLATLLVLLSILILI,000011001101100110000,-52.1246,26.2635,9.1613,4.48348,1665_4.pdb,true,false,Left
LLLFLLLTILVALLYSLLILI,000110011011001100000,-103.246,19.2164,9.4947,2.84865,1178_4.pdb,true,false,Left
LLLLLVLTALLFLLISLLILI,000011011001101100000,-59.6597,27.3954,9.319,2.37108,1778_3.pdb,true,false,Left
LLLYFLLAVLLLLLTSLLILI,000110011011001100000,-98.4947,25.3972,9.3113,6.40231,209_4.pdb,true,false,Left
LLLLVILLALLWFLTSLLILI,000011011001101100000,-42.1434,26.1382,9.484,5.5565,787_2.pdb,true,false,Left
LLLLAVLLSTLYLLLLFLILI,000011001101100110000,-46.621,26.7288,9.4357,3.63359,1745_2.pdb,true,false,Left
LLLLYLLAVLTFLLASLLILI,000110011011001100000,-109.05,25.2912,9.1253,3.09366,1008_3.pdb,true,false,Left
LLLLYTLLLVLATLLLFLILI,000011001101100110000,-64.6361,19.7597,9.4978,4.54569,1729_3.pdb,true,false,Left
LLLLALLFVLLILLTSLLILI,000110011011001100000,-115.762,19.6398,9.2964,4.11802,1900_4.pdb,true,false,Left
LLLLALLYFLLSVLTYLLILI,000011011001101100000,-93.1243,19.941,9.5,2.26932,743_3.pdb,true,false,Left
LLLLAVLLSILFTLLLYLILI,000011001101100110000,-55.2224,23.3889,9.5,4.3873,1243_2.pdb,true,false,Left
LLLLTVLLAILFLLLSLLILI,000011001101100110000,-44.7045,18.5476,9.3325,3.87097,1975_3.pdb,true,false,Left
LLLVALLLLLITLLFSLLILI,000110011011001100000,-98.3063,26.1242,9.047,6.24306,93_3.pdb,true,false,Left
LLLLFVLLATLYLLLSILILI,000011001101100110000,-48.3435,22.4246,9.5,3.45413,1959_3.pdb,true,false,Left
LLLLVALLLFLLLLLSTLILI,000011001101100110000,-12.3023,20.5013,8.6524,1.04926,133_4.pdb,true,false,Left
LLLLAVLTSLLAFLLSLLILI,000011011001101100000,-56.1837,19.3261,8.9941,2.82834,241_2.pdb,true,false,Left
LLLLYVLLATLWFLLSLLILI,000011001101100110000,-38.8536,25.6835,9.4064,4.36397,844_4.pdb,true,false,Left
LLLLVALLWILTLLLSFLILI,000011001101100110000,-40.4618,22.7533,9.4481,4.17759,1960_2.pdb,true,false,Left
LLLLYLLLAVLTSLLAFLILI,000011001101100110000,-14.6826,18.0,8.5,0.50581,1673_0.pdb,true,false,Left
LLLFALLLLLTSLLYVLLILI,000110011011001100000,-106.353,18.1972,9.5,4.81424,464_4.pdb,true,false,Left
LLLLYTLLAVLLLLLIFLILI,000011001101100110000,-64.6361,19.7597,9.4978,4.54569,1729_1.pdb,true,false,Left
LLLLVLLLATLYLLLSFLILI,000011001101100110000,-43.97,18.127,9.3706,2.86455,596_4.pdb,true,false,Left
LLLLYYLLILLFVLTSLLILI,000011011001101100000,-70.366,25.0484,9.5,2.39073,794_2.pdb,true,false,Left
LLLLALLFILLLVLTSLLILI,000011011001101100000,-95.2993,24.1394,9.5,1.90523,1014_4.pdb,true,false,Left
LLLLWVLLAILFLLLSTLILI,000011001101100110000,-49.3712,24.7505,9.5,2.79842,1098_3.pdb,true,false,Left
LLLLVLLLFALTFLLSLLILI,000011001101100110000,-11.4105,18.1282,9.2875,0.966937,1142_4.pdb,true,false,Left
LLLLAVLLATLFLLLSILILI,000011001101100110000,-46.4232,21.0786,9.1869,3.39176,1884_3.pdb,true,false,Left
LLLLALLYTLVLLLFSLLILI,000110011011001100000,-99.2693,28.0,9.4208,3.30191,1135_3.pdb,true,false,Left
LLLLLFLVALLLILTSLLILI,000011011001101100000,-61.8139,27.3116,9.2372,0.947369,1514_4.pdb,true,false,Left
LLLLFVLLATLWYLLSLLILI,000011001101100110000,-43.3011,26.5771,9.4933,4.26167,314_4.pdb,true,false,Left
LLLVALLLFLYLLLTSLLILI,000110011011001100000,-107.547,25.8539,9.5,3.72703,1763_4.pdb,true,false,Left
LLLLAVLILLLYTLFSLLILI,000011011001101100000,-93.0244,26.3126,9.4354,3.90376,438_3.pdb,true,false,Left
LLLLLFLLATLYLLLSVLILI,000011001101100110000,-46.4571,22.5254,9.4077,2.71007,442_3.pdb,true,false,Left
LLLYALLFLLVSLLLTLLILI,000110011011001100000,-106.798,22.3838,8.9938,4.83342,160_1.pdb,true,false,Left
LLLLVALLFLLLYLLSTLILI,000011001101100110000,-12.5847,18.8903,8.9604,0.675581,1976_3.pdb,true,false,Left
LLLLLALILLLTVLFSLLILI,000011011001101100000,-63.9618,24.4136,8.6824,2.34903,1714_4.pdb,true,false,Left
LLLLTILLLVLALLLSFLILI,000011001101100110000,-55.2224,23.3889,9.5,4.3873,1243_3.pdb,true,false,Left
LLLVALLFLLYLLLTSLLILI,000110011011001100000,-102.991,18.0337,9.0042,5.07547,1775_4.pdb,true,false,Left
LLLLAVLFLLLTILLSLLILI,000011011001101100000,-92.8616,21.9262,9.3321,5.13809,53_3.pdb,true,false,Left
LLLLAALLFTLVSLLLLLILI,000011001101100110000,-3.14953,19.1098,8.9946,0.280163,546_2.pdb,true,false,Left
LLLLALLYVLITLLFSLLILI,000110011011001100000,-99.1745,18.2946,9.5,4.40254,1920_4.pdb,true,false,Left
LLLLFLLLLILATLLSVLILI,000011001101100110000,-55.3439,27.9551,9.0365,4.43682,1461_4.pdb,true,false,Left
LLLLALLYVLTLLLFSLLILI,000110011011001100000,-99.2693,28.0,9.4208,3.30191,1135_4.pdb,true,false,Left
LLLLFLLAVLTALLYSLLILI,000110011011001100000,-106.798,22.3838,8.9938,4.83342,160_3.pdb,true,false,Left
LLLFALLYTLLLLLASLLILI,000110011011001100000,-109.05,25.2912,9.1253,3.09366,1008_4.pdb,true,false,Left
LLLLALLVLLLYTLFSLLILI,000011011001101100000,-65.6006,28.0,8.7601,1.68817,1049_4.pdb,true,false,Left
LLLVALLLTLILLLFSLLILI,000110011011001100000,-111.619,18.5361,9.3412,4.01923,1870_4.pdb,true,false,Left
LLLLLLLAVLTALLFSLLILI,000110011011001100000,-105.145,18.0,9.5,6.00031,1291_3.pdb,true,false,Left
LLLLFALLLVLTYLLLILILI,000011001101100110000,-61.55,27.3561,9.3793,4.8567,1244_4.pdb,true,false,Left
LLLLTLLFLLVALLYSLLILI,000110011011001100000,-105.587,19.0015,9.4143,2.6692,1585_3.pdb,true,false,Left
LLLLAILVALLFLLTSLLILI,000011011001101100000,-46.4127,19.2251,9.3187,5.29753,259_4.pdb,true,false,Left
LLLLLLLLAVLTSLLAFLILI,000011001101100110000,-18.4149,18.9515,8.7466,0.769243,372_4.pdb,true,false,Left
LLLLLALIFLLTSLVLLLILI,000011011001101100000,-7.06267,24.3247,8.5,1.0594,1886_2.pdb,true,false,Left
LLLLAVLLLLLLTLFSLLILI,000011011001101100000,-93.3402,24.3747,9.4761,5.76906,72_3.pdb,true,false,Left
LLLLYLLAVLTALLFSLLILI,000110011011001100000,-109.05,25.2912,9.1253,3.09366,1008_2.pdb,true,false,Left
LLLVLLLTLLIALLFSLLILI,000110011011001100000,-101.349,21.0043,9.3889,2.57296,163_4.pdb,true,false,Left
LLLLLLLLATLFVLLSILILI,000011001101100110000,-53.8143,24.318,9.2808,4.12092,1670_4.pdb,true,false,Left
LLLLLLLLAILFVLLSTLILI,000011001101100110000,-52.4978,27.6773,9.5,2.65047,818_4.pdb,true,false,Left
LLLLTILLAVLFLLLSLLILI,000011001101100110000,-50.3551,27.796,9.2642,3.89354,1029_4.pdb,true,false,Left
LLLLTVLLFLLALLISLLILI,000011011001101100000,-58.7573,18.0,8.9107,2.60981,1441_3.pdb,true,false,Left
LLLLALLFILVTLLYSLLILI,000110011011001100000,-109.674,27.3376,9.2539,6.05547,126_1.pdb,true,false,Left
LLLLILLLWVLATLLSFLILI,000011001101100110000,-53.1199,22.4593,9.221,4.29672,5_3.pdb,true,false,Left
LLLLTVLASLLFILLLLLILI,000011011001101100000,-48.8242,25.3626,9.5,5.09079,1953_4.pdb,true,false,Left
LLLLVALLLFLLYLLSTLILI,000011001101100110000,-14.5928,20.3128,8.9683,1.28872,1675_3.pdb,true,false,Left
LLLYFLLAILVTLLLSLLILI,000110011011001100000,-104.849,19.0708,8.7274,6.56297,1669_2.pdb,true,false,Left
LLLLLLLALLLFVLTSLLILI,000011011001101100000,-46.6019,23.627,9.5,5.76846,871_3.pdb,true,false,Left
LLLLVILLLLLTALFSLLILI,000011011001101100000,-64.1298,25.3043,8.9696,2.15031,1809_4.pdb,true,false,Left
LLLLAVLLSILFLLLLTLILI,000011001101100110000,-47.2897,26.2853,9.0922,4.13637,1534_1.pdb,true,false,Left
LLLLYLLVALLLFLTSLLILI,000011011001101100000,-57.9523,18.0,9.4741,2.35959,752_2.pdb,true,false,Left
LLLLLLLTALLVILFSLLILI,000011011001101100000,-40.2399,26.1031,9.5,5.33985,786_4.pdb,true,false,Left
LLLLLLLLFILATLLSVLILI,000011001101100110000,-47.6323,26.2623,9.3258,4.01145,628_2.pdb,true,false,Left
LLLYLLLTVLIALLFSLLILI,000110011011001100000,-111.087,20.7952,9.3778,5.61172,210_4.pdb,true,false,Left
LLLAFLLTVLLLLLFSLLILI,000110011011001100000,-107.499,26.7755,9.3626,3.5303,1730_2.pdb,true,false,Left
LLLLLLLLFTLAILLSVLILI,000011001101100110000,-43.9712,22.5853,9.4653,2.15744,1572_3.pdb,true,false,Left
LLLLLFLVALLLTLISLLILI,000011011001101100000,-54.4628,26.3947,8.5,6.13981,866_3.pdb,true,false,Left
LLLFALLLVLTALLYSLLILI,000110011011001100000,-112.369,18.0897,9.5,4.81996,235_2.pdb,true,false,Left
LLLALLLTVLYLLLFSLLILI,000110011011001100000,-103.038,25.4696,9.2755,6.90129,208_4.pdb,true,false,Left
LLLLAVLLLILATLLSFLILI,000011001101100110000,-61.0233,18.806,9.3641,3.88355,1864_3.pdb,true,false,Left
LLLLIVLTSLLFLLALLLILI,000011011001101100000,-56.141,27.7353,9.5,2.6161,1254_2.pdb,true,false,Left
LLLLWVLLSTLAYLLLFLILI,000011001101100110000,-44.5029,27.834,9.2951,3.75778,557_1.pdb,true,false,Left
LLLLAILLATLFVLLSLLILI,000011001101100110000,-54.6802,22.4372,8.9954,3.62298,1186_4.pdb,true,false,Left
LLLLLFLVLLLTILASLLILI,000011011001101100000,-61.7762,27.5734,9.4171,2.53215,979_4.pdb,true,false,Left
LLLLTVLLLILALLLSFLILI,000011001101100110000,-55.341,19.6991,9.3341,4.85635,32_1.pdb,true,false,Left
LLLLLALLLTLFVLLSILILI,000011001101100110000,-56.6384,26.5287,9.5,4.49467,1876_2.pdb,true,false,Left
LLLLLLLTALLFVLYILLILI,000011011001101100000,-63.6223,25.1674,9.3555,4.01046,281_3.pdb,true,false,Left
LLLYALLFLLTALLFSLLILI,000110011011001100000,-100.634,28.0,8.5,5.92392,1710_0.pdb,true,false,Left
LLLFALLTILLSLLYVLLILI,000110011011001100000,-100.476,20.731,9.4643,4.07979,370_2.pdb,true,false,Left
LLLLALLLWVLATLLSFLILI,000011001101100110000,-58.528,22.0772,8.9263,3.82083,247_3.pdb,true,false,Left
LLLLTLLLAVLLFLLSILILI,000011001101100110000,-61.4404,18.0,8.9371,3.9997,113_4.pdb,true,false,Left
LLLLIALLLLLFTLVSLLILI,000011011001101100000,-59.7951,27.7332,9.4677,2.24783,98_2.pdb,true,false,Left
LLLLFALVLLLTLLYILLILI,000011011001101100000,-58.9652,23.2877,9.5,5.33264,1772_4.pdb,true,false,Left
LLLALLLTVLIALLFSLLILI,000110011011001100000,-106.828,23.8579,9.5,4.89408,893_1.pdb,true,false,Left
LLLAALLYVLFLLLTSLLILI,000110011011001100000,-103.287,25.1007,9.2958,5.67796,999_0.pdb,true,false,Left
LLLLVLLLALTILLFSLLILI,000110011011001100000,-105.197,23.7951,9.4432,6.77518,649_4.pdb,true,false,Left
LLLLIVLLATLFLLLSLLILI,000011001101100110000,-53.2403,27.0707,8.9688,3.89001,521_2.pdb,true,false,Left
LLLLYFLLLVLAILLSTLILI,000011001101100110000,-55.8675,18.0,9.4622,3.74969,264_3.pdb,true,false,Left
LLLLVLLLTILAFLLSLLILI,000011001101100110000,-10.2137,25.4728,9.5,0.753326,1964_1.pdb,true,false,Left
LLLALLLYVLTALLFSLLILI,000110011011001100000,-104.39,26.9986,9.4541,4.65285,900_1.pdb,true,false,Left
LLLLAILVLLLTLLFSLLILI,000011011001101100000,-60.0299,19.5041,8.5832,3.18132,1711_2.pdb,true,false,Left
LLLLVLLLLTLTALLFILILI,000011001101100110000,-17.7104,26.9275,9.5,1.39237,419_0.pdb,true,false,Left
LLLLLLLLAVLTILLSFLILI,000011001101100110000,-48.3435,22.4246,9.5,3.45413,1959_2.pdb,true,false,Left
LLLFALLTILVALLLSLLILI,000110011011001100000,-97.7678,26.8232,9.4019,3.40602,1829_2.pdb,true,false,Left
LLLLALLTVLLAILFSLLILI,000011011001101100000,-96.6968,18.0,9.4076,3.60523,1517_2.pdb,true,false,Left
LLLLFALLLTLVSLLLILILI,000011001101100110000,-15.856,19.3699,9.4176,0.36096,1330_0.pdb,true,false,Left
LLLLAVLFTLLLILLSLLILI,000011011001101100000,-96.7973,22.8863,9.474,2.01275,465_4.pdb,true,false,Left
LLLLFALTALLLILVSLLILI,000011011001101100000,-58.7317,22.5749,9.5,5.03106,959_2.pdb,true,false,Left
LLLLTALLLILFVLLSLLILI,000011001101100110000,-54.2003,20.0211,9.5,4.24003,1743_2.pdb,true,false,Left
LLLLAVLWILLSLLYFLLILI,000011011001101100000,-84.6662,20.7029,9.4057,5.9463,104_2.pdb,true,false,Left
LLLLLALLFLLTVLISLLILI,000011011001101100000,-61.7327,24.266,9.5,2.64058,1897_2.pdb,true,false,Left
LLLVALLWLLTFLLASLLILI,000110011011001100000,-102.061,28.0,9.1191,3.16532,1678_1.pdb,true,false,Left
LLLLLFLLYTLAVLLSILILI,000011001101100110000,-49.9452,28.0,9.4728,3.60623,455_2.pdb,true,false,Left
LLLLLLLTFLLAVLISLLILI,000011011001101100000,-59.7951,27.7332,9.4677,2.24783,98_3.pdb,true,false,Left
LLLLVLLLFALWTLLSYLILI,000011001101100110000,-42.3329,19.39,9.5,2.33527,1354_2.pdb,true,false,Left
LLLLTILLLLLAVLFSLLILI,000011011001101100000,-50.6236,28.0,9.5,5.56445,1537_4.pdb,true,false,Left
LLLLAFLLAVLTSLLLLLILI,000011001101100110000,-11.6325,27.7087,8.5,0.452228,359_1.pdb,true,false,Left
LLLLLALLSTLFILLLVLILI,000011001101100110000,-60.3633,28.0,9.3037,3.89759,1501_2.pdb,true,false,Left
LLLLALLLLTLFVLLSILILI,000011001101100110000,-43.3433,22.3312,9.5,4.30091,1721_3.pdb,true,false,Left
LLLLALLILLTSLLFVLLILI,000110011011001100000,-99.2693,28.0,9.4208,3.30191,1135_1.pdb,true,false,Left
LLLVALLLTLYLLLFSLLILI,000110011011001100000,-98.3355,18.0,9.2738,5.91662,1918_3.pdb,true,false,Left
LLLLYLLAVLTLLLFSLLILI,000110011011001100000,-98.3087,24.8804,9.3751,6.70399,1336_4.pdb,true,false,Left
LLLLAVLTALLYLLFSLLILI,000011011001101100000,-44.784,18.6709,9.3031,4.81941,305_1.pdb,true,false,Left
LLLLYLLLATLFVLLSILILI,000011001101100110000,-55.8675,18.0,9.4622,3.74969,264_4.pdb,true,false,Left
LLLYWLLTVLLALLFSLLILI,000110011011001100000,-107.621,28.0,9.5,3.7735,731_0.pdb,true,false,Left
LLLLLLLLATLFILLSVLILI,000011001101100110000,-45.0131,23.6085,9.5,2.63351,985_1.pdb,true,false,Left
LLLAALLYVLLTLLFSLLILI,000110011011001100000,-111.874,27.738,9.1654,4.82172,444_0.pdb,true,false,Left
LLLLVILLWALTLLLSFLILI,000011001101100110000,-43.184,24.62,9.5,3.71712,715_4.pdb,true,false,Left
LLLLVLLLAILTSLLFLLILI,000011001101100110000,-17.8087,19.8407,8.7536,1.00009,285_2.pdb,true,false,Left
LLLLAVLLAILFTLLSLLILI,000011001101100110000,-50.9633,22.8707,9.4791,2.41577,488_4.pdb,true,false,Left
LLLLFVLLALLYLLTSLLILI,000011011001101100000,-37.6288,20.1403,9.3503,4.91215,1890_4.pdb,true,false,Left
LLLLFILAVLLLLLTSLLILI,000011011001101100000,-93.5671,19.8302,9.2083,5.09792,1595_4.pdb,true,false,Left
LLLLAVLLLILLTLLSFLILI,000011001101100110000,-61.4399,25.116,9.5,3.89538,1030_2.pdb,true,false,Left
LLLLWLLTILVALLFSLLILI,000110011011001100000,-107.499,26.7755,9.3626,3.5303,1730_1.pdb,true,false,Left
LLLFALLLILTSLLYVLLILI,000110011011001100000,-110.479,18.2124,9.5,4.74221,1647_2.pdb,true,false,Left
LLLLVLLLALLFTLISLLILI,000011011001101100000,-54.6517,25.202,8.7401,1.71483,1302_4.pdb,true,false,Left
LLLLLLLTFLLAILVSLLILI,000011011001101100000,-63.0432,21.9672,9.225,2.78867,1779_3.pdb,true,false,Left
LLLLLVLTLLLFALISLLILI,000011011001101100000,-62.2102,24.1881,9.3137,2.91864,1239_4.pdb,true,false,Left
LLLLVILLSTLYLLLAFLILI,000011001101100110000,-41.0172,19.8286,9.5,4.35638,1570_1.pdb,true,false,Left
LLLLLVLIALLLTLFSLLILI,000011011001101100000,-66.3064,28.0,8.743,1.24723,1934_4.pdb,true,false,Left
LLLLALLTILVLLLFSLLILI,000110011011001100000,-98.5285,27.4894,9.0467,4.44163,694_4.pdb,true,false,Left
LLLVALLFLLLLLLTSLLILI,000110011011001100000,-100.982,20.0445,8.836,6.30822,1413_1.pdb,true,false,Left
LLLLAVLLLLLYTLFILLILI,000011011001101100000,-68.7003,25.7335,9.1776,1.61514,537_3.pdb,true,false,Left
LLLLVLLLTILASLLFLLILI,000011001101100110000,-10.2137,25.4728,9.5,0.753326,1964_0.pdb,true,false,Left
LLLATLLFVLLYLLASLLILI,000110011011001100000,-108.465,22.5121,9.059,3.21781,434_0.pdb,true,false,Left
LLLYTLLALLISLLLVLLILI,000110011011001100000,-112.025,18.0,9.0427,4.1174,1016_0.pdb,true,false,Left
LLLLLFLLAVLTLLLSILILI,000011001101100110000,-43.97,18.127,9.3706,2.86455,596_2.pdb,true,false,Left
LLLFALLLTLVALLYSLLILI,000110011011001100000,-112.64,22.2174,9.1464,3.73665,274_1.pdb,true,false,Left
LLLVALLLTLFLLLASLLILI,000110011011001100000,-112.07,21.0539,8.9665,3.98901,861_0.pdb,true,false,Left
LLLLYFLTALLILLVSLLILI,000011011001101100000,-48.8456,26.5476,9.2615,1.4354,963_2.pdb,true,false,Left
LLLLFLLLLTLAILLSVLILI,000011001101100110000,-60.0532,18.0145,9.4128,4.4936,1068_4.pdb,true,false,Left
LLLLLALTLLLFVLISLLILI,000011011001101100000,-64.5026,28.0,8.5172,0.967539,1774_3.pdb,true,false,Left
LLLLALLWVLLSTLFYLLILI,000011011001101100000,-84.8108,27.5458,9.5,5.29237,869_4.pdb,true,false,Left
LLLLAVLLLILFTLLSLLILI,000011001101100110000,-54.2003,20.0211,9.5,4.24003,1743_3.pdb,true,false,Left
LLLAFLLTVLIALLLSLLILI,000110011011001100000,-109.799,24.9589,9.1277,3.14881,653_1.pdb,true,false,Left
LLLLAILVLLLATLFSLLILI,000011011001101100000,-90.6535,21.6497,9.4157,4.05332,111_4.pdb,true,false,Left
LLLLVLLIFLLTLLAYLLILI,000011011001101100000,-41.136,27.4775,9.4534,5.2965,1359_4.pdb,true,false,Left
LLLALLLFVLYLLLTSLLILI,000110011011001100000,-101.035,21.7235,9.5,3.91889,4_2.pdb,true,false,Left
LLLLTFLIALLLLLVSLLILI,000011011001101100000,-51.8143,20.5961,8.8715,5.19271,1762_0.pdb,true,false,Left
LLLAFLLSVLLLLLTILLILI,000110011011001100000,-100.583,24.9099,8.8607,3.82795,346_1.pdb,true,false,Left
LLLLTLLLFLVALLYSLLILI,000110011011001100000,-104.611,18.0,9.4573,6.90581,1644_2.pdb,true,false,Left
LLLLVILALLLFTLLSLLILI,000011011001101100000,-66.1545,26.6162,8.9139,1.32829,1791_4.pdb,true,false,Left
LLLLFLLLAVLYTLLSILILI,000011001101100110000,-52.1249,19.3096,9.1781,4.09432,730_2.pdb,true,false,Left
LLLLFALVALLLLLTSLLILI,000011011001101100000,-53.4087,20.1028,9.5,2.21863,1519_2.pdb,true,false,Left
LLLLLALVTLLLILFSLLILI,000011011001101100000,-63.9618,24.4136,8.6824,2.34903,1714_2.pdb,true,false,Left
LLLLVTLLAILLSLLLFLILI,000011001101100110000,-18.4149,18.9515,8.7466,0.769243,372_1.pdb,true,false,Left
LLLLLFLLAVLYILLSTLILI,000011001101100110000,-51.7349,27.7596,9.3652,2.5573,666_1.pdb,true,false,Left
LLLLAYLLSVLLTLLLFLILI,000011001101100110000,-61.1356,18.8408,9.4667,4.66166,263_0.pdb,true,false,Left
LLLLLVLLATLWFLLSILILI,000011001101100110000,-38.8536,25.6835,9.4064,4.36397,844_2.pdb,true,false,Left
LLLLVLLTALLFILLSLLILI,000011011001101100000,-56.3184,28.0,8.9505,2.52544,933_2.pdb,true,false,Left
LLLLFVLTALLLLLISLLILI,000011011001101100000,-48.6486,27.8474,8.7613,5.7232,1982_3.pdb,true,false,Left
LLLLAILLLLLFVLASLLILI,000011011001101100000,-91.1821,25.6758,9.1358,6.13071,430_4.pdb,true,false,Left
LLLLVILLALLFLLLSTLILI,000011001101100110000,-44.3118,21.9771,9.4926,3.405,1035_3.pdb,true,false,Left
LLLALLLTILVLLLFSLLILI,000110011011001100000,-99.8584,21.3829,9.3043,2.72998,1025_4.pdb,true,false,Left
LLLLYLLTFLLAILVSLLILI,000011011001101100000,-62.4072,19.8661,8.7128,2.18738,1583_3.pdb,true,false,Left
LLLLALLLILTSLLFVLLILI,000110011011001100000,-108.523,18.0,9.5,6.34681,182_1.pdb,true,false,Left
LLLLLVLTALLYILFLLLILI,000011011001101100000,-63.9618,24.4136,8.6824,2.34903,1714_1.pdb,true,false,Left
LLLIALLLVLFLLLTSLLILI,000110011011001100000,-109.256,24.9032,9.5,5.19952,980_2.pdb,true,false,Left
LLLVALLTILLLLLFSLLILI,000110011011001100000,-95.9055,24.4134,9.4674,6.14054,937_3.pdb,true,false,Left
LLLLFALLTLLLILVSLLILI,000011011001101100000,-61.5515,18.2502,9.5,1.994,598_4.pdb,true,false,Left
LLLLALLITLLFLLVSLLILI,000011011001101100000,-60.2802,20.6302,8.8113,5.11305,1196_4.pdb,true,false,Left
LLLLYLLLLVLATLLSFLILI,000011001101100110000,-58.5206,19.5178,9.0988,3.49906,134_2.pdb,true,false,Left
LLLLVALTLLLTLLFILLILI,000011011001101100000,-63.8201,28.0,8.7037,2.44914,1493_4.pdb,true,false,Left
LLLVALLTLLILLLFSLLILI,000110011011001100000,-93.6649,21.9168,9.3657,6.10126,1442_3.pdb,true,false,Left
LLLLLLLLYVLATLLIFLILI,000011001101100110000,-59.3359,28.0,9.3632,4.9269,747_4.pdb,true,false,Left
LLLFTLLTILVALLLSLLILI,000110011011001100000,-108.56,20.0994,9.4061,3.77049,1596_0.pdb,true,false,Left
LLLLFLLVALLLTLISLLILI,000011011001101100000,-61.7768,21.5473,9.5,3.47734,1034_3.pdb,true,false,Left
LLLLALLTWLLAVLFSLLILI,000011011001101100000,-87.9067,24.4097,9.5,3.71611,1292_3.pdb,true,false,Left
LLLLAVLLALLFLLTSLLILI,000011011001101100000,-61.8072,18.0,8.5458,1.68176,1229_0.pdb,true,false,Left
LLLLLVLILLLFALTSLLILI,000011011001101100000,-61.5121,26.5133,8.57,2.77074,1770_2.pdb,true,false,Left
LLLLYVLIALLLTLFSLLILI,000011011001101100000,-63.7548,20.0048,8.747,1.68199,1642_3.pdb,true,false,Left
LLLLVLLLATLFILLSLLILI,000011001101100110000,-49.3706,18.0,9.0781,2.67475,1301_3.pdb,true,false,Left
LLLLVLLLYTLALLLSFLILI,000011001101100110000,-47.6323,26.2623,9.3258,4.01145,628_1.pdb,true,false,Left
LLLLLLLLFVLAILLSTLILI,000011001101100110000,-52.6824,25.6825,9.1288,3.53533,920_2.pdb,true,false,Left
LLLFALLLVLISLLLTLLILI,000110011011001100000,-108.523,18.0,9.5,6.34681,182_2.pdb,true,false,Left
LLLLTYLLALLFVLISLLILI,000011011001101100000,-63.5337,22.7476,9.1357,2.81421,993_0.pdb,true,false,Left
LLLLAVLTILLSLLFLLLILI,000011011001101100000,-92.1998,28.0,9.4683,6.31779,1365_3.pdb,true,false,Left
LLLLAILVLLLFLLSTLLILI,000011011001101100000,-93.172,23.7571,9.3219,5.13114,1859_2.pdb,true,false,Left
LLLLFALLLTLLVLLSILILI,000011001101100110000,-63.4452,19.7618,9.1047,4.82636,1269_2.pdb,true,false,Left
LLLLYALLLLLTVLFILLILI,000011011001101100000,-58.9652,23.2877,9.5,5.33264,1772_2.pdb,true,false,Left
LLLAALLFVLITLLLSLLILI,000110011011001100000,-103.038,25.4696,9.2755,6.90129,208_0.pdb,true,false,Left
LLLLALLLLVLTSLLFILILI,000011001101100110000,-13.4026,19.5036,9.4704,0.973599,1253_3.pdb,true,false,Left
LLLLITLLAVLFLLLSLLILI,000011001101100110000,-15.3543,18.0,9.0332,0.563854,1294_1.pdb,true,false,Left
LLLLLVLTALLLILFSLLILI,000011011001101100000,-60.6875,25.5985,8.9175,3.00992,33_4.pdb,true,false,Left
LLLLTVLLAILLALLSFLILI,000011001101100110000,-51.4071,21.371,9.0684,4.56308,1219_3.pdb,true,false,Left
LLLLVLLLALLFILTSLLILI,000011011001101100000,-53.9342,25.0394,9.0912,1.36098,627_3.pdb,true,false,Left
LLLLYVLLALLFTLLSILILI,000011001101100110000,-50.686,22.4063,9.5,4.45101,1962_1.pdb,true,false,Left
LLLLVALLLILVTLLLFLILI,000011001101100110000,-15.856,19.3699,9.4176,0.36096,1330_2.pdb,true,false,Left
LLLFALLLTLVILLLSLLILI,000110011011001100000,-103.491,25.0645,9.4859,4.7822,1362_4.pdb,true,false,Left
LLLLAILTALLFLLVSLLILI,000011011001101100000,-59.2101,22.4036,8.5,1.20846,558_3.pdb,true,false,Left
LLLLFALLLILLTLLSVLILI,000011001101100110000,-62.6534,23.4815,9.298,4.53476,486_1.pdb,true,false,Left
LLLLAILTVLLLLLFSLLILI,000011011001101100000,-96.7803,27.9384,9.3089,3.02733,272_4.pdb,true,false,Left
LLLLLALLFILTYLLSVLILI,000011001101100110000,-11.6325,27.7087,8.5,0.452228,359_2.pdb,true,false,Left
LLLLVILLFLLALLLSTLILI,000011001101100110000,-49.3706,18.0,9.0781,2.67475,1301_2.pdb,true,false,Left
LLLLVLLLWFLATLLSILILI,000011001101100110000,-46.8142,18.6189,9.5,3.16164,1549_1.pdb,true,false,Left
LLLLALLLILTVLLFSLLILI,000110011011001100000,-109.225,25.4032,9.5,6.97853,685_4.pdb,true,false,Left
LLLLALLLFVLTYLLSILILI,000011001101100110000,-13.802,26.0641,9.3441,0.73695,825_0.pdb,true,false,Left
LLLLAALLFTLVSLLLILILI,000011001101100110000,-9.3919,25.3594,9.3474,1.0659,470_0.pdb,true,false,Left
LLLLFVLLALLLILTSLLILI,000011011001101100000,-62.3156,20.681,9.408,3.14153,915_2.pdb,true,false,Left
LLLLTYLLAILFVLLSLLILI,000011001101100110000,-54.0647,20.5307,9.5,4.81957,1398_0.pdb,true,false,Left
LLLLALLTILLLVLFSLLILI,000011011001101100000,-67.0014,18.3874,9.5,3.25007,1144_2.pdb,true,false,Left
LLLLIALLLLLFVLTSLLILI,000011011001101100000,-63.862,27.3221,9.0487,2.3766,860_2.pdb,true,false,Left
LLLLYLLLFTLAVLLSILILI,000011001101100110000,-48.7856,25.5312,9.2421,3.28859,1436_4.pdb,true,false,Left
LLLLTILLLLLFVLASLLILI,000011011001101100000,-61.6969,25.8557,9.3461,3.39352,1182_4.pdb,true,false,Left
LLLLYLLLFLLAVLTSLLILI,000011011001101100000,-62.2996,20.5619,9.0669,2.1242,318_4.pdb,true,false,Left
LLLLALLLYVLTFLLSLLILI,000011001101100110000,-9.3919,25.3594,9.3474,1.0659,470_1.pdb,true,false,Left
LLLLWALTSLLVILFLLLILI,000011011001101100000,-47.8829,28.0,9.5,1.30792,487_3.pdb,true,false,Left
LLLLLALLYLLTVLFILLILI,000011011001101100000,-57.1251,27.2915,9.4111,5.31854,904_4.pdb,true,false,Left
LLLYALLFVLLLLLASLLILI,000110011011001100000,-110.348,18.0,8.995,5.13822,950_0.pdb,true,false,Left
LLLLFALLLLLTILLSVLILI,000011001101100110000,-62.6534,23.4815,9.298,4.53476,486_2.pdb,true,false,Left
LLLLYILTALLVLLFSLLILI,000011011001101100000,-45.197,23.9372,9.5,1.26277,1172_4.pdb,true,false,Left
LLLLFVLLALLYFLLSYLILI,000011001101100110000,-44.2818,28.0,9.5,2.53776,644_1.pdb,true,false,Left
LLLLFALIVLLLTLYLLLILI,000011011001101100000,-65.776,23.3914,9.1145,3.14907,1036_2.pdb,true,false,Left
LLLLALLIYLLFTLFVLLILI,000011011001101100000,-91.2166,22.6004,9.4646,2.81374,383_3.pdb,true,false,Left
LLLLAVLLLTLFVLLSILILI,000011001101100110000,-45.8847,21.0809,9.3724,3.74287,572_3.pdb,true,false,Left
LLLLTVLLALLYLLFSLLILI,000011011001101100000,-57.9523,18.0,9.4741,2.35959,752_0.pdb,true,false,Left
LLLLIVLTALLLLLFSLLILI,000011011001101100000,-56.5141,27.886,8.9625,2.51874,242_2.pdb,true,false,Left
LLLLAVLLLLLFTLASLLILI,000011011001101100000,-93.5671,19.8302,9.2083,5.09792,1595_2.pdb,true,false,Left
LLLLFLLIALLLTLVSLLILI,000011011001101100000,-61.4585,20.0104,9.4977,2.93824,379_2.pdb,true,false,Left
LLLFALLTVLLLLLASLLILI,000110011011001100000,-103.753,24.3871,9.5,4.09069,260_2.pdb,true,false,Left
LLLLVALLTLLLFLLAILILI,000011001101100110000,-11.554,28.0,8.6458,0.69495,1171_1.pdb,true,false,Left
LLLLTFLLAVLLLLLSILILI,000011001101100110000,-58.528,22.0772,8.9263,3.82083,247_0.pdb,true,false,Left
LLLFTLLTVLLLLLASLLILI,000110011011001100000,-112.389,23.3953,9.4501,3.4178,1459_4.pdb,true,false,Left
LLLLLALVTLLILLFSLLILI,000011011001101100000,-35.7033,20.7118,9.3829,4.78265,410_2.pdb,true,false,Left
LLLLFALILLLTVLLSLLILI,000011011001101100000,-64.8575,19.8668,9.3427,2.44922,1548_3.pdb,true,false,Left
LLLLVTLLFALLYLLSLLILI,000011001101100110000,-17.3153,18.0,8.8015,1.11365,1279_2.pdb,true,false,Left
LLLLLLLLTVLIALLSFLILI,000011001101100110000,-15.4674,20.4362,8.9034,0.551511,610_4.pdb,true,false,Left
LLLYFLLAVLTALLLSLLILI,000110011011001100000,-101.608,25.66,9.0811,3.51708,1554_1.pdb,true,false,Left
LLLLAILLLVLLTLLSFLILI,000011001101100110000,-52.2651,26.861,9.4045,4.78718,951_4.pdb,true,false,Left
LLLLTFLVALLLLLISLLILI,000011011001101100000,-51.8031,19.9242,8.6827,5.92127,108_1.pdb,true,false,Left
LLLLTYLIALLLVLFSLLILI,000011011001101100000,-62.9287,22.2357,9.4373,2.68057,1827_2.pdb,true,false,Left
LLLLIVLTALLFLLYSLLILI,000011011001101100000,-59.6651,25.8947,8.8121,1.48196,1316_2.pdb,true,false,Left
LLLAYLLLLLTSLLFVLLILI,000110011011001100000,-107.499,26.7755,9.3626,3.5303,1730_3.pdb,true,false,Left
LLLLVILLATLFLLLSLLILI,000011001101100110000,-54.5803,25.2446,9.5,2.83416,1258_2.pdb,true,false,Left
LLLLALLLFLVSLLYTLLILI,000110011011001100000,-98.3355,18.0,9.2738,5.91662,1918_1.pdb,true,false,Left
LLLLWVLLFILALLLLTLILI,000011001101100110000,-60.6709,20.4901,9.5,4.47595,678_0.pdb,true,false,Left
LLLLYVLLALLWFLLSTLILI,000011001101100110000,-38.2853,22.2469,9.4883,3.65057,252_3.pdb,true,false,Left
LLLLTYLVALLLILFLLLILI,000011011001101100000,-58.7317,22.5749,9.5,5.03106,959_0.pdb,true,false,Left
LLLLAVLTSLLLLLFILLILI,000011011001101100000,-54.6553,24.8666,8.5,5.89475,852_2.pdb,true,false,Left
LLLLFLLTLLLAILVSLLILI,000011011001101100000,-64.3982,19.5039,9.0192,2.21895,1638_2.pdb,true,false,Left
LLLLVILLATLFLLLSYLILI,000011001101100110000,-51.6491,18.0,9.1276,2.54432,522_1.pdb,true,false,Left
LLLLWVLILLLATLFYLLILI,000011011001101100000,-84.4604,20.518,9.5,5.80273,1496_2.pdb,true,false,Left
LLLLAVLLYLLATLFSLLILI,000011011001101100000,-54.5412,20.4417,8.8575,5.88665,1427_4.pdb,true,false,Left
LLLYFLLAILVSLLLTLLILI,000110011011001100000,-109.426,18.0,9.0516,6.97209,1267_0.pdb,true,false,Left
LLLLLALLFILTSLLLVLILI,000011001101100110000,-16.9063,23.8698,9.4389,0.549334,1220_1.pdb,true,false,Left
LLLATLLTVLLLLLFSLLILI,000110011011001100000,-106.482,18.7198,9.4342,4.62771,1972_0.pdb,true,false,Left
LLLLFALLAVLLLLLSTLILI,000011001101100110000,-58.5206,19.5178,9.0988,3.49906,134_3.pdb,true,false,Left
LLLLAILVALLLTLFSLLILI,000011011001101100000,-59.42,19.5166,9.3284,6.08034,1180_2.pdb,true,false,Left
LLLYALLFTLVILLLSLLILI,000110011011001100000,-115.152,18.3002,9.2232,4.55733,1754_4.pdb,true,false,Left
LLLLALLFVLTILLYSLLILI,000110011011001100000,-114.221,23.3529,9.3591,5.8742,934_4.pdb,true,false,Left
LLLLWVLTFLLALLISLLILI,000011011001101100000,-51.0504,24.2236,8.6299,6.16576,428_2.pdb,true,false,Left
LLLVALLLLLTSLLFSLLILI,000110011011001100000,-105.657,18.0,8.925,3.40213,1476_1.pdb,true,false,Left
LLLLWTLVALLLLLFSLLILI,000011011001101100000,-60.8525,23.2201,8.5,2.73241,987_2.pdb,true,false,Left
LLLLFALLTLLLVLISLLILI,000011011001101100000,-63.0624,20.1626,9.5,3.75907,1713_4.pdb,true,false,Left
LLLYLLLFVLALLLTSLLILI,000110011011001100000,-101.498,20.1514,9.5,3.77814,977_4.pdb,true,false,Left
LLLLVALLSILYTLLLFLILI,000011001101100110000,-51.5583,21.1227,9.2799,2.87316,1430_1.pdb,true,false,Left
LLLLLALLYVLTSLLAFLILI,000011001101100110000,-10.5055,26.7676,8.6395,0.169552,45_1.pdb,true,false,Left
LLLLLLLLYVLATLLSFLILI,000011001101100110000,-52.571,28.0,9.3313,3.74525,1927_3.pdb,true,false,Left
LLLLVLLLAILFTLLSLLILI,000011001101100110000,-52.4978,27.6773,9.5,2.65047,818_2.pdb,true,false,Left
LLLVTLLFLLLFLLASLLILI,000110011011001100000,-106.207,18.5239,9.5,3.76949,946_1.pdb,true,false,Left
LLLLFLLVALLLILTSLLILI,000011011001101100000,-59.5624,23.7924,9.4709,4.99753,215_4.pdb,true,false,Left
LLLLAVLLLLLTILFSLLILI,000011011001101100000,-62.3156,20.681,9.408,3.14153,915_4.pdb,true,false,Left
LLLLLFLLATLYVLLSILILI,000011001101100110000,-54.4884,28.0,9.5,3.45271,1849_4.pdb,true,false,Left
LLLLWVLLFTLAILLLLLILI,000011001101100110000,-63.2471,18.87,9.5,4.54268,1181_0.pdb,true,false,Left
LLLLAILLALLFVLLSTLILI,000011001101100110000,-50.6321,19.5943,8.7881,4.00794,737_4.pdb,true,false,Left
LLLLLFLLLTLAVLLSILILI,000011001101100110000,-44.3118,21.9771,9.4926,3.405,1035_4.pdb,true,false,Left
LLLLFALLLVLLTLLIYLILI,000011001101100110000,-61.8507,23.3116,9.1484,4.95103,1059_3.pdb,true,false,Left
LLLFALLLLLVTLLLSLLILI,000110011011001100000,-103.038,25.4696,9.2755,6.90129,208_1.pdb,true,false,Left
LLLYLLLAVLTALLFSLLILI,000110011011001100000,-106.327,18.1644,9.5,4.90862,418_3.pdb,true,false,Left
LLLLAVLLALLLTLFSLLILI,000011011001101100000,-91.0177,27.217,9.2359,6.16956,583_3.pdb,true,false,Left
LLLYLLLAILVTLLFSLLILI,000110011011001100000,-98.3355,18.0,9.2738,5.91662,1918_4.pdb,true,false,Left
LLLLTILVALLLLLFSLLILI,000011011001101100000,-51.0858,22.7179,9.497,5.04048,809_4.pdb,true,false,Left
LLLVALLLLLTFLLTSLLILI,000110011011001100000,-96.9827,18.0278,9.4671,6.24634,1744_4.pdb,true,false,Left
LLLIALLLTLVLLLFSLLILI,000110011011001100000,-103.669,19.8474,9.4595,6.51079,804_3.pdb,true,false,Left
LLLLYTLTLLLFALISLLILI,000011011001101100000,-62.8439,19.0347,9.5,3.61539,103_1.pdb,true,false,Left
LLLLAFLLTILVSLLLLLILI,000011001101100110000,-13.5638,24.6135,9.5,0.928318,626_2.pdb,true,false,Left
LLLLWILLTLLFVLASLLILI,000011011001101100000,-58.1024,26.441,9.3786,1.72312,1078_2.pdb,true,false,Left
LLLLYALITLLFLLVSLLILI,000011011001101100000,-61.4585,20.0104,9.4977,2.93824,379_1.pdb,true,false,Left
LLLLWVLLAILYTLLLFLILI,000011001101100110000,-55.8634,25.0918,9.1569,4.34939,2_0.pdb,true,false,Left
LLLAALLFVLLTLLYSLLILI,000110011011001100000,-110.296,27.6733,9.2245,5.82549,319_0.pdb,true,false,Left
LLLLVALLLILTFLLSLLILI,000011001101100110000,-14.8026,24.8541,9.1766,0.95095,1924_1.pdb,true,false,Left
LLLLALLFVLTSLLYILLILI,000110011011001100000,-102.04,18.1592,9.5,3.28497,94_3.pdb,true,false,Left
LLLLLVLLLILFALLSTLILI,000011001101100110000,-60.6709,20.4901,9.5,4.47595,678_4.pdb,true,false,Left
LLLLAVLLITLLLLLSFLILI,000011001101100110000,-62.6534,23.4815,9.298,4.53476,486_4.pdb,true,false,Left
LLLLTILLALLFLLVSLLILI,000011011001101100000,-44.3956,19.2336,9.5,5.83139,1210_4.pdb,true,false,Left
LLLLVILLALLWYLLSFLILI,000011001101100110000,-38.8536,25.6835,9.4064,4.36397,844_3.pdb,true,false,Left
LLLLVILTALLFLLLSLLILI,000011011001101100000,-33.8336,19.1525,9.5,4.98104,1115_2.pdb,true,false,Left
LLLYTLLFILVALLLSLLILI,000110011011001100000,-109.799,24.9589,9.1277,3.14881,653_0.pdb,true,false,Left
LLLLLYLLAVLTSLLFILILI,000011001101100110000,-9.3919,25.3594,9.3474,1.0659,470_3.pdb,true,false,Left
LLLLTLLILLLAVLFSLLILI,000011011001101100000,-60.0299,19.5041,8.5832,3.18132,1711_3.pdb,true,false,Left
LLLLLFLALLLVTLISLLILI,000011011001101100000,-39.8599,19.4139,9.461,5.21787,1950_3.pdb,true,false,Left
LLLVTLLYLLFLLLASLLILI,000110011011001100000,-108.465,22.5121,9.059,3.21781,434_1.pdb,true,false,Left
LLLLAVLLILLLTLFSLLILI,000011011001101100000,-62.1119,23.2337,9.5,5.30505,1167_3.pdb,true,false,Left
LLLLFALLAVLYLLLSTLILI,000011001101100110000,-53.398,20.1517,8.5941,3.18966,1881_2.pdb,true,false,Left
LLLLLLLLAVLTFLLSILILI,000011001101100110000,-10.3153,18.0,9.3619,0.81614,919_4.pdb,true,false,Left
LLLVALLLLLTSLLYFLLILI,000110011011001100000,-100.223,21.0733,9.5,3.16573,690_4.pdb,true,false,Left
LLLLFVLLALLWYLLSTLILI,000011001101100110000,-43.3011,26.5771,9.4933,4.26167,314_3.pdb,true,false,Left
LLLVALLYLLTALLFSLLILI,000110011011001100000,-100.49,22.5277,8.7605,5.06352,1342_0.pdb,true,false,Left
LLLLLTLLAILVSLLFLLILI,000011001101100110000,-16.6523,18.0,8.5293,0.249784,1005_2.pdb,true,false,Left
LLLLALLLFVLTSLLYLLILI,000011001101100110000,-8.04023,22.8656,9.1939,0.372694,1375_3.pdb,true,false,Left
LLLLALLFLLTYLLAVLLILI,000110011011001100000,-105.509,24.2259,8.7657,6.44012,1527_0.pdb,true,false,Left
LLLLAVLTWLLSLLFILLILI,000011011001101100000,-86.3426,21.6787,9.5,5.74645,554_4.pdb,true,false,Left
LLLLAVLLALLFTLISLLILI,000011011001101100000,-51.0504,24.2236,8.6299,6.16576,428_4.pdb,true,false,Left
LLLLVILLLTLALLLSFLILI,000011001101100110000,-16.2744,20.6107,9.5,1.07149,459_4.pdb,true,false,Left
LLLLALLTILLFVLYSLLILI,000011011001101100000,-63.0338,23.361,9.4488,5.54064,1047_4.pdb,true,false,Left
LLLLLLLIALLTVLFSLLILI,000011011001101100000,-43.3965,18.0,9.3753,1.10266,317_3.pdb,true,false,Left
LLLLLLLLFTLAVLLSILILI,000011001101100110000,-42.2132,18.0,9.4446,3.97238,194_4.pdb,true,false,Left
LLLLTLLAVLFLLLASLLILI,000110011011001100000,-112.369,18.0897,9.5,4.81996,235_4.pdb,true,false,Left
LLLYALLFTLVALLLSLLILI,000110011011001100000,-102.539,18.0,9.1729,5.05294,945_1.pdb,true,false,Left
LLLLLLLITLLFALVSLLILI,000011011001101100000,-58.638,18.5491,9.3098,1.73799,780_3.pdb,true,false,Left
LLLLAVLIALLLTLFSLLILI,000011011001101100000,-58.7573,18.0,8.9107,2.60981,1441_4.pdb,true,false,Left
LLLLAVLILLLTLLFSLLILI,000011011001101100000,-65.0318,26.43,9.5,1.04784,130_2.pdb,true,false,Left
LLLLALLVFLLSILTYLLILI,000011011001101100000,-84.4604,20.518,9.5,5.80273,1496_4.pdb,true,false,Left
LLLLAVLLLLLFTLISLLILI,000011011001101100000,-48.9789,27.4025,9.0441,5.31667,480_4.pdb,true,false,Left
LLLYALLFVLISLLLTLLILI,000110011011001100000,-106.605,18.874,9.5,4.44883,156_2.pdb,true,false,Left
LLLLIVLLFTLWALLSLLILI,000011001101100110000,-40.4618,22.7533,9.4481,4.17759,1960_1.pdb,true,false,Left
LLLLFALLLVLLVLLITLILI,000011001101100110000,-61.8507,23.3116,9.1484,4.95103,1059_4.pdb,true,false,Left
LLLLYTLLFLLAVLISLLILI,000011011001101100000,-62.3138,19.7039,9.5,2.28174,472_1.pdb,true,false,Left
LLLFALLLILVSLLYTLLILI,000110011011001100000,-115.762,19.6398,9.2964,4.11802,1900_1.pdb,true,false,Left
LLLITLLAVLLLLLFSLLILI,000110011011001100000,-100.055,19.3198,9.4622,5.92676,908_3.pdb,true,false,Left
LLLLFALLLLLYVLTSLLILI,000011011001101100000,-63.6223,25.1674,9.3555,4.01046,281_4.pdb,true,false,Left
LLLLIALLLTLVALLFLLILI,000011001101100110000,-15.5905,19.7114,9.1389,1.04161,1922_4.pdb,true,false,Left
LLLLFLLAILVTLLLSLLILI,000110011011001100000,-96.9827,18.0278,9.4671,6.24634,1744_3.pdb,true,false,Left
LLLLAVLYTLLFLLASLLILI,000011011001101100000,-91.8072,18.3516,9.3473,4.98737,1921_2.pdb,true,false,Left
LLLLVILLFLLALLTYLLILI,000011011001101100000,-89.8672,20.0282,9.4985,2.58101,1165_4.pdb,true,false,Left
LLLLYTLTFLLALLVILLILI,000011011001101100000,-70.366,25.0484,9.5,2.39073,794_0.pdb,true,false,Left
LLLALLLYTLVALLFSLLILI,000110011011001100000,-106.207,18.5239,9.5,3.76949,946_3.pdb,true,false,Left
LLLLYTLLALLFVLLSLLILI,000011011001101100000,-67.1026,23.4345,9.3202,1.90267,1641_3.pdb,true,false,Left
LLLLTILLYVLALLLSFLILI,000011001101100110000,-56.9723,18.0,9.0323,4.87965,121_3.pdb,true,false,Left
LLLLWVLLAILFLLLLTLILI,000011001101100110000,-55.3439,27.9551,9.0365,4.43682,1461_0.pdb,true,false,Left
LLLLVLLTALLWILFSLLILI,000011011001101100000,-34.1779,18.0,9.4486,4.80009,966_3.pdb,true,false,Left
LLLLLLLLTILTALLFVLILI,000011001101100110000,-8.98253,18.8869,9.4948,1.20952,1509_3.pdb,true,false,Left
LLLLIVLTALLFLLLSLLILI,000011011001101100000,-57.3404,26.4839,9.1362,1.82698,986_4.pdb,true,false,Left
LLLLAILLALLFVLTSLLILI,000011011001101100000,-54.5412,20.4417,8.8575,5.88665,1427_3.pdb,true,false,Left
LLLLFVLLLILALLLSTLILI,000011001101100110000,-16.2744,20.6107,9.5,1.07149,459_3.pdb,true,false,Left
LLLLVALLLVLITLLLFLILI,000011001101100110000,-16.1029,19.7018,8.5,0.853723,1752_3.pdb,true,false,Left
LLLLALLYTLLSLLFVLLILI,000110011011001100000,-98.8928,26.0313,9.3909,5.23702,243_1.pdb,true,false,Left
LLLLAILVLLLFTLASLLILI,000011011001101100000,-95.2993,24.1394,9.5,1.90523,1014_2.pdb,true,false,Left
LLLVLLLTILLALLFSLLILI,000110011011001100000,-101.349,21.0043,9.3889,2.57296,163_3.pdb,true,false,Left
LLLLIVLLWLLATLLSFLILI,000011001101100110000,-53.8932,22.5561,9.1861,2.95499,1455_4.pdb,true,false,Left
LLLAFLLSVLTALLYLLLILI,000110011011001100000,-104.776,24.241,9.2304,2.71006,1169_1.pdb,true,false,Left
LLLLLALLLVLFTLLSILILI,000011001101100110000,-45.8847,21.0809,9.3724,3.74287,572_4.pdb,true,false,Left
LLLLAVLLLLLFTLLSILILI,000011001101100110000,-49.1191,24.6788,9.3562,4.66493,1952_3.pdb,true,false,Left
LLLLFLLAVLLTLLYSLLILI,000110011011001100000,-106.585,26.3438,9.4042,5.88646,538_3.pdb,true,false,Left
LLLLAVLLLLLTVLFILLILI,000011011001101100000,-57.8226,26.0525,9.5,5.74732,1660_3.pdb,true,false,Left
LLLLLLLLAILTFLLSVLILI,000011001101100110000,-10.3153,18.0,9.3619,0.81614,919_3.pdb,true,false,Left
LLLLVLLLATLWFLLSYLILI,000011001101100110000,-43.1233,21.7001,9.4777,2.80505,1424_2.pdb,true,false,Left
LLLLLLLLFVLATLLSILILI,000011001101100110000,-51.9769,27.0969,8.9741,3.50431,286_3.pdb,true,false,Left
LLLYFLLAVLISLLLTLLILI,000110011011001100000,-109.05,25.2912,9.1253,3.09366,1008_0.pdb,true,false,Left
LLLLVLLLAILFLLLSTLILI,000011001101100110000,-51.5583,21.1227,9.2799,2.87316,1430_3.pdb,true,false,Left
LLLLWVLLALLFLLTSLLILI,000011011001101100000,-46.0671,21.8161,9.2045,5.07698,785_2.pdb,true,false,Left
LLLLFVLALLLLILTSLLILI,000011011001101100000,-93.5671,19.8302,9.2083,5.09792,1595_3.pdb,true,false,Left
LLLYALLFLLVALLLSLLILI,000110011011001100000,-99.4006,19.5875,8.8576,6.19099,663_0.pdb,true,false,Left
LLLYTLLLLLVALLFSLLILI,000110011011001100000,-106.388,26.5485,9.4281,5.17422,417_0.pdb,true,false,Left
LLLLTFLLAILLLLLSVLILI,000011001101100110000,-50.6321,19.5943,8.7881,4.00794,737_2.pdb,true,false,Left
LLLLAVLITLLLLLFSLLILI,000011011001101100000,-59.9714,21.2659,9.1374,2.82296,284_4.pdb,true,false,Left
LLLLIVLLSLLFTLLALLILI,000011001101100110000,-43.8654,18.1944,9.5,1.26818,147_2.pdb,true,false,Left
LLLLVLLLTLLIALLSFLILI,000011001101100110000,-10.2137,25.4728,9.5,0.753326,1964_2.pdb,true,false,Left
LLLLAVLILLLYLLFTLLILI,000011011001101100000,-88.8359,25.9499,9.3794,3.78117,811_4.pdb,true,false,Left
LLLAYLLLLLVTLLFSLLILI,000110011011001100000,-107.621,28.0,9.5,3.7735,731_4.pdb,true,false,Left
LLLLIALLTVLLALLFLLILI,000011001101100110000,-2.75517,25.7929,9.2779,0.100548,1512_2.pdb,true,false,Left
LLLLAVLLTLLFILLSLLILI,000011001101100110000,-54.2003,20.0211,9.5,4.24003,1743_4.pdb,true,false,Left
LLLLALLYVLFLLLTSLLILI,000110011011001100000,-111.891,19.3037,9.2503,3.28747,1042_3.pdb,true,false,Left
LLLLVLLLTLLIALLFLLILI,000011001101100110000,-13.5638,24.6135,9.5,0.928318,626_3.pdb,true,false,Left
LLLLAVLILLLLTLFSLLILI,000011011001101100000,-93.2901,27.2793,9.5,4.4589,672_4.pdb,true,false,Left
LLLLYILTLLLFVLASLLILI,000011011001101100000,-93.1243,19.941,9.5,2.26932,743_4.pdb,true,false,Left
LLLLAVLILLLATLFSLLILI,000011011001101100000,-93.7867,26.0492,9.3628,3.10024,755_3.pdb,true,false,Left
LLLLVLLLTLLAFLLSILILI,000011001101100110000,-11.4105,18.1282,9.2875,0.966937,1142_3.pdb,true,false,Left
LLLYLLLAVLFLLLTSLLILI,000110011011001100000,-111.619,18.5361,9.3412,4.01923,1870_2.pdb,true,false,Left
LLLLVLLLALLTILFSLLILI,000011011001101100000,-50.2686,23.3167,9.4199,1.65277,847_3.pdb,true,false,Left
LLLVALLYLLFLLLASLLILI,000110011011001100000,-105.741,21.3899,8.7438,5.9234,20_0.pdb,true,false,Left
LLLLFVLLAILYLLLSTLILI,000011001101100110000,-49.6499,25.721,9.204,4.57866,1600_1.pdb,true,false,Left
LLLLWVLIALLLTLFSLLILI,000011011001101100000,-51.0504,24.2236,8.6299,6.16576,428_1.pdb,true,false,Left
LLLLFALLTILVALLLLLILI,000011001101100110000,-6.9669,21.6149,9.0059,0.815953,1109_0.pdb,true,false,Left
LLLALLLFTLVALLYSLLILI,000110011011001100000,-107.755,28.0,9.4835,5.1599,805_0.pdb,true,false,Left
LLLLYLLLALLFVLTSLLILI,000011011001101100000,-60.3987,18.0,9.5,2.71075,956_2.pdb,true,false,Left
LLLLFLLIALLLVLTSLLILI,000011011001101100000,-62.2011,18.7588,9.5,2.7944,931_4.pdb,true,false,Left
LLLYFLLAVLITLLLSLLILI,000110011011001100000,-107.997,18.0,9.1137,5.42398,1992_1.pdb,true,false,Left
LLLLALLLVLTALLFSLLILI,000110011011001100000,-110.423,21.4532,9.0663,3.36148,1028_2.pdb,true,false,Left
LLLLLTLLAVLISLLFLLILI,000011001101100110000,-13.5222,18.0,9.2289,1.00275,1105_0.pdb,true,false,Left
LLLLTLLTILVALLFSLLILI,000110011011001100000,-111.368,18.0,9.5,4.23094,850_0.pdb,true,false,Left
LLLAYLLTVLLLLLFSLLILI,000110011011001100000,-106.576,25.4469,9.5,5.33994,882_3.pdb,true,false,Left
LLLYLLLTILVALLFSLLILI,000110011011001100000,-111.991,18.4107,8.7309,3.96713,658_4.pdb,true,false,Left
LLLYFLLALLVSLLLTLLILI,000110011011001100000,-106.527,27.9293,9.2389,3.80605,1735_0.pdb,true,false,Left
LLLYALLFLLVTLLLSLLILI,000110011011001100000,-101.027,19.8798,9.123,6.54848,1580_4.pdb,true,false,Left
LLLLLALLLLLTVLFSLLILI,000011011001101100000,-63.4202,24.2117,9.4519,2.13507,566_4.pdb,true,false,Left
LLLLLALTLLLIVLFSLLILI,000011011001101100000,-40.7831,19.4877,9.1826,4.682,712_4.pdb,true,false,Left
LLLLAVLFTLLLLLISLLILI,000011011001101100000,-64.8575,19.8668,9.3427,2.44922,1548_4.pdb,true,false,Left
LLLLVALLLILTLLLSFLILI,000011001101100110000,-14.9392,23.3548,9.1433,0.910788,576_3.pdb,true,false,Left
LLLLLVLATLLLILFSLLILI,000011011001101100000,-62.6015,20.7952,9.4319,2.83856,1058_4.pdb,true,false,Left
LLLLVLLIALLWFLTSLLILI,000011011001101100000,-44.8132,26.7672,9.4293,0.995658,282_4.pdb,true,false,Left
LLLVALLTILLALLFSLLILI,000110011011001100000,-97.7678,26.8232,9.4019,3.40602,1829_3.pdb,true,false,Left
LLLLLLLLAILFTLLSVLILI,000011001101100110000,-52.6824,25.6825,9.1288,3.53533,920_3.pdb,true,false,Left
LLLFALLLVLITLLLSLLILI,000110011011001100000,-109.639,18.3544,9.3263,5.75542,965_2.pdb,true,false,Left
LLLLAILLFLLLVLTSLLILI,000011011001101100000,-93.802,23.2516,9.5,5.56089,228_4.pdb,true,false,Left
LLLLFALVTLLLLLISLLILI,000011011001101100000,-63.5617,24.3947,8.5292,1.93362,1645_4.pdb,true,false,Left
LLLLIVLLALLFTLLSLLILI,000011011001101100000,-56.5141,27.886,8.9625,2.51874,242_4.pdb,true,false,Left
LLLLYFLTALLWVLLSLLILI,000011011001101100000,-40.1641,26.9667,9.4099,5.16987,1250_4.pdb,true,false,Left
LLLLWVLLFLLAILTSLLILI,000011011001101100000,-55.1631,22.6016,9.3914,5.72615,1369_1.pdb,true,false,Left
LLLLYALTVLLLLLFILLILI,000011011001101100000,-65.776,23.3914,9.1145,3.14907,1036_1.pdb,true,false,Left
LLLLAVLFILLSLLYTLLILI,000011011001101100000,-95.7197,27.626,9.3614,2.37837,608_3.pdb,true,false,Left
LLLLLALLLLLVTLFSLLILI,000011011001101100000,-42.6031,24.4122,9.5,5.1089,1981_4.pdb,true,false,Left
LLLLAVLTILLLLLFSLLILI,000011011001101100000,-93.5519,25.9939,9.4179,3.45897,1848_4.pdb,true,false,Left
LLLLYLLLAILFVLLSTLILI,000011001101100110000,-58.528,22.0772,8.9263,3.82083,247_2.pdb,true,false,Left
LLLVTLLFLLYLLLASLLILI,000110011011001100000,-109.522,24.798,9.3175,4.32275,1486_4.pdb,true,false,Left
LLLLALLLILVTLLFSLLILI,000110011011001100000,-110.668,28.0,9.2344,4.55252,1033_2.pdb,true,false,Left
LLLLTVLLALLLILFSLLILI,000011011001101100000,-48.0194,26.398,9.4886,5.22542,279_3.pdb,true,false,Left
LLLLALLTILLAVLFSLLILI,000011011001101100000,-95.1629,21.224,9.5,2.37865,567_3.pdb,true,false,Left
LLLLFALLLILTVLLSLLILI,000011001101100110000,-61.6625,21.8948,9.1479,4.57228,1707_4.pdb,true,false,Left
LLLLVLLLFLLATLISLLILI,000011011001101100000,-35.7873,20.1927,9.3786,5.16596,230_2.pdb,true,false,Left
LLLLLVLLAILFLLLSTLILI,000011001101100110000,-57.7764,24.5839,9.4846,4.24678,92_3.pdb,true,false,Left
LLLYLLLATLVALLFSLLILI,000110011011001100000,-110.094,23.451,9.4935,5.88366,1065_1.pdb,true,false,Left
LLLLFVLTALLWYLLSLLILI,000011011001101100000,-39.2467,27.6059,9.5,5.10418,192_2.pdb,true,false,Left
LLLFALLLVLILLLTSLLILI,000110011011001100000,-104.818,25.5597,9.5,6.63107,1087_3.pdb,true,false,Left
LLLLALLVLLLTFLISLLILI,000011011001101100000,-64.4683,27.5019,9.5,1.47507,1662_4.pdb,true,false,Left
LLLLAILLAVLFTLLSLLILI,000011001101100110000,-56.4551,18.0,8.5868,4.55447,770_2.pdb,true,false,Left
LLLLWVLLALLYTLFSLLILI,000011011001101100000,-51.0858,22.7179,9.497,5.04048,809_0.pdb,true,false,Left
LLLLFALLLLLTILVSLLILI,000011011001101100000,-58.2423,19.8916,9.3909,5.53078,1547_2.pdb,true,false,Left
LLLLAVLTLLLILLFSLLILI,000011011001101100000,-35.7033,20.7118,9.3829,4.78265,410_3.pdb,true,false,Left
LLLYALLFTLISLLLVLLILI,000110011011001100000,-110.96,21.5291,9.2522,5.04976,369_2.pdb,true,false,Left
LLLLAVLTALLLILFSLLILI,000011011001101100000,-64.5014,18.5014,8.808,2.42084,407_2.pdb,true,false,Left
LLLLIALLLLLTSLLFVLILI,000011001101100110000,-7.68243,18.0,9.1491,0.908946,944_0.pdb,true,false,Left
LLLLAVLILLLSTLFLLLILI,000011011001101100000,-95.7197,27.626,9.3614,2.37837,608_4.pdb,true,false,Left
LLLLAVLLFLLALLTSLLILI,000011011001101100000,-51.082,24.1844,9.4166,5.325,1946_4.pdb,true,false,Left
LLLLFALLYLLAVLLSTLILI,000011001101100110000,-54.2544,23.0063,8.6292,4.64836,940_2.pdb,true,false,Left
LLLAVLLLILLTLLFSLLILI,000110011011001100000,-115.621,26.2444,9.5,3.99125,1289_3.pdb,true,false,Left
LLLLWALTALLFLLISLLILI,000011011001101100000,-51.8031,19.9242,8.6827,5.92127,108_0.pdb,true,false,Left
LLLLFLLTVLIALLYSLLILI,000110011011001100000,-110.668,28.0,9.2344,4.55252,1033_1.pdb,true,false,Left
LLLLLFLISLLLVLATLLILI,000011011001101100000,-50.6236,28.0,9.5,5.56445,1537_3.pdb,true,false,Left
LLLLTLLAVLIALLFSLLILI,000110011011001100000,-108.269,20.9908,9.3034,5.8381,1889_0.pdb,true,false,Left
LLLYALLFVLITLLLSLLILI,000110011011001100000,-104.849,19.0708,8.7274,6.56297,1669_4.pdb,true,false,Left
LLLVALLLILFLLLTSLLILI,000110011011001100000,-107.997,18.0,9.1137,5.42398,1992_4.pdb,true,false,Left
LLLLIALLTVLLFLLSLLILI,000011001101100110000,-2.75517,25.7929,9.2779,0.100548,1512_3.pdb,true,false,Left
LLLLVALLLTLISLLFLLILI,000011001101100110000,-15.4674,20.4362,8.9034,0.551511,610_0.pdb,true,false,Left
LLLLLALTSLLFVLYILLILI,000011011001101100000,-50.6236,28.0,9.5,5.56445,1537_2.pdb,true,false,Left
LLLATLLLLLVSLLYFLLILI,000110011011001100000,-110.591,18.0,9.2612,3.6611,662_1.pdb,true,false,Left
LLLLWVLLATLYLLLLFLILI,000011001101100110000,-56.4231,25.2813,9.1603,3.73571,654_0.pdb,true,false,Left
LLLLAVLLSTLFLLLSILILI,000011001101100110000,-53.398,20.1517,8.5941,3.18966,1881_0.pdb,true,false,Left
LLLLIALLWTLVLLLSFLILI,000011001101100110000,-46.6921,24.7897,9.4449,2.78289,458_1.pdb,true,false,Left
LLLLVILAWLLTLLFSLLILI,000011011001101100000,-42.1434,26.1382,9.484,5.5565,787_1.pdb,true,false,Left
LLLAALLYLLTSLLFVLLILI,000110011011001100000,-99.1745,18.2946,9.5,4.40254,1920_2.pdb,true,false,Left
LLLYALLFILVTLLLSLLILI,000110011011001100000,-98.208,18.0,8.9124,5.07681,1017_4.pdb,true,false,Left
LLLLALLLTILLSLLFVLILI,000011001101100110000,-10.3153,18.0,9.3619,0.81614,919_2.pdb,true,false,Left
LLLIALLTLLVLLLFSLLILI,000110011011001100000,-96.1822,26.4173,8.9796,5.22885,1887_2.pdb,true,false,Left
LLLLWVLLFLLATLISLLILI,000011011001101100000,-57.8998,21.3396,9.5,5.274,994_1.pdb,true,false,Left
LLLVALLLTLIALLFSLLILI,000110011011001100000,-110.423,21.4532,9.0663,3.36148,1028_3.pdb,true,false,Left
LLLALLLFVLITLLLSLLILI,000110011011001100000,-101.035,21.7235,9.5,3.91889,4_1.pdb,true,false,Left
LLLLVALLFLLWTLLSYLILI,000011001101100110000,-43.1233,21.7001,9.4777,2.80505,1424_1.pdb,true,false,Left
LLLLVTLLAILFLLLALLILI,000011001101100110000,-18.4894,21.4874,8.8163,0.76073,1664_0.pdb,true,false,Left
LLLYALLFLLLLLLTSLLILI,000110011011001100000,-100.634,28.0,8.5,5.92392,1710_2.pdb,true,false,Left
LLLLALLLIVLLFLLSTLILI,000011001101100110000,-6.4439,18.8212,9.5,0.229768,1786_2.pdb,true,false,Left
LLLLIALLLLLTFLLSVLILI,000011001101100110000,-12.3023,20.5013,8.6524,1.04926,133_2.pdb,true,false,Left
LLLLYLLTLLLAVLFSLLILI,000011011001101100000,-63.7548,20.0048,8.747,1.68199,1642_2.pdb,true,false,Left
LLLFALLILLTSLLYVLLILI,000110011011001100000,-99.446,18.0,9.2776,2.52516,639_0.pdb,true,false,Left
