sample,group,p_value
AI,Mutant,0.03406647404243335
FA,Mutant,0.03279771208651369
