sample,group,p_value
AI,Mutant,0.03406647404227855
FA,Mutant,0.03279771208713755
