sample,group,p_value
11A,Mutant,0.000572065774001741
12A,Mutant,3.824357128311589e-11
12S,Mutant,0.0020236158839980574
12T,Mutant,0.0002808860112394656
12V,Mutant,2.9007197933974222e-05
12Y,Mutant,0.0007641131161944308
4A,Mutant,0.03927589175731619
8A,Mutant,0.0010262593976226356
8S,Mutant,0.02980232547064955
8T,Mutant,0.005050256803084
