sample,group,p_value
11I,Mutant,2.6227517126166065e-05
12I,Mutant,4.3117172383811447e-19
15A,Mutant,0.022663566027617453
4I,Mutant,0.011465352312530265
8I,Mutant,1.8397081254985708e-05
