sample,group,p_value
11I,Mutant,2.622751712608416e-05
12I,Mutant,4.311717238368892e-19
15A,Mutant,0.02266356602757744
4I,Mutant,0.011465352312538413
8I,Mutant,1.8397081255003096e-05
