sample,group,p_value
11A,Mutant,0.0005720657740046077
12A,Mutant,3.8243571282925925e-11
12S,Mutant,0.0020236158840061433
12T,Mutant,0.00028088601124041923
12V,Mutant,2.900719793393047e-05
12Y,Mutant,0.0007641131161959646
4A,Mutant,0.039275891757244184
8A,Mutant,0.001026259397625396
8S,Mutant,0.029802325470649624
8T,Mutant,0.00505025680307589
