sample,group,p_value
8,Mutant,0.0014827061777072405
11,Mutant,0.034197037812249455
12,Mutant,1.8725442841830486e-12
