sample,group,p_value
8,Mutant,0.0014827061777071219
11,Mutant,0.03419703781224189
12,Mutant,1.8725442841862027e-12
