sample,group,p_value
A,Mutant,1.2625464790902106e-11
S,Mutant,0.0036280814793254244
T,Mutant,1.2865023887078536e-06
V,Mutant,0.008373560537844695
Y,Mutant,0.034905418046841406
