sample,group,p_value
A,Mutant,1.2625464790959029e-11
S,Mutant,0.003628081479327931
T,Mutant,1.2865023887069056e-06
V,Mutant,0.008373560537837527
Y,Mutant,0.034905418047011715
