sample,group,p_value
AI,Mutant,1.425927585666086e-12
FA,Mutant,0.02917406945597717
LI,Mutant,0.043121468057687296
SI,Mutant,0.003628081479327946
TI,Mutant,1.2986003836205829e-06
VI,Mutant,0.007264777473650982
