sample,group,p_value
AI,Mutant,1.4259275856604991e-12
FA,Mutant,0.029174069455947072
LI,Mutant,0.04312146805768766
SI,Mutant,0.003628081479325382
TI,Mutant,1.2986003836216808e-06
VI,Mutant,0.0072647774736572125
