sample,group,p_value
G,clash,1.3055503207704599e-09
L,clash,0.009938280766309501
R,clash,2.291079816233887e-14
G,void,0.4835914142196671
L,void,0.010080324376659766
R,void,0.02336988923940983
