sample,group,p_value
8,Mutant,0.028142704818788698
12,Mutant,0.00012692225229600802
