sample,group,p_value
G,clash,4.997404666259164e-10
G,void,0.4005570784336906
