sample,group,p_value
G,clash,4.997404666225882e-10
G,void,0.40055707843472876
