sample,group,p_value
G,clash,0.00012320758589715047
L,clash,0.026378546905773022
R,clash,2.6797641115262495e-13
G,void,0.9768103826878972
L,void,0.012755506180403556
R,void,0.020449779111575347
