sample,group,p_value
G,clash,0.00012320758589725987
L,clash,0.02637854690594336
R,clash,2.679764111510613e-13
G,void,0.9768103826873595
L,void,0.012755506180337602
R,void,0.020449779111665824
