sample,group,p_value
7,Mutant,0.0007368572848461318
11,Mutant,1.719619233908766e-22
15,Mutant,0.001020656224441774
