sample,group,p_value
G,clash,4.072167181649142e-09
L,clash,0.0015529906963444478
R,clash,1.1534816536969647e-21
G,void,0.5846318544833962
L,void,5.410856412718636e-06
R,void,0.0024923807765627544
