sample,group,p_value
11I,Mutant,0.0021048948791495565
15I,Mutant,0.006941634075047244
7I,Mutant,0.007963214626741237
