sample,group,p_value
11I,Mutant,0.00196399221573432
15I,Mutant,0.0069416340750175325
7I,Mutant,0.007963214626718429
