sample,group,p_value
A,Mutant,0.000468056954749959
G,Mutant,2.1774021032577902e-07
