sample,group,p_value
AI,Mutant,0.00036770394203047374
GI,Mutant,2.6662317525142507e-07
