sample,group,p_value
G,void,0.4743127115789406
L,void,0.22637239152596492
R,void,0.46645155066028965
G,clash,4.263187874302913e-10
L,clash,0.002221871934764728
R,clash,2.1607336205053262e-12
