sample,group,p_value
11G,Mutant,0.005955512219362929
7G,Mutant,0.0005795055685882211
