sample,group,p_value
7,Mutant,0.004617664079660105
11,Mutant,0.001946063169968939
15,Mutant,0.014203510113873517
