sample,group,p_value
AI,Mutant,0.001374160940448986
GI,Mutant,1.1513648619620112e-08
