sample,group,p_value
AI,Mutant,0.0013741609404650486
GI,Mutant,1.1513648619529405e-08
