AA,Count,Average
A,281,0.060004270766602606
F,140,0.029895366218236172
G,266,0.05680119581464873
I,588,0.12556053811659193
L,2621,0.5596839632714072
S,123,0.02626521460602178
T,347,0.07409780055519966
V,200,0.04270766602605167
W,59,0.012598761477685244
Y,58,0.012385223147554986
