sample,group,p_value
G,clash,1.3473301216257403e-34
G,void,0.03262250573680135
