sample,group,p_value
A,Mutant,0.04380650040704235
I,Mutant,8.694241157240314e-43
