sample,group,p_value
7,Mutant,1.0441649957101417e-05
11,Mutant,1.8221430587863886e-26
15,Mutant,0.0022529498866553505
