sample,group,p_value
7,Mutant,1.0441649957098566e-05
11,Mutant,1.822143058864862e-26
15,Mutant,0.002252949886662605
