sample,group,p_value
FA,Mutant,0.041263415716265184
GI,Mutant,1.7010980894626028e-38
