sample,group,p_value
FA,Mutant,0.021456877650245634
GI,Mutant,7.551352157940066e-35
