sample,group,p_value
11A,Mutant,0.009621319263867133
12A,Mutant,0.0026073293253451348
12S,Mutant,0.018652724514585634
12T,Mutant,0.015180920734241255
12V,Mutant,0.0007228589090193489
3Y,Mutant,0.014858593396690708
7I,Mutant,0.0344498991766445
8A,Mutant,0.04464252465560318
