sample,group,p_value
11I,Mutant,0.0011799817473283451
12I,Mutant,2.132315815161196e-08
3A,Mutant,0.028902835604180874
7A,Mutant,0.016233904760824425
8I,Mutant,0.023022604881997175
