sample,group,p_value
11I,Mutant,0.0011799817473289852
12I,Mutant,2.1323158151697505e-08
3A,Mutant,0.028902835604335833
7A,Mutant,0.016233904760819203
8I,Mutant,0.023022604882037556
