sample,group,p_value
11A,Mutant,0.009621319263860133
12A,Mutant,0.0026073293253476622
12S,Mutant,0.01865272451458692
12T,Mutant,0.015180920734256283
12V,Mutant,0.0007228589090218378
3Y,Mutant,0.014858593396739892
7I,Mutant,0.03444989917661496
8A,Mutant,0.04464252465581484
