sample,group,p_value
3,Mutant,0.002466013724450629
12,Mutant,7.359133588030315e-06
