sample,group,p_value
3,Mutant,0.002466013724462685
12,Mutant,7.359133588038995e-06
