sample,group,p_value
A,Mutant,7.101787783106045e-06
T,Mutant,0.0172195645809156
V,Mutant,0.02781866914984386
