sample,group,p_value
A,Mutant,7.101787783135951e-06
T,Mutant,0.017219564580908762
V,Mutant,0.027818669149836033
