sample,group,p_value
AI,Mutant,1.3401326773469416e-05
FA,Mutant,0.03578060872304354
TI,Mutant,0.019494831957020772
VI,Mutant,0.022760349884602193
