sample,group,p_value
AI,Mutant,1.3401326773525869e-05
FA,Mutant,0.03578060872316587
TI,Mutant,0.019494831957011564
VI,Mutant,0.022760349884590227
