sample,group,p_value
11I,Mutant,2.9636997217200162e-05
12I,Mutant,2.9169898651680525e-17
4I,Mutant,6.908166411219874e-05
8I,Mutant,2.1763539187357225e-07
