sample,group,p_value
A,Mutant,9.709530517858933e-18
S,Mutant,0.00127144607859957
T,Mutant,6.397402332750119e-08
V,Mutant,0.00018861198702148048
Y,Mutant,0.00019181038781898948
