sample,group,p_value
A,Mutant,9.709530517864034e-18
S,Mutant,0.0012714460785994588
T,Mutant,6.397402332750368e-08
V,Mutant,0.00018861198702052004
Y,Mutant,0.0001918103878195326
