sample,group,p_value
11G,Mutant,5.1395600357101066e-17
12G,Mutant,0.04976755611823273
15A,Mutant,0.04289131531560114
15G,Mutant,0.0018417885534496258
7G,Mutant,6.109951868425125e-08
