sample,group,p_value
11I,Mutant,3.1068271308099923e-19
15I,Mutant,0.00460515193436779
7I,Mutant,0.00013596922458677585
