sample,group,p_value
11I,Mutant,3.333480169225703e-19
15I,Mutant,0.0046051519343826225
7I,Mutant,0.00013596922458718216
