sample,group,p_value
11G,Mutant,5.139560035680509e-17
12G,Mutant,0.04976755611855094
15A,Mutant,0.04289131531555532
15G,Mutant,0.001841788553445473
7G,Mutant,6.109951868488967e-08
