sample,group,p_value
11G,Mutant,4.999499531804269e-16
15G,Mutant,0.012564711835055024
7A,Mutant,0.015833094590495013
7G,Mutant,5.0603710606340155e-06
