sample,group,p_value
A,Mutant,0.02277971693133032
G,Mutant,1.5410852759489622e-21
