sample,group,p_value
A,Mutant,0.031084887661984556
G,Mutant,4.781564951080339e-26
