sample,group,p_value
A,Mutant,0.03771343393624488
I,Mutant,1.667704682794048e-22
