sample,group,p_value
11A,Mutant,0.0007710712090035856
12A,Mutant,3.1225390224313345e-08
12T,Mutant,0.000357096982234498
12V,Mutant,0.00446883781005363
4A,Mutant,0.0022239348716877605
8A,Mutant,8.143205635427878e-05
8S,Mutant,0.040889719110851645
8T,Mutant,0.01021002613805307
