sample,group,p_value
11I,Mutant,0.00022325977436691232
12I,Mutant,2.7941655746010597e-14
4I,Mutant,0.00020608787087716295
8I,Mutant,3.932685373143557e-06
