sample,group,p_value
8,Mutant,0.00011543776168565723
12,Mutant,1.2445238610323863e-07
