sample,group,p_value
8,Mutant,0.00011543776168606009
12,Mutant,1.2445238610286549e-07
