sample,group,p_value
A,Mutant,2.4759548888616444e-15
T,Mutant,1.2937746869778295e-07
V,Mutant,0.0009285257287582715
