sample,group,p_value
AI,Mutant,1.0592941560086107e-15
TI,Mutant,1.8483985598007478e-07
VI,Mutant,0.0005302330096464159
