sample,group,p_value
12I,Mutant,1.7318719090869848e-07
3A,Mutant,0.00594512437870056
8I,Mutant,2.1863295193115227e-07
