sample,group,p_value
12I,Mutant,1.7318719090973734e-07
3A,Mutant,0.005945124378713775
8I,Mutant,2.1863295193189006e-07
