sample,group,p_value
3,Mutant,0.003657681144162351
8,Mutant,1.1605434306363087e-06
12,Mutant,4.4190628189574565e-08
