sample,group,p_value
A,Mutant,1.057935987720389e-07
T,Mutant,3.954974768541974e-05
V,Mutant,0.012358542036430085
Y,Mutant,0.0018149564517883343
