sample,group,p_value
G,clash,6.485464770578007e-11
L,clash,9.345316759498173e-05
R,clash,3.921201078802463e-12
G,void,0.2587653615911167
L,void,0.5848206325883296
R,void,0.49164001838277016
