sample,group,p_value
G,clash,6.485464770599377e-11
L,clash,9.345316759462473e-05
R,clash,3.9212010787937085e-12
G,void,0.258765361590157
L,void,0.5848206325891322
R,void,0.4916400183834557
