sample,group,p_value
G,clash,2.402005669899379e-08
L,clash,0.016259913506841635
R,clash,1.2763404345462986e-07
G,void,0.7304328965710787
L,void,0.05892106570971955
R,void,0.2423621521151391
