sample,group,p_value
G,clash,2.402005669896251e-08
L,clash,0.01625991350690016
R,clash,1.2763404345497135e-07
G,void,0.7304328965700503
L,void,0.058921065709506226
R,void,0.24236215211441503
