sample,group,p_value
G,void,0.8383158228607421
L,void,0.0005197994449922502
R,void,0.06033489835383265
G,clash,5.1102856245779865e-05
L,clash,0.0002506734012180415
R,clash,2.1323566685006712e-16
