sample,group,p_value
A,Mutant,6.82309654247501e-18
S,Mutant,0.0009671244380000459
T,Mutant,5.966272082508952e-07
V,Mutant,0.0002805082207327821
