sample,group,p_value
4I,Mutant,0.019243287133233894
8A,Mutant,0.012648630334906357
