sample,group,p_value
AI,Mutant,0.001376531022271432
FA,Mutant,0.02758123599879863
