sample,group,p_value
11I,Mutant,0.00029125866240692296
15I,Mutant,0.004512313453256824
7I,Mutant,0.001731518131357348
