sample,group,p_value
11I,Mutant,0.0002734449131328603
15I,Mutant,0.004512313453244227
7I,Mutant,0.001731518131354525
