sample,group,p_value
11G,Mutant,0.0004531581995430984
15G,Mutant,0.003811707417347628
7A,Mutant,0.005026355142938434
7G,Mutant,3.621776246287108e-05
