sample,group,p_value
7,Mutant,0.0007058145360476844
11,Mutant,0.0027216245081160806
15,Mutant,0.0242761386715348
