sample,group,p_value
7,Mutant,0.0007058145360509408
11,Mutant,0.0028567737731330497
15,Mutant,0.024276138671559224
