sample,group,p_value
AI,Mutant,0.0005864295978665412
GI,Mutant,3.138408639016042e-08
