sample,group,p_value
A,Mutant,0.030648129000574176
I,Mutant,7.649994333870303e-29
