sample,group,p_value
A,Mutant,0.03064812900047056
I,Mutant,7.649994333954845e-29
