sample,group,p_value
11A,Mutant,0.0002805802823220771
12A,Mutant,5.54767841828968e-10
12L,Mutant,0.004937926985701659
12S,Mutant,0.013135198569542861
12T,Mutant,0.000510922828401409
12V,Mutant,0.0004616857591048745
16L,Mutant,0.004979178738638598
4A,Mutant,0.0022239348716819236
8A,Mutant,1.0142701733122464e-05
8S,Mutant,0.04088971911091144
8T,Mutant,0.0007344381141248634
