sample,group,p_value
11A,Mutant,0.00017306533240430013
12A,Mutant,8.525422817020506e-10
12L,Mutant,0.004281502242124917
12S,Mutant,0.013135198569542714
12T,Mutant,0.001375189018892413
12V,Mutant,0.0007778614255615973
16L,Mutant,0.013231987791575148
16Y,Mutant,0.0009219580850526873
4A,Mutant,0.0022239348716818945
8A,Mutant,9.404469328608358e-06
8S,Mutant,0.04088971911091145
8T,Mutant,0.0015080641960538812
