sample,group,p_value
11I,Mutant,2.9636997217228694e-05
12I,Mutant,3.2250782727266914e-17
4I,Mutant,0.00018033309480441207
8I,Mutant,3.4145143883244626e-08
