sample,group,p_value
A,Mutant,1.7069783180181007e-17
S,Mutant,0.0016085090488289105
T,Mutant,2.5420158900957946e-08
V,Mutant,0.00030126711950047313
Y,Mutant,0.0009423588076113812
