sample,group,p_value
AI,Mutant,9.399191400210792e-18
LI,Mutant,0.04895489160600904
SI,Mutant,0.0019332143215490488
TI,Mutant,1.5085520005511804e-06
VI,Mutant,0.0001865188467421458
YA,Mutant,0.02793639098647959
