sample,group,p_value
11Y,Mutant,1.0494381028624461e-07
12A,Mutant,0.0022683221476290974
12L,Mutant,0.03098321559275176
12S,Mutant,0.009505576011511665
15L,Mutant,0.028410742581552916
4A,Mutant,0.041549042562919435
8L,Mutant,0.03795295465120581
