sample,group,p_value
A,Mutant,0.0001703848927990188
F,Mutant,0.007606069151833118
T,Mutant,0.03998204553226399
