sample,group,p_value
11G,Mutant,3.508431750541997e-11
12G,Mutant,0.014690376513099478
15G,Mutant,0.01999787800895884
7G,Mutant,0.00035412437860471863
