sample,group,p_value
11I,Mutant,1.5797531331303444e-10
12I,Mutant,0.01999701526317735
15I,Mutant,0.0265806724124457
7I,Mutant,0.021337545825353525
