sample,group,p_value
7,Mutant,0.0018940700235388326
11,Mutant,2.493346960638477e-11
