sample,group,p_value
G,clash,3.8989464706458465e-19
L,clash,1.1103188273398643e-05
R,clash,4.351343118878951e-22
G,void,0.4686661924307439
L,void,0.0035562369961124876
R,void,0.016513435444159893
