sample,group,p_value
G,clash,3.898946470623271e-19
L,clash,1.110318827332859e-05
R,clash,4.351343118879919e-22
G,void,0.4686661924287885
L,void,0.003556236996093614
R,void,0.016513435444074746
