sample,group,p_value
12A,Mutant,0.0242394163835114
4A,Mutant,0.029967243434233702
