sample,group,p_value
12A,Mutant,0.024239416383561807
4A,Mutant,0.029967243433924002
