sample,group,p_value
A,Mutant,0.00018656212053605936
L,Mutant,0.02709505940605485
T,Mutant,0.03000172547519413
