sample,group,p_value
AI,Mutant,0.00018656212053471462
FA,Mutant,0.04110732880510497
TI,Mutant,0.030001725475128055
