sample,group,p_value
8,Mutant,0.0003087135920984721
12,Mutant,1.7445315830173144e-09
