sample,group,p_value
A,Mutant,7.376510473235603e-14
T,Mutant,6.567354235440928e-08
V,Mutant,0.008413878326965891
