sample,group,p_value
AI,Mutant,7.376510473244908e-14
TI,Mutant,5.1434834875827135e-08
VI,Mutant,0.004559115442546643
