sample,group,p_value
G,clash,2.911551664800328e-14
G,void,0.35992328144385
