sample,group,p_value
G,clash,2.9115516648071965e-14
G,void,0.35992328144285124
