sample,group,p_value
11G,Mutant,7.739991554526228e-07
12G,Mutant,0.012289272093740127
7G,Mutant,9.174179678794249e-06
