sample,group,p_value
7,Mutant,0.008166946827511214
11,Mutant,1.734995607764296e-05
15,Mutant,0.019103966783833637
