sample,group,p_value
11A,Mutant,0.03358187360313508
11I,Mutant,0.007693270693613132
12I,Mutant,6.6716264490430416e-18
3A,Mutant,0.010965021624763632
8I,Mutant,6.000892530456086e-09
