sample,group,p_value
11A,Mutant,0.03358187360312607
11I,Mutant,0.007693270693617326
12I,Mutant,6.671626449012129e-18
3A,Mutant,0.010965021624692707
8I,Mutant,6.00089253043612e-09
