sample,group,p_value
11A,Mutant,0.001978917267428113
12A,Mutant,1.2066297484173164e-09
12L,Mutant,0.0014898251144744327
12T,Mutant,2.3407532316287158e-05
12V,Mutant,1.4601305479840081e-05
3Y,Mutant,0.011296045853193585
8A,Mutant,1.5900670467991272e-06
8T,Mutant,0.00035435816206872464
