sample,group,p_value
8,Mutant,1.0390990979133072e-07
12,Mutant,1.3686487796541828e-15
