sample,group,p_value
12A,Mutant,0.0003809064217820761
4A,Mutant,0.026889759731056458
8A,Mutant,0.04144491927900049
