sample,group,p_value
A,Mutant,2.48794189060696e-05
L,Mutant,0.018946662505126683
T,Mutant,0.024977689897154935
V,Mutant,0.04279988104285311
