sample,group,p_value
AI,Mutant,2.4879418906069734e-05
TI,Mutant,0.02497768989715486
