sample,group,p_value
AI,Mutant,2.487941890573841e-05
TI,Mutant,0.024977689897076622
