sample,group,p_value
G,clash,1.2344550808522833e-17
G,void,0.3176094512077681
