sample,group,p_value
G,clash,1.2344550808426823e-17
G,void,0.317609451208765
