Sequence	Interface	InterfaceSequence	Baseline	Dimer	Dimerw/Baseline	HBONDDimer	HBONDMonomer	IMM1Dimer	IMM1Monomer	Monomer	MonomerSasa	SequenceProbability	Total	VDWDimer	VDWMonomer	acceptCycleNumber	axialRotation	bestEnergyTotal	crossingAngle	currEnergyTotal	currEntropy	endAxialRotation	endCrossingAngle	endXShift	endZShift	energyComparison	entropyDiff	geometryNumber	prevEntropy	startEnergy	xShift	zShift	
LLLYGLLTGLLYTLLSWLILI	023001200130023003212	L--YGL-TGL-YT--SW--L-	361.058	-378.473	-17.4155	-93.4449	-87.8928	-236.194	-284.566	-362.174	4698.21	1.47827e-06	-21.1015	-48.8347	10.2848	120	-39.9164	-16.7913	-42.0344	-16.9606	0.454934	-39.6456	-42.2888	8.14445	5.77472	0.169291	-0.0860566	1	0.368877	-16.2997	8.13392	5.7871	
LLLYGLLTGLLYTLLVTLILI	023001200130023003212	L--YGL-TGL-YT--VT--L-	348.979	-364.374	-15.395	-83.835	-86.4304	-231.031	-279.5	-357.691	4628.56	2.00478e-06	-11.1849	-49.508	8.23955	106	-39.6456	-14.7883	-42.2888	-14.9401	0.454934	-39.0907	-42.6913	8.14537	5.72969	0.151753	-0.0860566	2	0.368877	-6.68338	8.14445	5.77472	
