sample,group,p_value
A,Mutant,0.03436899924309481
I,Mutant,6.072807681947427e-15
