sample,group,p_value
A,Mutant,0.03436899924293199
I,Mutant,6.072807681932127e-15
