sample,group,p_value
11I,Mutant,0.002104498421437219
12I,Mutant,1.57034180759331e-08
3A,Mutant,0.004624715880051649
8I,Mutant,3.616390518308537e-06
