sample,group,p_value
3,Mutant,0.0047060367990297385
8,Mutant,0.00022378947382546965
12,Mutant,1.6404835200029466e-06
