sample,group,p_value
AI,Mutant,1.266243664701804e-07
FA,Mutant,0.0018470394891266144
SI,Mutant,0.029333425191356892
TI,Mutant,6.63186227347008e-06
VI,Mutant,2.443800016870882e-05
