sample,group,p_value
A,Mutant,0.015260082037232232
I,Mutant,7.744723206368654e-19
