sample,group,p_value
11I,Mutant,0.00010157756693903076
12I,Mutant,3.146190319806884e-09
3A,Mutant,0.0062857075411554145
4A,Mutant,0.01644890639517263
4I,Mutant,0.0009873065290003909
7I,Mutant,0.007692692726925526
8I,Mutant,0.0005398500144092199
