sample,group,p_value
11A,Mutant,2.468499338833044e-05
12A,Mutant,4.821404484724287e-05
12L,Mutant,0.0028286445147142967
12S,Mutant,0.03463284163713754
12T,Mutant,0.004504733041385831
3Y,Mutant,0.004785901364643189
4A,Mutant,0.016613893350633836
8A,Mutant,0.0028605417400564903
