sample,group,p_value
3,Mutant,0.006285707541155394
8,Mutant,0.021278957200680005
12,Mutant,4.6866220755291074e-07
