sample,group,p_value
A,Mutant,1.397507482279562e-12
F,Mutant,0.04266869311165496
T,Mutant,7.849963185481251e-05
V,Mutant,0.00637400370484914
Y,Mutant,0.0021294965947930697
