sample,group,p_value
AI,Mutant,1.3975074822795116e-12
TI,Mutant,5.923489206197232e-05
VI,Mutant,0.0041451548772532204
YA,Mutant,0.002129496594793078
