sample,group,p_value
11I,Mutant,2.7900607652847775e-05
12I,Mutant,1.6675190825703326e-17
4I,Mutant,0.00029771805506361793
8I,Mutant,3.0119164545292154e-07
