sample,group,p_value
A,Mutant,3.4529201528710745e-17
S,Mutant,0.002080137525892829
T,Mutant,2.0495049793628356e-07
V,Mutant,0.0003012671195004739
Y,Mutant,0.002151528707028249
