sample,group,p_value
A,Mutant,0.007663972013907308
I,Mutant,1.7881433518266798e-12
