sample,group,p_value
A,Mutant,0.007663972013872259
I,Mutant,1.7881433518245942e-12
