sample,group,p_value
11A,Mutant,0.002291694942356866
12A,Mutant,0.010938878723689233
12S,Mutant,0.020538660291791612
12T,Mutant,0.0053786028143662816
12V,Mutant,0.0014417385857850463
3Y,Mutant,0.010217042758310674
8A,Mutant,0.0029563504383737114
