sample,group,p_value
11A,Mutant,0.0022916949423542935
12A,Mutant,0.010938878723707642
12S,Mutant,0.020538660291806905
12T,Mutant,0.005378602814376474
12V,Mutant,0.0014417385857914448
3Y,Mutant,0.010217042758324935
8A,Mutant,0.002956350438399114
