sample,group,p_value
11I,Mutant,0.00034261216655771934
12I,Mutant,8.043938757318281e-07
3A,Mutant,0.009658323022430897
8I,Mutant,0.0005603866541710822
