sample,group,p_value
3,Mutant,0.014074805219585576
8,Mutant,0.010510556465730687
11,Mutant,0.019000351235053132
12,Mutant,3.029526946735451e-06
