sample,group,p_value
AI,Mutant,4.173804501422663e-07
FA,Mutant,0.010549815203453109
SI,Mutant,0.005001933291416437
TI,Mutant,0.00019929860907942436
VI,Mutant,0.00033406716265930504
YA,Mutant,0.041054066965844974
