sample,group,p_value
AI,Mutant,4.173804501445602e-07
FA,Mutant,0.010549815203475005
SI,Mutant,0.005001933291417346
TI,Mutant,0.00019929860907909178
VI,Mutant,0.00033406716266014535
YA,Mutant,0.04105406696594994
