sample,group,p_value
12I,Mutant,0.007113932022166566
4I,Mutant,0.03974349267737835
