sample,group,p_value
12I,Mutant,0.007113932022143872
4I,Mutant,0.03974349267739414
