sample,group,p_value
AI,Mutant,2.8557284838441857e-15
LI,Mutant,0.04312146805768766
TI,Mutant,6.261112266004898e-09
VI,Mutant,0.004648356394353121
