sample,group,p_value
AI,Mutant,4.1429111767147405e-15
LI,Mutant,0.04312146805768766
SI,Mutant,0.044966155497830076
TI,Mutant,7.700337580840351e-09
VI,Mutant,0.004401973450706732
