sample,group,p_value
11I,Mutant,6.279271293745014e-05
12I,Mutant,2.9487367558240547e-13
4I,Mutant,0.011465352312530153
8I,Mutant,0.00012594831443958098
