sample,group,p_value
AI,Mutant,3.324419567022872e-09
TI,Mutant,1.8014337918869762e-06
