sample,group,p_value
11G,Mutant,5.060597637729573e-32
7G,Mutant,1.725517767339392e-07
