sample,group,p_value
7,Mutant,1.7318767821567295e-05
11,Mutant,3.415361881719576e-23
15,Mutant,0.0017626846922527831
