sample,group,p_value
A,Mutant,0.013735699388640301
S,Mutant,0.02443455390422032
