sample,group,p_value
G,void,0.3386279401832172
L,void,0.002400531075886449
R,void,0.002401265282643165
G,clash,1.32623070578425e-21
L,clash,4.243267707093426e-08
R,clash,2.0277885400824523e-28
