sample,group,p_value
G,void,0.3386279401811487
L,void,0.002400531075879154
R,void,0.00240126528262074
G,clash,1.3262307057744578e-21
L,clash,4.243267707008787e-08
R,clash,2.027788540110878e-28
