sample,group,p_value
G,void,0.6806029193091787
L,void,0.0024005310758791185
R,void,0.00240126528262074
G,clash,1.246930427528411e-18
L,clash,4.2432677070088714e-08
R,clash,2.027788540110878e-28
