sample,group,p_value
11I,Mutant,0.0367642626899002
12I,Mutant,1.0486411929948124e-07
3A,Mutant,0.03141828294737453
8I,Mutant,0.010573040346796446
