sample,group,p_value
11A,Mutant,0.03686813750724151
12A,Mutant,0.006969619477531815
12S,Mutant,0.026803087201997866
12T,Mutant,0.002077368462935887
12V,Mutant,0.001387931629232868
15F,Mutant,0.04882811156176343
16L,Mutant,0.04242477296191604
3Y,Mutant,0.03156565463203896
7I,Mutant,0.03444989917661503
8A,Mutant,0.011727901411376293
