sample,group,p_value
11I,Mutant,0.03676426268992272
12I,Mutant,1.0486411929866468e-07
3A,Mutant,0.03141828294707831
8I,Mutant,0.010573040346772204
