sample,group,p_value
11A,Mutant,0.036868137507234146
12A,Mutant,0.006969619477523269
12S,Mutant,0.026803087201985563
12T,Mutant,0.002077368462932166
12V,Mutant,0.0013879316292280785
15F,Mutant,0.04882811156168807
16L,Mutant,0.042424772961816154
3Y,Mutant,0.03156565463178877
7I,Mutant,0.034449899176644525
8A,Mutant,0.011727901411307516
