sample,group,p_value
3,Mutant,0.0223875976194163
12,Mutant,1.7195618566648988e-06
