sample,group,p_value
3,Mutant,0.02238759761922564
12,Mutant,1.7195618566582682e-06
