sample,group,p_value
A,Mutant,2.2545018386832413e-05
T,Mutant,0.00680188126533793
V,Mutant,0.009379401702614015
