sample,group,p_value
A,Mutant,2.2545018386784186e-05
T,Mutant,0.0068018812653357725
V,Mutant,0.009379401702615768
