sample,group,p_value
AI,Mutant,1.3982464958848359e-05
TI,Mutant,0.006911445648312003
VI,Mutant,0.01611772388606904
