sample,group,p_value
AI,Mutant,1.3982464958873518e-05
TI,Mutant,0.006911445648313345
VI,Mutant,0.016117723886068344
