sample,group,p_value
A,Mutant,1.3209687540010698e-08
T,Mutant,0.03419013572203899
