sample,group,p_value
A,Mutant,0.0008237958734634602
G,Mutant,1.5607827289890635e-08
