sample,group,p_value
11I,Mutant,0.003214958527353093
12I,Mutant,4.264526182613877e-07
3A,Mutant,0.0153437857118386
4I,Mutant,0.0013561347993054935
8I,Mutant,0.00031352987949337483
