sample,group,p_value
7,Mutant,0.015222518634588438
11,Mutant,0.00015888151055091842
