sample,group,p_value
11I,Mutant,0.0003971335786116981
15I,Mutant,0.009640508146494366
