sample,group,p_value
11G,Mutant,6.514498873766623e-05
15G,Mutant,0.020978914357880598
