sample,group,p_value
11I,Mutant,0.00039713357861329533
15I,Mutant,0.009640508146513717
