sample,group,p_value
11,Mutant,0.000954680611678903
15,Mutant,0.008108596953664475
