sample,group,p_value
11,Mutant,0.0009546806116765345
15,Mutant,0.00810859695364206
