sample,group,p_value
AI,Mutant,0.038130131903688656
GI,Mutant,9.746259503138309e-07
