sample,group,p_value
AI,Mutant,0.03813013190400942
GI,Mutant,9.746259503092291e-07
