sample,group,p_value
11,Mutant,0.011201201897579923
12,Mutant,0.0004857816652218011
