sample,group,p_value
G,void,0.33537806549651183
L,void,0.1865903135961677
R,void,0.7465457020689581
G,clash,8.261767242593564e-17
L,clash,0.02074624136204832
R,clash,3.751168331087324e-12
