sample,group,p_value
G,void,0.3353780654955022
L,void,0.18659031359622877
R,void,0.7465457020680752
G,clash,8.261767242661133e-17
L,clash,0.020746241361961702
R,clash,3.751168331097599e-12
