sample,group,p_value
11I,Mutant,0.00034261216655898303
12I,Mutant,8.043938757267885e-07
3A,Mutant,0.009658323022388973
8I,Mutant,0.000560386654168852
