sample,group,p_value
3,Mutant,0.014074805219639481
8,Mutant,0.010510556465758339
11,Mutant,0.019000351234993492
12,Mutant,3.0295269467485117e-06
