sample,group,p_value
A,Mutant,4.173804501422663e-07
F,Mutant,0.005799876677152974
S,Mutant,0.005001933291416437
T,Mutant,0.00015461999122542562
V,Mutant,0.000560259694272886
Y,Mutant,0.041054066965844786
