sample,group,p_value
AI,Mutant,6.275821869880815e-16
TI,Mutant,1.8483985598007478e-07
VI,Mutant,0.0005302330096464141
