sample,group,p_value
11I,Mutant,0.011699435075405237
15I,Mutant,0.029371504414819154
7I,Mutant,0.0009941580069071677
