sample,group,p_value
7,Mutant,0.029487141245938514
15,Mutant,0.028082377324350326
