sample,group,p_value
A,Mutant,4.456041533246838e-05
G,Mutant,0.004109278348257701
