sample,group,p_value
AI,Mutant,4.45604153318349e-05
GI,Mutant,0.00410927834828056
