sample,group,p_value
11G,Mutant,3.939019862177224e-15
12G,Mutant,0.04794114905995529
15G,Mutant,0.021977102717521478
7A,Mutant,0.015833094590495013
7G,Mutant,2.0206458791784036e-05
