sample,group,p_value
11G,Mutant,3.939019862208505e-15
12G,Mutant,0.04794114905969284
15G,Mutant,0.021977102717527293
7A,Mutant,0.01583309459046403
7G,Mutant,2.0206458791634382e-05
