Sequence	Interface	InterfaceSequence	Baseline	Dimer	Dimerw/Baseline	HBONDDimer	HBONDMonomer	IMM1Dimer	IMM1Monomer	Monomer	MonomerSasa	SequenceProbability	Total	VDWDimer	VDWMonomer	acceptCycleNumber	axialRotation	bestEnergyTotal	crossingAngle	currEnergyTotal	currEntropy	endAxialRotation	endCrossingAngle	endXShift	endZShift	energyComparison	entropyDiff	geometryNumber	prevEntropy	startEnergy	xShift	zShift	
LLLTGLLFALLGFLLGTLILI	033002300220031003211	L--TG--FA--GF-LGT--LI	333.549	15177.7	15511.2	-68.7372	-58.7902	-215.636	-266.528	-323.149	4511.72	1.23657e-05	10550.5	15462.1	2.16915	108	-62.58	15512.6	-35.73	15512	0.745602	-63.212	-35.5448	6.59829	4.73866	0.631347	-0.54799	0	0.197612	15500.8	6.62	4.64	
LLLYTLLGALLGALLTFLILI	033002300220031003211	L--YT--GA--GA-LTF--LI	337.904	6204.6	6542.5	-68.8438	-58.8088	-215.048	-271.513	-332.689	4569.1	3.12053e-05	4877.37	6488.49	-2.36715	120	-62.7394	6543.09	-35.4332	6542.65	0.148778	-63.0186	-35.2699	6.44705	5.06871	0.439212	0.741636	2	0.890414	6537.28	6.52831	4.88607	
LLLYTLLGALLGFLLGTLILI	033002300220031003211	L--YT--GA--GF-LGT--LI	335.588	10223.3	10558.9	-74.2342	-58.7302	-213.74	-270.392	-327.343	4556.34	1.23657e-05	6528.14	10511.3	1.77929	129	-63.212	10559.8	-35.5448	10559.7	0.745602	-62.7394	-35.4332	6.52831	4.88607	0.0810529	-0.54799	1	0.197612	10550.7	6.59829	4.73866	
