sample,group,p_value
A,Mutant,0.034416324268926324
I,Mutant,3.187445127405157e-18
