sample,group,p_value
11A,Mutant,0.00046778680847979086
12A,Mutant,3.998809807340012e-05
12L,Mutant,0.005431982955736727
12S,Mutant,0.0053349724561616635
12T,Mutant,0.0003200088223492465
12V,Mutant,0.008993958744577174
3Y,Mutant,0.0032965130300093384
4A,Mutant,0.0395319837642894
7I,Mutant,0.037393303022458385
7T,Mutant,0.010006638347906322
7V,Mutant,0.01704822997367416
8A,Mutant,0.001096269828741319
