sample,group,p_value
11I,Mutant,0.0018350889687191924
12I,Mutant,3.1392695747352953e-12
3A,Mutant,0.02694274171585224
4I,Mutant,0.005445245261514724
7I,Mutant,0.0009702977575593485
8I,Mutant,7.63872238186896e-06
