sample,group,p_value
3,Mutant,0.023125399562517322
8,Mutant,0.0011664918563308736
12,Mutant,2.534635096595862e-06
