sample,group,p_value
A,Mutant,6.762326298184148e-10
F,Mutant,0.01666022979819835
S,Mutant,0.007759080644333232
T,Mutant,1.6220573657911254e-05
V,Mutant,0.00016904619798341575
Y,Mutant,0.022172556903256143
