sample,group,p_value
AI,Mutant,1.4218240871651012e-10
SI,Mutant,0.007816148528998118
TI,Mutant,7.573135496281703e-05
VI,Mutant,0.00022648551530878407
YA,Mutant,0.022172556903256143
