sample,group,p_value
11I,Mutant,0.019701609380263538
12I,Mutant,6.974234876832586e-06
4I,Mutant,0.02301213279527663
5A,Mutant,0.0004423784820552954
