sample,group,p_value
12A,Mutant,0.0032195165127771952
12S,Mutant,0.008685551596850716
4A,Mutant,0.01210479558197671
5F,Mutant,0.03061036990493049
8A,Mutant,0.0371582863324421
