sample,group,p_value
11I,Mutant,0.019701609380047704
12I,Mutant,6.9742348768553355e-06
4I,Mutant,0.023012132795580977
5A,Mutant,0.0004423784820494516
