sample,group,p_value
5,Mutant,0.0038651501034263646
12,Mutant,0.00014524515722607584
