sample,group,p_value
5,Mutant,0.003865150103466067
12,Mutant,0.00014524515722577137
