sample,group,p_value
A,Mutant,1.8711370635849656e-05
F,Mutant,0.00348842063387201
L,Mutant,0.012316405936425918
