sample,group,p_value
A,Mutant,1.8711370635535647e-05
F,Mutant,0.00348842063386207
L,Mutant,0.012316405936507424
