sample,group,p_value
AI,Mutant,7.180735445486383e-06
FA,Mutant,0.01166544182118832
