sample,group,p_value
11G,Mutant,9.01395654215574e-15
15G,Mutant,0.022309831885836632
7A,Mutant,0.009248766999881907
7G,Mutant,2.3877809952959718e-05
