sample,group,p_value
11I,Mutant,6.152638860470385e-13
15I,Mutant,0.0012289550764571938
7I,Mutant,0.00030878388302792885
