sample,group,p_value
11I,Mutant,5.787825250200471e-13
15I,Mutant,0.001228955076460248
7I,Mutant,0.0003087838830260483
