sample,group,p_value
7,Mutant,0.007411033566774815
11,Mutant,9.845066716011973e-12
15,Mutant,0.00411469211664347
