sample,group,p_value
A,Mutant,0.0005169811403353731
G,Mutant,3.757173550161356e-18
