sample,group,p_value
A,Mutant,0.000598502118120158
G,Mutant,3.757173549965232e-18
