sample,group,p_value
AI,Mutant,0.00740510538805027
GI,Mutant,9.89277909594004e-17
