sample,group,p_value
11I,Mutant,3.4374417480794814e-05
12I,Mutant,1.3970559694844524e-22
4I,Mutant,0.013575175702827092
8I,Mutant,2.0534941532170265e-06
