sample,group,p_value
8,Mutant,0.0020124966775872826
12,Mutant,4.2327316242429374e-15
