sample,group,p_value
8,Mutant,0.0020124966775906003
12,Mutant,4.232731624242555e-15
