sample,group,p_value
A,Mutant,2.2777123760276673e-15
T,Mutant,3.464516701503656e-09
V,Mutant,0.009543026371233783
