sample,group,p_value
A,Mutant,2.2777123760291634e-15
T,Mutant,3.464516701498534e-09
V,Mutant,0.0095430263712219
