sample,group,p_value
AI,Mutant,2.277712376027618e-15
LI,Mutant,0.043121468057687316
TI,Mutant,2.8571121532540976e-09
VI,Mutant,0.006842668963796762
