sample,group,p_value
12A,Mutant,4.500629805498352e-05
12S,Mutant,0.008570725345162561
4A,Mutant,0.00777374609659646
8A,Mutant,0.0008587925949071636
