sample,group,p_value
11I,Mutant,0.03114187627364362
12I,Mutant,5.2619037890098615e-08
4I,Mutant,0.0008311863399126401
8A,Mutant,0.03305439771309083
8I,Mutant,0.013743453525807595
