sample,group,p_value
A,Mutant,1.9906532741044787e-09
F,Mutant,0.01733961102646987
T,Mutant,0.005050257597621721
