sample,group,p_value
A,Mutant,1.9906532741013205e-09
F,Mutant,0.017339611026556286
T,Mutant,0.005050257597642945
