sample,group,p_value
12A,Mutant,0.000169319739108785
12S,Mutant,0.002400041703975249
4A,Mutant,0.0023460648084226124
5A,Mutant,0.04194139898005943
8A,Mutant,0.007218145167540273
