Sequence,Design,Type,Mutant,Mutant Type,Sample,PercentGpA_transformed,std_adjusted,toxgreen_fluor,toxgreen_std,Position,WT_AA,mut_AA
LLLAFLLGTLLGVLLGLLILI,ala,WT,LLLAFLLITLLGVLLGLLILI,clash,G,1.3299063548579249,0.244265207184603,32042.91028784085,4794.193221172257,7,G,I
LLLTALLFLLLGYLLGSLILI,ala,WT,LLLTALLFLLLGYLLISLILI,clash,G,1.0902176615987655,0.1162041563337594,26267.8244955396,2280.738976240116,15,G,I
LLLTVLLALLLGFLLGSLILI,ala,WT,LLLTVLLALLLGFLLISLILI,clash,G,0.7769629407095923,0.069986458157335,18720.230725533205,1373.6242141732926,15,G,I
LLLTFLLGLLLGYLLASLILI,ala,WT,LLLTFLLGLLLIYLLASLILI,clash,G,1.231156146588345,0.0840129033933076,29663.61188621728,1648.9212548823175,11,G,I
LLLTALLFLLLGVLLASLILI,ala,WT,LLLTALLFLLLIVLLASLILI,clash,G,0.8197424357000297,0.1079198890631077,19750.964592706445,2118.143662551448,11,G,I
LLLTLLLGLLLGVLLGSLILI,ala,WT,LLLTLLLGLLLIVLLGSLILI,clash,G,0.9090597279285144,0.210188212776299,21902.985275617568,4125.364052005791,11,G,I
LLLALLLGVLLGTLLGFLILI,leu,WT,LLLALLLIVLLGTLLGFLILI,clash,G,0.9535039402641506,0.1158297263954683,22973.829026010488,2273.390039906808,7,G,I
LLLYVLLGALLGILLTLLILI,leu,WT,LLLYVLLIALLGILLTLLILI,clash,G,0.953808510676055,0.1021938767810482,22981.16737908615,2005.759219544127,7,G,I
LLLAYLLGVLLGLLLAFLILI,leu,WT,LLLAYLLGVLLILLLAFLILI,clash,G,1.120879346277354,0.0917568498201317,27006.59050553616,1800.911691454492,11,G,I
LLLVTLLLGLLFGLLFALILI,leu,WT,LLLVTLLLGLLFILLFALILI,clash,G,0.8330505977064301,0.2273774113504676,20071.61291483627,4462.736452498793,12,G,I
LLLYLLLGALLGVLLSTLILI,leu,WT,LLLYLLLGALLIVLLSTLILI,clash,G,0.8428830201770091,0.2177016175794687,20308.516385488827,4272.829648123144,11,G,I
