sample,group,p_value
11G,Mutant,1.455189679763676e-12
12G,Mutant,0.008413515269913359
15G,Mutant,0.003832928434397942
7G,Mutant,5.551011229176114e-07
