sample,group,p_value
11I,Mutant,5.487974574746657e-13
12I,Mutant,0.011779415164112373
15I,Mutant,0.005855398437011662
7I,Mutant,0.001947195091850608
