sample,group,p_value
11G,Mutant,1.4551896797709338e-12
12G,Mutant,0.008413515269845703
15G,Mutant,0.0038329284343630718
7G,Mutant,5.551011229071754e-07
