sample,group,p_value
7,Mutant,0.005548191494326292
11,Mutant,1.287545649544809e-13
15,Mutant,0.02314188664384405
