sample,group,p_value
F,Mutant,0.014047004289130648
G,Mutant,3.787934134959224e-17
