Sequence	Interface	InterfaceSequence	Baseline	Dimer	Dimerw/Baseline	HBONDDimer	HBONDMonomer	IMM1Dimer	IMM1Monomer	Monomer	MonomerSasa	SequenceProbability	Total	VDWDimer	VDWMonomer	acceptCycleNumber	axialRotation	bestEnergyTotal	crossingAngle	currEnergyTotal	currEntropy	endAxialRotation	endCrossingAngle	endXShift	endZShift	energyComparison	entropyDiff	geometryNumber	prevEntropy	startEnergy	xShift	zShift	
LLLTALLFALLGGLLTFLILI	133001200220032003211	L--TAL-FA--GG--TF--LI	335.794	1253.63	1589.43	-60.16	-58.7318	-216.486	-267.396	-327.642	4532.46	3.12053e-05	1574.94	1530.28	-1.51414	69	-53.99	1590.03	-38.41	1589.84	0.410343	-54.64	-38.1289	6.91555	4.88334	0.190436	0	0	0.410343	1581.27	6.92	4.91	
LLLTALLFALLGTLLGYLILI	133001200220032003211	L--TAL-FA--GT--GY--LI	339.102	1247.27	1586.38	-55.8197	-58.7873	-218.207	-269.3	-332.476	4506.25	3.12053e-05	1576.05	1521.3	-4.38923	70	-54.64	1589.13	-38.1289	1587.07	0.690823	-54.6753	-37.7964	6.94114	4.88173	2.06264	-0.47002	1	0.220804	1579.75	6.91555	4.88334	
LLLTGLLYALLGTLLGYLILI	133001200220032003211	L--TGL-YA--GT--GY--LI	337.67	1247.6	1585.27	-55.6148	-58.7843	-221.648	-269.464	-331.798	4500.84	3.09143e-06	1575.47	1524.86	-3.54974	75	-54.6753	1586.31	-37.7964	1585.52	0.244161	-54.1565	-38.3242	6.93935	4.87559	0.796095	0.398052	2	0.642213	1579.4	6.94114	4.88173	
