sample,group,p_value
11A,Mutant,0.0007710712090058893
12A,Mutant,8.762512901877835e-09
12T,Mutant,0.0003570969822342629
12V,Mutant,0.004468837810049307
4A,Mutant,0.0022239348716819236
8A,Mutant,8.143205635377102e-05
8S,Mutant,0.04088971911091145
8T,Mutant,0.010210026138053862
