sample,group,p_value
AI,Mutant,1.3982543769929575e-15
TI,Mutant,1.8483985597981239e-07
VI,Mutant,0.0005302330096455171
