sample,group,p_value
11G,Mutant,2.5778338410217714e-11
12G,Mutant,0.02536050195000717
7G,Mutant,0.00035412437860471863
