sample,group,p_value
11I,Mutant,1.4378401452516552e-10
7I,Mutant,0.011732693551558484
