sample,group,p_value
11I,Mutant,1.4378401452619722e-10
7I,Mutant,0.01173269355163977
