sample,group,p_value
7,Mutant,0.0006406035094867901
11,Mutant,1.228056876301537e-10
