sample,group,p_value
7,Mutant,0.0006406035094940323
11,Mutant,1.2280568763089304e-10
