sample,group,p_value
11A,Mutant,0.0019438419347914562
11T,Mutant,0.001383475353119906
12A,Mutant,3.818496599883708e-08
12S,Mutant,0.036356405804703104
12T,Mutant,0.0009251486105971538
12V,Mutant,0.00011171380556511287
4A,Mutant,0.03927589175731603
8A,Mutant,0.002226401594125741
8T,Mutant,0.024655681922296332
