sample,group,p_value
11I,Mutant,0.00010954399821559209
12I,Mutant,6.065114634178474e-13
4I,Mutant,0.01773825823245629
8I,Mutant,8.228861346335345e-05
