sample,group,p_value
A,Mutant,1.3724586871640124e-08
T,Mutant,1.2526745982178339e-06
