sample,group,p_value
A,Mutant,3.3244195670375882e-09
T,Mutant,1.7430929754627304e-06
