sample,group,p_value
11G,Mutant,4.999499531817774e-16
15G,Mutant,0.012564711835053638
7A,Mutant,0.015833094590464062
7G,Mutant,5.060371060594204e-06
