sample,group,p_value
3,Mutant,0.00211634454485718
8,Mutant,0.0020489735670185115
11,Mutant,0.04556294449447106
12,Mutant,0.00015783488577288379
