sample,group,p_value
AI,Mutant,1.0597222111601737e-07
SI,Mutant,0.010346554331893814
TI,Mutant,0.0005585256360977186
VI,Mutant,0.0022564646702299515
