sample,group,p_value
G,clash,2.4035601947583552e-33
G,void,0.006390421059023486
