sample,group,p_value
G,clash,2.4035601947016895e-33
G,void,0.006390421058935098
