sample,group,p_value
11G,Mutant,0.0008489340904972684
15G,Mutant,0.02917114281330114
7A,Mutant,0.005026355143006134
7G,Mutant,0.005799331755764017
