sample,group,p_value
11I,Mutant,4.9214695937818245e-06
12I,Mutant,0.0434651679604201
15I,Mutant,0.035702215812483146
7I,Mutant,0.023520440658175452
