sample,group,p_value
G,Mutant,5.207103492019624e-09
L,Mutant,0.02055516816823378
