sample,group,p_value
G,Mutant,5.207103492083902e-09
L,Mutant,0.020555168168101795
