sample,group,p_value
11I,Mutant,4.712370366738083e-06
12I,Mutant,0.044948470554935116
15I,Mutant,0.002929718688862303
