sample,group,p_value
G,void,0.6996646202361112
L,void,5.410856412788284e-06
R,void,0.0029406223362855037
G,clash,1.8606461746123625e-09
L,clash,0.0015529906963437743
R,clash,1.0150625515100156e-21
