sample,group,p_value
11A,Mutant,6.962261389503738e-05
12A,Mutant,2.1302328051791615e-12
12S,Mutant,0.0018508798047060862
12T,Mutant,0.00041618883518422994
12V,Mutant,2.064890745119326e-05
8A,Mutant,6.369278187205752e-05
8T,Mutant,0.0017925884412010112
