sample,group,p_value
11A,Mutant,6.962261389471748e-05
12A,Mutant,2.130232805188712e-12
12S,Mutant,0.0018508798046993284
12T,Mutant,0.0004161888351825204
12V,Mutant,2.0648907451213564e-05
8A,Mutant,6.369278187180077e-05
8T,Mutant,0.0017925884412033082
