sample,group,p_value
11I,Mutant,1.767675698855585e-05
12I,Mutant,2.7896669749386427e-18
4I,Mutant,0.009877457452162546
8I,Mutant,1.1250351766991712e-06
