sample,group,p_value
8,Mutant,0.00051209977824133
11,Mutant,0.033590748211470976
12,Mutant,1.188213941850553e-12
