sample,group,p_value
AI,Mutant,9.452711312951647e-13
LI,Mutant,0.043121468057687254
SI,Mutant,0.01635584850857697
TI,Mutant,1.5933240533875754e-07
VI,Mutant,0.004401973450715168
