sample,group,p_value
A,Mutant,0.000125384444543787
I,Mutant,0.005544085408114229
