sample,group,p_value
11A,Mutant,0.04088427908834155
4Y,Mutant,0.0034909218874970404
8A,Mutant,0.032706297118991444
