sample,group,p_value
12I,Mutant,0.0007968041332756122
14A,Mutant,0.0008599351410404288
4A,Mutant,0.02204403791931718
