sample,group,p_value
4,Mutant,0.039474292420025016
14,Mutant,0.0028143926675808675
