sample,group,p_value
A,Mutant,0.01089161053353373
L,Mutant,0.012196306515879817
