sample,group,p_value
AI,Mutant,0.010891610533533696
FA,Mutant,0.046152319646990195
LA,Mutant,0.005533313276823409
