sample,group,p_value
G,clash,9.605230975884961e-19
G,void,0.14711790979733597
