sample,group,p_value
11I,Mutant,0.00018784135590655342
12I,Mutant,0.03383787807725754
15I,Mutant,0.002740167065471416
