sample,group,p_value
11I,Mutant,0.0001878413559062213
12I,Mutant,0.033837878077568516
15I,Mutant,0.0027401670654664586
