sample,group,p_value
11G,Mutant,2.1297205706011494e-06
12G,Mutant,0.016413721527390093
