sample,group,p_value
7,Mutant,0.03181582429588945
11,Mutant,0.00022747488454087612
15,Mutant,0.002554385142435384
