sample,group,p_value
7,Mutant,0.031815824295945906
11,Mutant,0.00022747488454108333
15,Mutant,0.002554385142445494
