sample,group,p_value
7,Mutant,0.0007458162147361494
11,Mutant,5.7343966553683865e-18
15,Mutant,0.02550813986847438
