sample,group,p_value
AI,Mutant,0.026340363011325058
GI,Mutant,1.3453647789656095e-23
