sample,group,p_value
G,clash,8.160210511733427e-09
G,void,0.3070544237850319
