sample,group,p_value
G,clash,8.160210511754361e-09
G,void,0.307054423785834
