sample,group,p_value
11A,Mutant,0.0031095247432760976
12A,Mutant,0.006069057543089496
12S,Mutant,0.013147143845626402
12T,Mutant,0.0044468828689875235
12V,Mutant,0.00012452640006691888
3Y,Mutant,0.032774475765851636
8A,Mutant,0.0011645631542227801
