sample,group,p_value
AI,Mutant,1.0859959891469522e-06
SI,Mutant,0.017586479210986376
TI,Mutant,0.00024364323707619278
VI,Mutant,0.0018016715107741293
