sample,group,p_value
11G,Mutant,0.0012215485221413471
12G,Mutant,0.01080165166116165
15G,Mutant,0.011709885582091312
7G,Mutant,0.017598878439569168
