sample,group,p_value
AI,Mutant,0.00041468112002572224
GI,Mutant,2.491070880365404e-08
