sample,group,p_value
G,void,0.3949973303362466
L,void,0.0024005310758791146
R,void,0.002401265282620735
G,clash,2.5275290669485165e-21
L,clash,4.2432677070087695e-08
R,clash,2.027788540110878e-28
