sample,group,p_value
7,Mutant,0.008166946827511214
11,Mutant,6.310317416820718e-06
15,Mutant,0.029172619273445926
