sample,group,p_value
A,Mutant,0.011450161667265986
S,Mutant,0.033440542603879436
