sample,group,p_value
A,Mutant,0.011450161667321095
S,Mutant,0.03344054260386611
