sample,group,p_value
AI,Mutant,0.01145016166732105
SI,Mutant,0.033440542603866044
