sample,group,p_value
AI,Mutant,0.011450161667265986
SI,Mutant,0.033440542603879526
