sample,group,p_value
11G,Mutant,1.9612485320287452e-07
7G,Mutant,4.314354689491061e-05
