sample,group,p_value
11G,Mutant,1.9612485320227844e-07
7G,Mutant,4.314354689540978e-05
