sample,group,p_value
11I,Mutant,0.0004839138168238013
7I,Mutant,0.01752553803476542
8A,Mutant,0.044483479048361974
