Sequence	Interface	InterfaceSequence	Baseline	Dimer	Dimerw/Baseline	HBONDDimer	HBONDMonomer	IMM1Dimer	IMM1Monomer	Monomer	MonomerSasa	SequenceProbability	Total	VDWDimer	VDWMonomer	acceptCycleNumber	axialRotation	bestEnergyTotal	crossingAngle	currEnergyTotal	currEntropy	endAxialRotation	endCrossingAngle	endXShift	endZShift	energyComparison	entropyDiff	geometryNumber	prevEntropy	startEnergy	xShift	zShift	
LLLWTLLGTLLGTLLTTLILI	133002300210030003012	L--WT--GT-LGT-LTT-IL-	374.328	-394.773	-20.4449	-113.541	-100.173	-224.251	-276.219	-382.131	4541.72	9.77992e-08	-16.8707	-56.9809	-5.73953	92	-93.4978	-19.1619	-35.9478	-19.5273	0.917682	-93.8294	-35.6614	8.44625	2.07658	0.365393	-0.776469	1	0.141213	-12.6421	8.38091	2.01968	
LLLWTLLTTLLGTLLTTLILI	133002300210030003012	L--WT--TT-LGT-LTT-IL-	379.121	-407.244	-28.1223	-121.901	-114.041	-226.489	-279.567	-398.716	4533.97	2.53127e-08	1144.82	-58.8537	-5.1076	91	-93.8294	-26.8599	-35.6614	-27.118	1.0043	-93.8239	-35.004	8.38304	2.15137	0.258085	-0.884404	2	0.119894	-8.52812	8.44625	2.07658	
