sample,group,p_value
11G,Mutant,2.4600728235803262e-05
15A,Mutant,0.009464234908005128
15G,Mutant,0.030348400088021702
7A,Mutant,0.003785361276185259
7G,Mutant,0.00014064596971340293
