sample,group,p_value
11I,Mutant,4.4721608412012896e-05
15I,Mutant,0.03839489891033353
7I,Mutant,0.0052511021535650735
