sample,group,p_value
7,Mutant,0.03682638920786733
11,Mutant,1.867950596363608e-06
