sample,group,p_value
A,Mutant,0.005806797468817768
G,Mutant,7.172053895280033e-11
