sample,group,p_value
A,Mutant,0.006508492677887688
G,Mutant,7.172053895292278e-11
