sample,group,p_value
AI,Mutant,0.015649089585191005
GI,Mutant,7.534649039823171e-10
