sample,group,p_value
11I,Mutant,0.0017273217385906144
15I,Mutant,0.02585096615889349
