sample,group,p_value
11G,Mutant,1.9671627155675217e-05
15G,Mutant,0.0016686364170570747
7G,Mutant,4.314354689540977e-05
