sample,group,p_value
11G,Mutant,1.6021129073652884e-17
12G,Mutant,0.04794114905969284
15G,Mutant,0.027540561889820587
7A,Mutant,0.015833094590464062
7G,Mutant,2.6695654855413676e-07
