sample,group,p_value
11I,Mutant,1.8313469693596172e-17
12I,Mutant,0.03424211702188884
15I,Mutant,0.00165768905313212
7I,Mutant,0.0001314574379484483
