sample,group,p_value
AI,Mutant,0.019395125863385553
GI,Mutant,3.1070000956219326e-24
