sample,group,p_value
G,void,0.37966020619021235
L,void,7.12047043647063e-05
R,void,0.005367166989074981
G,clash,2.1337116513412223e-18
L,clash,1.7880788848684984e-05
R,clash,5.697475738645657e-23
