sample,group,p_value
11G,Mutant,2.7220448742638475e-15
12G,Mutant,0.008107718575911487
15G,Mutant,0.002010648302204378
7G,Mutant,5.551011229071754e-07
