sample,group,p_value
11I,Mutant,4.429257835179447e-12
12I,Mutant,0.00802344191457169
15I,Mutant,0.00021189014493615377
7I,Mutant,0.0019471950918506116
