sample,group,p_value
11G,Mutant,2.7220448742528358e-15
12G,Mutant,0.008107718575962713
15G,Mutant,0.002010648302220764
7G,Mutant,5.551011229176094e-07
