sample,group,p_value
7,Mutant,0.0025790796085825695
11,Mutant,1.7183946576934973e-13
15,Mutant,0.0005390444369591931
