sample,group,p_value
7,Mutant,0.029824840276917983
11,Mutant,0.010672578621268055
15,Mutant,0.02718880710943754
