sample,group,p_value
11A,Mutant,0.0029582825214702537
12A,Mutant,4.699193473047691e-10
12T,Mutant,0.004567783510269565
12V,Mutant,0.03772347027861876
3Y,Mutant,0.006672865741811238
4A,Mutant,0.018468681685342544
8A,Mutant,0.0001924569583794108
8S,Mutant,0.040889719110851645
8T,Mutant,0.0027898497415911458
