sample,group,p_value
11A,Mutant,0.0029582825214899233
12A,Mutant,4.699193473061137e-10
12T,Mutant,0.0045677835102733745
12V,Mutant,0.03772347027871728
3Y,Mutant,0.006672865741788383
4A,Mutant,0.01846868168525237
8A,Mutant,0.00019245695837885894
8S,Mutant,0.0408897191109116
8T,Mutant,0.0027898497415842645
