sample,group,p_value
11I,Mutant,0.0027105802856706696
12I,Mutant,3.1404258107052167e-13
4I,Mutant,0.002695379780262091
8I,Mutant,3.4552049733385816e-05
