sample,group,p_value
11I,Mutant,0.002710580285667891
12I,Mutant,3.140425810723822e-13
4I,Mutant,0.002695379780257791
8I,Mutant,3.455204973356465e-05
