sample,group,p_value
8,Mutant,0.00046400926457564485
12,Mutant,5.870470263349801e-06
