sample,group,p_value
A,Mutant,2.1753392513373077e-16
T,Mutant,5.296025341449898e-06
V,Mutant,0.045388603188371845
