sample,group,p_value
A,Mutant,2.1753392513262632e-16
T,Mutant,5.296025341471582e-06
V,Mutant,0.04538860318819085
