sample,group,p_value
AI,Mutant,2.1753392513262006e-16
TI,Mutant,3.3647458723105487e-06
VI,Mutant,0.04538860318819098
