sample,group,p_value
8,Mutant,0.005705285733392758
12,Mutant,9.783187172416111e-15
