sample,group,p_value
A,Mutant,2.145435585534909e-15
T,Mutant,9.187093740595326e-09
V,Mutant,0.008073425879723702
