sample,group,p_value
A,Mutant,0.005635591359563774
I,Mutant,0.0006392518633650577
