sample,group,p_value
11A,Mutant,0.0010592438046417877
4Y,Mutant,0.01516438375759045
