sample,group,p_value
11I,Mutant,0.009415810276889133
4A,Mutant,0.03055015996969882
4I,Mutant,0.01848793598626097
