sample,group,p_value
A,Mutant,0.030382342303033518
F,Mutant,0.03403147557788349
T,Mutant,0.012561499531826842
Y,Mutant,0.027907350468200396
