sample,group,p_value
FA,Mutant,0.010374243258140731
SI,Mutant,0.028168705661071
TI,Mutant,0.012561499531826895
YA,Mutant,0.027907350468200472
