sample,group,p_value
12S,Mutant,0.01757006019785312
8A,Mutant,0.04501386383370131
