sample,group,p_value
A,Mutant,0.023281873860108878
I,Mutant,3.945097209608618e-17
