sample,group,p_value
11A,Mutant,0.0004463870451432457
12A,Mutant,3.2711755596478745e-10
12L,Mutant,0.0014898251144744286
12T,Mutant,2.3407532316287158e-05
12V,Mutant,1.4601305479839949e-05
3Y,Mutant,0.00011447605181337985
8A,Mutant,1.386127618274861e-06
8T,Mutant,0.0006392917272711599
