sample,group,p_value
3,Mutant,0.00014749655667966433
8,Mutant,7.904807747826024e-08
12,Mutant,9.607002772096153e-16
