sample,group,p_value
A,Mutant,3.836027688311277e-15
F,Mutant,0.021294646529435402
T,Mutant,1.391985833970464e-09
Y,Mutant,0.0005468073438241822
