sample,group,p_value
A,Mutant,3.83602768828556e-15
F,Mutant,0.021294646529529136
T,Mutant,1.3919858339795327e-09
Y,Mutant,0.0005468073438267278
