sample,group,p_value
11G,Mutant,3.9490961442470505e-15
12G,Mutant,0.04794114905995529
15A,Mutant,0.009464234908005128
15G,Mutant,0.011337295605681379
7A,Mutant,0.015833094590495037
7G,Mutant,5.060371060633997e-06
