sample,group,p_value
11G,Mutant,3.949096144235078e-15
12G,Mutant,0.04794114905969284
15A,Mutant,0.00946423490807606
15G,Mutant,0.011337295605608949
7A,Mutant,0.015833094590464062
7G,Mutant,5.060371060594202e-06
