sample,group,p_value
7,Mutant,0.0005764368734909362
11,Mutant,5.187689004540225e-15
15,Mutant,0.014685423829418577
