sample,group,p_value
7,Mutant,0.0005764368734974803
11,Mutant,5.516292750125404e-15
15,Mutant,0.014685423829409789
