sample,group,p_value
A,Mutant,0.0300598822407943
G,Mutant,6.186405594192719e-21
