sample,group,p_value
A,Mutant,0.03278285283903841
G,Mutant,6.186405594085788e-21
