sample,group,p_value
AI,Mutant,0.030059882240794342
GI,Mutant,1.210120656953054e-20
