sample,group,p_value
AI,Mutant,0.03278285283903841
GI,Mutant,1.2101206569336002e-20
