sample,group,p_value
AI,Mutant,0.037059980374601044
SI,Mutant,0.039620872911250576
