sample,group,p_value
AI,Mutant,0.037059980374024803
SI,Mutant,0.03962087291144469
