sample,group,p_value
7,Mutant,0.04051004377522299
12,Mutant,0.00017554627081642642
