sample,group,p_value
11I,Mutant,5.864303054251551e-10
15I,Mutant,0.002140041424499422
7I,Mutant,0.00024749838904625644
