sample,group,p_value
7,Mutant,0.0093161984993046
11,Mutant,5.864303054251571e-10
15,Mutant,0.012267954785508106
