sample,group,p_value
A,Mutant,0.013041771790534392
G,Mutant,1.2792189159856517e-18
