sample,group,p_value
AI,Mutant,0.014477995783058866
GI,Mutant,1.1668912848228728e-18
