sample,group,p_value
11I,Mutant,3.993248016789532e-12
12I,Mutant,0.01447890920684644
15I,Mutant,0.005087025526220185
7I,Mutant,0.006038406961676386
