sample,group,p_value
11G,Mutant,4.1395361601171495e-13
12G,Mutant,0.00841351526984572
15G,Mutant,0.007381468101779791
7G,Mutant,1.0228311653999339e-06
