sample,group,p_value
11G,Mutant,4.139536160097789e-13
12G,Mutant,0.008413515269913359
15G,Mutant,0.007381468101794065
7G,Mutant,1.0228311654125426e-06
