sample,group,p_value
7,Mutant,0.003382331763335395
11,Mutant,1.4446512409196527e-12
15,Mutant,0.02733560932545831
