sample,group,p_value
G,clash,3.695473377551556e-47
L,clash,0.01400561103260144
R,clash,0.000355091463646772
G,void,0.0026199461449180404
L,void,0.4185465545911681
R,void,0.03101297691852806
