sample,group,p_value
12I,Mutant,5.696191395824432e-06
4I,Mutant,0.02592269552874286
7I,Mutant,0.04635481341199736
8I,Mutant,0.009586750393542585
