sample,group,p_value
11A,Mutant,0.022818261408196365
12A,Mutant,0.002107746262051866
3Y,Mutant,0.023924184317858994
4A,Mutant,0.018399738820203976
8A,Mutant,0.012560535921060455
