sample,group,p_value
12I,Mutant,5.696191395803318e-06
4I,Mutant,0.02592269552865935
7I,Mutant,0.04635481341220495
8I,Mutant,0.009586750393555584
