sample,group,p_value
11A,Mutant,0.02281826140812978
12A,Mutant,0.002107746262050855
3Y,Mutant,0.02392418431799707
4A,Mutant,0.01839973882027603
8A,Mutant,0.012560535921095855
