sample,group,p_value
8,Mutant,0.031667492665548254
12,Mutant,0.00022389470590123296
