sample,group,p_value
8,Mutant,0.031667492665591726
12,Mutant,0.00022389470590105078
