sample,group,p_value
A,Mutant,8.872179575043478e-08
S,Mutant,0.0025617431518242693
T,Mutant,0.010145883389565164
