sample,group,p_value
A,Mutant,8.872179575041506e-08
S,Mutant,0.0025617431518452035
T,Mutant,0.010145883389545897
