sample,group,p_value
AI,Mutant,8.241908157578084e-08
SI,Mutant,0.0025617431518242745
TI,Mutant,0.0062112271316289115
