sample,group,p_value
AI,Mutant,8.241908157571615e-08
SI,Mutant,0.0025617431518451987
TI,Mutant,0.00621122713161827
