Sequence,Segments,Fluorescence,FluorStdDev,Rep1-Fluor,Rep2-Fluor,Rep3-Fluor,Sample,Average Percent GpA,LB-12H_M9-24H,LB-12H_M9-36H,LB-24H_M9-24H,LB-24H_M9-36H,LB-36H_M9-24H,LB-36H_M9-36H,Rep1-Fluor_transformed,Rep2-Fluor_transformed,Rep3-Fluor_transformed,PercentGpA_transformed,std_adjusted,Percent GpA,Type,Mutant Type,mean_transformed,percent_wt,wt_seq,position,wt_aa,mut_aa,mut_position
LLLAVLLYTLLGGLLFLLILI,13.0,27027.11069003064,1384.6575322640847,28081.259865568907,27541.11900887349,25458.953195649523,D,84.08192479971778,99999900.0,99999900.0,99999900.0,99999900.0,99999900.0,99999900.0,0.4295267183024612,0.3367571555600104,0.3940520280213795,0.3867786339612837,0.0468105184624295,36.88969315313293,WT,,,138.3332353184123,LLLAVLLTTLLGGLLFLLILI,T7Y,T,Y,7
LLLYFLLGTLLGILLALLILI,13.0,30661.620326701308,2215.5132349274054,33176.15374050567,29812.201848046498,28996.50539155176,D,101.67117273648353,99999900.0,99999900.0,99999900.0,99999900.0,99999900.0,99999900.0,1.3046653079916954,0.8910308216025349,1.0627689349414244,1.086155021511885,0.2078065298935935,99.4924962054603,WT,,,125.4772156145129,LLLVFLLGTLLGILLALLILI,V3Y,V,Y,3
LLLALLLGTLLGYLLGFLILI,13.0,32587.50328220956,5816.728564796714,39260.95370290927,29908.90101506192,28592.65512865748,D,110.41369863333192,99999900.0,99999900.0,99999900.0,99999900.0,99999900.0,99999900.0,2.3498378647419726,0.914630930273346,0.9864275882400706,1.4169654610851297,0.8086883708525612,92.34570173557604,WT,,,203.31330077921237,LLLALLLGTLLGLLLGFLILI,L12Y,L,Y,12
LLLAYLLGFLLGTLLGLLILI,13.0,31341.79769913488,1682.3545316778566,33200.9976760167,30899.894701384907,29924.500720003027,D,105.084843178043,99999900.0,99999900.0,99999900.0,99999900.0,99999900.0,99999900.0,1.3089326955407083,1.1564898770580667,1.2381914110810062,1.234537994559927,0.0762870488086954,115.91489948414828,WT,,,147.15067812370583,LLLAVLLGFLLGTLLGLLILI,V4Y,V,Y,4
LLLYLLLGILLGVLLATLILI,13.0,31430.208222705787,2919.035061425807,34656.5539207562,30661.893804032603,28972.176943328563,D,105.27093732795102,99999900.0,99999900.0,99999900.0,99999900.0,99999900.0,99999900.0,1.5589503544954788,1.0984040918892135,1.0581700361139177,1.23850816083287,0.2782392754815737,99.0619643098604,WT,,,154.55993621374918,LLLFLLLGILLGVLLATLILI,F3Y,F,Y,3
