sample,group,p_value
11I,Mutant,0.004888377335945092
15I,Mutant,0.00028783703845429264
