sample,group,p_value
11G,Mutant,0.0006443944129563231
15G,Mutant,0.002902352629271828
