sample,group,p_value
11I,Mutant,0.004888377335937769
15I,Mutant,0.00028783703845628806
