sample,group,p_value
11,Mutant,0.0020407820645734656
15,Mutant,0.010027547091462525
