sample,group,p_value
11,Mutant,0.002040782064569354
15,Mutant,0.010027547091494457
