sample,group,p_value
11I,Mutant,2.1299022086317954e-05
12I,Mutant,0.02551639216627317
15I,Mutant,0.03335093078162885
7I,Mutant,0.034973248438955905
