sample,group,p_value
11G,Mutant,1.7120944840520288e-06
12G,Mutant,0.019416937124925357
7G,Mutant,4.314354689540977e-05
