sample,group,p_value
7,Mutant,0.04697523902832368
11,Mutant,1.208191160350034e-05
