sample,group,p_value
G,clash,8.06531016136012e-15
G,void,0.47442643108787774
