sample,group,p_value
G,clash,8.065310161475335e-15
G,void,0.4744264310884403
