sample,group,p_value
11I,Mutant,5.8025897273382264e-05
15I,Mutant,0.002740167065471416
