sample,group,p_value
11G,Mutant,9.113426896838573e-09
12G,Mutant,0.016413721527390155
