sample,group,p_value
11I,Mutant,5.802589727321693e-05
15I,Mutant,0.0027401670654664586
