sample,group,p_value
11G,Mutant,9.113426896895799e-09
12G,Mutant,0.016413721527294402
