sample,group,p_value
7,Mutant,0.03992406417891287
11,Mutant,6.305519839674474e-05
15,Mutant,0.0025543851424454844
