sample,group,p_value
7,Mutant,0.039924064178831875
11,Mutant,6.305519839661927e-05
15,Mutant,0.002554385142435384
