sample,group,p_value
G,Mutant,9.413416980405063e-09
L,Mutant,0.028891738054164028
