sample,group,p_value
GI,Mutant,2.5111716061716007e-08
LA,Mutant,0.049817870986766814
