sample,group,p_value
GI,Mutant,2.5111716061606608e-08
LA,Mutant,0.04981787098681023
