sample,group,p_value
AI,Mutant,0.008937345825257587
SI,Mutant,0.04003147666024311
