sample,group,p_value
12A,Mutant,0.032388401345172915
12I,Mutant,0.0118576906242732
4A,Mutant,0.008700366857578162
