sample,group,p_value
12A,Mutant,0.03671507636391619
4Y,Mutant,0.008212222718021423
