sample,group,p_value
A,Mutant,0.042881989947273116
F,Mutant,0.03618946796166411
Y,Mutant,0.012791677828527958
