sample,group,p_value
AI,Mutant,0.04288198994727342
FA,Mutant,0.035821410093517705
YA,Mutant,0.012791677828528017
