sample,group,p_value
11G,Mutant,5.062344494058107e-13
12G,Mutant,0.005863107801497658
15G,Mutant,0.00383292843436308
7G,Mutant,5.551011229071765e-07
