sample,group,p_value
11I,Mutant,5.572951383703053e-12
12I,Mutant,0.005685593758575369
15I,Mutant,0.0035338859858787862
7I,Mutant,0.004101728141847419
