sample,group,p_value
11I,Mutant,5.572951383727158e-12
12I,Mutant,0.00568559375850753
15I,Mutant,0.003533885985844123
7I,Mutant,0.004101728141856614
