sample,group,p_value
11G,Mutant,5.062344494032293e-13
12G,Mutant,0.005863107801545846
15G,Mutant,0.003832928434397942
7G,Mutant,5.551011229176134e-07
