sample,group,p_value
7,Mutant,0.0027088827662271496
11,Mutant,7.143801687287653e-13
15,Mutant,0.014402819785248336
