sample,group,p_value
11G,Mutant,0.0001383445602243794
12G,Mutant,0.04987181312837539
7A,Mutant,0.005026355142938434
7G,Mutant,0.0011779410150139116
