sample,group,p_value
11I,Mutant,4.698632356085847e-05
7I,Mutant,0.0023587003681091135
