sample,group,p_value
7,Mutant,0.0037354204977520394
11,Mutant,0.00022564328747962063
