sample,group,p_value
A,Mutant,0.023366915433290506
G,Mutant,1.1508204203812531e-07
