sample,group,p_value
A,Mutant,0.020636462226727284
G,Mutant,1.1508204204259982e-07
