sample,group,p_value
11G,Mutant,0.005276293174980385
7A,Mutant,0.006350291056723487
