sample,group,p_value
11I,Mutant,0.011699435075426227
15I,Mutant,0.029371504414876376
7I,Mutant,0.000994158006918198
