sample,group,p_value
11G,Mutant,0.005276293174993062
7A,Mutant,0.006350291056636791
