sample,group,p_value
7,Mutant,0.029487141246020265
15,Mutant,0.028082377324421766
