sample,group,p_value
A,Mutant,4.4560415331834646e-05
G,Mutant,0.00410927834828056
