sample,group,p_value
AI,Mutant,4.456041533246838e-05
GI,Mutant,0.004109278348257694
