sample,group,p_value
A,Mutant,0.043059478715982286
G,Mutant,6.819521734246108e-21
