sample,group,p_value
AI,Mutant,0.043059478715982126
GI,Mutant,9.561251234710214e-21
