Sequence,Flow Mean Total,Flow Mean,Mean Std,Percent GpA,Sd,Design,Rep1-Fluor,Rep2-Fluor,Rep3-Fluor,Sample
LLLYGLLFALLGTLLSLL,31898.33333,7397.33333,1739.003259,0.2764015,0.015068596,GJL,18157.02903151092,19850.72294656028,17335.075262183775,G
LLLVGLLLALLGLLLGTL,34655.66667,10154.66667,2152.752966,0.379429312,0.023569524,GJL,20076.18119795592,21761.38909943252,18640.0038337584,G
LLLAVLLLTLLGGLLFAL,35220.0,10719.0,733.4459762,0.400515637,0.008340618,GJL,19070.49259576537,20815.747329236685,17794.70179901198,G
LLLYVLLGALLGILLTLL,51062.33333,26561.33333,348.8571819,0.992464721,0.006780506,GJL,25713.427201000195,26128.413636763216,23401.660820823043,G
LIIFGVMAGVIGT,51264.0,26763.0,4713.50008,1.0,0.091945616,,25844.189965512396,26628.44370656678,23966.18807163096,G
LIIFGVMAIVIGT,31076.0,6575.0,1675.048358,0.262260516,0.032848804,,17920.39434576709,19750.53528491857,16787.766949604957,G
IIVAMTAVGGSICVMLVVICLL,36197.0,11696.0,679.8610152,0.532044962,0.072694619,,21519.97742026881,22876.904381720025,19219.231112438934,G
GIYFVLGVCFGLLLTLCLLVIL,55313.0,30812.0,2991.170172,1.050543816,0.014618961,,24741.47538775137,26114.82072714046,23802.537791362705,G
VVIIAIVCCVVGTSLVWVVIIL,11171.6666666667,,1334.61579989648,0.561183483473427,0.0747741799549446,,20600.01857050899,22262.032453885644,19517.80197423698,G
CAVVVGVGLIVGFAVGLL,5871.33333333333,,1679.63200334676,0.294933190449081,0.086148831231335,,18374.707084678947,20183.56128408681,17452.247341533115,G
