Sequence,Flow Mean Total,Flow Mean,Mean Std,Percent GpA,Sd,Design,Rep1-Fluor,Rep2-Fluor,Rep3-Fluor,Sample
LLLLWALLFVLATLLSLL,32897.33333,8396.33333,786.0084817,0.313729153,0.007495859,GJL,27584.65167188373,29247.867559873623,28469.390211250105,L
LLLLFILLAVLLTLLLSL,30780.33333,6279.33333,319.8692441,0.234627408,0.002438248,GJL,27123.2582253558,28060.80176143496,28352.620286421035,L
LLLFSLLLLLVALLLTLL,37505.33333,13004.33333,1197.895794,0.48590716,0.015519557,GJL,28787.49918026464,30149.287855647563,30363.51470211684,L
LIIFGVMAGVIGT,51264.0,26763.0,4713.50008,1.0,0.091945616,,30835.21720006862,33272.28986114109,32922.30636164624,L
LIIFGVMAIVIGT,31076.0,6575.0,1675.048358,0.262260516,0.032848804,,25677.44427678731,28066.86481006465,27486.838526973766,L
IIVAMTAVGGSICVMLVVICLL,36197.0,11696.0,679.8610152,0.532044962,0.072694619,,27738.27566939125,30311.17033596256,30460.2442578958,L
GIYFVLGVCFGLLLTLCLLVIL,55313.0,30812.0,2991.170172,1.050543816,0.014618961,,30827.80366648181,32798.387394346646,32590.92838023968,L
VVIIAIVCCVVGTSLVWVVIIL,11171.6666666667,,1334.61579989648,0.561183483473427,0.0747741799549446,,28376.41400364316,31113.32672137081,30334.598473921076,L
CAVVVGVGLIVGFAVGLL,5871.33333333333,,1679.63200334676,0.294933190449081,0.086148831231335,,26624.246052975563,28849.35426647168,28035.5516590361,L
