sample,group,p_value
AI,Mutant,0.0006536756346284713
GI,Mutant,1.8213894626791029e-09
