sample,group,p_value
A,Mutant,0.007672489925892567
I,Mutant,8.296799506144737e-07
