sample,group,p_value
11I,Mutant,0.00661653036164457
12I,Mutant,1.2039597680227121e-06
4I,Mutant,0.003988291400599992
8I,Mutant,0.02400977003843127
