sample,group,p_value
A,Mutant,4.3163403576306353e-07
T,Mutant,0.019114056287748836
