sample,group,p_value
AI,Mutant,8.187619704559466e-07
TI,Mutant,0.01911405628763651
