sample,group,p_value
AI,Mutant,8.187619704643344e-07
TI,Mutant,0.01911405628774872
