sample,group,p_value
11G,Mutant,2.3497636266397552e-08
15G,Mutant,0.010466172175576348
7G,Mutant,1.168685177457086e-10
