sample,group,p_value
11I,Mutant,1.1577846103518363e-07
15I,Mutant,0.020242847619017467
7I,Mutant,1.6768927627162756e-05
