sample,group,p_value
7,Mutant,0.00033072195454467103
11,Mutant,2.2117578062569706e-08
15,Mutant,0.03589561884127284
