sample,group,p_value
11I,Mutant,2.4586409292277975e-05
12I,Mutant,3.406565512679391e-17
4I,Mutant,0.0005015014524874722
8I,Mutant,6.822389450836822e-07
