sample,group,p_value
8,Mutant,0.00036828749302244353
12,Mutant,1.4121337271923404e-10
