sample,group,p_value
G,void,0.051155426154785404
L,void,0.2851592191668777
R,void,0.4836053392465567
G,clash,5.7143659830717476e-27
L,clash,0.0013169315174201902
R,clash,1.754684018572188e-13
