sample,group,p_value
G,clash,8.261767242661133e-17
G,void,0.3353780654955022
