sample,group,p_value
G,clash,8.261767242593382e-17
G,void,0.33537806549651006
