sample,group,p_value
A,Mutant,0.027993540307368576
I,Mutant,5.413994214546575e-15
