sample,group,p_value
11A,Mutant,0.004424165801783518
12A,Mutant,0.0004318624992252477
12S,Mutant,0.016929571092048155
12T,Mutant,0.0017636668198828427
12V,Mutant,0.0002208345515052509
8A,Mutant,0.0001285625667555639
