sample,group,p_value
3,Mutant,0.012350328999945263
8,Mutant,0.00035650934433004486
12,Mutant,1.2524010402350824e-06
