sample,group,p_value
3,Mutant,0.012350328999958029
8,Mutant,0.00035650934433215315
12,Mutant,1.252401040235977e-06
