sample,group,p_value
A,Mutant,2.2548597892932544e-07
F,Mutant,9.676604321058881e-05
S,Mutant,0.008390604143569805
T,Mutant,4.583942611802372e-06
V,Mutant,9.620649326959633e-05
