sample,group,p_value
AI,Mutant,1.8193047312491289e-07
FA,Mutant,9.676604321058924e-05
SI,Mutant,0.00907057038937023
TI,Mutant,4.76726837796284e-06
VI,Mutant,4.136336986738604e-05
