sample,group,p_value
G,void,0.1577408393191743
L,void,0.02236131501194029
R,void,0.2185187015769511
G,clash,5.907408196663665e-23
L,clash,0.00026483473702321555
R,clash,4.78016894045581e-19
