sample,group,p_value
G,void,0.15774083931790656
L,void,0.022361315011842155
R,void,0.21851870157638256
G,clash,5.90740819670352e-23
L,clash,0.0002648347370219279
R,clash,4.780168940452476e-19
