sample,group,p_value
11I,Mutant,0.0054022864308760216
12I,Mutant,8.183693372259981e-08
3A,Mutant,0.004624715880066909
4I,Mutant,0.02907271959547874
8I,Mutant,5.5626788340457596e-05
