sample,group,p_value
11A,Mutant,0.005972650545192964
12A,Mutant,0.013316511042017492
12S,Mutant,0.03316519879685287
12T,Mutant,0.0025139785309446503
12V,Mutant,0.00022083455150524964
8A,Mutant,0.0004246728093145602
