sample,group,p_value
11A,Mutant,0.005972650545193003
12A,Mutant,0.013316511042026195
12S,Mutant,0.03316519879683843
12T,Mutant,0.002513978530948656
12V,Mutant,0.00022083455150656434
8A,Mutant,0.0004246728093178262
