sample,group,p_value
3,Mutant,0.003518319806202953
8,Mutant,0.0007120871506675825
12,Mutant,2.3744543919533767e-05
