sample,group,p_value
A,Mutant,3.147540370020545e-07
F,Mutant,0.0011743026351492022
S,Mutant,0.005859224971441502
T,Mutant,3.2710961584545595e-05
V,Mutant,0.005509949315005448
