sample,group,p_value
AI,Mutant,1.8668693711306547e-07
FA,Mutant,0.002445904965558658
SI,Mutant,0.005859224971441412
TI,Mutant,8.384661517008108e-05
VI,Mutant,0.005091120172366006
