sample,group,p_value
11I,Mutant,6.633844867491825e-15
15I,Mutant,0.0013483612451908997
7I,Mutant,0.0007117579842493321
