sample,group,p_value
11A,Mutant,6.651710476212789e-05
11T,Mutant,0.02706588746691358
12A,Mutant,4.8235552238010446e-11
12S,Mutant,0.0038415112627385776
12T,Mutant,0.00033960955741180995
12V,Mutant,2.0648907451193106e-05
4A,Mutant,0.03927589175724405
8A,Mutant,0.0010262593976254147
8S,Mutant,0.04649874556382387
8T,Mutant,0.010135339250416304
