sample,group,p_value
11A,Mutant,0.0034744490974053894
12A,Mutant,0.01885179203870094
12S,Mutant,0.020538660291791612
12T,Mutant,0.0069477624867129275
12V,Mutant,0.009271415605585927
12Y,Mutant,0.024090623854822853
8A,Mutant,0.0034483382819157837
