sample,group,p_value
11A,Mutant,0.00347444909740312
12A,Mutant,0.0188517920387135
12S,Mutant,0.020538660291806905
12T,Mutant,0.006947762486728612
12V,Mutant,0.00927141560560829
12Y,Mutant,0.024090623854873237
8A,Mutant,0.003448338281943402
