sample,group,p_value
8,Mutant,0.018366089443201807
11,Mutant,0.0029648474754256707
12,Mutant,4.7965949713195114e-06
