sample,group,p_value
8,Mutant,0.01836608944321364
11,Mutant,0.002964847475415719
12,Mutant,4.796594971344397e-06
