sample,group,p_value
A,Mutant,2.001270568110974e-06
F,Mutant,0.005309555729819229
S,Mutant,0.0015171862534476878
T,Mutant,0.0003751987764080606
V,Mutant,0.0003295808384108593
