sample,group,p_value
AI,Mutant,1.0846564798060456e-06
FA,Mutant,0.005309555729802334
SI,Mutant,0.0015171862534473467
TI,Mutant,0.00042497821916329326
VI,Mutant,0.0006764515391475656
