sample,group,p_value
11A,Mutant,0.04774051042247074
11F,Mutant,0.022804191598633696
11Y,Mutant,7.372336282841174e-05
12A,Mutant,0.0008802775587642095
4A,Mutant,0.0029708656725390805
8A,Mutant,0.00510515092771612
8L,Mutant,0.02650495354351417
8S,Mutant,0.03916998017828835
