sample,group,p_value
A,Mutant,3.3106738495656155e-08
T,Mutant,0.04074351996627666
