sample,group,p_value
A,Mutant,3.310673849592353e-08
T,Mutant,0.04074351996648524
