sample,group,p_value
AI,Mutant,1.843134528075873e-08
TI,Mutant,0.01449351335237221
