sample,group,p_value
11G,Mutant,2.5236779962899483e-31
7G,Mutant,1.6512826332418554e-05
