sample,group,p_value
11G,Mutant,2.5236779964342063e-31
7G,Mutant,1.6512826332622266e-05
