sample,group,p_value
7,Mutant,0.0009787833830279282
11,Mutant,1.7037614750972674e-23
15,Mutant,0.0039726133337933565
