sample,group,p_value
7,Mutant,0.0009787833830270302
11,Mutant,1.7037614750650386e-23
15,Mutant,0.003972613333792785
