sample,group,p_value
11A,Mutant,0.000771071209005882
12A,Mutant,8.954762338299956e-08
12T,Mutant,0.00032994445137286604
12V,Mutant,0.00446883781004926
4A,Mutant,0.0022239348716818945
8A,Mutant,5.7749705997711646e-05
8S,Mutant,0.0408897191109115
8T,Mutant,0.010210026138053914
