sample,group,p_value
11I,Mutant,0.00017417709816107621
12I,Mutant,4.626905120715892e-14
4I,Mutant,0.0005374897578357956
8I,Mutant,3.442615861057629e-06
