sample,group,p_value
8,Mutant,0.00010800626100506594
12,Mutant,1.598504087621081e-07
