sample,group,p_value
12I,Mutant,0.0002690701971955148
8I,Mutant,0.00045898759244081304
