sample,group,p_value
11A,Mutant,0.032959869992899606
8A,Mutant,0.0070447198862705175
