sample,group,p_value
11A,Mutant,0.03295986999292517
8A,Mutant,0.007044719886237454
