sample,group,p_value
8,Mutant,0.013109382295405335
12,Mutant,0.0006562031052324327
