sample,group,p_value
A,Mutant,1.8257563307056746e-05
S,Mutant,0.048691908147283094
T,Mutant,0.00887759180481758
