sample,group,p_value
A,Mutant,1.825756330696595e-05
S,Mutant,0.048691908147092816
T,Mutant,0.008877591804845607
