sample,group,p_value
AI,Mutant,1.8257563306965853e-05
SI,Mutant,0.04869190814709273
TI,Mutant,0.0032162253270547315
