sample,group,p_value
AI,Mutant,1.8257563307056746e-05
SI,Mutant,0.04869190814728314
TI,Mutant,0.0032162253270440373
