sample,group,p_value
11I,Mutant,0.04308742706754885
12I,Mutant,1.7070341846097214e-07
4I,Mutant,0.0002105239916747046
8I,Mutant,0.008243858713648543
