sample,group,p_value
11Y,Mutant,0.00022804795916360167
12A,Mutant,0.0001693197391087844
12S,Mutant,0.002400041703975249
4A,Mutant,0.0023460648084226176
5A,Mutant,0.04194139898005939
8A,Mutant,0.004746731264167104
