sample,group,p_value
11I,Mutant,0.043087427067795996
12I,Mutant,1.7070341846005888e-07
4I,Mutant,0.0002105239916761884
8I,Mutant,0.008243858713573452
