sample,group,p_value
AI,Mutant,9.739426644706926e-09
TI,Mutant,0.00854465526129672
