sample,group,p_value
AI,Mutant,9.739426644636685e-09
TI,Mutant,0.008544655261356024
