sample,group,p_value
AI,Mutant,8.747329263526001e-16
TI,Mutant,1.8483985597980632e-07
VI,Mutant,0.0005302330096455171
