sample,group,p_value
A,Mutant,0.02851569058626374
I,Mutant,2.959780967049482e-09
