sample,group,p_value
A,Mutant,0.02851569058626086
I,Mutant,2.959780967032491e-09
