sample,group,p_value
11I,Mutant,2.1299022086360837e-05
12I,Mutant,0.025516392166101298
15I,Mutant,0.03335093078153737
7I,Mutant,0.034973248438982134
