sample,group,p_value
11G,Mutant,1.7120944840560829e-06
12G,Mutant,0.019416937124830735
7G,Mutant,4.314354689491074e-05
