sample,group,p_value
7,Mutant,0.04697523902821367
11,Mutant,1.2081911603446315e-05
