sample,group,p_value
G,void,0.5706470081422904
L,void,8.290727062893572e-07
R,void,0.0013640094786229906
G,clash,1.1138332317644221e-13
L,clash,0.000513968972977106
R,clash,1.3088768825027328e-17
