sample,group,p_value
4A,Mutant,0.02502910162035221
8A,Mutant,0.04093003464975709
