sample,group,p_value
11A,Mutant,1.2979546208563589e-05
12A,Mutant,4.930352695631897e-13
12S,Mutant,0.0018508798047060862
12T,Mutant,0.00037805983563181145
12V,Mutant,2.3313358852798305e-05
8A,Mutant,1.2026686984383063e-05
8T,Mutant,0.0015058536968576047
