sample,group,p_value
11I,Mutant,6.609250953527065e-06
12I,Mutant,3.634601504850717e-18
4I,Mutant,0.01599155743851346
8I,Mutant,6.371032384437183e-07
