sample,group,p_value
11I,Mutant,6.609250953514533e-06
12I,Mutant,3.6346015048204154e-18
4I,Mutant,0.015991557438525317
8I,Mutant,6.371032384432732e-07
