sample,group,p_value
8,Mutant,0.00033772336220599345
11,Mutant,0.02658374781668127
12,Mutant,8.196639005626121e-13
