sample,group,p_value
A,Mutant,1.440930252189147e-13
S,Mutant,0.025215966803583505
T,Mutant,3.3699462870363494e-07
V,Mutant,0.009543026371233861
