sample,group,p_value
A,Mutant,1.440930252180337e-13
S,Mutant,0.02521596680354737
T,Mutant,3.369946287034973e-07
V,Mutant,0.0095430263712219
