sample,group,p_value
AI,Mutant,1.4409302521891052e-13
LI,Mutant,0.043121468057687254
SI,Mutant,0.025215966803583813
TI,Mutant,3.225087934150921e-07
VI,Mutant,0.006842668963796762
