sample,group,p_value
11G,Mutant,8.983291473834666e-28
7G,Mutant,2.1409024191712694e-05
