sample,group,p_value
7,Mutant,2.140902419198065e-05
11,Mutant,9.10665820319327e-27
