sample,group,p_value
7,Mutant,2.1409024191712694e-05
11,Mutant,9.106658203386446e-27
