sample,group,p_value
7,Mutant,7.652493391163847e-05
11,Mutant,9.990498732289502e-22
