sample,group,p_value
11I,Mutant,0.02514206680455746
12I,Mutant,1.161039594859212e-06
4I,Mutant,0.02720173261983917
5A,Mutant,0.0014334660800853273
