sample,group,p_value
11I,Mutant,0.025142066804869675
12I,Mutant,1.1610395948666416e-06
4I,Mutant,0.0272017326194198
5A,Mutant,0.0014334660800774306
