sample,group,p_value
A,Mutant,1.793959862298766e-05
F,Mutant,0.0008394217840024664
L,Mutant,0.021744705890618894
T,Mutant,0.024977689897076622
V,Mutant,0.04279988104367535
