sample,group,p_value
AI,Mutant,3.460376301594287e-05
FA,Mutant,0.0009049823866522473
TI,Mutant,0.024977689897076612
