sample,group,p_value
AI,Mutant,3.4603763016426606e-05
FA,Mutant,0.0009049823866476046
TI,Mutant,0.02497768989715486
