sample,group,p_value
G,void,0.6339919035431456
L,void,0.0035272651370280095
R,void,0.01645544966353821
G,clash,4.038516537654128e-09
L,clash,0.04306351538718856
R,clash,2.9811985100679228e-15
