sample,group,p_value
11I,Mutant,4.651461489413691e-15
15I,Mutant,0.0033513684983697296
7I,Mutant,0.0005654525536416737
8A,Mutant,0.04491116901619418
