sample,group,p_value
7,Mutant,0.0021499391411017683
11,Mutant,8.816863705530078e-15
15,Mutant,0.03067945100327045
