sample,group,p_value
12I,Mutant,1.6126353141827986e-05
7I,Mutant,0.049317155798616195
