sample,group,p_value
G,clash,5.454525420163437e-06
L,clash,0.00699928536198487
R,clash,8.747775883628158e-09
G,void,0.6334608212793424
L,void,0.15478144117252457
R,void,0.04410727900799334
