sample,group,p_value
A,Mutant,0.04982478606210612
I,Mutant,2.3157640430259273e-09
