sample,group,p_value
11I,Mutant,0.028279543044078526
12I,Mutant,0.004205741543526581
8I,Mutant,0.0003161052818137048
