sample,group,p_value
11A,Mutant,0.014726776433992462
8A,Mutant,8.97334555273745e-05
8T,Mutant,0.028961262215374414
