sample,group,p_value
8,Mutant,0.0003199668199237528
12,Mutant,0.0036758669764058167
