sample,group,p_value
8,Mutant,0.00031996681992305944
12,Mutant,0.0036758669764130176
