sample,group,p_value
A,Mutant,3.012058105243973e-06
S,Mutant,0.020137349396326654
T,Mutant,0.015907160547005826
