sample,group,p_value
AI,Mutant,3.012058105255343e-06
SI,Mutant,0.020137349396323036
TI,Mutant,0.005134404872189929
