sample,group,p_value
11I,Mutant,2.4922610447955854e-06
15I,Mutant,0.010950007562015937
