sample,group,p_value
11G,Mutant,9.547796026414901e-08
12G,Mutant,0.008819322871574985
15G,Mutant,0.0005564464890440041
