sample,group,p_value
11G,Mutant,9.547796026372329e-08
12G,Mutant,0.008819322871555029
15G,Mutant,0.0005564464890415034
