sample,group,p_value
11I,Mutant,2.4922610447865984e-06
15I,Mutant,0.010950007561970012
