sample,group,p_value
11,Mutant,1.4744806043744699e-06
15,Mutant,0.01723085027202458
