sample,group,p_value
11,Mutant,1.4744806043809401e-06
15,Mutant,0.017230850272132742
