sample,group,p_value
G,clash,2.031799854385416e-11
L,clash,0.004681881882189901
R,clash,1.726631317174454e-10
G,void,0.14235903492190977
L,void,0.03317029658114095
R,void,0.07499680446606338
