sample,group,p_value
11A,Mutant,0.011401081988486501
12A,Mutant,0.0009269704166532097
12S,Mutant,0.016929571092039287
12T,Mutant,7.288693858304022e-05
12V,Mutant,0.00022083455150656597
3Y,Mutant,0.003091667615528789
8A,Mutant,0.00010860032529349151
8T,Mutant,0.04881932927790429
