sample,group,p_value
3,Mutant,0.0015971092258379254
8,Mutant,0.0048516292971163945
12,Mutant,4.011943485185111e-08
