sample,group,p_value
AI,Mutant,1.3277400523553513e-07
FA,Mutant,0.009418918805663513
TI,Mutant,7.1173470207205315e-06
VI,Mutant,2.4438000168665956e-05
