sample,group,p_value
AI,Mutant,1.32774005236034e-07
FA,Mutant,0.009418918805687132
TI,Mutant,7.11734702071068e-06
VI,Mutant,2.443800016870896e-05
