sample,group,p_value
AI,Mutant,0.009736674601365954
GI,Mutant,3.1088024485357946e-09
