sample,group,p_value
11I,Mutant,0.00013628996848893775
12I,Mutant,1.4269621595008637e-17
4I,Mutant,0.012666165886417212
8I,Mutant,8.35071522715689e-07
