sample,group,p_value
A,Mutant,1.1455012024484789e-14
T,Mutant,1.0656870940537039e-07
V,Mutant,0.008413878326965806
