sample,group,p_value
11,Mutant,6.208527744173297e-13
15,Mutant,0.021795949374025774
