sample,group,p_value
G,void,0.30778837359509126
L,void,0.24205655129344023
R,void,0.7959574039867415
G,clash,3.1262921868697093e-17
L,clash,0.00924131511453471
R,clash,2.919504057424288e-12
