sample,group,p_value
7,Mutant,0.04439756290399977
8,Mutant,0.021902557223704665
11,Mutant,2.1160546058800752e-20
15,Mutant,0.0012423937329689937
