sample,group,p_value
G,clash,1.058149795467754e-09
L,clash,0.001772088830529426
R,clash,5.3483228633413604e-21
G,void,0.930073301920846
L,void,8.699672492085785e-06
R,void,0.002225912045814976
