Sequence,Segments,Fluorescence,FluorStdDev,Rep1-Fluor,Rep2-Fluor,Rep3-Fluor,Sample,Average Percent GpA,LB-12H_M9-24H,LB-12H_M9-36H,LB-24H_M9-24H,LB-24H_M9-36H,LB-36H_M9-24H,LB-36H_M9-36H,std,Percent Error,mean,mean_transformed,Percent GpA,std_adjusted,Type,Mutant Type,percent_wt,wt_seq,position,wt_aa,mut_aa,mut_position,Mutant Type_x,Mutant Type_y
LLLAYLLGLLLGVLLGTLILI,0.0,26622.6850227904,2186.111322459042,27199.32784470646,28462.67162669608,24206.055596968647,G,125.863971481207,4075.9693343907607,6558.955858984602,4391.713903270049,7062.438758048573,4372.434684275807,7031.696322460959,3009.8820595276266,11.429484698750224,26334.363611832363,100088.01049554956,102.62976711395864,11439.543844872356,WT,,33.24633067287638,LLLALLLGLLLGVLLGTLILI,L4Y,L,Y,4,,
LLLALLLGLLLIVLLGTLILI,7.0,19906.83570179293,1760.078234523225,19636.52381528635,21786.43253101867,18297.550759073776,G,20.11146388254662,21.318531722477147,15.79185480391232,32.65746013652079,26.61423728670032,164.93321244253875,152.86415547837396,2467.011959700372,12.309215587913602,20041.991645046222,47527.804103546274,48.73478294187587,5850.299871306758,Mutant,,15.787356383234846,LLLALLLGLLLGVLLGTLILI,G11I,G,I,11,clash,clash
