sample,group,p_value
11A,Mutant,0.001486575727494845
12A,Mutant,6.983657004461269e-06
12T,Mutant,0.03801209274603837
4S,Mutant,0.047276692409754656
8A,Mutant,0.015076289540153841
8T,Mutant,0.00223601954803716
