sample,group,p_value
11A,Mutant,0.0014865757275001664
12A,Mutant,6.98365700450193e-06
12T,Mutant,0.03801209274601635
4S,Mutant,0.04727669240984874
8A,Mutant,0.015076289540116274
8T,Mutant,0.0022360195480260335
