sample,group,p_value
8,Mutant,0.00036689941432686813
12,Mutant,2.26437381774207e-06
