sample,group,p_value
AI,Mutant,9.436330723505415e-10
TI,Mutant,7.414374716786913e-06
