sample,group,p_value
AI,Mutant,9.436330723452227e-10
TI,Mutant,7.414374716828711e-06
