sample,group,p_value
G,void,0.8264348915101934
L,void,0.1478319819097337
R,void,0.0020782149909708385
G,clash,2.9794930394242508e-09
L,clash,1.0664797685261074e-05
R,clash,1.1709634122238273e-21
