sample,group,p_value
G,void,0.8264348915120163
L,void,0.14783198190874908
R,void,0.002078214990958261
G,clash,2.979493039420107e-09
L,clash,1.0664797685344385e-05
R,clash,1.1709634122433138e-21
