sample,group,p_value
12I,Mutant,1.304150208784038e-05
4I,Mutant,0.009865043145188768
8I,Mutant,0.00045209836699182035
