sample,group,p_value
G,clash,1.6845846614499578e-14
L,clash,0.00024044775633559647
R,clash,3.7331014731205345e-15
G,void,0.11577497743521843
L,void,0.00014652824542389246
R,void,0.0025647349512028872
