sample,group,p_value
G,clash,1.2001833162765726e-14
G,void,0.3111626260169372
