sample,group,p_value
G,clash,1.2001833162815262e-14
G,void,0.3111626260160569
