sample,group,p_value
G,void,0.9868186718214793
L,void,0.14783198190973168
R,void,0.0020782149909708385
G,clash,7.989869967394023e-10
L,clash,1.0664797685261316e-05
R,clash,1.1709634122238695e-21
