sample,group,p_value
AI,Mutant,0.008341995628746433
FA,Mutant,0.03984857554471626
GI,Mutant,1.749130776945161e-07
