sample,group,p_value
AI,Mutant,0.006857681510911425
FA,Mutant,0.039848575544382626
GI,Mutant,1.7491307769618928e-07
