sample,group,p_value
11I,Mutant,0.014942787989927958
15I,Mutant,0.01073047223984142
