sample,group,p_value
11I,Mutant,0.01494278798980452
15I,Mutant,0.010730472239821275
