sample,group,p_value
11G,Mutant,0.0014849816321807934
15G,Mutant,0.020978914357902775
