sample,group,p_value
11,Mutant,0.03681262572649618
15,Mutant,0.012559255521899609
