sample,group,p_value
11,Mutant,0.03681262572643113
15,Mutant,0.012559255521855547
