sample,group,p_value
A,Mutant,0.021880924535325738
G,Mutant,4.6680897174831924e-05
