sample,group,p_value
A,Mutant,0.021880924535148578
G,Mutant,4.668089717504741e-05
