sample,group,p_value
11I,Mutant,3.109204507438937e-05
12I,Mutant,1.33902747432552e-22
4I,Mutant,0.013575175702845704
8I,Mutant,3.7317996215774035e-06
