sample,group,p_value
11I,Mutant,3.109204507435042e-05
12I,Mutant,1.3390274743245224e-22
4I,Mutant,0.013575175702827005
8I,Mutant,3.73179962158474e-06
