sample,group,p_value
11A,Mutant,1.627270150472944e-05
12A,Mutant,4.930352695650893e-13
12L,Mutant,0.014590516370527811
12S,Mutant,0.002460761582283232
12T,Mutant,1.3735339410840011e-05
12V,Mutant,5.3049547417880265e-05
8A,Mutant,2.6008754486261637e-05
8T,Mutant,0.0005067359931980408
