sample,group,p_value
A,Mutant,2.0015016711201888e-15
T,Mutant,6.057569902967348e-09
V,Mutant,0.009543026371221957
