sample,group,p_value
A,Mutant,2.0015016711180585e-15
T,Mutant,6.05756990297684e-09
V,Mutant,0.009543026371233727
