sample,group,p_value
AI,Mutant,2.0015016711201237e-15
LI,Mutant,0.04312146805768766
TI,Mutant,4.990171027819317e-09
VI,Mutant,0.00684266896378684
