sample,group,p_value
11G,Mutant,7.739991554525847e-07
12G,Mutant,0.012289272093705502
7G,Mutant,9.174179678667407e-06
