sample,group,p_value
AI,Mutant,2.1808512243368644e-06
TI,Mutant,0.011678655273079527
