sample,group,p_value
AI,Mutant,2.1808512243582833e-06
TI,Mutant,0.011678655273091922
