sample,group,p_value
A,Mutant,0.008937345825366214
S,Mutant,0.04003147666003854
