sample,group,p_value
A,Mutant,0.008937345825257657
S,Mutant,0.040031476660243245
