sample,group,p_value
AI,Mutant,0.008937345825366214
SI,Mutant,0.040031476660038486
