sample,group,p_value
11G,Mutant,7.433248253842068e-15
15G,Mutant,0.012585308950566598
7A,Mutant,0.04712497495645266
7G,Mutant,2.020645879178397e-05
