sample,group,p_value
11G,Mutant,1.5223001297157662e-16
15G,Mutant,0.0003886932645992117
7A,Mutant,0.016675433381709095
7G,Mutant,2.669565485541358e-07
