sample,group,p_value
7,Mutant,0.001529387675062269
11,Mutant,3.0173232714433805e-15
15,Mutant,0.006997801616418402
