sample,group,p_value
7,Mutant,0.004572080707821388
11,Mutant,4.4381648221569227e-14
15,Mutant,0.02138203087482272
