sample,group,p_value
A,Mutant,0.00012211854990975169
G,Mutant,2.654346651109821e-20
