sample,group,p_value
AI,Mutant,0.00024760048346618733
GI,Mutant,3.378915408126301e-20
