sample,group,p_value
AI,Mutant,0.014475423756276504
FA,Mutant,0.04467727318967968
