sample,group,p_value
AI,Mutant,5.12865979688079e-11
SI,Mutant,0.022377485455144692
TI,Mutant,5.383048966168049e-07
