sample,group,p_value
11I,Mutant,3.06057106441086e-15
12I,Mutant,0.041079279865082106
15I,Mutant,0.0015960840638281919
7I,Mutant,0.0007117579842454435
