Sample Name,Standard Deviation,512,Percent GpA,Percent Standard Deviation,Sequence,
L4,118.4187485,33727,51.56453302,0.181048047,LLLLAFLLTVLLLLLSIL,
LC9,2377.902507,32373.66667,45.12233823,3.314314758,LLLLAFLLTVLLLLLSIL,
LD23,1330.396933,35082,58.01466155,2.200060652,LLLLAFLLTVLLLLLSIL,
LC2,1404.90142,32686,46.60912062,2.003341484,LLLLAILLTLLAVLFSLL,
LD21,1803.55011,41084,86.58563676,3.801030443,LLLLAILLTLLAVLFSLL,
LWT3,2300.93807,40659,84.56253372,4.785487914,LLLLAILLTLLAVLFSLL,
RC8,1824.641426,36259.33333,63.61905366,3.20143671,LLLLTLLVALLSTLLIFL,
RD17,5504.504186,28788.66667,28.05686903,5.364581653,LLLLTLLVALLSTLLIFL,
RWT34,1871.413637,37803,70.96728127,3.513190433,LLLLTLLVALLSTLLIFL,
L8,1346.441359,38800.33333,75.71482974,2.627440785,LLLVALLTILLALLFSLL,
LC4,2625.962934,36166.33333,63.17635112,4.587104665,LLLVALLTILLALLFSLL,
LD9,1981.583794,33329.33333,49.67154327,2.95320414,LLLVALLTILLALLFSLL,
RC11,535.0003115,31128.66667,39.19583637,0.673648663,LLLYALLTTLLSVLLFLL,
RD2,165.7749478,32505.66667,45.75069024,0.233322958,LLLYALLTTLLSVLLFLL,
RWT3,1569.047588,39714.66667,80.06727809,3.163299106,LLLYALLTTLLSVLLFLL,
1G2,915.2311184,26761,18.40468408,0.629443578,,
2F12,2418.992352,32081,43.72917394,3.297295512,,
2H11,1610.239216,52029.33333,138.6880772,4.292212996,,
G3,502.6688771,25594,12.84948113,0.252365174,,
G83I,624.2907976,27452,21.69401161,0.493347363,,
Gpa,2539,43902,100,5.783335611,,
