sample,group,p_value
11A,Mutant,0.024278826311234892
12A,Mutant,0.0009340473319718632
12S,Mutant,0.017022172414733274
12T,Mutant,0.0004367362381772706
12V,Mutant,0.0019275277829641127
8A,Mutant,0.00011422453727118309
