sample,group,p_value
A,Mutant,2.0970961554735053e-08
F,Mutant,0.011461347705323343
S,Mutant,0.013600004068333182
T,Mutant,0.00017471188528383265
V,Mutant,0.0004304030627073577
