sample,group,p_value
7,Mutant,0.0014639578686685957
11,Mutant,1.2933526953960278e-23
15,Mutant,0.0035428975068227554
