sample,group,p_value
F,Mutant,0.021456877650359536
G,Mutant,7.551352157819178e-35
