sample,group,p_value
11Y,Mutant,0.016061582319553708
12S,Mutant,0.008182802438216298
4Y,Mutant,0.01873103435400153
5A,Mutant,0.017226969989553618
7L,Mutant,0.035484892528566146
