sample,group,p_value
5I,Mutant,0.010097701468719567
7I,Mutant,0.007197916660534118
