sample,group,p_value
A,Mutant,0.03101540286757579
T,Mutant,0.016673297828840975
