sample,group,p_value
AI,Mutant,0.03546880806624324
TI,Mutant,0.008097681138246925
