sample,group,p_value
11A,Mutant,0.009887411170028329
12A,Mutant,0.0009269704166532097
12S,Mutant,0.016929571092039287
12T,Mutant,7.288693858303994e-05
12V,Mutant,0.00022083455150656434
8A,Mutant,0.000107755019652516
