sample,group,p_value
8,Mutant,0.00736002468108162
12,Mutant,8.189741517976349e-08
