sample,group,p_value
A,Mutant,2.517134742573218e-07
F,Mutant,0.02359821957876186
S,Mutant,0.039070231129291824
T,Mutant,5.300908255218704e-05
V,Mutant,6.0350611440407606e-05
