sample,group,p_value
AI,Mutant,1.7414118367690206e-07
FA,Mutant,0.010031085818910572
SI,Mutant,0.034000227012390714
TI,Mutant,4.834053502887312e-05
VI,Mutant,2.4438000168665905e-05
