sample,group,p_value
A,Mutant,0.04593684801006916
I,Mutant,7.527517907311096e-19
