sample,group,p_value
11G,Mutant,1.0399457106279822e-12
12G,Mutant,0.022431217067992018
15G,Mutant,0.00620757844959603
7G,Mutant,2.020645879178397e-05
