sample,group,p_value
11G,Mutant,1.0399457106364016e-12
12G,Mutant,0.0224312170679216
15G,Mutant,0.00620757844959244
7G,Mutant,2.0206458791634382e-05
