sample,group,p_value
7,Mutant,0.01596776497589445
11,Mutant,2.402019067029192e-14
15,Mutant,0.005844307428785707
