sample,group,p_value
AI,Mutant,0.001032338760094387
GI,Mutant,1.7553615234884073e-17
