sample,group,p_value
7,Mutant,0.046670232967102085
11,Mutant,5.2514375524155356e-05
