sample,group,p_value
7,Mutant,0.04667023296722091
11,Mutant,5.584221499099764e-05
