sample,group,p_value
A,Mutant,0.007970673433031972
G,Mutant,1.409046297965348e-09
