sample,group,p_value
A,Mutant,0.00908352245144021
G,Mutant,1.4090462979658788e-09
