"","Var1","Freq","Mean","SD"
"1","A",1900,-0.287040477368421,7.9582251456151e-06
"2","C",1784,-0.314327132847534,1.94649333827628e-05
"3","F",1802,11.3360745283019,0.353033746226802
"4","G",1842,-0.189066798045603,1.31156079697064e-06
"5","I",1781,1.0000502953397,0.0263348092698005
"6","L",9844,-0.474752054772234,0.0894570457315616
"7","M",1871,-0.748740321753073,0.51381227981461
"8","S",1732,1.26268454965358,2.83184491756996e-05
"9","T",1884,0.351916718683652,0.0483360624737057
"10","V",1891,0.625642131147541,3.34567672974348e-05
"11","W",1813,8.0285789134032,0.246483896812869
"12","Y",1856,10.9201375,0.152988952422527
