"","Var1","Freq","Mean","SD"
"1","A",38999,-0.232592515577322,0.208262018737237
"2","C",2974,-0.18141342938803,0.452546931392786
"3","D",3073,0.227262488154897,0.390262947300606
"4","E",3151,-0.165730975245954,1.17872813265177
"5","F",24012,11.3578331892387,0.547538699559428
"6","G",26766,-0.132165795710977,0.215207962197333
"7","H",5930,-0.954720266677909,0.402333559943906
"8","I",32842,1.4156946991048,2.19967141213907
"9","K",2988,-0.681084917336011,0.310768901004732
"10","L",48065,-0.399398830379694,0.352762118466688
"11","M",12061,-0.631056583119144,0.631029861154023
"12","N",3004,0.0831452040279627,0.448414348103631
"13","Q",3034,-0.531469097099539,0.915107753657537
"14","R",2965,-2.67972833634739,2.1676312651214
"15","S",14937,1.15285099991966,0.41251477718851
"16","T",17821,0.475446401380394,0.421561509545581
"17","V",33345,1.0172136362909,1.92291481402542
"18","W",9032,8.03864895261293,0.41271706471029
"19","Y",9001,10.9561250361071,0.44718262733166
