sample,group,p_value
11Y,Mutant,8.997335658748606e-06
12A,Mutant,0.01267473277084682
12S,Mutant,0.01755061371677059
4A,Mutant,0.02084873767276133
