sample,group,p_value
AI,Mutant,0.002261454786826571
TI,Mutant,0.03068818432609899
