sample,group,p_value
11G,Mutant,1.7792061392086852e-15
12G,Mutant,0.03528367552938065
15G,Mutant,0.018152139175496563
3Y,Mutant,0.03646284290091665
7A,Mutant,0.011660109029851639
7G,Mutant,1.9714814517956224e-05
