sample,group,p_value
7,Mutant,0.0007537332899280714
11,Mutant,2.8676982445773207e-12
15,Mutant,0.014940284415835338
