sample,group,p_value
AI,Mutant,0.01739971198590152
GI,Mutant,4.7040231944848725e-18
TI,Mutant,0.009429771668196087
