sample,group,p_value
A,Mutant,1.7238411560791865e-07
L,Mutant,0.015521044445575763
T,Mutant,0.012476935647668686
