sample,group,p_value
11I,Mutant,0.000815787503691972
15I,Mutant,0.0020135067404536237
