sample,group,p_value
G,clash,1.0208043268143104e-06
G,void,0.683592521095435
