sample,group,p_value
G,clash,1.0208043268100878e-06
G,void,0.6835925210958205
