sample,group,p_value
11I,Mutant,1.9966183730689143e-06
12I,Mutant,0.010601692461684617
