sample,group,p_value
11I,Mutant,1.9966183730711124e-06
12I,Mutant,0.01060169246165195
