sample,group,p_value
A,Mutant,0.000360961918979819
L,Mutant,0.032028543856848994
