sample,group,p_value
A,Mutant,0.00036096191897436343
L,Mutant,0.032028543856945244
