sample,group,p_value
11I,Mutant,1.9978577178229538e-11
12I,Mutant,0.014478909206846498
15I,Mutant,0.004640597010509501
7I,Mutant,0.002979145547508507
