sample,group,p_value
11I,Mutant,1.9978577178325207e-11
12I,Mutant,0.014478909206710185
15I,Mutant,0.0046405970104799925
7I,Mutant,0.002979145547519837
