sample,group,p_value
11G,Mutant,3.768559509923708e-12
12G,Mutant,0.010312153670540352
15G,Mutant,0.005612176456055312
7G,Mutant,3.387106647839293e-07
