sample,group,p_value
11G,Mutant,3.768559509942843e-12
12G,Mutant,0.010312153670468454
15G,Mutant,0.0056121764560197905
7G,Mutant,3.3871066478036904e-07
