sample,group,p_value
7,Mutant,0.000963778919191485
11,Mutant,2.41596502683989e-12
15,Mutant,0.014987761189230342
