sample,group,p_value
7,Mutant,0.0009637789191968273
11,Mutant,2.4159650268545218e-12
15,Mutant,0.014987761189185605
