sample,group,p_value
11G,Mutant,4.447097585167369e-08
12G,Mutant,0.007126053966193721
15G,Mutant,0.0005538150494406703
