sample,group,p_value
11I,Mutant,1.7170118700582415e-06
15I,Mutant,0.004940763201357376
