sample,group,p_value
11G,Mutant,4.4470975851933725e-08
12G,Mutant,0.007126053966181268
15G,Mutant,0.0005538150494391051
