sample,group,p_value
7,Mutant,0.026295792640598108
11,Mutant,7.029382759923829e-06
15,Mutant,0.012065474468099406
