sample,group,p_value
7,Mutant,0.026295792640597428
11,Mutant,7.0293827598897495e-06
15,Mutant,0.012065474468076785
