sample,group,p_value
11I,Mutant,0.013780695071280092
12I,Mutant,2.0198694714004422e-13
15I,Mutant,0.03167743935402368
4I,Mutant,0.004466355803944464
8I,Mutant,5.685126943657121e-05
