sample,group,p_value
11A,Mutant,0.0018701124919554694
12A,Mutant,7.674894532047704e-11
12T,Mutant,0.0021691976786250775
8A,Mutant,0.00010018253122451572
8S,Mutant,0.04088971911085158
8T,Mutant,0.0014445085904600972
