sample,group,p_value
AI,Mutant,4.0750971247618855e-14
SI,Mutant,0.013562171585144828
TI,Mutant,2.3775048294581615e-07
