sample,group,p_value
AI,Mutant,4.075097124735944e-14
SI,Mutant,0.013562171585149338
TI,Mutant,2.3775048294513267e-07
