sample,group,p_value
11G,Mutant,1.4886710928574138e-13
15G,Mutant,0.006935299229685624
7G,Mutant,1.1592770680357262e-11
