sample,group,p_value
11I,Mutant,5.522834534965404e-13
15I,Mutant,0.008419015630664892
7I,Mutant,2.9762834981094945e-06
