sample,group,p_value
7,Mutant,5.669173524500716e-06
11,Mutant,7.466676940007883e-13
15,Mutant,0.008973936443811475
