sample,group,p_value
G,Mutant,4.0798512330327725e-22
L,Mutant,0.02671793508705935
