sample,group,p_value
GI,Mutant,1.478731586508777e-21
LA,Mutant,0.043497052479136995
YA,Mutant,0.04503233020197712
