sample,group,p_value
G,clash,4.626883675015606e-12
L,clash,0.0010158219129006631
R,clash,1.0445012204938731e-19
G,void,0.20506724115805416
L,void,0.00016849643119301187
R,void,0.007473519288702663
