sample,group,p_value
11G,Mutant,3.157110427814672e-16
7A,Mutant,0.028391175837174775
7G,Mutant,1.453418115445738e-07
