sample,group,p_value
7,Mutant,0.0007988577105280749
11,Mutant,9.454028733303285e-15
