sample,group,p_value
11I,Mutant,0.01075396157879942
12I,Mutant,3.275308070677558e-05
3A,Mutant,0.01945232299913513
8I,Mutant,2.305941459379364e-07
