sample,group,p_value
A,Mutant,2.746020255652045e-06
T,Mutant,0.00022844841742707055
V,Mutant,0.012358542036430085
Y,Mutant,0.004842507165122621
