sample,group,p_value
AI,Mutant,9.003652134680799e-06
TI,Mutant,0.00018828386189249322
VI,Mutant,0.0016510615026801999
YA,Mutant,0.006056402599666559
