Sequence	Interface	InterfaceSequence	Baseline	Dimer	Dimerw/Baseline	HBONDDimer	HBONDMonomer	IMM1Dimer	IMM1Monomer	Monomer	MonomerSasa	SequenceProbability	Total	VDWDimer	VDWMonomer	acceptCycleNumber	axialRotation	bestEnergyTotal	crossingAngle	currEnergyTotal	currEntropy	endAxialRotation	endCrossingAngle	endXShift	endZShift	energyComparison	entropyDiff	geometryNumber	prevEntropy	startEnergy	xShift	zShift	
LLLTGLLFALLGSLLSFLILI	133002200220023003311	L--TG--FA--GS--SF--LI	360.778	-12.1735	348.605	-84.0026	-75.819	-221.658	-268.481	-347.465	4484.23	3.5239e-05	57.2256	293.488	-3.16443	115	-62.06	349.405	-43.95	349.247	0.642213	-61.8444	-43.4552	6.70293	5.10806	0.158097	-0.398052	0	0.244161	335.291	6.64	5.38	
LLLTGLLYALLGGLLTFLILI	133002200220023003311	L--TG--YA--GG--TF--LI	334.363	-265.889	68.4743	-73.5893	-58.7288	-221.788	-268.312	-326.962	4555.81	1.23657e-05	2.14152	29.4884	0.0786954	118	-61.8444	68.9602	-43.4552	68.8847	0.410343	-61.4546	-43.5713	6.79023	4.84316	0.0755619	1.66533e-16	1	0.410343	61.0731	6.70293	5.10806	
