sample,group,p_value
7,Mutant,0.0063563673350251594
11,Mutant,1.8720639961459785e-05
