sample,group,p_value
G,clash,2.112594042302167e-09
L,clash,0.005011393446613599
R,clash,5.578710565525244e-09
G,void,0.6218926821595729
L,void,0.3115291385544994
R,void,0.5116905292647218
