sample,group,p_value
G,clash,2.112594042297782e-09
L,clash,0.005011393446604445
R,clash,5.578710565529156e-09
G,void,0.6218926821588445
L,void,0.31152913855416225
R,void,0.5116905292641318
