sample,group,p_value
11I,Mutant,1.997857717832557e-11
12I,Mutant,0.014478909206710185
15I,Mutant,0.007598044652789622
7I,Mutant,0.013645754408720614
