sample,group,p_value
11G,Mutant,2.0109529598094045e-12
12G,Mutant,0.008413515269845673
15G,Mutant,0.008616548543232926
7G,Mutant,9.174179678667407e-06
