sample,group,p_value
11I,Mutant,1.9978577178229538e-11
12I,Mutant,0.014478909206846498
15I,Mutant,0.007598044652810917
7I,Mutant,0.013645754408679956
