sample,group,p_value
11G,Mutant,2.010952959798133e-12
12G,Mutant,0.008413515269913359
15G,Mutant,0.008616548543250946
7G,Mutant,9.174179678794249e-06
