sample,group,p_value
7,Mutant,0.008421549804673956
11,Mutant,2.4159650268545218e-12
15,Mutant,0.03909442125235325
