sample,group,p_value
7,Mutant,0.008421549804637784
11,Mutant,2.41596502683989e-12
15,Mutant,0.03909442125238932
