Protein < Monomer,Protein > Monomer,Sample
0.6284074605451937,0.3715925394548063,G
0.6765714285714286,0.32342857142857145,L
0.6223776223776224,0.3776223776223776,R
