Protein < Monomer,Protein > Monomer,Sample
0.3780487804878049,0.6219512195121951,G
0.5570469798657718,0.4429530201342282,L
0.55,0.45,R
