sample,group,p_value
G,clash,5.349039151335362e-08
G,void,0.6093528141384255
