sample,group,p_value
G,clash,1.359525383427271e-38
L,clash,0.00049917155991196
R,clash,1.9956488648183376e-05
G,void,0.006245361823299048
L,void,0.11406793605142539
R,void,0.0016417020469012794
