sample,group,p_value
G,void,0.004330566227407268
L,void,0.05398892049758802
R,void,0.0016417020469012941
G,clash,7.983421872442381e-38
L,clash,0.0004991715599119637
R,clash,1.9956488648183416e-05
