sample,group,p_value
7,Mutant,0.023989467293383922
11,Mutant,2.3938315472866933e-05
