sample,group,p_value
11I,Mutant,6.808919420331012e-20
12I,Mutant,0.018102248320889573
15I,Mutant,4.050638759079971e-05
7I,Mutant,3.376882617835013e-08
