sample,group,p_value
11G,Mutant,1.5280919885587384e-20
12G,Mutant,0.0015566877348589872
15G,Mutant,0.0006833141739871896
7G,Mutant,3.389755944773008e-14
