sample,group,p_value
7,Mutant,3.2361078575875e-07
11,Mutant,3.1550630751715596e-21
15,Mutant,9.32991576214712e-05
