sample,group,p_value
A,Mutant,0.04165304657623831
G,Mutant,7.584835347303201e-33
L,Mutant,0.017046525198137482
