sample,group,p_value
AI,Mutant,0.04165304657623831
GI,Mutant,7.584835347303201e-33
LA,Mutant,0.022348919388866517
