sample,group,p_value
11G,Mutant,0.00036958239847045734
12G,Mutant,0.025865418467760203
15A,Mutant,0.009464234908076057
7G,Mutant,3.207429279484766e-07
