sample,group,p_value
11G,Mutant,0.0003695823984712356
12G,Mutant,0.02586541846778983
15A,Mutant,0.009464234908005128
7G,Mutant,3.207429279436206e-07
