sample,group,p_value
7,Mutant,0.04560434620070149
11,Mutant,0.0011290627380460122
