sample,group,p_value
7,Mutant,0.04560434620082572
11,Mutant,0.001181101434031422
