sample,group,p_value
11I,Mutant,0.00021176972727966078
12I,Mutant,3.876541733791514e-07
7A,Mutant,1.6456843495076476e-05
8I,Mutant,3.87366555362157e-07
