sample,group,p_value
11A,Mutant,0.00018958782158793474
12A,Mutant,0.006126412218481524
12T,Mutant,0.0009791618392347172
12V,Mutant,0.033242406323850886
3Y,Mutant,0.03492862146182378
7I,Mutant,0.001095815073922681
8A,Mutant,4.354434982947149e-05
