sample,group,p_value
3,Mutant,0.010708687314288081
7,Mutant,0.024223530819759077
8,Mutant,0.0005688877405353502
12,Mutant,2.496088643306357e-07
