sample,group,p_value
A,Mutant,3.203936687946879e-11
I,Mutant,0.0008641502650932428
T,Mutant,0.00013303553569059834
