sample,group,p_value
AI,Mutant,7.734822525811569e-11
TI,Mutant,0.00012426537861277492
