Sequence	Interface	InterfaceSequence	Baseline	Dimer	Dimerw/Baseline	HBONDDimer	HBONDMonomer	IMM1Dimer	IMM1Monomer	Monomer	MonomerSasa	SequenceProbability	Total	VDWDimer	VDWMonomer	acceptCycleNumber	axialRotation	bestEnergyTotal	crossingAngle	currEnergyTotal	currEntropy	endAxialRotation	endCrossingAngle	endXShift	endZShift	energyComparison	entropyDiff	geometryNumber	prevEntropy	startEnergy	xShift	zShift	
LLLTFLLGTLLGWLLGTLILI	133002200310021003212	L--TF--GT-LGW-LGT--L-	353.639	-377.121	-23.4816	-79.0898	-72.5471	-224.398	-273.368	-349.4	4556.95	1.03042e-06	-31.6175	-73.633	-3.48467	97	-84.8596	-21.6156	-39.3311	-22.788	0.693609	-84.9036	-39.6025	6.87977	5.04927	1.1724	-0.47406	1	0.219549	-27.7211	6.86104	5.00622	
LLLYYLLGTLLGWLLGTLILI	133002200310021003212	L--YY--GT-LGW-LGT--L-	344.459	-368.474	-24.0151	-82.439	-72.5471	-226.02	-277.651	-342.059	4598.4	5.73758e-07	-29.8197	-60.0151	8.13944	109	-84.9036	-23.6117	-39.6025	-23.6454	0.369715	-85.0608	-39.0981	6.8431	5.0914	0.0336233	0.0842512	2	0.453966	-26.4149	6.87977	5.04927	
