sample,group,p_value
A,Mutant,1.122943552520775e-13
S,Mutant,0.013697620358186276
T,Mutant,3.3699462870363054e-07
V,Mutant,0.009543026371233871
