sample,group,p_value
11I,Mutant,0.0001618738837230977
12I,Mutant,3.307360646630063e-23
4I,Mutant,0.01891621976008752
8I,Mutant,2.6055614563380693e-08
