sample,group,p_value
8,Mutant,1.2062993521078383e-05
12,Mutant,4.6050716169185013e-17
