sample,group,p_value
8,Mutant,1.206299352113477e-05
12,Mutant,4.6050716169410615e-17
