sample,group,p_value
12I,Mutant,4.536577184483103e-06
4I,Mutant,0.014051470109796991
5A,Mutant,0.03401535650646614
8A,Mutant,0.04764630952634333
