sample,group,p_value
12A,Mutant,0.001276360860452512
12S,Mutant,0.04600454382228641
4A,Mutant,0.014522540835952988
8A,Mutant,0.0007795350980203967
