sample,group,p_value
A,Mutant,2.0938170246245997e-06
T,Mutant,0.012204498848663143
