sample,group,p_value
AI,Mutant,1.019898712782444e-07
IA,Mutant,0.009160764823990138
TI,Mutant,0.02623497369263469
