sample,group,p_value
A,Mutant,0.00853947254587644
I,Mutant,1.6101366080023068e-06
