sample,group,p_value
A,Mutant,0.008539472545855974
I,Mutant,1.610136608014753e-06
