sample,group,p_value
12A,Mutant,4.50062980548236e-05
12S,Mutant,0.008570725345182634
4A,Mutant,0.007773746096580938
8A,Mutant,0.0008587925949281769
