sample,group,p_value
11I,Mutant,0.03114187627389611
12I,Mutant,5.2619037889938354e-08
4I,Mutant,0.000831186339913074
8A,Mutant,0.033054397713105726
8I,Mutant,0.01374345352570593
