sample,group,p_value
AI,Mutant,8.035168933492708e-09
TI,Mutant,0.0050502575976429905
