sample,group,p_value
AI,Mutant,8.035168933527976e-09
TI,Mutant,0.005050257597621753
