sample,group,p_value
G,void,0.39573935676812055
L,void,0.003556236996093614
R,void,0.0165134354440744
G,clash,1.8174154153545895e-19
L,clash,1.110318827332859e-05
R,clash,4.351343118880201e-22
