sample,group,p_value
G,clash,5.032257957338814e-19
L,clash,1.3370959352963636e-05
R,clash,9.28796839652756e-22
G,void,0.33115131879413406
L,void,0.00304267966883394
R,void,0.015146745624310365
