sample,group,p_value
G,void,0.395739356769893
L,void,0.0035562369961124147
R,void,0.016513435444159893
G,clash,1.8174154153643782e-19
L,clash,1.1103188273398643e-05
R,clash,4.351343118878951e-22
