sample,group,p_value
11A,Mutant,0.0009056077518952117
12A,Mutant,4.785270556939551e-05
12S,Mutant,0.029165348525656436
12T,Mutant,6.725051325587002e-05
12V,Mutant,0.004300901846591315
3Y,Mutant,0.003635762630025038
8A,Mutant,3.2347013141376774e-05
