sample,group,p_value
11I,Mutant,0.000526141095509734
12I,Mutant,7.764351885031933e-12
3A,Mutant,0.03965654299901962
4I,Mutant,0.04026446781669504
8I,Mutant,1.1961035815743672e-06
