sample,group,p_value
3,Mutant,0.026873831156708796
8,Mutant,0.0013954057469191487
12,Mutant,3.510646916298697e-07
