sample,group,p_value
A,Mutant,1.4751951488504075e-10
T,Mutant,2.7377716787772473e-05
V,Mutant,0.04229233022644396
