sample,group,p_value
AI,Mutant,5.794189190347962e-11
TI,Mutant,3.247739627195753e-05
