sample,group,p_value
FA,Mutant,0.04188606652592893
SI,Mutant,0.04237555629042036
