sample,group,p_value
FA,Mutant,0.041886066526159074
SI,Mutant,0.04237555629050268
