Sequence,Mutant,Region,Mutant Type,CHARMM_IMM1,CHARMM_IMM1REF,CHARMM_VDW,Dimer,HBONDMonomer,IMM1Monomer,Monomer,MonomerSasa,SCWRL4_HBOND,VDWMonomer,Mutant_DimerSasa,Mutant_MonomerSasa,Mutant_Position_MonomerSasa,Mutant_Position_Sasa,WT_DimerSasa,WT_MonomerSasa,WT_Position_MonomerSasa,WT_Position_Sasa,Total,Interface,Position,WT_AA,SasaDifference,SasaPercDifference,Mutant_SASA_no_alanine,SASA_no_wt_position,DimerSasaDifference,Segment,PercentGpA_transformed,std_adjusted,Sample,LB-12H_M9-36H,wt_seq,Fluorescence,FluorStdDev,Percent GpA
LLLYGLLFALLGILLTLLILI,LLLYGLLAALLGILLTLLILI,GAS,void,,,,,,,,,,,3682.08,4555.69,43.8937,28.9653,3651.6,4660.34,133.949,102.18,-19.6027,1.1e+17,7,F,100.6301,22.35056183,3653.1147,3549.42,103.6947,0.0,0.2505226495556187,0.0186347523617454,G,99999900.0,LLLFGLLAALLGILLTLLILI,18837.058548804955,1381.6296050062322,22.670796114053083
LLLYFLLALLLGVLLGTLILI,LLLYALLALLLGVLLGTLILI,GAS,void,,,,,,,,,,,3612.98,4632.3,50.3131,42.5881,3577.33,4717.21,137.2,98.3766,-23.3014,1.1e+17,4,F,95.8871,30.75503773,3570.3919,3478.9534,91.4385,1.0,0.254168770477624,0.0126029764636479,G,99999900.0,LLLAALLALLLGVLLGTLILI,18863.366106419428,1413.4502027965866,22.903539516052174
LLLFALLLLLVTLLYSLLILI,LLLAALLLLLVTLLYSLLILI,Left,void,,,,,,,,,,,3369.2,4122.9,54.8724,105.815,3449.49,4264.16,157.067,270.168,-17.4217,1.1e+17,3,F,63.9158,62.34283937,3263.385,3179.322,84.063,3.0,0.3260498753218601,0.044415738963097,L,99999900.0,LLLAALLLLLVTLLFSLLILI,28249.55656223972,945.503429904032,35.66760467149934
LLLYYLLVFLLATLLSLLILI,LLLYYLLVALLATLLSLLILI,Right,void,,,,,,,,,,,3562.38,4232.27,52.3783,55.819,3525.69,4362.68,151.119,139.628,-11.8168,1.1e+17,8,F,75.5106,42.50298486,3506.561,3386.062,120.499,4.0,0.3149790885077622,0.030182142197338,R,99999900.0,LLLYTLLVALLATLLSLLILI,24732.348230943226,1650.013923362971,27.79534439894432
LLLYFLLVALLTLLLSILILI,LLLYALLVALLTLLLSILILI,Right,void,,,,,,,,,,,3544.47,4152.64,49.4187,35.3736,3529.7,4293.82,152.678,118.567,-9.13618,1.1e+17,4,F,103.1016,25.54507955,3509.0964,3411.133,97.9634,5.0,0.4267837028904811,0.0910987484304162,R,99999900.0,LLLFALLVALLTLLLSILILI,25305.15831566149,1204.5326220219224,47.93144640820684
