sample,group,p_value
G,clash,6.626904196554689e-24
G,void,0.01602589323898098
