sample,group,p_value
G,void,0.9868186718195875
L,void,0.147831981908749
R,void,0.0020782149909583086
G,clash,7.989869967393357e-10
L,clash,1.0664797685344385e-05
R,clash,1.1709634122432297e-21
