sample,group,p_value
11G,Mutant,1.9450254192507427e-15
15G,Mutant,0.018682460575699777
7A,Mutant,0.02839117583714491
7G,Mutant,6.684635562896773e-07
