sample,group,p_value
11I,Mutant,2.7467280681278266e-14
15I,Mutant,0.014271547394732161
7I,Mutant,0.0008494050796295883
