sample,group,p_value
11I,Mutant,2.5946265371670364e-14
15I,Mutant,0.014271547394799525
7I,Mutant,0.0008494050796243478
