sample,group,p_value
7,Mutant,0.001822659756965012
11,Mutant,9.488676220855702e-14
