sample,group,p_value
7,Mutant,0.0018226597569843063
11,Mutant,1.0018796435231355e-13
