sample,group,p_value
A,Mutant,0.032311948380647805
G,Mutant,4.390665712623925e-18
