sample,group,p_value
A,Mutant,0.029544939737973216
G,Mutant,4.390665712826272e-18
