sample,group,p_value
11A,Mutant,3.1361948076450593e-06
12A,Mutant,0.00460434585988123
12S,Mutant,0.021107385468875424
12T,Mutant,0.0027957472672404753
12V,Mutant,0.0008064489879772987
12Y,Mutant,0.01448894723349546
7I,Mutant,0.022832061372777372
8A,Mutant,0.005999644512208915
