sample,group,p_value
11I,Mutant,7.796365228804052e-07
12I,Mutant,5.95515160553691e-08
7A,Mutant,0.023536066107151685
8I,Mutant,0.004918995311704745
