sample,group,p_value
7,Mutant,0.004838234652487984
11,Mutant,0.002373333742328263
12,Mutant,0.000135039470536432
