sample,group,p_value
A,Mutant,8.981526445473484e-10
F,Mutant,0.0072584576851118165
I,Mutant,0.04192027053542292
S,Mutant,0.012588659824628918
T,Mutant,0.0016935794375976183
V,Mutant,0.0009719873684078938
Y,Mutant,0.00576085346834081
