sample,group,p_value
AI,Mutant,4.471159936825769e-10
SI,Mutant,0.004920737423496257
TI,Mutant,0.01069161162448469
VI,Mutant,0.0024033054818651746
YA,Mutant,0.00576085346834081
