sample,group,p_value
11I,Mutant,0.0031801843367097716
12I,Mutant,2.5542666901979512e-11
4A,Mutant,0.04134272330210781
8I,Mutant,0.00047401987759554414
