sample,group,p_value
11I,Mutant,0.0031801843367206626
12I,Mutant,2.5542666901734738e-11
4A,Mutant,0.04134272330200575
8I,Mutant,0.0004740198775947387
