sample,group,p_value
11A,Mutant,0.018854135128127
12A,Mutant,0.0020189990582518903
12S,Mutant,0.01702217241467829
12T,Mutant,0.0004367362381769775
12V,Mutant,0.0018639048218451902
8A,Mutant,0.00016700814469035525
