sample,group,p_value
8,Mutant,0.019326784584808788
12,Mutant,1.756645929734683e-06
