sample,group,p_value
8,Mutant,0.019326784584819387
12,Mutant,1.7566459297441774e-06
