sample,group,p_value
A,Mutant,6.1321684442100424e-09
F,Mutant,0.030542629568825787
S,Mutant,0.020246793741813162
T,Mutant,0.0003496453420044922
V,Mutant,0.0025778068217976392
