sample,group,p_value
11A,Mutant,2.992803303789106e-05
12A,Mutant,2.1302328051791235e-12
12L,Mutant,0.004937926985694189
12S,Mutant,0.002460761582283302
12T,Mutant,0.00013524179870006662
12V,Mutant,2.064890745119326e-05
4A,Mutant,0.02800923787237411
8A,Mutant,0.00011988020094797164
8T,Mutant,0.0017574163345659118
