sample,group,p_value
A,Mutant,6.056739001493458e-14
F,Mutant,0.011636231306103955
T,Mutant,7.395770825024411e-08
V,Mutant,0.006367433928711016
