sample,group,p_value
11G,Mutant,2.669842380902412e-06
12G,Mutant,0.009499092397964325
