sample,group,p_value
11G,Mutant,2.6698423809137235e-06
12G,Mutant,0.009499092397933631
