sample,group,p_value
11I,Mutant,0.00062333059936636
12I,Mutant,0.03492303504001192
15I,Mutant,0.013935202750141143
