sample,group,p_value
11I,Mutant,0.0006233305993685648
12I,Mutant,0.03492303504001997
15I,Mutant,0.01393520275016687
