sample,group,p_value
11,Mutant,0.0002981396881791934
15,Mutant,0.033407191157260714
