sample,group,p_value
11,Mutant,0.00029813968817791873
15,Mutant,0.033407191157167546
