Sequence,Segments,Fluorescence,FluorStdDev,Rep1-Fluor,Rep2-Fluor,Rep3-Fluor,Sample,LB-12H_M9-36H,LB-36H_M9-36H,std,Percent Error,mean,mean_transformed,Percent GpA,std_adjusted,Type,Mutant Type,percent_wt,wt_seq,position,wt_aa,mut_aa,mut_position
LLLAYLLGVLLGLLLGFLILI,13.0,31645.96643,2181.163442,32689.47276,33109.3568,29139.06973,D,2114.799586,2847.63252,2181.163439569546,6.892390044065233,31645.96643,31078.53361763737,105.89885317376988,2142.053756903505,WT,,131.5416430839492,LLLAYLLTVLLGLLLGFLILI,T7G,T,G,7
LLLAYLLGVLLGTLLGLLILI,13.0,31244.78799,1599.244043,31544.1042,32673.22647,29517.03329,D,2645.969905,2920.912594,1599.2440383014675,5.118434597744511,31244.787986666663,30303.21573621641,103.25698867984792,1551.05027847166,WT,,138.331578787291,LLLAYLLFVLLGTLLGLLILI,F7G,F,G,7
LLLYLLLAVLLGTLLGFLILI,13.0,26617.77396,1471.785251,27081.52676,27801.82547,24969.96966,D,194.1785561,206.0699855,1471.7852507991126,5.529332591172103,26617.773963333337,21361.04356946536,72.78689671888327,1181.123143900921,WT,,130.0432242180508,LLLYLLLAVLLGTLLAFLILI,A15G,A,G,15
LLLYLLLAVLLGTLLIFLILI,15.0,26417.96275,1791.854298,27141.73883,27734.72088,24377.42854,D,-49.39078155,-33.38884365,1791.8542977990126,6.782711879624453,26417.962749999995,20974.88820847793,71.47108785934736,1422.6662342543814,Mutant,clash,127.69236116079483,LLLYLLLAVLLGTLLAFLILI,A15I,A,I,15
LLLYLLLAVLLLTLLAFLILI,17.0,26497.29727,1684.483783,27415.80405,27522.88212,24553.20564,D,-5.857694747,-7.149747056,1684.4837866972098,6.357190960016768,26497.29727,21128.21018524936,71.99352632784755,1343.1606679100144,Mutant,clash,128.62576519314013,LLLYLLLAVLLGTLLAFLILI,G11L,G,L,11
LLLYLLLLVLLGTLLAFLILI,17.0,26812.29103,2122.35162,27129.37469,28758.26098,24549.23741,D,-81.35212357,-80.99743781,2122.3516179861776,7.915592203125622,26812.29102666667,21736.96745059602,74.06784222236666,1720.6097007153328,Mutant,clash,132.33179937140497,LLLYLLLAVLLGTLLAFLILI,A7L,A,L,7
LLLAYLLGVLLGLLLASLILI,6.0,29868.26656,4896.60239,25405.24851,29093.47929,35106.07187,G,5.679110787,54.80051087,4251.54498582992,13.244781027313088,32099.77558,37501.78677680486,126.30220547552769,4967.029539917658,Mutant,void,128.54104108271693,LLLAYLLGVLLGLLLAFLILI,F16S,F,S,16
LLLAALLGLLLGVLLGTLILI,6.0,26119.15828,2104.828631,26821.688,27782.87297,23752.91388,G,344.3889149,328.3706521,2849.6114004433684,11.058767410449924,25767.893425,29358.44775829704,98.87626750372404,3246.6824529085197,Mutant,void,134.92918767267014,LLLAALLALLLGVLLGTLILI,A7G,A,G,7
