sample,group,p_value
11A,Mutant,0.0015002234187670113
12A,Mutant,1.614587580487443e-08
12T,Mutant,0.014762251143738296
4S,Mutant,0.04727669240984879
8A,Mutant,0.0023153892201514146
8T,Mutant,0.0016630993255046876
