sample,group,p_value
8,Mutant,0.00017867028813354875
12,Mutant,8.993507667111346e-08
