sample,group,p_value
G,clash,5.5036210479593534e-14
G,void,0.40996646851422036
