sample,group,p_value
11G,Mutant,3.96200318622606e-06
12G,Mutant,0.006829850655815888
7G,Mutant,9.174179678794198e-06
