sample,group,p_value
11I,Mutant,2.1806336187192025e-05
12I,Mutant,0.01542081285705817
15I,Mutant,0.007814792776355934
7I,Mutant,0.02574778911914203
