sample,group,p_value
11G,Mutant,3.962003186240092e-06
12G,Mutant,0.006829850655794078
7G,Mutant,9.174179678667407e-06
