sample,group,p_value
11I,Mutant,2.180633618723545e-05
12I,Mutant,0.01542081285694888
15I,Mutant,0.007814792776312562
7I,Mutant,0.025747789119158152
