sample,group,p_value
7,Mutant,0.037243533959934995
11,Mutant,1.633738644187434e-05
15,Mutant,0.019637265214200995
