sample,group,p_value
7,Mutant,0.03724353395984762
11,Mutant,1.6337386441805957e-05
15,Mutant,0.019637265214269603
