Sequence,Segments,Fluorescence,FluorStdDev,Rep1-Fluor,Rep2-Fluor,Rep3-Fluor,Sample,LB-12H_M9-36H,LB-36H_M9-36H,std,Percent Error,mean,mean_transformed,Percent GpA,std_adjusted,Type,Mutant Type,percent_wt,wt_seq,position,wt_aa,mut_aa,mut_position
LLLTYLLLILLGALLGFLILI,13.0,27908.89283,1951.655491,28628.11277,29398.87773,25699.688,D,-89.02688569,-88.70295465,1951.655490246287,6.992952038266824,27908.89283333333,23856.261255225392,81.28925061343566,1668.2569077015426,WT,,89.66184835793291,LLLTYLLLILLGALLGWLILI,W16F,W,F,16
LLLFLLLGLLLGVLLGTLILI,13.0,29271.54428,1976.375664,30270.11636,30549.39108,26995.12541,D,-43.26000037,-32.61457129,1976.3756620285835,6.751866737532857,29271.544283333333,26489.722880309208,90.26266517039664,1788.550788020228,WT,,86.06363669082255,LLLALLLGLLLGVLLGTLILI,A3F,A,F,3
