Sequence,Segments,Fluorescence,FluorStdDev,Rep1-Fluor,Rep2-Fluor,Rep3-Fluor,Sample,LB-12H_M9-36H,LB-36H_M9-36H,std,Percent Error,mean,mean_transformed,Percent GpA,std_adjusted,Type,Mutant Type,percent_wt,wt_seq,position,wt_aa,mut_aa,mut_position
LLLALLLGFLLGVLLGTLILI,13.0,31324.87979,2224.165813,32312.69884,32884.03472,28777.90579,D,-54.39590799,-48.23744016,2224.1658130591586,7.100317155063894,31324.879783333337,30458.001226670112,103.78441401235084,2162.614686186829,WT,,105.1641860349424,LLLALLLGILLGVLLGTLILI,I8F,I,F,8
LLLAYLLGVLLGFLLGLLILI,13.0,32352.44289,1735.305893,33946.0843,32607.53322,30503.71114,D,779.5822359,960.0942855,1735.3058957406283,5.363755379522811,32352.442886666668,32443.870760644008,110.55118456812818,1740.2098632494713,WT,,107.06411835318595,LLLAYLLGVLLGTLLGLLILI,T12F,T,F,12
