Sequence,Segments,Fluorescence,FluorStdDev,Rep1-Fluor,Rep2-Fluor,Rep3-Fluor,Sample,LB-12H_M9-36H,LB-36H_M9-36H,std,Percent Error,mean,mean_transformed,Percent GpA,std_adjusted,Type,Mutant Type,percent_wt,wt_seq,position,wt_aa,mut_aa,mut_position
LLLYTLLALLLGILLGFLILI,13.0,27165.12298,1951.257549,28057.66692,28510.47876,24927.22325,D,20.54862463,54.64354642,1951.257551060881,7.182951289183941,27165.122976666666,22418.850848165133,76.39133247094848,1610.3351360185022,WT,,106.36809574145656,LLLWTLLALLLGILLGFLILI,W3Y,W,Y,3
LLLAYLLALLLGFLLGTLILI,13.0,30249.32133,1965.213027,30478.00483,32090.18804,28179.77111,D,-58.24202822,-46.37438814,1965.2130291981728,6.496717754344178,30249.321326666668,28379.375822377588,96.70158155955072,1843.727947624464,WT,,109.90757277493432,LLLAALLALLLGFLLGTLILI,A4Y,A,Y,4
LLLYVLLGILLGLLLGFLILI,13.0,30108.11236,2917.773389,31244.51324,32286.70029,26793.12356,D,-44.47297891,-36.47181279,2917.773386756749,9.69098743735961,30108.112363333334,28106.47523135984,95.77168377303408,2723.794983755672,WT,,105.7096468206403,LLLTVLLGILLGLLLGFLILI,T3Y,T,Y,3
