sample,group,p_value
11I,Mutant,0.023410947728962767
12I,Mutant,0.0007242011482805346
4I,Mutant,0.029420208869238414
