sample,group,p_value
12A,Mutant,0.00038090642177832844
4A,Mutant,0.026889759731626165
8A,Mutant,0.041444919279634
