sample,group,p_value
11I,Mutant,0.023410947729291892
12I,Mutant,0.0007242011482819874
4I,Mutant,0.029420208868777824
