sample,group,p_value
A,Mutant,2.4879418905737847e-05
L,Mutant,0.018946662505265045
T,Mutant,0.024977689897076612
V,Mutant,0.04279988104367533
