sample,group,p_value
11A,Mutant,0.019282754151903947
12A,Mutant,0.0016339437878173113
12T,Mutant,0.023984895585970393
4A,Mutant,0.018399738820203997
8A,Mutant,0.012775819862074619
