sample,group,p_value
11I,Mutant,0.037330754810927055
12I,Mutant,9.048666367542152e-08
4I,Mutant,0.022971946245663545
7I,Mutant,0.04008492535178453
8I,Mutant,0.00287872802999829
