sample,group,p_value
8,Mutant,0.028142704818890713
12,Mutant,0.0001269222522955094
