sample,group,p_value
AI,Mutant,8.761041330670992e-09
SI,Mutant,0.004788155630928615
TI,Mutant,0.003956330484500135
