sample,group,p_value
AI,Mutant,8.761041330671215e-09
SI,Mutant,0.004788155630924933
TI,Mutant,0.00395633048450219
