sample,group,p_value
11G,Mutant,2.0812241008946716e-23
7G,Mutant,0.00029729704472245336
