sample,group,p_value
7,Mutant,0.00029729704472001396
11,Mutant,2.0812241009617835e-23
