sample,group,p_value
11G,Mutant,5.6884588404893016e-15
12G,Mutant,0.04864094368806748
15G,Mutant,0.033126160730968086
7A,Mutant,0.015833094590495013
7G,Mutant,2.0206458791784036e-05
