sample,group,p_value
11A,Mutant,0.00028058028232241046
12A,Mutant,5.547678418277989e-10
12L,Mutant,0.004937926985694189
12S,Mutant,0.01313519856955384
12T,Mutant,0.0005109228284033165
12V,Mutant,0.0004616857591047957
16L,Mutant,0.004979178738650323
4A,Mutant,0.002223934871687771
8A,Mutant,1.0142701733200155e-05
8S,Mutant,0.04088971911085162
8T,Mutant,0.0007344381141236359
