sample,group,p_value
11I,Mutant,2.9636997217200094e-05
12I,Mutant,3.2250782727277564e-17
4I,Mutant,0.000180333094804046
8I,Mutant,3.4145143883344034e-08
