sample,group,p_value
AI,Mutant,1.7069783180155193e-17
LI,Mutant,0.04895489160606906
SI,Mutant,0.0016085090488272729
TI,Mutant,1.704946188732198e-08
VI,Mutant,0.00018651884674101014
YA,Mutant,0.0009423588076129977
