sample,group,p_value
A,Mutant,0.01373569938841983
S,Mutant,0.02443455390434168
