sample,group,p_value
AI,Mutant,0.008126306782231528
SI,Mutant,0.039620872911250576
