sample,group,p_value
AI,Mutant,0.008126306782110206
SI,Mutant,0.03962087291144469
