sample,group,p_value
G,clash,1.0375699251673667e-05
G,void,0.7550648688344312
