sample,group,p_value
11G,Mutant,0.003193332638454729
15G,Mutant,0.0058684897048726994
7G,Mutant,5.289207563266006e-05
