sample,group,p_value
11G,Mutant,0.0031933326384306513
15G,Mutant,0.005868489704891584
7G,Mutant,5.2892075632835635e-05
