sample,group,p_value
7,Mutant,0.0029541790544393488
11,Mutant,0.01493671851017447
