sample,group,p_value
A,Mutant,0.0003677039420304727
G,Mutant,2.177402103258402e-07
