sample,group,p_value
AI,Mutant,0.000468056954749959
GI,Mutant,2.666231752519433e-07
