sample,group,p_value
11A,Mutant,0.007809652639655822
12A,Mutant,4.699193473047691e-10
12T,Mutant,0.004567783510269565
12V,Mutant,0.03772347027861876
3Y,Mutant,0.027243322377432162
4A,Mutant,0.018468681685342624
8A,Mutant,0.00019245695837941183
8S,Mutant,0.040889719110851645
8T,Mutant,0.0023119802168036453
