sample,group,p_value
8,Mutant,0.00040517789360156774
12,Mutant,1.1953333327508438e-07
