sample,group,p_value
G,void,0.733326764864699
L,void,0.033394536100342355
R,void,0.003644722162233441
G,clash,2.735884139891024e-09
L,clash,1.6473240301135554e-05
R,clash,5.585167665829667e-22
