sample,group,p_value
G,clash,1.6881834368628276e-43
L,clash,0.0004991715599119587
R,clash,1.9956488648183376e-05
G,void,0.004076710801604814
L,void,0.053988920497587765
R,void,0.0016417020469012829
