sample,group,p_value
G,clash,8.864922193841766e-08
G,void,0.7130647773565915
