sample,group,p_value
G,void,0.3450355498965051
L,void,0.007338540548266859
R,void,0.004583003304846216
G,clash,1.0959252176517726e-20
L,clash,6.148226862680405e-08
R,clash,5.010374421211744e-28
