sample,group,p_value
12I,Mutant,4.798071290280569e-05
4I,Mutant,0.003094340747141968
8I,Mutant,0.022250699872377714
