sample,group,p_value
12I,Mutant,4.7980712902655445e-05
4I,Mutant,0.003094340747100858
8I,Mutant,0.022250699872431508
