sample,group,p_value
11F,Mutant,0.04009974499950157
11S,Mutant,0.046316124360588684
11Y,Mutant,0.005127319603991463
12A,Mutant,0.0001693197391087844
4A,Mutant,0.011989520458012505
5A,Mutant,0.04194139898005971
