sample,group,p_value
11F,Mutant,0.040099744999370274
11S,Mutant,0.04631612436104842
11Y,Mutant,0.005127319604015168
12A,Mutant,0.0001693197391071478
4A,Mutant,0.011989520457874842
5A,Mutant,0.04194139898018131
