sample,group,p_value
A,Mutant,8.596189040783085e-06
F,Mutant,0.03695903343825609
T,Mutant,0.01947863103234318
