sample,group,p_value
A,Mutant,8.596189040689785e-06
F,Mutant,0.03695903343804634
T,Mutant,0.01947863103249041
