sample,group,p_value
AI,Mutant,2.810680297308594e-06
TI,Mutant,0.003897339323396687
YA,Mutant,0.03579677135324078
