sample,group,p_value
AI,Mutant,2.8106802972812607e-06
TI,Mutant,0.0038973393234249375
YA,Mutant,0.0357967713531795
