Mutant,Type,Mutant Type,Position,Sequence,Fluor Difference,Sample,PercentGpA_transformed,std_adjusted,toxgreen_fluor,toxgreen_std,WT_AA,mut_AA
LLLAFLLITLLGVLLGLLILI,Mutant,clash,7,LLLAFLLGTLLGVLLGLLILI,1.057674922221423,G,0.2722314326365019,0.041346836572218,6559.1741417992525,811.5143613154776,G,I
LLLAFLLGTLLIVLLGLLILI,Mutant,clash,11,LLLAFLLGTLLGVLLGLLILI,1.0411001926536565,G,0.2888061622042687,0.1150007906372237,6958.527502770851,2257.120517729872,G,I
LLLAALLGTLLGVLLGLLILI,Mutant,void,4,LLLAFLLGTLLGVLLGLLILI,0.3802546332461465,G,0.9496517216117784,0.0382307873988608,22881.013245239064,750.3556642839618,F,A
LLLAFLLGTLLGALLGLLILI,Mutant,void,12,LLLAFLLGTLLGVLLGLLILI,0.0461360273111035,G,1.2837703275468213,0.0524258316919709,30931.30376102289,1028.9617985683938,V,A
LLLAFLLGTLLGVLLGALILI,Mutant,void,16,LLLAFLLGTLLGVLLGLLILI,0.0030350660418352,G,1.3268712888160896,0.0943695142012796,31969.783072153263,1852.1904551793648,L,A
LLLTFLLGLLLIYLLASLILI,Mutant,clash,11,LLLTFLLGLLLGYLLASLILI,1.0027719127320494,G,0.2283842338562956,0.0976963902609285,5502.714901834444,1917.487051577091,G,I
LLLTFLLILLLGYLLASLILI,Mutant,clash,7,LLLTFLLGLLLGYLLASLILI,0.9116451713003458,G,0.3195109752879991,0.0377504456277817,7698.332653283297,740.9279963261342,G,I
LLLYVLLIALLGILLTLLILI,Mutant,clash,7,LLLYVLLGALLGILLTLLILI,0.7931414401631007,G,0.1606670705129542,0.0868000923589151,3871.130104884759,1703.6254127210757,G,I
LLLYVLLGALLIILLTLLILI,Mutant,clash,11,LLLYVLLGALLGILLTLLILI,0.7577051273940109,G,0.1961033832820441,0.0318321830626578,4724.936530306096,624.7702569778033,G,I
LLLYVLLGALLGALLTLLILI,Mutant,void,12,LLLYVLLGALLGILLTLLILI,-0.2014580735627535,G,1.1552665842388086,0.1789821878871637,27835.120406889368,3512.883401449102,I,A
LLLAYLLGVLLILLLAFLILI,Mutant,clash,11,LLLAYLLGVLLGLLLAFLILI,0.9240895396873036,G,0.1967898065900505,0.0374730653552115,4741.475289147988,735.483853630921,G,I
LLLAYLLGVLLGLLLIFLILI,Mutant,clash,15,LLLAYLLGVLLGLLLAFLILI,0.8040578290302711,G,0.3168215172470829,0.0255145574548144,7633.532554832367,500.7742191351119,A,I
LLLAALLGVLLGLLLAFLILI,Mutant,void,4,LLLAYLLGVLLGLLLAFLILI,-0.0311638844596207,G,1.1520432307369748,0.076694342449695,27757.45657238901,1505.2798593391544,Y,A
LLLAYLLGVLLGALLAFLILI,Mutant,void,12,LLLAYLLGVLLGLLLAFLILI,-0.0513519427872644,G,1.1722312890646185,0.3126135925372273,28243.869874680164,6135.666980463044,L,A
