sample,group,p_value
11I,Mutant,3.8243819684498045e-05
12I,Mutant,1.3590837620019606e-22
4A,Mutant,0.01455901988561344
4I,Mutant,0.007710369506080716
8I,Mutant,9.921910980779161e-06
