sample,group,p_value
8,Mutant,0.005382013326866121
12,Mutant,1.0865199944410734e-14
