sample,group,p_value
A,Mutant,3.720419432111429e-15
T,Mutant,9.049160428196e-09
V,Mutant,0.005364419950753018
