sample,group,p_value
G,clash,3.3690143613762545e-15
R,clash,
G,void,0.19219814596451062
R,void,
