sample,group,p_value
AI,Mutant,5.566583784437511e-07
TI,Mutant,0.00661145195841007
