Sequence	Interface	InterfaceSequence	Baseline	Dimer	Dimerw/Baseline	HBONDDimer	HBONDMonomer	IMM1Dimer	IMM1Monomer	Monomer	MonomerSasa	SequenceProbability	Total	VDWDimer	VDWMonomer	acceptCycleNumber	axialRotation	bestEnergyTotal	crossingAngle	currEnergyTotal	currEntropy	endAxialRotation	endCrossingAngle	endXShift	endZShift	energyComparison	entropyDiff	geometryNumber	prevEntropy	startEnergy	xShift	zShift	
LLLGALLTGLLTSLLYWLILI	013001300220032003211	LL-GAL-TG--TS--YW--LI	369.545	-368.711	0.833665	-88.0536	-88.0102	-228.073	-275.267	-368.418	4549.57	7.04256e-06	-4.89648	-52.5841	-5.14144	149	-25.5	1.21683	-36.33	1.10314	0.269472	-25.8223	-36.014	9.0587	5.99461	0.113696	0.326092	0	0.595564	-0.292747	8.99	5.88	
LLLYALLTGLLTSLLFWLILI	013001300220032003211	LL-YAL-TG--TS--FW--LI	363.144	-362.794	0.350144	-88.0536	-88.0133	-231.729	-283.594	-362.138	4676.57	1.62393e-05	-3.59837	-43.0111	9.46944	134	-25.8223	0.921297	-36.014	0.482245	0.132101	-25.7085	-36.1692	9.08076	5.9805	0.439051	0.820686	1	0.952787	-0.655908	9.0587	5.99461	
LLLYALLTGLLTSLLYWLILI	013001300220032003211	LL-YAL-TG--TS--YW--LI	365.8	-365.755	0.0455109	-88.0536	-88.0102	-233.579	-285.503	-366.261	4702.36	4.05983e-06	-3.38673	-44.1225	7.25207	142	-25.7085	0.717925	-36.1692	0.641074	0.595564	-25.7366	-36.4493	9.04623	5.94459	0.0768506	-0.326092	2	0.269472	0.506146	9.08076	5.9805	
