sample,group,p_value
G,clash,4.1834884412673115e-09
L,clash,8.90865987356384e-05
R,clash,5.316235243215495e-14
G,void,0.5050420073667405
L,void,0.3119310512068387
R,void,0.16648503598848674
