sample,group,p_value
11I,Mutant,3.198353301718036e-30
15I,Mutant,0.0021837012890099936
7I,Mutant,1.6512826332418554e-05
