sample,group,p_value
11A,Mutant,0.0006283804256230083
12A,Mutant,6.036278106409418e-05
12S,Mutant,0.031226973694341662
12T,Mutant,0.0035129104045653822
12V,Mutant,0.0025341547320224212
3Y,Mutant,0.03915386293791922
8A,Mutant,5.432787083142302e-06
