sample,group,p_value
11I,Mutant,0.000503390013076666
12A,Mutant,0.011469188625238913
12I,Mutant,1.128932681401814e-08
3A,Mutant,0.04339758465228986
8I,Mutant,4.945052894922982e-07
