sample,group,p_value
3,Mutant,0.038033421805466996
8,Mutant,0.0023782934836726216
12,Mutant,5.569123878597292e-07
