sample,group,p_value
A,Mutant,1.634391900517464e-10
T,Mutant,0.00041525997222102186
V,Mutant,0.0032424501463680483
