sample,group,p_value
AI,Mutant,2.29660372541988e-10
TI,Mutant,0.0003676718344789198
VI,Mutant,0.006552499388876915
