sample,group,p_value
11G,Mutant,0.001023893111436116
15G,Mutant,0.002039131251976826
7A,Mutant,0.0037853612761852523
7G,Mutant,0.004151272873881546
