sample,group,p_value
11G,Mutant,0.0010238931114385993
15G,Mutant,0.0020391312519736924
7A,Mutant,0.0037853612761776755
7G,Mutant,0.0041512728738575325
