sample,group,p_value
7,Mutant,0.026043843300836304
11,Mutant,0.0010424939044743487
15,Mutant,0.005660378673067438
