sample,group,p_value
AI,Mutant,0.00024092898746182103
GI,Mutant,1.58742779547105e-12
