sample,group,p_value
AI,Mutant,0.00029809056551960726
GI,Mutant,1.5874277954673321e-12
