Sequence,Segments,Fluorescence,FluorStdDev,Rep1-Fluor,Rep2-Fluor,Rep3-Fluor,Sample,LB-12H_M9-36H,LB-36H_M9-36H,std,Percent Error,mean,mean_transformed,Percent GpA,std_adjusted,Type,Mutant Type,percent_wt,wt_seq,position,wt_aa,mut_aa,mut_position,Mutant Type_x,Mutant Type_y
LLLAYLLGVLLGLLLGFLILI,13.0,31645.96643,2181.163442,32689.47276,33109.3568,29139.06973,D,2114.799586,2847.63252,2181.163439569546,6.892390044065233,31645.96643,31078.53361763734,105.89885317376988,2142.0537569035023,WT,,131.54164308394917,LLLAYLLTVLLGLLLGFLILI,T7G,T,G,7,,
LLLAYLLGVLLGTLLGLLILI,13.0,31244.78799,1599.244043,31544.1042,32673.22647,29517.03329,D,2645.969905,2920.912594,1599.2440383014675,5.118434597744511,31244.787986666663,30303.21573621638,103.25698867984792,1551.0502784716584,WT,,138.33157878729105,LLLAYLLFVLLGTLLGLLILI,F7G,F,G,7,,
LLLAALLGLLLGVLLGTLILI,6.0,26119.15828,2104.828631,26821.688,27782.87297,23752.91388,G,344.3889149,328.3706521,2849.6114004433684,11.058767410449924,25767.893425,29358.44775829702,98.87626750372404,3246.6824529085175,Mutant,,134.92918767267014,LLLAALLALLLGVLLGTLILI,A7G,A,G,7,void,void
LLLAYLLGVLLGLLLASLILI,6.0,29868.26656,4896.60239,25405.24851,29093.47929,35106.07187,G,5.679110787,54.80051087,4251.54498582992,13.244781027313088,32099.77558,37501.786776804845,126.30220547552771,4967.029539917657,Mutant,,128.54104108271693,LLLAYLLGVLLGLLLAFLILI,F16S,F,S,16,void,void
