sample,group,p_value
11I,Mutant,0.00033143191556763286
12I,Mutant,3.2471291838213886e-23
4A,Mutant,0.020142104584526175
4I,Mutant,0.007937712601663248
8I,Mutant,4.822417193197166e-08
