sample,group,p_value
11A,Mutant,0.0007098901711769599
12A,Mutant,4.825724959807588e-13
12L,Mutant,0.004937926985694189
12S,Mutant,0.0054286993336541784
12T,Mutant,1.7092885814162024e-05
12V,Mutant,2.4533034749014156e-05
15T,Mutant,0.03856733442224109
8A,Mutant,5.621520038142599e-06
8T,Mutant,0.0018801123221521862
