sample,group,p_value
11A,Mutant,0.0007098901711762856
12A,Mutant,4.825724959820203e-13
12L,Mutant,0.004937926985701659
12S,Mutant,0.005428699333643386
12T,Mutant,1.7092885814066885e-05
12V,Mutant,2.4533034749040366e-05
15T,Mutant,0.03856733442212896
8A,Mutant,5.621520038071251e-06
8T,Mutant,0.0018801123221531065
