sample,group,p_value
A,Mutant,1.2897316271389924e-16
T,Mutant,3.3881952492266387e-09
V,Mutant,0.006968105386577736
