sample,group,p_value
11G,Mutant,4.1395361601171495e-13
12G,Mutant,0.008413515269845673
15G,Mutant,0.007381468101779768
7G,Mutant,9.174179678667407e-06
