sample,group,p_value
11G,Mutant,4.1395361600977296e-13
12G,Mutant,0.008413515269913331
15G,Mutant,0.007381468101794065
7G,Mutant,9.174179678794249e-06
