sample,group,p_value
11I,Mutant,3.9932480167894875e-12
12I,Mutant,0.012317808235628955
15I,Mutant,0.00901025233635103
7I,Mutant,0.013645754408679956
