sample,group,p_value
7,Mutant,0.022282573061617315
11,Mutant,4.3873002226637775e-13
