sample,group,p_value
7,Mutant,0.02228257306155204
11,Mutant,4.387300222632832e-13
