sample,group,p_value
11G,Mutant,1.6471042063410966e-16
12G,Mutant,0.041644573742496825
15G,Mutant,0.010716303873547961
7A,Mutant,0.04787869045609607
7G,Mutant,2.6695654855413676e-07
