sample,group,p_value
11I,Mutant,3.034758319035921e-17
12I,Mutant,0.03502378117228372
15I,Mutant,0.001119157977047487
7I,Mutant,0.0001314574379484483
