sample,group,p_value
A,Mutant,0.004122778161722885
G,Mutant,5.021593185736346e-23
