sample,group,p_value
AI,Mutant,0.004731549052035786
GI,Mutant,7.556077480327932e-23
