sample,group,p_value
A,Mutant,0.03982326260343097
I,Mutant,0.009913145428164771
