sample,group,p_value
12S,Mutant,0.004768316786134856
14F,Mutant,0.030142273458172917
4Y,Mutant,0.011674049457359226
