sample,group,p_value
A,Mutant,0.003919716031519624
I,Mutant,1.1256947609684195e-17
