sample,group,p_value
11A,Mutant,3.653340362747182e-05
12A,Mutant,5.090681599187382e-05
12S,Mutant,0.031226973694341662
12T,Mutant,0.0014329883149008617
12V,Mutant,0.0015211530514183265
3Y,Mutant,0.002989941882578413
8A,Mutant,1.9542464588361588e-06
8T,Mutant,0.016846483835073298
