sample,group,p_value
11I,Mutant,6.257498035965775e-05
12I,Mutant,1.0710653372451449e-08
3A,Mutant,0.002314199984770096
8I,Mutant,1.7889182733104595e-08
