sample,group,p_value
3,Mutant,0.0013237032423908314
8,Mutant,9.384881273194925e-05
12,Mutant,3.1658888960913e-05
