sample,group,p_value
A,Mutant,6.352291524065824e-12
F,Mutant,0.0007436041438630404
S,Mutant,0.029076636014670205
T,Mutant,1.5383333901989742e-05
V,Mutant,0.0025825048838604412
Y,Mutant,0.0429995949104822
