sample,group,p_value
AI,Mutant,2.5128555323270016e-12
FA,Mutant,0.00029177796282750876
SI,Mutant,0.0290766360146705
TI,Mutant,1.612092000427648e-05
VI,Mutant,0.0038911094201404695
YA,Mutant,0.045346891191679735
