sample,group,p_value
11I,Mutant,2.2189098672342097e-17
12I,Mutant,0.018268454305486577
15I,Mutant,0.0022658465298709463
7I,Mutant,0.00010946658647478493
