sample,group,p_value
11G,Mutant,2.56952530417982e-17
12G,Mutant,0.01852546288198644
15A,Mutant,0.009464234908005123
15G,Mutant,0.005446091011808335
7G,Mutant,6.109951868488969e-08
