sample,group,p_value
11G,Mutant,2.5695253041865346e-17
12G,Mutant,0.0185254628818954
15A,Mutant,0.009464234908076057
15G,Mutant,0.005446091011781605
7G,Mutant,6.109951868425125e-08
