sample,group,p_value
11I,Mutant,2.0807300797395926e-17
12I,Mutant,0.018268454305660133
15I,Mutant,0.0022658465298788727
7I,Mutant,0.00010946658647440311
