sample,group,p_value
7,Mutant,0.0002306396165772756
11,Mutant,1.6338828472701258e-16
15,Mutant,0.029146085818009527
