sample,group,p_value
7,Mutant,0.00023063961657987463
11,Mutant,1.7352465134639768e-16
15,Mutant,0.029146085818012733
