sample,group,p_value
A,Mutant,0.03204363248528769
G,Mutant,1.8733977747262826e-24
