sample,group,p_value
A,Mutant,0.03507506567964364
G,Mutant,1.8733977747189078e-24
