sample,group,p_value
AI,Mutant,0.03507506567964395
GI,Mutant,1.2445247163644199e-23
LI,Mutant,0.03383550741122735
