sample,group,p_value
AI,Mutant,0.03204363248528769
GI,Mutant,1.244524716366505e-23
LI,Mutant,0.03383550741132744
