sample,group,p_value
11A,Mutant,0.013493697934533774
12A,Mutant,0.00983123091999074
12S,Mutant,0.03126274629735579
12T,Mutant,0.0016381559995549677
12V,Mutant,0.01780446613949118
3Y,Mutant,0.018029900035680665
4A,Mutant,0.015878789738807155
8A,Mutant,0.0013378096655701382
