sample,group,p_value
11I,Mutant,0.0032149585273530674
12I,Mutant,4.5424954771775456e-08
3A,Mutant,0.0153437857118386
4I,Mutant,0.0013561347993055115
8I,Mutant,0.00031352987949337244
