sample,group,p_value
11A,Mutant,0.013493697934572214
12A,Mutant,0.00983123091997392
12S,Mutant,0.03126274629724634
12T,Mutant,0.001638155999547798
12V,Mutant,0.017804466139441137
3Y,Mutant,0.018029900035601135
4A,Mutant,0.015878789738779
8A,Mutant,0.0013378096655611597
