sample,group,p_value
11I,Mutant,0.0032149585273581545
12I,Mutant,4.54249547713842e-08
3A,Mutant,0.015343785711734075
4I,Mutant,0.0013561347993041627
8I,Mutant,0.00031352987949324944
