sample,group,p_value
3,Mutant,0.015343785711734075
8,Mutant,0.004027255762790196
12,Mutant,2.534884236529566e-06
