sample,group,p_value
3,Mutant,0.0153437857118386
8,Mutant,0.004027255762785327
12,Mutant,2.5348842365365616e-06
