sample,group,p_value
AI,Mutant,1.545387715502279e-08
SI,Mutant,0.03820949160983449
TI,Mutant,0.0010060495375066119
VI,Mutant,0.004981136119745734
YA,Mutant,0.005014660101344581
