sample,group,p_value
AI,Mutant,1.545387715503376e-08
SI,Mutant,0.03820949160989648
TI,Mutant,0.001006049537507659
VI,Mutant,0.004981136119745454
YA,Mutant,0.005014660101380651
