sample,group,p_value
11I,Mutant,2.024641119662578e-12
12I,Mutant,0.015221431468680949
15I,Mutant,0.005132023012727873
7I,Mutant,0.006306229948388055
