sample,group,p_value
11G,Mutant,5.844344616132802e-13
12G,Mutant,0.004081930539356382
15G,Mutant,0.004250559915243805
7G,Mutant,3.3871066478036613e-07
