sample,group,p_value
7,Mutant,0.009369073321166701
11,Mutant,1.6032860111801627e-13
15,Mutant,0.02023037026375805
