sample,group,p_value
11I,Mutant,1.7908139405781406e-11
12I,Mutant,0.02523391158312174
15I,Mutant,0.002914920298106128
7I,Mutant,0.002929965974879709
