sample,group,p_value
7,Mutant,0.020011586708002346
11,Mutant,1.8839150817804494e-10
15,Mutant,0.021984811988607023
