sample,group,p_value
A,Mutant,0.00024649146360095195
G,Mutant,1.3170850410569937e-14
