sample,group,p_value
AI,Mutant,0.00024649146360095195
GI,Mutant,1.0857252520564447e-13
SI,Mutant,0.04564128019394956
TI,Mutant,0.027491883768074866
