sample,group,p_value
A,Mutant,0.04047445143986125
I,Mutant,1.9650711637647882e-22
