sample,group,p_value
8,Mutant,0.0026142011136554067
12,Mutant,4.250229646477906e-15
