sample,group,p_value
8,Mutant,0.0026142011136547614
12,Mutant,4.250229646484716e-15
