sample,group,p_value
AI,Mutant,2.9115556840874263e-15
LI,Mutant,0.043121468057687254
SI,Mutant,0.04851401720519048
TI,Mutant,5.823314468374611e-09
VI,Mutant,0.004401973450715177
