sample,group,p_value
G,clash,1.0192142463317418e-09
L,clash,1.6473240301136353e-05
R,clash,5.585167665829388e-22
G,void,0.9891794627603891
L,void,0.033394536100341814
R,void,0.003644722162233529
