sample,group,p_value
A,Mutant,0.01723164533224419
I,Mutant,3.6734490392909013e-22
