sample,group,p_value
A,Mutant,0.01723164533225154
I,Mutant,3.8746633157189713e-22
