sample,group,p_value
11G,Mutant,1.9064475983919725e-17
12G,Mutant,0.04864094368806748
15A,Mutant,0.009464234908005128
15G,Mutant,0.000559413728553997
7G,Mutant,5.060371060633997e-06
