sample,group,p_value
11I,Mutant,1.474472882722836e-17
15I,Mutant,0.0022743904799662116
7I,Mutant,0.00032168744842374873
