sample,group,p_value
11G,Mutant,1.9064475983925605e-17
12G,Mutant,0.04864094368785749
15A,Mutant,0.009464234908076042
15G,Mutant,0.0005594137285524809
7G,Mutant,5.060371060594204e-06
