sample,group,p_value
7,Mutant,0.01582148561376947
11,Mutant,1.313769454391493e-16
15,Mutant,0.007267172503723629
