sample,group,p_value
A,Mutant,0.03921275543107052
G,Mutant,1.0702596861227256e-22
