sample,group,p_value
AI,Mutant,0.049410419577649835
GI,Mutant,2.6881692056823382e-22
