sample,group,p_value
11A,Mutant,0.0005682347847180342
12A,Mutant,8.954762338300005e-08
12T,Mutant,0.00032994445137286604
12V,Mutant,0.004468837810049277
4A,Mutant,0.0022239348716819236
8A,Mutant,5.7749705997711646e-05
8S,Mutant,0.040889719110911577
8T,Mutant,0.010210026138053862
