sample,group,p_value
8,Mutant,0.00010800626100544334
12,Mutant,2.1969056117458466e-07
