sample,group,p_value
G,void,0.4056598356512784
L,void,0.0618587825681839
R,void,0.26355672595719415
G,clash,2.1282807144777034e-16
L,clash,0.0045260661013312685
R,clash,3.253193740053693e-14
