sample,group,p_value
G,clash,5.032257957314126e-19
L,clash,1.3370959352842652e-05
R,clash,9.287968396556442e-22
G,void,0.33115131879220727
L,void,0.003042679668824163
R,void,0.015146745624211038
