sample,group,p_value
12A,Mutant,0.0034724088131331257
12T,Mutant,0.023984895586036534
4A,Mutant,0.018399738820276117
8A,Mutant,0.002986327542276042
