sample,group,p_value
A,Mutant,1.172598155497076e-09
S,Mutant,0.03333542861525457
T,Mutant,0.007002008000839326
