sample,group,p_value
11A,Mutant,0.004270085200574636
12A,Mutant,7.674894532047566e-11
12L,Mutant,0.032456284816331255
12T,Mutant,0.0021691976786250775
8A,Mutant,0.00010018253122451518
8S,Mutant,0.04088971911085158
8T,Mutant,0.0014445085904600972
