sample,group,p_value
11A,Mutant,0.004270085200595956
12A,Mutant,7.674894532113049e-11
12L,Mutant,0.03245628481649229
12T,Mutant,0.0021691976786330633
8A,Mutant,0.00010018253122416811
8S,Mutant,0.04088971911091145
8T,Mutant,0.001444508590456279
