sample,group,p_value
8,Mutant,0.00022681506005961324
12,Mutant,2.6790646181957207e-08
