sample,group,p_value
8,Mutant,0.00022681506006054335
12,Mutant,2.6790646182020645e-08
