sample,group,p_value
11I,Mutant,0.0023819313252484023
15I,Mutant,0.0003108245206035771
7I,Mutant,0.03609298314807247
