sample,group,p_value
11G,Mutant,0.0027471877350309037
15G,Mutant,0.001968476210465729
7G,Mutant,7.282584903023558e-05
