sample,group,p_value
11G,Mutant,0.0027471877350220076
15G,Mutant,0.0019684762104662376
7G,Mutant,7.282584903107721e-05
