sample,group,p_value
11I,Mutant,0.0023819313252554206
15I,Mutant,0.0003108245206047248
7I,Mutant,0.03609298314810098
