sample,group,p_value
7,Mutant,0.017066175631863398
11,Mutant,0.003087254959315604
15,Mutant,0.016870455515964566
