sample,group,p_value
7,Mutant,0.017066175631846873
11,Mutant,0.0030872549593082463
15,Mutant,0.016870455515928234
