sample,group,p_value
A,Mutant,0.011377328615081405
G,Mutant,2.073522963652614e-07
