sample,group,p_value
A,Mutant,0.011377328615156137
G,Mutant,2.073522963646082e-07
