sample,group,p_value
AI,Mutant,0.011377328615081405
GI,Mutant,2.073522963652614e-07
