sample,group,p_value
AI,Mutant,0.011377328615156137
GI,Mutant,2.073522963646082e-07
