sample,group,p_value
G,clash,1.0014377153615613e-06
G,void,0.9939400813766133
