sample,group,p_value
G,clash,1.0014377153518608e-06
G,void,0.9939400813662622
