sample,group,p_value
7,Mutant,0.00038205073033102037
11,Mutant,1.7806781415078907e-16
15,Mutant,0.011601286471478175
