sample,group,p_value
A,Mutant,0.005431748693094209
G,Mutant,7.208352880846319e-23
