sample,group,p_value
AI,Mutant,0.005431748693094209
GI,Mutant,1.0585311138112949e-22
TI,Mutant,0.03962513616795836
