sample,group,p_value
11I,Mutant,0.00033143191556795937
12I,Mutant,3.24712918384384e-23
4A,Mutant,0.020142104584474383
4I,Mutant,0.007937712601646498
8I,Mutant,4.8224171932231446e-08
