sample,group,p_value
8,Mutant,1.78636747869793e-05
12,Mutant,1.9677574098302074e-16
