sample,group,p_value
8,Mutant,1.7863674787013008e-05
12,Mutant,1.9677574098413422e-16
