sample,group,p_value
A,Mutant,1.289731627140768e-16
T,Mutant,3.3881952492471805e-09
V,Mutant,0.006968105386595279
