sample,group,p_value
AI,Mutant,3.5760353616851144e-16
LI,Mutant,0.043121468057687254
TI,Mutant,3.596677985091444e-09
VI,Mutant,0.005904645113713905
