sample,group,p_value
AI,Mutant,3.5760353616804217e-16
LI,Mutant,0.04312146805768766
TI,Mutant,3.5966779850704895e-09
VI,Mutant,0.005904645113699029
