sample,group,p_value
11Y,Mutant,7.962103179160132e-05
12A,Mutant,0.00041342464192772654
12S,Mutant,0.004634912997279526
4A,Mutant,0.0028323588983115875
5A,Mutant,0.04194139898018131
8A,Mutant,0.01416966956029284
8L,Mutant,0.016960846114025957
