sample,group,p_value
11I,Mutant,1.360077017832508e-26
15I,Mutant,0.0008174359045838388
7I,Mutant,0.008241815126181683
