sample,group,p_value
11G,Mutant,8.322889397063556e-28
15G,Mutant,0.012362036538546907
7G,Mutant,0.0003800999458389241
