sample,group,p_value
11I,Mutant,1.360077017817676e-26
15I,Mutant,0.0008174359045818322
7I,Mutant,0.008241815126174713
