sample,group,p_value
11G,Mutant,8.322889397135173e-28
15G,Mutant,0.012362036538490538
7G,Mutant,0.00038009994583773643
