sample,group,p_value
7,Mutant,0.003546760967784721
11,Mutant,1.0396124146849266e-20
15,Mutant,0.0006275173412319698
