sample,group,p_value
G,clash,8.000926322918995e-10
L,clash,1.6473240301152074e-05
R,clash,5.58516766579193e-22
G,void,0.9371164746858129
L,void,0.033394536100602244
R,void,0.003644722162262884
