sample,group,p_value
G,void,0.3365407304762491
L,void,0.000719937379525171
R,void,0.07662532444005123
G,clash,9.301667732389953e-20
L,clash,8.389454260064513e-06
R,clash,4.3955652059335803e-20
