sample,group,p_value
G,void,0.33654073047453925
L,void,0.0007199373795142074
R,void,0.07662532443978982
G,clash,9.301667732654059e-20
L,clash,8.38945426011773e-06
R,clash,4.3955652059221415e-20
