sample,group,p_value
12I,Mutant,1.2812920441064898e-07
4I,Mutant,0.00011298396631828992
8I,Mutant,0.012881305328559198
