sample,group,p_value
4,Mutant,0.039371345890244255
12,Mutant,1.8826171624446258e-05
