sample,group,p_value
4,Mutant,0.0393713458903964
12,Mutant,1.882617162436839e-05
