sample,group,p_value
AI,Mutant,1.014572256901942e-08
TI,Mutant,0.006466280152265625
