sample,group,p_value
AI,Mutant,3.575840743681194e-08
TI,Mutant,0.008544655261296679
