sample,group,p_value
11G,Mutant,6.58385656901564e-14
15A,Mutant,0.009464234908076042
15G,Mutant,0.010032215795080351
4F,Mutant,0.016313277721953907
7A,Mutant,0.009248766999904477
7G,Mutant,1.5208715201871724e-06
