sample,group,p_value
11I,Mutant,1.2540383590050455e-14
7I,Mutant,0.0009347940544986742
8A,Mutant,0.04131204883636911
