sample,group,p_value
11I,Mutant,1.3303361828501271e-14
7I,Mutant,0.0009347940545061913
8A,Mutant,0.04131204883648798
