sample,group,p_value
11G,Mutant,6.583856569272629e-14
15A,Mutant,0.009464234908005128
15G,Mutant,0.010032215795139937
4F,Mutant,0.016313277721897904
7A,Mutant,0.009248766999881907
7G,Mutant,1.520871520195496e-06
