sample,group,p_value
7,Mutant,0.027333073631293666
11,Mutant,1.9335310595157042e-14
