sample,group,p_value
7,Mutant,0.027333073631577613
11,Mutant,2.0401917865459017e-14
