sample,group,p_value
A,Mutant,0.014477995783058866
G,Mutant,1.2792189159191746e-18
