sample,group,p_value
AI,Mutant,0.01304177179053445
GI,Mutant,1.1668912848858066e-18
