sample,group,p_value
12I,Mutant,2.2440296613643394e-07
4I,Mutant,0.0003372309115664264
8I,Mutant,0.013557539526402153
