sample,group,p_value
11I,Mutant,0.0025147129252292393
12I,Mutant,0.002134642918656501
