Sequence,Type,Clash Mutant,Mutant Type,Geometry,Interface,Seed,HBONDDimerOptimize,HBONDDimerPreOptimize,HBONDMonomer,IMM1DimerOptimize,IMM1DimerPreOptimize,IMM1Monomer,Monomer,MonomerSasa,OptimizeSasa,PreBBOptimizeSasa,Total,TotalPreOptimize,VDWDimerOptimize,VDWDimerPreOptimize,VDWMonomer,endAxialRotation,endAxialRotationPrime,endCrossingAngle,endXShift,endZShift,endZShiftPrime,firstRepackEnergy,preOptimizeAxialRotation,preOptimizeAxialRotationPrime,preOptimizeCrossingAngle,preOptimizeEnergy,preOptimizeXShift,preOptimizeZShift,preOptimizeZShiftPrime,replicateNumber,Directory,PercentGpA,PercentStd,Sample,LB-12H_M9-36H,VDWDiff,HBONDDiff,IMM1Diff
YLLLAVLLGFLLATL,WT,LLLYLLLAVLLIFLLATLILI,clash,LLLYLLLAVLLGFLLATLILI_0,1.1001100110011e+17,1.0,-62.0983,-62.9041,-58.7343,-233.476,-229.05,-245.864,-341.779,4702.18,3894.94,3711.31,-28.7138,-24.4314,-74.9187,-74.2572,-37.1808,-58.9963,56.8073,-40.3288,7.11673,3.01842,2.37053,-24.648,-63.0129,43.6304,-40.5932,-366.211,7.074,1.84204,0.996496,0.0,LLLYLLLAVLLGFLLATLILI,1.1482982052592865,0.1153006107618864,D,26215300000000.0,-37.7379,-3.3640000000000043,12.388000000000005
YLLLGFLLGVLLTIL,WT,LLLYLLLLFLLGVLLTILILI,clash,LLLYLLLGFLLGVLLTILILI_0,1.1001100110011e+17,1.0,-55.2779,-55.7683,-58.809,-244.333,-231.496,-248.662,-347.458,4629.84,3728.11,3708.59,-27.0366,-17.8748,-74.884,-78.0687,-39.9869,-111.371,19.3273,-41.5084,7.45387,5.81484,4.60475,-17.2313,-114.11,1.96074,-45.0,-365.333,7.3237,3.8812,2.41061,0.0,LLLYLLLGFLLGVLLTILILI,1.2986107695981584,0.0606360143400415,D,18249500000000.0,-34.8971,3.531099999999995,4.329000000000008
YLLLAFLLGTLLGVL,WT,LLLYLLLAFLLGTLLLVLILI,clash,LLLYLLLAFLLGTLLGVLILI_0,1.1001100110011e+17,1.0,-58.7101,-58.7101,-58.7101,-228.705,-219.37,-244.623,-340.611,4599.03,3637.84,3586.63,-19.8038,-13.4972,-72.9991,-76.0279,-37.2774,-68.3878,49.8936,-36.4657,7.4926,3.49382,2.74222,-13.6836,-70.4738,37.5669,-39.1051,-354.108,7.2986,2.1426,1.2061,0.0,LLLYLLLAFLLGTLLGVLILI,1.2095879694201923,0.1105159635763205,D,25.78489159,-35.7217,0.0,15.917999999999978
GYLLAFLLGLLLGTL,WT,LLLGYLLAFLLILLLGTLILI,clash,LLLGYLLAFLLGLLLGTLILI_0,1.1001100110011e+17,1.0,-63.0919,-64.1804,-58.7749,-221.396,-218.985,-243.557,-338.614,4565.14,3533.02,3542.58,-18.7993,-14.5969,-72.9257,-70.0453,-36.2825,-60.8939,53.8847,-34.9998,7.33505,2.90852,2.21679,-10.9289,-61.4169,47.8691,-36.8365,-353.211,7.2814,2.17486,1.3929,0.0,LLLGYLLAFLLGLLLGTLILI,1.4301378369143287,0.0730347103822432,D,5791140000000.0,-36.64320000000001,-4.317,22.161
