Sequence,Mutant,Region,Mutant Type,CHARMM_IMM1,CHARMM_IMM1REF,CHARMM_VDW,Dimer,HBONDMonomer,IMM1Monomer,Monomer,MonomerSasa,SCWRL4_HBOND,VDWMonomer,Mutant_DimerSasa,Mutant_MonomerSasa,Mutant_Position_MonomerSasa,Mutant_Position_Sasa,WT_DimerSasa,WT_MonomerSasa,WT_Position_MonomerSasa,WT_Position_Sasa,Total,Interface,Position,WT_AA,SasaDifference,SasaPercDifference,Mutant_SASA_no_alanine,SASA_no_wt_position,DimerSasaDifference,Segment,PercentGpA_transformed,std_adjusted,Sample,LB-12H_M9-36H,wt_seq,Fluorescence,FluorStdDev,Percent GpA
LLLYFLLGLLLGVLLSTLILI,LLLAFLLGLLLGVLLSTLILI,GAS,void,,,,,,,,,,,3151.42,3966.02,68.1253,49.1413,3244.87,4157.35,189.287,249.55,-39.1721,1.1e+17,3,Y,120.5895,28.95249418,3102.2787,2995.32,106.9587,0.0,1.349200424393545,0.07242229252699822,G,15377132337831.918,LLLAILLGLLLGVLLSTLILI,28232.531351676687,1129.715258883155,122.37385178770326
LLLSYLLVALLGLLLGFLILI,LLLSYLLVALLGALLGFLILI,GAS,void,,,,,,,,,,,3351.19,4102.59,63.0341,70.1301,3334.73,4180.76,126.874,113.811,-29.9073,1.1e+17,12,L,90.3123,31.23233452,3281.0599,3220.919,60.1409,0.0,0.6240111186990867,0.03607676973897802,G,16323996275453.598,LLLSYLLVALLGALLGLLILI,23110.801293790064,1853.768522569936,56.598443621069386
LLLFYLLVALLLTLLSLLILI,LLLFYLLVALLATLLSLLILI,Right,void,,,,,,,,,,,3960.87,4753.59,52.0283,60.8164,3925.95,4791.89,106.998,122.238,-14.07,1.1e+17,11,L,69.4514,46.68567367,3900.0536,3803.712,96.3416,4.0,0.3768927145612864,0.026995568153310546,R,99999900.0,LLLTYLLVALLATLLSLLILI,25110.860617379225,1321.676583149397,35.236735652755804
LLLFYLLLTLLVALLSILILI,LLLFALLLTLLVALLSILILI,Right,void,,,,,,,,,,,3969.52,4704.65,48.3895,87.2794,3873.23,4829.33,150.224,88.3333,-14.5388,1.1e+17,4,Y,51.1958,63.02890337,3882.2406,3784.8967,97.3439,5.0,0.2546360956433112,0.021308627084601395,R,22795790908990.91,LLLYALLLTLLVALLSILILI,24506.207412851232,1484.2376569019254,23.80662836711368
LLLFVLLIALLLTLLSLLILI,LLLFVLLIALLATLLSLLILI,Right,void,,,,,,,,,,,3981.08,4646.27,51.3745,66.6432,3941.56,4686.25,106.684,130.478,-7.46132,1.1e+17,11,L,63.6246,51.15861326,3914.4368,3811.082,103.3548,5.0,0.2311637831267017,0.029088320772526835,R,20896141666566.67,LLLYVLLIALLATLLSLLILI,24444.415206590707,2189.897617230578,21.61213736383336
