sample,group,p_value
11G,Mutant,3.157110427926029e-16
7A,Mutant,0.02839117583714491
7G,Mutant,1.4534181154448136e-07
