sample,group,p_value
12I,Mutant,0.006470519788353156
4I,Mutant,0.00811959817676261
8I,Mutant,0.044175901575775584
