sample,group,p_value
G,void,0.028571045519094437
L,void,0.7884845562400636
R,void,0.007399636620162131
G,clash,3.4124974661345123e-32
L,clash,0.019139245060359408
R,clash,0.00038978711758691525
