sample,group,p_value
A,Mutant,4.199498307440376e-15
T,Mutant,1.293774686977815e-07
V,Mutant,0.0009285257287582715
