sample,group,p_value
11A,Mutant,0.01893465052658232
11S,Mutant,0.030869637048695546
12A,Mutant,0.001329259204724805
15F,Mutant,0.0009778497368592553
4A,Mutant,0.012168515819837359
8A,Mutant,0.029478069210777794
