sample,group,p_value
12I,Mutant,0.0006842163061058326
4I,Mutant,0.003899237217419732
8I,Mutant,0.01634256104559187
