sample,group,p_value
12I,Mutant,0.0006842163061030036
4I,Mutant,0.0038992372174079994
8I,Mutant,0.01634256104570191
