sample,group,p_value
11A,Mutant,0.018934650526498627
11S,Mutant,0.03086963704886643
12A,Mutant,0.0013292592047116358
15F,Mutant,0.0009778497368908546
4A,Mutant,0.01216851581971638
8A,Mutant,0.029478069211066552
