sample,group,p_value
AI,Mutant,5.132319876348887e-07
TI,Mutant,0.01980676634016411
