sample,group,p_value
AI,Mutant,5.132319876371457e-07
TI,Mutant,0.01980676634007801
