sample,group,p_value
G,void,0.1337244243393669
L,void,0.14421362854480044
R,void,0.5911598367266098
G,clash,9.029913638266163e-23
L,clash,0.0025232435246622963
R,clash,3.111850169070798e-16
