sample,group,p_value
A,Mutant,2.066041683047002e-11
S,Mutant,0.009309651161196093
T,Mutant,8.656561678617047e-07
