sample,group,p_value
11G,Mutant,1.135552070488287e-15
15G,Mutant,0.027518997962659338
7A,Mutant,0.04712497495645266
7G,Mutant,1.3594653684502408e-07
