sample,group,p_value
A,Mutant,0.008462439066971389
G,Mutant,2.235282110644039e-20
