sample,group,p_value
12I,Mutant,6.602625758394577e-06
4I,Mutant,0.011470307232795135
