sample,group,p_value
A,Mutant,9.516869425093417e-06
T,Mutant,0.025717965119890687
