sample,group,p_value
A,Mutant,9.516869425183327e-06
T,Mutant,0.02571796511981053
