sample,group,p_value
AI,Mutant,5.786697990403719e-06
TI,Mutant,0.025717965119890687
