Sequence	Interface	InterfaceSequence	Baseline	Dimer	Dimerw/Baseline	HBONDDimer	HBONDMonomer	IMM1Dimer	IMM1Monomer	Monomer	MonomerSasa	SequenceProbability	Total	VDWDimer	VDWMonomer	acceptCycleNumber	axialRotation	bestEnergyTotal	crossingAngle	currEnergyTotal	currEntropy	endAxialRotation	endCrossingAngle	endXShift	endZShift	energyComparison	entropyDiff	geometryNumber	prevEntropy	startEnergy	xShift	zShift	
LLLYGLLTGLLTSLLTTLILI	123001300120032003212	L--YGL-TGL-TS--TT--L-	373.664	-379.523	-5.85897	-115.522	-115.582	-224.739	-275.25	-383.586	4528.47	7.82234e-07	-1.15955	-39.2621	7.24632	137	-32.75	-5.23897	-39.47	-5.32013	0.538845	-32.8477	-39.0978	8.0699	5.53881	0.0811575	-0.234025	0	0.30482	4.06307	8.09	5.58	
LLLYGLLTGLLYSLLTTLILI	123001300120032003212	L--YGL-TGL-YS--TT--L-	362.711	-368.285	-5.57433	-101.775	-101.84	-229.471	-278.989	-368.735	4596.94	1.1615e-06	-4.80642	-37.0391	12.0938	145	-32.8477	-5.25236	-39.0978	-5.26951	0.30482	-32.7762	-38.7526	8.01371	5.53413	0.0171497	0.234025	1	0.538845	0.449951	8.0699	5.53881	
