sample,group,p_value
A,Mutant,0.048474289552638695
I,Mutant,2.577734426517733e-22
