sample,group,p_value
11A,Mutant,0.0008640556809178012
12A,Mutant,4.7047413492896155e-08
12T,Mutant,0.0003299444513724923
12V,Mutant,0.004468837810053616
4A,Mutant,0.002223934871687771
8A,Mutant,0.0001302801319703759
8S,Mutant,0.04088971911085158
8T,Mutant,0.010210026138053142
