sample,group,p_value
11I,Mutant,0.00017417709816107356
12I,Mutant,8.464535738133727e-14
4I,Mutant,0.0002060878708771661
8I,Mutant,3.4426158610575713e-06
