sample,group,p_value
A,Mutant,6.495161778078193e-15
T,Mutant,1.2937746869789865e-07
V,Mutant,0.0009285257287592215
