sample,group,p_value
AI,Mutant,4.360606276696169e-15
TI,Mutant,9.365505117307321e-08
VI,Mutant,0.0005302330096464141
