sample,group,p_value
G,void,0.4204980777640015
L,void,1.094634622911606e-05
R,void,0.011332574901641228
G,clash,4.705700818548926e-18
L,clash,0.00010201974232835151
R,clash,5.084332221085552e-22
