sample,group,p_value
11I,Mutant,0.049690465907775656
12I,Mutant,0.006259181673465797
