sample,group,p_value
11I,Mutant,0.04969046590775134
12I,Mutant,0.0062591816735090445
