sample,group,p_value
11,Mutant,0.048189427727459495
12,Mutant,0.006631471423085308
