sample,group,p_value
11,Mutant,0.04818942772741668
12,Mutant,0.006631471423078394
