sample,group,p_value
11G,Mutant,2.343445425746768e-15
15G,Mutant,0.0037095685944995025
7A,Mutant,0.015833094590495013
7G,Mutant,2.0206458791784036e-05
