sample,group,p_value
11G,Mutant,2.112311267199503e-20
12G,Mutant,0.0014597214365786413
15G,Mutant,0.0004662796487862219
7G,Mutant,3.389755944773057e-14
