sample,group,p_value
11I,Mutant,6.531499275874917e-20
12I,Mutant,0.01602824911860228
15I,Mutant,0.0006111066663553004
7I,Mutant,1.745282248418766e-08
