sample,group,p_value
7,Mutant,9.896239755156534e-07
11,Mutant,1.2465573315846072e-20
15,Mutant,0.004176255435830875
