sample,group,p_value
G,Mutant,2.2380657108380922e-32
L,Mutant,0.045433150489082974
