sample,group,p_value
GI,Mutant,1.86164626505556e-32
LA,Mutant,0.042219939298684464
