sample,group,p_value
11I,Mutant,2.110402266564082e-17
15I,Mutant,0.020738290188814273
16A,Mutant,0.03536173724791219
7I,Mutant,1.9837042588303813e-08
