sample,group,p_value
11G,Mutant,1.2549856580471437e-19
7G,Mutant,6.01405543795618e-18
