sample,group,p_value
7,Mutant,4.8957541867274735e-08
11,Mutant,8.704112498241141e-17
15,Mutant,0.03569209411064918
