sample,group,p_value
A,Mutant,0.03256125700159016
G,Mutant,2.6862402907309326e-29
