sample,group,p_value
G,clash,9.605230976054974e-19
G,void,0.14711790979763098
