sample,group,p_value
11G,Mutant,5.221507057474262e-05
7G,Mutant,0.0005795055685882211
