sample,group,p_value
11I,Mutant,9.552640188494077e-06
15I,Mutant,0.04452432224050329
7I,Mutant,0.005173285675885028
