sample,group,p_value
7,Mutant,0.0057290307638739185
11,Mutant,7.406785950872136e-05
15,Mutant,0.04385444845344211
