sample,group,p_value
7,Mutant,0.0057290307638560595
11,Mutant,7.406785950775493e-05
15,Mutant,0.04385444845333829
