sample,group,p_value
A,Mutant,0.0287390583957325
G,Mutant,1.262305511231049e-09
