sample,group,p_value
A,Mutant,0.028739058396005143
G,Mutant,1.2623055112232864e-09
