sample,group,p_value
AI,Mutant,0.028739058395732358
GI,Mutant,1.262305511231049e-09
