sample,group,p_value
AI,Mutant,0.028739058396005143
GI,Mutant,1.2623055112232864e-09
