sample,group,p_value
11A,Mutant,0.026804655301659965
12A,Mutant,0.006298714916872532
12S,Mutant,0.026803087201997866
12T,Mutant,0.00040017804622945256
12V,Mutant,0.0010201712866388366
3Y,Mutant,0.020560621651235414
7I,Mutant,0.034449899176614965
