sample,group,p_value
11I,Mutant,0.008931374088382344
12I,Mutant,7.658765487276841e-09
