sample,group,p_value
11I,Mutant,0.008931374088372192
12I,Mutant,7.65876548732276e-09
