sample,group,p_value
11A,Mutant,0.026804655301649268
12A,Mutant,0.006298714916865879
12S,Mutant,0.026803087201985452
12T,Mutant,0.00040017804622838966
12V,Mutant,0.0010201712866339807
3Y,Mutant,0.020560621651049975
7I,Mutant,0.034449899176644525
