sample,group,p_value
A,Mutant,2.544057123572414e-05
I,Mutant,0.02951750816948419
T,Mutant,0.0014684484962309706
V,Mutant,0.001746562109643699
