sample,group,p_value
A,Mutant,2.544057123566969e-05
I,Mutant,0.0295175081695463
T,Mutant,0.0014684484962333591
V,Mutant,0.001746562109638667
