sample,group,p_value
AI,Mutant,3.685576977130478e-05
FA,Mutant,0.020639086856841515
IA,Mutant,0.0295175081694841
TI,Mutant,0.0007504532228564365
VI,Mutant,0.0009013342433007613
