sample,group,p_value
AI,Mutant,3.685576977120886e-05
FA,Mutant,0.02063908685678028
IA,Mutant,0.0295175081695463
TI,Mutant,0.0007504532228578366
VI,Mutant,0.0009013342432981369
