sample,group,p_value
11I,Mutant,0.0032149585273581953
12I,Mutant,4.2645261825756713e-07
3A,Mutant,0.015343785711734075
4I,Mutant,0.0013561347993041627
8I,Mutant,0.0003135298794932563
