sample,group,p_value
11A,Mutant,0.018303705102382852
12A,Mutant,0.009831230919973967
12S,Mutant,0.03126274629724624
12T,Mutant,0.005984220914252486
12V,Mutant,0.017804466139441137
15S,Mutant,0.020722114909448034
4A,Mutant,0.015878789738778855
8A,Mutant,0.0013378096655611573
