sample,group,p_value
11A,Mutant,0.01830370510234461
12A,Mutant,0.009831230919990682
12S,Mutant,0.03126274629735579
12T,Mutant,0.0059842209142727835
12V,Mutant,0.01780446613949118
15S,Mutant,0.02072211490946939
4A,Mutant,0.015878789738807193
8A,Mutant,0.001337809665570152
