sample,group,p_value
3,Mutant,0.015343785711733999
8,Mutant,0.004027255762790223
12,Mutant,1.5954008512238545e-05
