sample,group,p_value
A,Mutant,2.2262535690841186e-08
S,Mutant,0.02204401978802919
T,Mutant,0.002196627919241342
V,Mutant,0.007193052540323107
Y,Mutant,0.005014660101380649
