sample,group,p_value
A,Mutant,2.2262535690806633e-08
S,Mutant,0.022044019787967727
T,Mutant,0.0021966279192403133
V,Mutant,0.007193052540319221
Y,Mutant,0.005014660101344609
