sample,group,p_value
AI,Mutant,2.226253569084135e-08
SI,Mutant,0.022044019788029293
TI,Mutant,0.0018702959278189123
VI,Mutant,0.004981136119745436
YA,Mutant,0.005014660101380651
