sample,group,p_value
AI,Mutant,2.2262535690806144e-08
SI,Mutant,0.02204401978796773
TI,Mutant,0.0018702959278182167
VI,Mutant,0.00498113611974571
YA,Mutant,0.005014660101344595
