sample,group,p_value
G,clash,3.796429817225798e-10
G,void,0.3919066785368829
