sample,group,p_value
G,clash,3.796429817195273e-10
G,void,0.39190667853794703
