sample,group,p_value
11G,Mutant,4.742663565086211e-14
12G,Mutant,0.02545303605989631
7G,Mutant,3.676050581384625e-06
