sample,group,p_value
11A,Mutant,0.00011278916555532194
12A,Mutant,1.8394672709172325e-12
12L,Mutant,0.004937926985701659
12S,Mutant,0.0027594426782778575
12T,Mutant,1.49585212035199e-05
12V,Mutant,2.0648907451213947e-05
4A,Mutant,0.047337310871711474
8A,Mutant,0.00011988020094754914
8T,Mutant,0.0018801123221531173
