sample,group,p_value
A,Mutant,2.1454355855436167e-15
T,Mutant,9.187093740567184e-09
V,Mutant,0.008073425879713308
