sample,group,p_value
A,Mutant,0.0325286227410382
I,Mutant,1.5361781963844577e-20
