sample,group,p_value
11A,Mutant,6.785515855391223e-05
12A,Mutant,1.1225844052379339e-13
12L,Mutant,0.014590516370527868
12S,Mutant,0.003589574812871869
12T,Mutant,0.00017934692528217712
12V,Mutant,6.864991933249469e-05
8A,Mutant,3.2104091889677856e-06
8S,Mutant,0.0408897191109115
8T,Mutant,0.0006784595278466505
