sample,group,p_value
11A,Mutant,6.78551585538363e-05
12A,Mutant,1.1225844052335699e-13
12L,Mutant,0.014590516370526987
12S,Mutant,0.003589574812875232
12T,Mutant,0.00017934692528272312
12V,Mutant,6.864991933238116e-05
8A,Mutant,3.210409189024738e-06
8S,Mutant,0.04088971911085158
8T,Mutant,0.0006784595278469859
