sample,group,p_value
8,Mutant,9.120527291710128e-06
12,Mutant,3.3337517533254454e-15
