sample,group,p_value
8,Mutant,9.120527291672598e-06
12,Mutant,3.333751753302191e-15
