sample,group,p_value
AI,Mutant,4.944483416981362e-14
LI,Mutant,0.043121468057687254
SI,Mutant,0.034219750511241806
TI,Mutant,4.276047428578148e-08
VI,Mutant,0.0036271151022130212
