sample,group,p_value
G,clash,0.0005506254146054931
L,clash,0.045401167208539574
R,clash,9.832409599697923e-09
G,void,0.7511701674269465
L,void,0.18469762051853295
R,void,0.05588051550403511
