sample,group,p_value
G,clash,0.0005506254146077666
L,clash,0.04540116720896064
R,clash,9.83240959962527e-09
G,void,0.7511701674276196
L,void,0.1846976205183108
R,void,0.05588051550425447
