sample,group,p_value
G,void,0.6577430302985134
L,void,2.5449335581270024e-05
R,void,0.0017267081329567133
G,clash,1.4995743422337974e-08
L,clash,0.0006716173292727519
R,clash,1.4800751303765512e-21
