sample,group,p_value
G,void,0.6577430303009011
L,void,2.5449335581145625e-05
R,void,0.0017267081329490198
G,clash,1.499574342233885e-08
L,clash,0.0006716173292690674
R,clash,1.4800751303994177e-21
