sample,group,p_value
A,Mutant,0.00015167576467330643
I,Mutant,0.0003778667517097846
