sample,group,p_value
12I,Mutant,0.013935306053346743
4A,Mutant,0.002297651264799464
