sample,group,p_value
12A,Mutant,0.016031238814410053
4Y,Mutant,0.0024878163273538293
