sample,group,p_value
A,Mutant,0.04306133775791416
F,Mutant,0.030220591444418226
T,Mutant,0.011500936090704529
Y,Mutant,0.0019678529307108838
