sample,group,p_value
AI,Mutant,0.04306133775791393
FA,Mutant,0.016672651200535626
TI,Mutant,0.01150093609070449
YA,Mutant,0.0019678529307108838
