sample,group,p_value
11A,Mutant,0.0019073456394897751
12A,Mutant,5.587642860041472e-07
12T,Mutant,0.03801209274601635
4S,Mutant,0.012382036901409205
8A,Mutant,0.006020636667174352
8T,Mutant,0.003403537309939899
