sample,group,p_value
11I,Mutant,0.014292052675526743
12I,Mutant,1.6843891281948057e-07
4I,Mutant,0.0022702256529900013
8I,Mutant,1.4986102408648509e-05
