sample,group,p_value
11I,Mutant,0.014292052675516845
12I,Mutant,1.6843891281982626e-07
4I,Mutant,0.0022702256529908253
8I,Mutant,1.4986102408692288e-05
