sample,group,p_value
A,Mutant,5.252375724760082e-11
T,Mutant,0.0001598960628831647
