sample,group,p_value
A,Mutant,5.252375724787378e-11
T,Mutant,0.00015989606288216223
