sample,group,p_value
G,void,0.4937778783958474
L,void,1.094634622935267e-05
R,void,0.011332574901706959
G,clash,1.1539452120879974e-17
L,clash,0.0001020197423279182
R,clash,5.084332221071898e-22
