sample,group,p_value
7,Mutant,9.286396356008754e-05
11,Mutant,1.3671301314062322e-24
15,Mutant,0.003562847436648596
