sample,group,p_value
11I,Mutant,4.483675513111998e-05
15I,Mutant,0.004163796480228916
7I,Mutant,0.014716317410171943
