sample,group,p_value
11I,Mutant,4.4836755131003065e-05
15I,Mutant,0.004163796480224417
7I,Mutant,0.014716317410180554
