sample,group,p_value
11G,Mutant,4.6072116023047495e-05
7G,Mutant,4.314354689540978e-05
