sample,group,p_value
11G,Mutant,4.607211602318995e-05
7G,Mutant,4.314354689491061e-05
