sample,group,p_value
11,Mutant,3.6785038120876065e-05
15,Mutant,0.009066686721586161
