sample,group,p_value
11,Mutant,3.6785038120793734e-05
15,Mutant,0.009066686721574175
