sample,group,p_value
7,Mutant,0.0027088827662339414
11,Mutant,7.143801687331728e-13
15,Mutant,0.014402819785175968
