sample,group,p_value
11G,Mutant,2.1345635380521593e-05
12G,Mutant,0.013902098135980522
7G,Mutant,0.005799331755747941
