sample,group,p_value
11,Mutant,0.0002655998243134986
12,Mutant,0.04508824950964608
