sample,group,p_value
11,Mutant,0.0002520134207409826
12,Mutant,0.04508824950956718
