sample,group,p_value
F,Mutant,0.03339869528208763
G,Mutant,6.412275045262237e-09
