sample,group,p_value
11A,Mutant,0.0004475711946194025
11T,Mutant,0.03625116016939056
12A,Mutant,4.738153610828611e-08
12S,Mutant,0.03635640580478732
12T,Mutant,0.0009251486106003619
12V,Mutant,0.00014605194064407206
4A,Mutant,0.03927589175724405
8A,Mutant,0.0015198295467575944
8T,Mutant,0.036750213525925654
