sample,group,p_value
11A,Mutant,0.002118867560337002
12A,Mutant,5.889834165637401e-08
12T,Mutant,0.03801209274601635
3Y,Mutant,0.00612224693047121
4S,Mutant,0.04727669240984882
8A,Mutant,0.014190054347081938
8T,Mutant,0.006461388185220413
