sample,group,p_value
11A,Mutant,0.0021188675603304495
12A,Mutant,5.889834165584041e-08
12T,Mutant,0.03801209274603837
3Y,Mutant,0.00612224693050405
4S,Mutant,0.04727669240975444
8A,Mutant,0.014190054347113403
8T,Mutant,0.006461388185251161
