sample,group,p_value
8,Mutant,0.00017612796340192168
12,Mutant,2.885346495449685e-07
