sample,group,p_value
A,Mutant,3.0899443681144344e-12
T,Mutant,4.811242568343016e-05
