sample,group,p_value
A,Mutant,3.0899443681179794e-12
T,Mutant,4.811242568317658e-05
