sample,group,p_value
12I,Mutant,0.010655538487389572
16A,Mutant,0.042138049324382074
8I,Mutant,1.3606265812070302e-06
