sample,group,p_value
11A,Mutant,0.014726776434035731
8A,Mutant,8.97334555272094e-05
8T,Mutant,0.02896126221533594
