sample,group,p_value
12I,Mutant,0.010655538487300007
16A,Mutant,0.0421380493244086
8I,Mutant,1.3606265812080155e-06
