sample,group,p_value
A,Mutant,3.530394390199951e-07
S,Mutant,0.04550872499629945
T,Mutant,0.018289128954536615
