sample,group,p_value
AI,Mutant,1.1011424865808906e-06
SI,Mutant,0.04550872499638596
TI,Mutant,0.0075503281835316745
