sample,group,p_value
11I,Mutant,3.844791279626955e-05
15I,Mutant,0.004024400231120417
7I,Mutant,0.0004315633570659498
