sample,group,p_value
11G,Mutant,0.0003633280002630983
15G,Mutant,0.00782272278772244
7G,Mutant,3.6140857827616323e-06
