sample,group,p_value
A,Mutant,0.00011243182052276923
G,Mutant,5.3892427085505446e-08
