sample,group,p_value
AI,Mutant,0.00014383405575724004
FA,Mutant,0.0002753056807846389
GI,Mutant,9.847877301863174e-08
