sample,group,p_value
G,void,0.38102477688126346
L,void,0.0031480227078038822
R,void,0.4474446478216815
G,clash,6.623515693177252e-19
L,clash,0.001421697560133352
R,clash,1.8420879173638278e-16
