sample,group,p_value
11I,Mutant,4.353675075692281e-11
12I,Mutant,0.019997015263089966
15I,Mutant,0.019465981734258415
7I,Mutant,0.003094977850949627
