sample,group,p_value
11I,Mutant,4.353675075675057e-11
12I,Mutant,0.019997015263177313
15I,Mutant,0.019465981734355736
7I,Mutant,0.0030949778509337055
