sample,group,p_value
7,Mutant,0.0007170812981959241
11,Mutant,2.2174917115417607e-11
