Sequence,Flow Mean,Mean Std,PercentGpA,PercentStd,Rep1-Fluor,Rep2-Fluor,Rep3-Fluor,Sample
LIIFGVMAGVIGT,19907.3333333333,1174.72876302007,0.01,0.000834525308314903,37496.24585736768,54945.33780760378,41880.36376556763,C
LIIFGVMAIVIGT,4983.33333333333,2106.04336770796,0.00250326512842839,0.0010681864593370199,31010.394559102093,32926.62968801841,29512.19954295488,C
