sample,group,p_value
11G,Mutant,1.4397541101916327e-13
7G,Mutant,4.314354689491061e-05
