sample,group,p_value
11I,Mutant,1.4397541101916327e-13
15I,Mutant,0.023799049235614378
7I,Mutant,0.00024749838904625644
