Sequence,Flow Mean,Mean Std,PercentGpA,PercentStd,Rep1-Fluor,Rep2-Fluor,Rep3-Fluor,Sample
LLLGFLLGCLLGMLLGAL,1.55,0.28,0.0155,0.0028000000000000004,250375.58178676115,260777.2204343475,236206.5600474405,C
LLLWLLLGALLGALLAVL,1.39,0.19,0.0139,0.0019,200435.4990545168,177660.85608732078,195490.0888879919,C
LLLFLLLGLLLGALLAIL,1.3,0.12,0.013000000000000001,0.0012,177986.5818097258,215087.764706586,217097.73949346677,C
LLLLILLGVLLGVLLTIL,1.24,0.46,0.0124,0.0046,200539.51841946685,204425.8701398505,201638.3003486985,C
LLLAVLLGFLLGWLLGLL,1.22,0.1,0.012199999999999999,0.001,211415.1825087656,235301.7050331149,215657.16927090927,C
LLLVLLLGALLGLLLGAL,1.19,0.18,0.011899999999999999,0.0018,51513.38605851025,183636.88863614385,180887.33372416077,C
LLLALLLTFLLGLLLGFL,1.19,0.14,0.011899999999999999,0.0014000000000000002,122167.54346787665,177626.9502058117,185385.11327429125,C
LLLSLLLGALLGLLLAAL,1.12,0.2,0.011200000000000002,0.002,179956.56090484068,186563.2063880144,176899.04587178284,C
LLLMVLLGALLGALLVVL,0.95,0.15,0.0095,0.0015,96279.3685784255,182887.3910413556,179987.27657087895,C
LLLVLLLAMLLGALLAAL,0.94,0.16,0.009399999999999999,0.0016,185662.32737463707,185207.0243872261,184696.6050513002,C
LLLYLLLGSLLGGLLTAL,0.85,0.2,0.0085,0.002,188859.573219746,174831.57964590102,121815.9734120685,C
LLLLVLLGVLLGSLLAGL,0.78,0.08,0.0078000000000000005,0.0008,135290.57238727176,115244.5701606546,111742.59517204016,C
LLLSFLLAVLLGALLAFL,0.68,0.13,0.0068000000000000005,0.0013,45488.61624402237,138387.77185444956,144983.45823196077,C
LLLFILLGVLLGILLCTL,0.61,0.11,0.0060999999999999995,0.0011,131790.21238599462,142655.5435092613,53206.52395801861,C
LLLLVLLGALLGLLLALL,0.61,0.12,0.0060999999999999995,0.0012,177110.44635954377,150805.72245070088,158969.77997622863,C
LLLLCLLMTLLGGLLSAL,0.58,0.12,0.0058,0.0012,131177.77382353635,137121.8646577902,128556.03109771931,C
LLLVLLLAVLLGALLAAL,0.52,0.12,0.0052,0.0012,30638.43396028223,37269.93238775887,42796.76613759404,C
LLLTGLLALLLGLLLGVL,0.51,0.05,0.0051,0.0005,142286.47288878495,112722.7612729596,121175.05671303712,C
LLLLLLLGGLLGALLVWL,0.51,0.09,0.0051,0.0009,119839.44987043596,105490.43465080071,96122.23845110404,C
LLLLLLLALLLGLLLGAL,0.4,0.1,0.004,0.001,129723.1800538868,127545.41855266986,110100.76116327006,C
