sample,group,p_value
11I,Mutant,0.002384564545360458
12I,Mutant,1.2711371229827536e-05
4A,Mutant,0.0007960870482993512
4I,Mutant,0.0008931567681405834
8I,Mutant,0.0001239481438995185
