sample,group,p_value
A,Mutant,5.593195551440602e-10
F,Mutant,0.020104795591789917
L,Mutant,0.038413203722983645
S,Mutant,0.04882245113266351
T,Mutant,0.004056542082464571
