sample,group,p_value
G,void,0.838315822858928
L,void,0.0005197994449919585
R,void,0.06033489835395302
G,clash,5.1102856246042954e-05
L,clash,0.0002506734012195807
R,clash,2.1323566684752009e-16
