sample,group,p_value
12I,Mutant,1.304150208788051e-05
4I,Mutant,0.009865043145292464
8I,Mutant,0.0004520983669852918
