sample,group,p_value
A,Mutant,1.0933881659628661e-05
T,Mutant,0.011848843316481561
