sample,group,p_value
AI,Mutant,1.3454004281186938e-06
TI,Mutant,0.021065368419281465
