sample,group,p_value
G,clash,3.942898732140423e-27
L,clash,0.0003405153320618011
R,clash,3.8324190974151607e-14
G,void,0.050834579212235394
L,void,0.5388923303706802
R,void,0.7117124212212532
