sample,group,p_value
11A,Mutant,0.000771071209005882
12A,Mutant,1.6568784871193492e-08
12L,Mutant,0.026287146436695774
12T,Mutant,0.0003570969822342629
12V,Mutant,0.00446883781004926
4A,Mutant,0.0022239348716819236
8A,Mutant,8.143205635377102e-05
8S,Mutant,0.0408897191109115
8T,Mutant,0.010210026138053862
