sample,group,p_value
11I,Mutant,0.00022325977436630452
12I,Mutant,4.6578472678325885e-14
4I,Mutant,0.00020608787087757335
8I,Mutant,8.943035459857585e-06
