sample,group,p_value
11A,Mutant,8.384730347881573e-05
12A,Mutant,3.1692267443163733e-10
12L,Mutant,0.004281502242124905
12S,Mutant,0.013135198569542714
12T,Mutant,0.001375189018892413
12V,Mutant,0.0007558786449724258
16L,Mutant,0.0040975325854954
16Y,Mutant,0.008780818383435496
4A,Mutant,0.0022239348716819084
8A,Mutant,1.836438037919e-05
8S,Mutant,0.0408897191109115
8T,Mutant,0.0014714016603327416
