sample,group,p_value
11,Mutant,6.601497968460431e-07
15,Mutant,0.01850676852495313
