,AA,Entropy,Left
0,A,0.143,0.08708025042686397
1,F,0.098,0.07626636311895275
2,G,0.085,0.0
3,I,0.121,0.14911781445645989
4,L,0.211,0.3773477518497439
5,S,0.073,0.07626636311895275
6,T,0.066,0.07740466704610131
7,V,0.126,0.07683551508252703
8,W,0.028,0.03187250996015936
9,Y,0.049,0.04780876494023904
