sample,group,p_value
11A,Mutant,0.0001127891655554287
12A,Mutant,1.8394672709109272e-12
12L,Mutant,0.004937926985694189
12S,Mutant,0.0027594426782790137
12T,Mutant,1.4958521203592438e-05
12V,Mutant,2.064890745119326e-05
4A,Mutant,0.047337310871566535
8A,Mutant,0.00011988020094797255
8T,Mutant,0.0018801123221521862
