sample,group,p_value
8,Mutant,0.005705285733392293
12,Mutant,9.783187172419892e-15
