sample,group,p_value
11G,Mutant,0.00011604926982853813
12G,Mutant,0.01390209813598054
15G,Mutant,0.011047211462086764
7G,Mutant,0.012089244337948288
