sample,group,p_value
11I,Mutant,0.002109354695967348
12I,Mutant,0.004914057000982132
15I,Mutant,0.014564058657337033
7I,Mutant,0.006193911054819474
