sample,group,p_value
11A,Mutant,0.004722981683114909
12A,Mutant,0.0008854459754404106
12S,Mutant,0.016929571092039356
12T,Mutant,0.004246523895199671
12V,Mutant,0.00022083455150656434
8A,Mutant,6.545710968992126e-05
8T,Mutant,0.03332896250174199
