sample,group,p_value
11I,Mutant,0.0023193970126956353
12I,Mutant,4.7535428526613915e-08
3A,Mutant,0.006590492453014658
8I,Mutant,1.0585132252737862e-06
