sample,group,p_value
AI,Mutant,7.078970308513536e-08
FA,Mutant,0.0002115888457554485
SI,Mutant,0.006339821257086965
TI,Mutant,2.557648913086286e-05
VI,Mutant,2.4438000168708643e-05
