sample,group,p_value
11G,Mutant,0.0033201928269832193
15G,Mutant,0.007317183711867272
7G,Mutant,7.282584903023558e-05
