sample,group,p_value
11I,Mutant,0.0008157875036947283
15I,Mutant,0.0020135067404611325
