sample,group,p_value
11G,Mutant,0.003320192826970605
15G,Mutant,0.007317183711866148
7G,Mutant,7.282584903107721e-05
