sample,group,p_value
7,Mutant,0.025049881331500882
11,Mutant,0.0010662242602632543
15,Mutant,0.005948716890637565
