sample,group,p_value
7,Mutant,0.025049881331540003
11,Mutant,0.0010662242602660292
15,Mutant,0.005948716890652365
