sample,group,p_value
A,Mutant,0.036933166865832166
G,Mutant,4.763421025175794e-07
