sample,group,p_value
A,Mutant,0.03693316686606279
G,Mutant,4.763421025156471e-07
