sample,group,p_value
AI,Mutant,0.036933166865832166
GI,Mutant,4.763421025175794e-07
