sample,group,p_value
AI,Mutant,0.03693316686606279
GI,Mutant,4.763421025156471e-07
