sample,group,p_value
G,clash,5.953464853216335e-08
G,void,0.7173721783833212
