sample,group,p_value
G,clash,5.9534648532445344e-08
G,void,0.7173721783829403
