sample,group,p_value
G,void,0.6593832187582919
L,void,0.0333945361003421
R,void,0.0036447221622335946
G,clash,7.747204402931418e-10
L,clash,1.6473240301135554e-05
R,clash,5.585167665829588e-22
