sample,group,p_value
A,Mutant,0.012498452787042291
I,Mutant,0.00028664233973232846
