sample,group,p_value
A,Mutant,0.007905152580706861
T,Mutant,0.0038430298578171996
