sample,group,p_value
11A,Mutant,0.03207080733236079
12A,Mutant,0.00983123091997392
12S,Mutant,0.03126274629724624
12T,Mutant,0.005203300380653323
12V,Mutant,0.017804466139441102
15S,Mutant,0.020722114909448034
4A,Mutant,0.015878789738778914
8A,Mutant,0.0010088997364766986
