sample,group,p_value
11I,Mutant,0.016348805432444
12I,Mutant,5.532027935872852e-07
3A,Mutant,0.0153437857118386
4I,Mutant,0.0048646693913301465
8I,Mutant,7.060802307342114e-05
