sample,group,p_value
11A,Mutant,0.032070807332271564
12A,Mutant,0.00983123091999074
12S,Mutant,0.031262746297355676
12T,Mutant,0.005203300380661566
12V,Mutant,0.017804466139491222
15S,Mutant,0.02072211490946939
4A,Mutant,0.015878789738807193
8A,Mutant,0.0010088997364849845
