sample,group,p_value
3,Mutant,0.0153437857118386
8,Mutant,0.0018700724259994612
12,Mutant,1.8113933248206437e-05
