sample,group,p_value
A,Mutant,5.7929921656471705e-08
S,Mutant,0.022044019787967727
T,Mutant,0.0019255425166238098
V,Mutant,0.007193052540319221
Y,Mutant,0.022900752709640947
