sample,group,p_value
AI,Mutant,5.5663026094479705e-08
SI,Mutant,0.022044019788029293
TI,Mutant,0.001638711266694412
VI,Mutant,0.004981136119745454
