sample,group,p_value
11G,Mutant,4.0314779127878565e-17
12G,Mutant,0.030427333704261438
15G,Mutant,0.0022506863772442506
7A,Mutant,0.015833094590495013
7G,Mutant,5.0603710606340155e-06
