sample,group,p_value
7,Mutant,0.02430285366244375
11,Mutant,3.1860248075191425e-16
15,Mutant,0.0057765396126417765
