sample,group,p_value
A,Mutant,0.015846291326253682
G,Mutant,1.0420461370115279e-22
