sample,group,p_value
G,clash,2.5041530920306865e-10
G,void,0.2904381887008775
