sample,group,p_value
G,clash,2.504153092041081e-10
G,void,0.2904381886998512
