sample,group,p_value
11I,Mutant,6.840135014036206e-12
15I,Mutant,0.0017419501701526061
7I,Mutant,0.001014027793426022
