sample,group,p_value
11I,Mutant,6.8401350139844175e-12
15I,Mutant,0.001741950170164669
7I,Mutant,0.0010140277934207844
