sample,group,p_value
11G,Mutant,2.4600930312151203e-14
12G,Mutant,0.02482533300780808
15G,Mutant,0.013368466559479052
7G,Mutant,3.3871066478036846e-07
