sample,group,p_value
7,Mutant,0.0013722457906629923
11,Mutant,2.1572139012032967e-12
15,Mutant,0.005390869360796342
