Sequence	Interface	InterfaceSequence	Baseline	Dimer	Dimerw/Baseline	HBONDDimer	HBONDMonomer	IMM1Dimer	IMM1Monomer	Monomer	MonomerSasa	SequenceProbability	Total	VDWDimer	VDWMonomer	acceptCycleNumber	axialRotation	bestEnergyTotal	crossingAngle	currEnergyTotal	currEntropy	endAxialRotation	endCrossingAngle	endXShift	endZShift	energyComparison	entropyDiff	geometryNumber	prevEntropy	startEnergy	xShift	zShift	
LLLTSLLTGLLFALLSTLILI	133001300220022003211	L--TSL-TG--FA--ST--LI	386.366	-319.172	67.1945	-99.2936	-88.0943	-225.794	-270.861	-371.097	4482.12	1.2285e-05	45.1898	5.91566	-12.1409	123	-49.948	67.9218	-40.487	67.8881	0.693609	-50.5671	-40.8475	7.2639	4.86584	0.0336572	-0.47406	1	0.219549	51.925	7.24011	4.73812	
LLLTSLLTGLLFGLLTYLILI	133001300220022003211	L--TSL-TG--FG--TY--LI	359.455	-288.716	70.7394	-86.4441	-72.6182	-229.404	-274.545	-347.142	4577.17	4.90153e-06	47.7493	27.1319	0.0212723	135	-50.49	70.8389	-40.77	70.8715	0.132101	-49.948	-40.487	7.24011	4.73812	-0.0326394	0.820686	0	0.952787	58.4265	7.27	4.6	
LLLTSLLTSLLGTLLGYLILI	133001300220022003211	L--TSL-TS--GT--GY--LI	383.004	-342.642	40.3617	-90.1657	-88.0157	-226.659	-271.53	-371.643	4454.16	1.82557e-06	24.8802	-25.8175	-12.097	114	-50.5671	41.3888	-40.8475	40.8516	0.489954	-50.8558	-41.4211	7.26432	4.91891	0.537154	-0.149774	2	0.34018	29.0009	7.2639	4.86584	
