sample,group,p_value
G,clash,7.6810479256991e-29
G,void,0.007728521679709789
