sample,group,p_value
11G,Mutant,1.5736400678706729e-24
15G,Mutant,0.033810460798566554
7G,Mutant,3.8633857993401425e-05
