Optimized_Total,Sequence,PercentGpA,PercentStd,toxgreen_fluor,toxgreen_std,hbonds
-24.9653,LLLLFALLALLYVLTSLLILI,0.530532359,0.108035636,12465.00884,2120.415427,2
-17.4844,LLLAALLLLLVTLLFSLLILI,0.530350517,0.078448968,12460.73641,1539.71789,2
-25.3324,LLLLTLLLFILALLLSVLILI,0.494358661,0.144569967,11615.09752,2837.474751,2
-38.7665,LLLLLALLFVLTSLLAILILI,0.484890143,0.091993534,11392.63198,1805.557088,2
-38.4125,LLLLVALLLLLTSLLFLLILI,0.475506882,0.04530339,11172.16961,889.1696307,2
-26.2544,LLLYALLFLLTSLLLVLLILI,0.472956634,0.196726239,11112.2508,3861.145884,2
-15.7552,LLLLWVLLSTLLALLLFLILI,0.417747661,0.080443684,9815.100248,1578.868182,2
-18.752,LLLLAVLLFLLALLTSLLILI,0.413806739,0.084298734,9722.507163,1654.531247,2
-26.3078,LLLLTLLVALLLFLISLLILI,0.406134468,0.259955963,9542.244975,5102.155677,2
-32.795,LLLLAALVFLLTSLILLLILI,0.405214198,0.110599102,9520.622973,2170.728578,2
