sample,group,p_value
11A,Mutant,0.00027382219640301045
12A,Mutant,4.1965689161088495e-10
12F,Mutant,0.006723231800160138
12L,Mutant,0.007863129284247102
12S,Mutant,0.013135198569553978
12T,Mutant,0.0012293418389492296
12V,Mutant,0.0007778614255603319
4A,Mutant,0.0022239348716877605
8A,Mutant,0.00028086884179927724
8S,Mutant,0.04088971911085162
8T,Mutant,0.0001720113291994094
