sample,group,p_value
8,Mutant,6.689309279288008e-05
12,Mutant,3.5350558820496933e-11
