sample,group,p_value
AI,Mutant,3.867976162638863e-17
LI,Mutant,0.043121468057687726
SI,Mutant,0.0013173735417947264
TI,Mutant,1.529217831780625e-08
VI,Mutant,0.00019194251372829584
YA,Mutant,0.02220935707728912
