sample,group,p_value
A,Mutant,0.025144347523292632
G,Mutant,1.5410852759454393e-21
