sample,group,p_value
G,clash,1.1715813067130091e-17
G,void,0.01625624493469401
