sample,group,p_value
7,Mutant,0.008090955818408218
11,Mutant,0.010435856141957507
15,Mutant,0.0444934784475455
