sample,group,p_value
A,Mutant,0.0002826912164447972
G,Mutant,1.758539663901023e-07
