sample,group,p_value
AI,Mutant,0.0022614547868076438
TI,Mutant,0.030688184326235067
