sample,group,p_value
11F,Mutant,0.019709462523517258
4A,Mutant,0.04453377101079651
8A,Mutant,0.010387471195689344
