sample,group,p_value
11F,Mutant,0.01970946252337312
4A,Mutant,0.04453377101056788
8A,Mutant,0.010387471195817342
