sample,group,p_value
A,Mutant,0.018468059717451385
F,Mutant,0.029688942898429823
