sample,group,p_value
11A,Mutant,6.977080017768976e-05
12A,Mutant,1.1225844052335699e-13
12L,Mutant,0.014590516370527029
12S,Mutant,0.005428699333654214
12T,Mutant,1.2997188718289249e-05
12V,Mutant,6.86499193323818e-05
8A,Mutant,3.21040918902469e-06
8S,Mutant,0.04088971911085158
8T,Mutant,0.0006784595278469859
