sample,group,p_value
11I,Mutant,0.0002009997531467625
12I,Mutant,3.3073606466302775e-23
4I,Mutant,0.01891621976008762
8I,Mutant,2.6055614563380693e-08
