sample,group,p_value
AI,Mutant,1.0367925382273621e-16
LI,Mutant,0.043121468057687296
TI,Mutant,3.999182579065845e-09
VI,Mutant,0.008017666267364795
