sample,group,p_value
7,Mutant,0.01820173972106658
12,Mutant,0.0011850797908890417
