sample,group,p_value
G,clash,3.4124974660737847e-32
G,void,0.02857104551922217
