sample,group,p_value
G,clash,3.4124974661345123e-32
G,void,0.028571045519094125
