sample,group,p_value
8,Mutant,6.689309279264749e-05
12,Mutant,7.870522792838065e-11
