sample,group,p_value
8,Mutant,6.689309279288008e-05
12,Mutant,7.870522792842984e-11
