sample,group,p_value
A,Mutant,1.706978318015556e-17
S,Mutant,0.00160850904882726
T,Mutant,2.5420158900983023e-08
V,Mutant,0.00030126711949883804
Y,Mutant,0.0009423588076129977
