sample,group,p_value
AI,Mutant,1.7069783180181007e-17
LI,Mutant,0.04895489160600891
SI,Mutant,0.0016085090488289105
TI,Mutant,1.704946188730654e-08
VI,Mutant,0.00018651884674214425
YA,Mutant,0.0009423588076113852
