sample,group,p_value
G,clash,4.6937130693752165e-08
L,clash,0.01449287597631778
R,clash,3.371576661945444e-11
G,void,0.6650683641937059
L,void,0.14711433684249614
R,void,0.03553451495998785
