sample,group,p_value
G,clash,4.693713069377772e-08
L,clash,0.014492875976204809
R,clash,3.371576661940132e-11
G,void,0.6650683641927517
L,void,0.14711433684266656
R,void,0.03553451495988221
