sample,group,p_value
G,void,0.7032309053538393
L,void,5.410856412718487e-06
R,void,0.0029406223362642165
G,clash,1.7580596778915911e-09
L,clash,0.0015529906963444812
R,clash,1.0150625515160368e-21
