sample,group,p_value
11I,Mutant,2.427122528341207e-05
15I,Mutant,0.005359017148941212
7I,Mutant,0.002757075600055363
