sample,group,p_value
11G,Mutant,4.104914465614903e-06
15G,Mutant,0.047776538877171065
7G,Mutant,9.633003144535727e-06
