sample,group,p_value
11I,Mutant,5.042929050102945e-05
15I,Mutant,0.043508838836189515
