sample,group,p_value
11I,Mutant,5.0429290500967114e-05
15I,Mutant,0.043508838836200874
