sample,group,p_value
7,Mutant,0.00012662988527407503
11,Mutant,4.213008803791338e-08
