sample,group,p_value
7,Mutant,0.00012662988527407332
11,Mutant,4.213008803764548e-08
