sample,group,p_value
11I,Mutant,1.8940708706929734e-10
12I,Mutant,0.030630464743399043
15I,Mutant,0.018271426822923955
7I,Mutant,0.017541702579154213
