sample,group,p_value
11I,Mutant,1.8940708706817935e-10
12I,Mutant,0.03063046474354235
15I,Mutant,0.0182714268229376
7I,Mutant,0.01754170257909183
