sample,group,p_value
7,Mutant,0.015135038573177809
11,Mutant,1.2566954004313704e-10
15,Mutant,0.029809799613112843
