sample,group,p_value
11I,Mutant,1.9869459895023065e-13
15I,Mutant,0.011895758271835543
7I,Mutant,0.0005969028854229821
