sample,group,p_value
11I,Mutant,2.1366222946648104e-13
15I,Mutant,0.011895758271849294
7I,Mutant,0.0005969028854251763
