sample,group,p_value
11G,Mutant,1.1201643600032088e-13
12G,Mutant,0.03528367552939637
7A,Mutant,0.00254481820405827
7G,Mutant,0.0007122535646353047
