sample,group,p_value
7,Mutant,0.0021417256745681207
11,Mutant,5.5204719230967456e-12
15,Mutant,0.02817663266857939
