sample,group,p_value
A,Mutant,0.005164034606218618
F,Mutant,0.026839760694765104
G,Mutant,4.2281100776380946e-16
