sample,group,p_value
A,Mutant,0.00480905700262972
F,Mutant,0.02683976069458248
G,Mutant,4.228110077720198e-16
