sample,group,p_value
AI,Mutant,0.0023522666914424575
GI,Mutant,1.399116894215833e-15
TI,Mutant,0.02245486171590434
