sample,group,p_value
7,Mutant,0.015135038573269446
11,Mutant,1.2566954004372002e-10
15,Mutant,0.029809799613135193
