sample,group,p_value
A,Mutant,0.01429731945236081
I,Mutant,0.01747263033154303
