sample,group,p_value
12I,Mutant,0.010682771955962912
14A,Mutant,0.02704551156823
