sample,group,p_value
A,Mutant,0.014260989458753799
I,Mutant,0.006573381354555589
