sample,group,p_value
12I,Mutant,0.043553840694956665
14A,Mutant,0.02704551156823022
