sample,group,p_value
A,Mutant,3.690338348938461e-07
T,Mutant,0.020610672206012697
