sample,group,p_value
G,clash,4.9226363613155266e-14
G,void,0.39585776240212445
