sample,group,p_value
G,clash,4.9226363613229274e-14
G,void,0.3958577624011379
