sample,group,p_value
G,clash,9.425651708159715e-23
G,void,0.07892270560561226
