sample,group,p_value
11I,Mutant,0.0006893728178333466
15I,Mutant,0.0006056856268795551
7I,Mutant,0.034973248438955905
