sample,group,p_value
11I,Mutant,0.0006893728178356169
15I,Mutant,0.0006056856268800973
7I,Mutant,0.03497324843898209
