sample,group,p_value
11G,Mutant,0.0005122817983221203
15G,Mutant,0.0016686364170570734
7G,Mutant,4.314354689540977e-05
