sample,group,p_value
11,Mutant,0.00035625710737153496
15,Mutant,0.0036520447516244265
