sample,group,p_value
11,Mutant,0.00035625710737267446
15,Mutant,0.0036520447516258294
