sample,group,p_value
11I,Mutant,0.0108057563549426
12I,Mutant,2.9129847486830315e-07
4I,Mutant,0.029946197000194116
7I,Mutant,0.015429844356737336
8I,Mutant,9.008062189263581e-05
