sample,group,p_value
11A,Mutant,0.004416215128342123
12A,Mutant,0.0011907300660024378
12T,Mutant,0.04683576801469198
3Y,Mutant,0.013964640964997093
4A,Mutant,0.020580988816947664
8A,Mutant,0.006457322987191663
