sample,group,p_value
A,Mutant,1.1383730211041154e-09
S,Mutant,0.0049249002744806425
T,Mutant,0.002528153240873964
V,Mutant,0.02379244267449705
