sample,group,p_value
AI,Mutant,5.078562661116982e-10
SI,Mutant,0.013874587470566295
TI,Mutant,0.0015220729680623989
VI,Mutant,0.018469758515617135
