sample,group,p_value
11A,Mutant,2.4995103222339588e-05
12A,Mutant,3.3442888173002934e-11
12L,Mutant,0.005896940541235686
12T,Mutant,1.1715389747131465e-05
12V,Mutant,8.582106741774338e-05
8A,Mutant,3.6867520163654634e-06
8T,Mutant,0.0008379100861373549
