sample,group,p_value
8,Mutant,1.0409977609878253e-06
12,Mutant,8.252707292315345e-17
