sample,group,p_value
A,Mutant,6.700598144667818e-16
T,Mutant,5.236908083946033e-09
