sample,group,p_value
11A,Mutant,0.0031342753700173806
12A,Mutant,0.00934981438866578
12S,Mutant,0.033165198796852945
12T,Mutant,0.0025139785309446503
12V,Mutant,0.0002208345515052509
8A,Mutant,0.00034482220891946436
