sample,group,p_value
11I,Mutant,0.005578331710685693
12I,Mutant,9.294938984721077e-08
3A,Mutant,0.019884455325198936
4I,Mutant,0.029820253547603932
8I,Mutant,8.02823067976224e-05
