sample,group,p_value
11I,Mutant,0.005578331710688152
12I,Mutant,9.294938984764392e-08
3A,Mutant,0.019884455325347217
4I,Mutant,0.029820253547575525
8I,Mutant,8.028230679799988e-05
