sample,group,p_value
7,Mutant,0.018499291039937058
8,Mutant,0.0019919049163086727
12,Mutant,1.803702477745884e-05
