sample,group,p_value
A,Mutant,9.301933838127919e-08
F,Mutant,0.01077837578678885
S,Mutant,0.015284907978867454
T,Mutant,0.0003453968202633152
V,Mutant,0.0009637624495220792
