sample,group,p_value
AI,Mutant,9.311442995304676e-08
FA,Mutant,0.012866988132582467
SI,Mutant,0.010848155900555677
TI,Mutant,0.0003705513121568316
VI,Mutant,0.0018016715107728439
