sample,group,p_value
AI,Mutant,9.311442995356275e-08
FA,Mutant,0.01286698813263079
SI,Mutant,0.010848155900562822
TI,Mutant,0.0003705513121557431
VI,Mutant,0.0018016715107741126
