sample,group,p_value
G,clash,3.9428987321403105e-27
L,clash,0.0007930274167911648
R,clash,1.7546840185723216e-13
G,void,0.05083457921223573
L,void,0.34654629226121514
R,void,0.4836053392465458
