sample,group,p_value
8,Mutant,0.0004640092645735099
12,Mutant,5.8704702633575065e-06
