sample,group,p_value
AI,Mutant,2.1753392513373077e-16
TI,Mutant,3.364745872296164e-06
VI,Mutant,0.04538860318837179
