sample,group,p_value
11I,Mutant,0.04915854391605129
12I,Mutant,5.758862530214357e-07
4I,Mutant,0.0017574579299131268
8I,Mutant,0.015687292414266897
