sample,group,p_value
7,Mutant,0.04051004377538816
12,Mutant,0.00017554627081602374
