sample,group,p_value
G,clash,9.48058081965315e-33
L,clash,0.00024025282685644054
R,clash,1.9956488648138845e-05
G,void,0.004840099101558317
L,void,0.19740979285841057
R,void,0.0016417020468975844
