sample,group,p_value
11I,Mutant,0.0002133360202715141
15I,Mutant,0.0017905343175111503
