sample,group,p_value
11G,Mutant,2.1630421171850926e-05
15G,Mutant,0.006035555324316181
