sample,group,p_value
11I,Mutant,0.00021333602027139942
15I,Mutant,0.001790534317517295
