sample,group,p_value
11G,Mutant,2.1630421171818983e-05
15G,Mutant,0.0060355553243326195
