sample,group,p_value
11,Mutant,0.00011353427458847063
15,Mutant,0.021973566358878288
