sample,group,p_value
11,Mutant,0.00011353427458883812
15,Mutant,0.021973566358798068
