sample,group,p_value
11A,Mutant,2.659303766500767e-05
12A,Mutant,4.930352695631773e-13
12L,Mutant,0.014590516370526987
12S,Mutant,0.002460761582283302
12T,Mutant,1.373533941088026e-05
12V,Mutant,5.304954741779661e-05
8A,Mutant,2.6008754486437925e-05
8T,Mutant,0.0005067359931982188
