sample,group,p_value
11I,Mutant,3.4374417480794814e-05
12I,Mutant,1.3390274743246186e-22
4I,Mutant,0.013575175702827092
8I,Mutant,3.73179962158474e-06
