sample,group,p_value
11I,Mutant,3.437441748082967e-05
12I,Mutant,1.3390274743255006e-22
4I,Mutant,0.01357517570284571
8I,Mutant,3.731799621577458e-06
