sample,group,p_value
11A,Mutant,0.018854135128097155
12A,Mutant,0.0020189990582579536
12S,Mutant,0.017022172414733274
12T,Mutant,0.0004367362381772706
12V,Mutant,0.0018639048218532825
8A,Mutant,0.00016700814469213914
