sample,group,p_value
AI,Mutant,5.6603063235490635e-09
SI,Mutant,0.020246793741813242
TI,Mutant,0.0002805383728829792
VI,Mutant,0.0029958750279923336
