sample,group,p_value
AI,Mutant,5.660306323521774e-09
SI,Mutant,0.02024679374178026
TI,Mutant,0.0002805383728832881
VI,Mutant,0.002995875027992951
