sample,group,p_value
G,void,0.32347062350880473
L,void,0.002836621732146053
R,void,0.003166716058671586
G,clash,3.9686437205975107e-19
L,clash,0.00021071022316638055
R,clash,1.4668121063537015e-17
