sample,group,p_value
G,void,0.3234706235069694
L,void,0.0028366217321330375
R,void,0.0031667160586496598
G,clash,3.968643720551548e-19
L,clash,0.00021071022316541767
R,clash,1.4668121063604613e-17
