sample,group,p_value
G,void,0.09153899228937104
L,void,0.07342942096136357
R,void,0.004604027237995082
G,clash,5.337938137590743e-19
L,clash,0.0008836780642419934
R,clash,1.919350949673686e-18
