sample,group,p_value
11I,Mutant,0.005269425722349221
15I,Mutant,0.0238913248025396
