sample,group,p_value
11I,Mutant,0.0052694257223252815
15I,Mutant,0.023891324802506334
