sample,group,p_value
11,Mutant,0.0054958543685913065
15,Mutant,0.02737347530448584
