sample,group,p_value
11,Mutant,0.005495854368560796
15,Mutant,0.027373475304445272
