sample,group,p_value
G,void,0.27607546001051375
L,void,0.0024005310758791185
R,void,0.00240126528262074
G,clash,1.6473224860308992e-22
L,clash,4.2432677070088714e-08
R,clash,2.027788540110878e-28
