sample,group,p_value
G,void,0.5202287861765511
L,void,0.002400531075886458
R,void,0.0027864534107795292
G,clash,1.5179945748687506e-19
L,clash,4.243267707093442e-08
R,clash,1.6951999361051846e-28
