sample,group,p_value
12I,Mutant,4.531625524845732e-07
3A,Mutant,0.03740044445789287
8I,Mutant,4.361511725770394e-05
