sample,group,p_value
12I,Mutant,4.5316255248191813e-07
3A,Mutant,0.03740044445765885
8I,Mutant,4.361511725758992e-05
