sample,group,p_value
12A,Mutant,0.01241799030607758
12T,Mutant,0.00028701972721130047
12V,Mutant,0.03267540571835377
8A,Mutant,0.00031746252776095003
