sample,group,p_value
12A,Mutant,0.012417990306086812
12T,Mutant,0.00028701972720968896
12V,Mutant,0.03267540571832755
8A,Mutant,0.00031746252775947015
