sample,group,p_value
3,Mutant,0.039521296379341875
8,Mutant,0.0001656861984211357
12,Mutant,1.499665173623305e-07
