sample,group,p_value
3,Mutant,0.03952129637901744
8,Mutant,0.00016568619842084197
12,Mutant,1.4996651736171102e-07
