sample,group,p_value
A,Mutant,8.606072827036179e-07
T,Mutant,0.0005671681951459207
V,Mutant,0.016547619908938722
Y,Mutant,0.04086949365378226
