sample,group,p_value
A,Mutant,8.606072827014806e-07
T,Mutant,0.0005671681951483736
V,Mutant,0.016547619908895948
Y,Mutant,0.040869493654022884
