sample,group,p_value
AI,Mutant,3.727584516651834e-07
TI,Mutant,0.0004629630467060794
VI,Mutant,0.008590076544986154
YA,Mutant,0.04783665317613643
