sample,group,p_value
AI,Mutant,3.727584516642788e-07
TI,Mutant,0.00046296304670801044
VI,Mutant,0.008590076544954233
YA,Mutant,0.04783665317640637
