Sample,Sequence,Mutant,Position,Type,Mutant Type,WT_AA,mut_AA,PercentGpA,PercentStd,toxgreen_fluor,toxgreen_std,pos_wtAA,pos_mutAA,WT_MUT
G,LLLSTLLGALLGLLLAVLILI,LLLSTLLGALLGALLAVLILI,12,WT,void,L,A,0.9134327424506518,0.0899361471173009,22036.915809946488,1765.176759440448,12L,12A,LA
G,LLLYFLLGVLLGTLLGLLILI,LLLYFLLGVLLITLLGLLILI,11,WT,clash,G,I,1.0726245739362157,0.0317242484021592,25877.47989864072,622.6518234496518,11G,11I,GI
G,LLLALLLGVLLGTLLGFLILI,LLLALLLGVLLITLLGFLILI,11,WT,clash,G,I,0.9531033497488252,0.1159743579312558,22993.98445061988,2276.2287231020605,11G,11I,GI
G,LLLVGLLLILLGALLATLILI,LLLVGLLLILLGILLATLILI,12,WT,clash,A,I,0.955359411775746,0.1164957645777659,23048.41281368293,2286.462371276677,12A,12I,AI
G,LLLTVLLALLLGFLLGSLILI,LLLTVLLAALLGFLLGSLILI,8,WT,void,L,A,0.7743031493456213,0.0679929438974368,18680.36092916472,1334.497509819249,8L,8A,LA
G,LLLAYLLGLLLGFLLGTLILI,LLLAYLLGLLLIFLLGTLILI,11,WT,clash,G,I,1.1155527920215065,0.1106620525435908,26913.13965097281,2171.9641052776533,11G,11I,GI
G,LLLAYLLGVLLGLLLAFLILI,LLLAYLLGVLLILLLAFLILI,11,WT,clash,G,I,1.122060196952027,0.093542105003898,27070.13329476872,1835.9508949660287,11G,11I,GI
G,LLLAFLLGILLGLLLGTLILI,LLLAFLLIILLGLLLGTLILI,7,WT,clash,G,I,1.2338409525066456,0.1363946366641136,29766.886963490844,2677.017533834982,7G,7I,GI
G,LLLFYLLGVLLGLLLASLILI,LLLFYLLGVLLILLLASLILI,11,WT,clash,G,I,0.915288095106136,0.0968920241105912,22081.67690549508,1901.6997571486204,11G,11I,GI
G,LLLSYLLGVLLGLLLATLILI,LLLSYLLGVLLILLLATLILI,11,WT,clash,G,I,1.03136761100822,0.1133278093802606,24882.13981898216,2224.284914593522,11G,11I,GI
