sample,group,p_value
AI,Mutant,5.128659796859647e-11
SI,Mutant,0.022377485455121714
TI,Mutant,5.383048966168754e-07
