sample,group,p_value
11I,Mutant,0.024432822402259156
12I,Mutant,3.8679129300212545e-06
4I,Mutant,0.00019059510365588861
8I,Mutant,0.014745248835260098
