sample,group,p_value
11I,Mutant,0.024432822402450708
12I,Mutant,3.8679129299975546e-06
4I,Mutant,0.00019059510365702033
8I,Mutant,0.014745248835183024
