sample,group,p_value
11S,Mutant,0.030869637048695577
11Y,Mutant,7.96210317904849e-05
12A,Mutant,0.0022683221476291105
12S,Mutant,0.0024000417039752534
4A,Mutant,0.0023460648084226176
8A,Mutant,0.007218145167540244
