sample,group,p_value
AI,Mutant,3.9063406200827945e-07
TI,Mutant,0.007359258671601751
