sample,group,p_value
G,clash,3.3690143613523966e-15
R,clash,
G,void,0.13790585647301282
R,void,
