sample,group,p_value
11I,Mutant,6.581505040966439e-05
15I,Mutant,0.006931528038125906
7I,Mutant,0.009662752588722389
