sample,group,p_value
11I,Mutant,6.58150504095763e-05
15I,Mutant,0.006931528038146676
7I,Mutant,0.00966275258873073
