sample,group,p_value
11G,Mutant,6.169566143387264e-06
7G,Mutant,9.174179678667423e-06
