sample,group,p_value
11G,Mutant,6.1695661433651016e-06
7G,Mutant,9.17417967879423e-06
