sample,group,p_value
11,Mutant,2.339393021651879e-05
15,Mutant,0.016362457009596963
