sample,group,p_value
11,Mutant,2.3393930216561962e-05
15,Mutant,0.016362457009566067
