sample,group,p_value
AI,Mutant,3.324419567037734e-09
TI,Mutant,1.8014337918865257e-06
