sample,group,p_value
G,clash,4.146626838410336e-09
L,clash,0.004118332068701454
R,clash,1.6742347436491881e-12
G,void,0.5963649601718874
L,void,0.036218240984436136
R,void,0.00506498454063804
