sample,group,p_value
G,clash,4.14662683840064e-09
L,clash,0.00411833206868962
R,clash,1.6742347436619319e-12
G,void,0.5963649601710274
L,void,0.03621824098441449
R,void,0.005064984540617088
