Sequence,Segments,Fluorescence,FluorStdDev,PercentGpa,PercentGpaStdDev,Rep1-Fluor,Rep2-Fluor,Rep3-Fluor,MaltosePercentDiff
LIIFGVMAIVIGT,14,42405.93735717357,473.3913891969736,33.52352768461668,0.37423413631297314,42260.305889552576,42022.4713643121,42935.034817656044,80.92330162983123
LIIFGVMAGVIGT,14,126496.04706318799,9124.016203745576,100.0,7.212886422599355,126353.79962444612,135690.35531077275,117443.98625434507,207.86174802121457
VLGAAGTALLCAGLLLSLFL,P,47495.383218405004,1598.0827649346168,37.54693077063496,1.2633460112285833,46653.67624650675,46494.08497065112,49338.38843805714,-54.63317102311262
ILFVIAVASELGYFLCIL,N,50541.428296241036,2414.946209525181,39.954946790546195,1.9091080437627066,50832.671584313866,47994.06807249524,52797.545231914,-98.61527592686373
CAVVVGVGLIVGFAVGLL,P,46735.51572217987,988.6877398526391,36.94622623174485,0.7815957595566322,47811.7733772256,45867.60584319783,46527.16794611619,256.5194593691917
LALGLGACLLAGTSLSVLWVYL,P,77020.69272545763,1433.3086373544531,60.88782575710358,1.1330857134519619,75376.43264502317,77679.48189255322,78006.1636387965,-92.49207743540015
VVIIAIVCCVVGTSLVWVVIIL,N,72661.32301450995,3882.1569840048696,57.441576002935314,3.068994703103753,76598.42455287701,68836.54853685306,72548.99595379978,-99.12158717944466
IIVAMTAVGGSICVMLVVICLL,P,79247.16319004536,2623.95295787381,62.64793646117606,2.074335932855735,76224.84634948781,80943.6046683633,80573.038552285,-81.02276201938648
FALGLGFCLPAGTSLSVL,N,82621.35017554996,5707.240774030746,65.31536130475169,4.511793772638472,79948.22876385972,89174.55862602299,78741.26313676717,-96.85137687004878
FHMIAVGLSSSILGCLITLLVL,P,145622.66193833022,7210.498291808317,115.12032614393712,5.700176771695079,145677.9860532378,152805.33898856776,138384.6607731851,-97.71135144185145
VVIIAVVCCVVGTSLVWIVIIL,N,79995.07015547501,6432.887494847453,63.23918573954761,5.08544546979722,87320.12059108577,77400.14439822761,75264.94547711164,-98.86646335176373
GIYFVLGVCFGLLLTLCLLVIL,N,115888.70492263953,8581.65934804259,91.61448726121077,6.784132427281174,118303.1682226007,123004.49270046892,106358.45384484898,-99.41510897800241