sample,group,p_value
G,clash,2.2207091743459574e-09
L,clash,0.00411833206868962
R,clash,1.89343055531592e-11
G,void,0.4110513269923156
L,void,0.03621824098441426
R,void,0.0193787122497552
