sample,group,p_value
11I,Mutant,3.279784113674169e-11
15I,Mutant,0.033029301832322576
7I,Mutant,0.01173269355163977
