sample,group,p_value
11G,Mutant,6.927555129610891e-11
12G,Mutant,0.02536050194996009
7G,Mutant,0.0003541243786077365
