sample,group,p_value
11G,Mutant,6.927555129554718e-11
12G,Mutant,0.02536050195000717
7G,Mutant,0.00035412437860471863
