sample,group,p_value
11I,Mutant,3.2797841136489267e-11
15I,Mutant,0.0330293018324902
7I,Mutant,0.011732693551558484
