sample,group,p_value
7,Mutant,0.0006406035094940323
11,Mutant,5.923178830687288e-11
