sample,group,p_value
7,Mutant,0.0006406035094867901
11,Mutant,5.92317883065056e-11
