AA,Count,Average
A,2799,0.033760312635692576
F,1451,0.01750132677184349
G,3692,0.04453128769238192
I,8141,0.09819317798041202
L,47723,0.5756139335166691
S,1174,0.014160274038693492
T,12539,0.1512399285955517
V,1817,0.02191585854199836
W,955,0.011518791913928692
Y,2617,0.031565108312828674
