sample,group,p_value
11I,Mutant,1.592757934524938e-18
12I,Mutant,0.008551960239650729
15I,Mutant,6.715975063501507e-05
7I,Mutant,2.4165014714793187e-08
