sample,group,p_value
11G,Mutant,6.570753499955243e-19
12G,Mutant,0.000578831130559115
12L,Mutant,0.04463444364058627
15G,Mutant,0.0005190620026155757
7G,Mutant,1.2038956076369442e-15
