sample,group,p_value
7,Mutant,2.3544276795456446e-05
11,Mutant,3.8760378646880036e-19
15,Mutant,0.0005772423371744204
