sample,group,p_value
A,Mutant,0.02599783800328988
G,Mutant,6.030766899577966e-31
