sample,group,p_value
AI,Mutant,0.02599783800328988
GI,Mutant,2.182104968036179e-30
