sample,group,p_value
A,Mutant,0.035527760258841114
I,Mutant,0.00023493016519234283
