sample,group,p_value
AI,Mutant,1.822030483940876e-05
FA,Mutant,0.003237720769350263
TI,Mutant,0.024977689897154935
