sample,group,p_value
AI,Mutant,1.822030483907969e-05
FA,Mutant,0.0032377207693363424
TI,Mutant,0.024977689897076612
