Sequence,Flow Mean,Mean Std,PercentGpA,PercentStd,Rep1-Fluor,Rep2-Fluor,Rep3-Fluor,Sample
LIIFGVMAGVIGT,19907.3333333333,1174.72876302007,0.01,0.000834525308314903,30835.21720006862,33272.28986114109,32922.30636164624,L
LIIFGVMAIVIGT,4983.33333333333,2106.04336770796,0.00250326512842839,0.0010681864593370199,25677.44427678731,28066.86481006465,27486.838526973766,L
IIVAMTAVGGSICVMLVVICLL,10065.0,1896.67832451016,0.00505592578949131,0.000998374567583563,27738.27566939125,30311.17033596256,30460.2442578958,L
GIYFVLGVCFGLLLTLCLLVIL,26073.3333333333,832.330863699447,0.0130973510599109,0.000878716149293249,30827.80366648181,32798.387394346646,32590.92838023968,L
VVIIAIVCCVVGTSLVWVVIIL,11171.6666666667,1334.61579989648,0.005611834834734269,0.0007477417995494461,28376.41400364316,31113.32672137081,30334.59847392108,L
CAVVVGVGLIVGFAVGLL,5871.33333333333,1679.63200334676,0.00294933190449081,0.00086148831231335,26624.246052975563,28849.35426647168,28035.5516590361,L
