sample,group,p_value
A,Mutant,0.0043594569560316656
I,Mutant,9.130709414575591e-18
