sample,group,p_value
11I,Mutant,8.005427671905176e-05
12I,Mutant,8.508580101280963e-11
16A,Mutant,0.04226435500470407
3A,Mutant,0.002314199984770089
7I,Mutant,0.031189496323730227
8I,Mutant,2.7704554639925403e-09
