sample,group,p_value
11A,Mutant,9.651397709486612e-05
12A,Mutant,3.5415825601889316e-05
12S,Mutant,0.031226973694341662
12T,Mutant,0.00020780338386061173
12V,Mutant,0.0015211530514183265
16F,Mutant,0.024755492048262225
3Y,Mutant,0.002989941882578413
8A,Mutant,8.641220103370891e-07
8T,Mutant,0.00365794264646695
