sample,group,p_value
3,Mutant,0.0013237032423908377
7,Mutant,0.020360306059913867
8,Mutant,8.815651429839581e-05
12,Mutant,6.520881281298267e-05
