sample,group,p_value
A,Mutant,3.8372087835901875e-12
F,Mutant,0.004722540131176681
S,Mutant,0.04962249753118298
T,Mutant,4.530341533860209e-06
V,Mutant,0.0018928270285559932
Y,Mutant,0.011194380926106537
