sample,group,p_value
AI,Mutant,6.7264209153632595e-12
FA,Mutant,0.0030373557867330743
SI,Mutant,0.03978783230501103
TI,Mutant,5.364178408684403e-06
VI,Mutant,0.010365320274784514
