sample,group,p_value
11I,Mutant,0.0004340415587603085
12I,Mutant,4.404693586302489e-17
3A,Mutant,0.03202568827000865
4I,Mutant,0.006762321864631339
8I,Mutant,2.7040075647511177e-06
