sample,group,p_value
11A,Mutant,0.001074774614945695
12A,Mutant,1.3768662852889083e-09
12L,Mutant,0.009739509011025748
12T,Mutant,2.1946770537951573e-05
12V,Mutant,0.0011984773882619106
3Y,Mutant,0.005412782655699355
8A,Mutant,3.78491097773068e-06
8T,Mutant,0.008101454290829068
