sample,group,p_value
3,Mutant,0.0017207969450748538
8,Mutant,0.00012676355208234287
12,Mutant,4.064591255565316e-09
