sample,group,p_value
AI,Mutant,7.377213327522195e-15
TI,Mutant,2.766074340394182e-07
VI,Mutant,0.004571541083870501
YA,Mutant,6.491233874389202e-05
