Sequence	Interface	InterfaceSequence	Baseline	Dimer	Dimerw/Baseline	HBONDDimer	HBONDMonomer	IMM1Dimer	IMM1Monomer	Monomer	MonomerSasa	SequenceProbability	Total	VDWDimer	VDWMonomer	acceptCycleNumber	axialRotation	bestEnergyTotal	crossingAngle	currEnergyTotal	currEntropy	endAxialRotation	endCrossingAngle	endXShift	endZShift	energyComparison	entropyDiff	geometryNumber	prevEntropy	startEnergy	xShift	zShift	
LLLTGLLYYLLGTLLGTLILI	133002200220031003101	L--TG--YY--GT-LGT-ILI	344.222	-349.119	-4.89616	-75.0775	-72.6286	-228.689	-272.712	-341.221	4544.29	6.3303e-07	-10.6971	-45.3525	4.11987	133	-74.85	-4.56803	-39.28	-4.59134	0.30482	-75.3024	-39.0486	8.32757	1.72082	0.023312	0.234025	0	0.538845	-7.89803	8.34	1.74	
LLLWTLLTYLLGTLLGTLILI	133002200220031003101	L--WT--TY--GT-LGT-ILI	363.797	-374.475	-10.6777	-99.8	-86.3637	-228.072	-278.967	-365.233	4598.67	4.21311e-07	-12.2594	-46.6034	0.0978485	123	-75.3024	-10.4664	-39.0486	-10.5365	0.141213	-75.307	-39.2989	8.38451	1.82372	0.0700578	0.776469	1	0.917682	-9.24177	8.32757	1.72082	
