sample,group,p_value
G,clash,3.1781958181810034e-09
G,void,0.4308295898303932
