sample,group,p_value
G,clash,3.1781958181766665e-09
G,void,0.43082958982953334
