Sequence	Interface	InterfaceSequence	Baseline	Dimer	Dimerw/Baseline	HBONDDimer	HBONDMonomer	IMM1Dimer	IMM1Monomer	Monomer	MonomerSasa	SequenceProbability	Total	VDWDimer	VDWMonomer	acceptCycleNumber	axialRotation	bestEnergyTotal	crossingAngle	currEnergyTotal	currEntropy	endAxialRotation	endCrossingAngle	endXShift	endZShift	energyComparison	entropyDiff	geometryNumber	prevEntropy	startEnergy	xShift	zShift	
LLLSYLLGTLLGYLLATLILI	133002300210021003312	L--SY--GT-LGY-LAT--L-	360.928	-369.196	-8.26764	-85.7138	-72.5844	-228.706	-272.704	-345.792	4505.28	7.54974e-06	-29.216	-54.7759	-0.504177	110	-89.97	-7.95375	-42.36	-8.1481	0.119534	-89.7952	-42.6042	7.54629	5.40488	0.194354	0.886373	0	1.00591	-23.4035	7.49	5.29	
LLLSYLLGYLLGTLLATLILI	133002300210021003312	L--SY--GY-LGT-LAT--L-	361.804	-371.628	-9.82462	-86.5455	-72.5845	-228.783	-272.7	-346.114	4487.93	7.54974e-06	-30.9649	-56.2998	-0.829506	114	-89.7952	-8.84139	-42.6042	-9.70509	0.119534	-90.5475	-42.5974	7.51814	5.49998	0.863695	0.886373	1	1.00591	-25.5145	7.54629	5.40488	
