sample,group,p_value
G,void,0.6355761605993449
L,void,0.2100024749510543
R,void,0.18306007256573312
G,clash,2.3143004437136316e-08
L,clash,0.0131355803952427
R,clash,2.3529743871669977e-10
