sample,group,p_value
G,void,0.6355761606003478
L,void,0.21000247495089466
R,void,0.1830600725661563
G,clash,2.3143004437123732e-08
L,clash,0.013135580395324122
R,clash,2.352974387170456e-10
