sample,group,p_value
11I,Mutant,4.3411458828809895e-12
12I,Mutant,0.00802344191457169
15I,Mutant,0.001817334256455183
7I,Mutant,0.004101728141847419
