sample,group,p_value
11G,Mutant,3.6261636992715773e-13
12G,Mutant,0.0054665343110703694
15G,Mutant,0.0012908202873330745
7G,Mutant,2.2030850301477253e-06
