sample,group,p_value
12I,Mutant,0.0064705197883312224
4I,Mutant,0.018657088705340434
8I,Mutant,0.044175901575624614
