Amino Acid,Count,Percentage
Y,54,6.178489702517163
F,100,11.441647597254006
L,235,26.887871853546912
A,124,14.187643020594965
V,96,10.983981693363845
T,99,11.327231121281464
S,97,11.098398169336384
I,63,7.208237986270023
W,6,0.6864988558352403
