sample,group,p_value
AI,Mutant,2.0276253617856454e-13
LI,Mutant,0.043121468057687316
SI,Mutant,0.017086219824254283
TI,Mutant,1.3257250246907803e-07
VI,Mutant,0.004401973450715194
