sample,group,p_value
11A,Mutant,0.003134275370020176
12A,Mutant,0.009349814388670715
12S,Mutant,0.03316519879683843
12T,Mutant,0.002513978530948656
12V,Mutant,0.00022083455150656315
8A,Mutant,0.00034482220892220603
