sample,group,p_value
11I,Mutant,0.015971797054726296
12I,Mutant,4.3386542314556395e-05
