sample,group,p_value
11,Mutant,0.005727100913347046
12,Mutant,0.00045880011647806616
