sample,group,p_value
A,Mutant,0.007905152580706837
T,Mutant,0.0013955609456800077
