sample,group,p_value
AI,Mutant,0.00790515258070664
TI,Mutant,0.0013955609456777667
