sample,group,p_value
G,void,0.5813042670840138
L,void,0.0035272651370302993
R,void,0.016455449663616048
G,clash,7.885797145808873e-10
L,clash,0.04306351538745936
R,clash,2.9811985100625234e-15
