sample,group,p_value
11G,Mutant,8.074501796708288e-13
12G,Mutant,0.030563048185479468
15G,Mutant,0.027882628798340588
7G,Mutant,3.3871066478036613e-07
