sample,group,p_value
11G,Mutant,8.074501796632583e-13
12G,Mutant,0.030563048185478534
15G,Mutant,0.027882628798457657
7G,Mutant,3.3871066478392875e-07
