sample,group,p_value
11I,Mutant,1.1580740987267672e-12
15I,Mutant,0.009111820420258265
7I,Mutant,0.0023663290678831
