sample,group,p_value
11I,Mutant,1.1580740987186908e-12
15I,Mutant,0.009111820420296585
7I,Mutant,0.0023663290678736567
