sample,group,p_value
7,Mutant,0.0015806075118212192
11,Mutant,5.545569195491146e-12
15,Mutant,0.013157665573246682
