sample,group,p_value
7,Mutant,0.0015806075118121074
11,Mutant,5.545569195458249e-12
15,Mutant,0.013157665573267668
