Sequence	Interface	InterfaceSequence	Baseline	Dimer	Dimerw/Baseline	HBONDDimer	HBONDMonomer	IMM1Dimer	IMM1Monomer	Monomer	MonomerSasa	SequenceProbability	Total	VDWDimer	VDWMonomer	acceptCycleNumber	axialRotation	bestEnergyTotal	crossingAngle	currEnergyTotal	currEntropy	endAxialRotation	endCrossingAngle	endXShift	endZShift	energyComparison	entropyDiff	geometryNumber	prevEntropy	startEnergy	xShift	zShift	
LLLTGLLFLLLGTLLGYLILI	033002200220031003311	L--TG--FL--GT-LGY--LI	348.978	-297.021	51.9569	-64.3514	-58.8417	-224.545	-272.384	-337.502	4601.37	6.08198e-06	49.1353	-8.12419	-6.2761	42	-67.0429	53.2949	-36.6629	52.089	0.132101	-66.8043	-36.6811	7.47178	5.02644	1.2059	0.820686	2	0.952787	40.4813	7.44874	5.02644	
LLLTGLLTGLLAFLLGTLILI	033002200220031003311	L--TG--TG--AF-LGT--LI	352.364	-267.863	84.501	-73.0584	-72.529	-217.729	-264.754	-343.583	4494.44	5.55196e-06	57.884	22.9248	-6.30048	55	-66.7115	85.5242	-37.4295	85.2466	0.745602	-67.0429	-36.6629	7.44874	5.02644	0.277621	-0.54799	1	0.197612	75.7206	7.46417	5.13516	
