Sequence,Type,Clash Mutant,Mutant Type,Geometry,Interface,Seed,HBONDDimerOptimize,HBONDDimerPreOptimize,HBONDMonomer,IMM1DimerOptimize,IMM1DimerPreOptimize,IMM1Monomer,Monomer,MonomerSasa,OptimizeSasa,PreBBOptimizeSasa,Total,TotalPreOptimize,VDWDimerOptimize,VDWDimerPreOptimize,VDWMonomer,endAxialRotation,endAxialRotationPrime,endCrossingAngle,endXShift,endZShift,endZShiftPrime,firstRepackEnergy,preOptimizeAxialRotation,preOptimizeAxialRotationPrime,preOptimizeCrossingAngle,preOptimizeEnergy,preOptimizeXShift,preOptimizeZShift,preOptimizeZShiftPrime,replicateNumber,Directory,PercentGpA,PercentStd,Sample,LB-12H_M9-36H,VDWDiff,HBONDDiff,IMM1Diff
TLLLGLLLGVLLASL,WT,LLLTLLLILLLGVLLASLILI,clash,LLLTLLLGLLLGVLLASLILI_0,110011001100110000,1,-71.8352,-64.8999,-60.2643,-220.739,-218.592,-236.733,-370.643,4529.78,3642.68,3582.5,-35.7892,-25.5163,-113.859,-112.667,-73.6462,-93.3495,47.3807,-43.8292,6.59213,6.89881,6.10952,-25.5202,-97.764,38.4753,-38.0973,-396.16,7.04,6.35877,5.4359,0,LLLTLLLGLLLGVLLASLILI,1.1848659214412802,0.0576156980495051,G,99999900.0,-39.02080000000001,-4.635600000000004,18.14099999999999
YVLLGLLLGFLLSTL,WT,LLLYVLLILLLGFLLSTLILI,clash,LLLYVLLGLLLGFLLSTLILI_0,110011001100110000,1,-86.4739,-74.0812,-74.0812,-242.653,-235.245,-247.155,-355.479,4610.22,3646.56,3688.67,-52.2115,-24.2769,-78.5637,-70.4301,-34.2426,-88.1964,44.0461,-45.6889,6.65429,5.67568,4.83637,-24.2345,-92.7718,28.0376,-44.4465,-379.756,7.5,4.20084,3.1214,0,LLLYVLLGLLLGFLLSTLILI,1.1344961011589436,0.0257005538338622,G,99999900.0,-36.18749999999999,0.0,11.909999999999997
TFLLGILLGVLLSLL,WT,LLLTFLLGILLIVLLSLLILI,clash,LLLTFLLGILLGVLLSLLILI_0,110011001100110000,1,-67.1965,-61.3404,-60.3629,-225.844,-222.234,-241.778,-358.396,4570.21,3649.25,3567.03,-27.1168,-16.4532,-92.4724,-91.2748,-56.2552,-97.2596,48.3051,-38.7102,7.27677,7.61014,6.83471,-15.7248,-98.6157,38.1977,-36.4813,-374.849,7.493,6.44904,5.522,0,LLLTFLLGILLGVLLSLLILI,1.2691016010388223,0.0744492171657757,G,99999900.0,-35.0196,-0.9774999999999991,19.543999999999983
