sample,group,p_value
AI,Mutant,0.006078759930450588
FA,Mutant,0.021673274583483133
