sample,group,p_value
A,Mutant,3.1639868542977392e-15
S,Mutant,0.04851401720519048
T,Mutant,7.341757136280591e-09
V,Mutant,0.006367433928711023
