sample,group,p_value
G,clash,7.958719497687545e-16
G,void,0.31901980711584543
