sample,group,p_value
G,clash,7.958719497713135e-16
G,void,0.3190198071149227
