sample,group,p_value
11I,Mutant,1.7630653002976491e-12
15I,Mutant,0.003215889947848083
7I,Mutant,0.015982385890428292
