sample,group,p_value
11G,Mutant,4.74266356512687e-14
12G,Mutant,0.025453036059871644
7G,Mutant,3.6760505813315e-06
