sample,group,p_value
11I,Mutant,0.008492752600000812
12I,Mutant,1.2201747272668452e-08
4I,Mutant,0.002826429296127747
8I,Mutant,7.740937804720525e-06
