sample,group,p_value
11A,Mutant,0.0015002234187670041
12A,Mutant,1.614587580487443e-08
12T,Mutant,0.014762251143738296
4S,Mutant,0.04727669240984882
8A,Mutant,0.004297920234478013
8T,Mutant,0.003559162490349219
