sample,group,p_value
A,Mutant,1.3879673264268488e-11
T,Mutant,3.637719753825835e-05
