sample,group,p_value
AI,Mutant,1.3879673264322738e-11
TI,Mutant,1.8402187147751063e-05
