sample,group,p_value
15I,Mutant,0.006953593214158708
7I,Mutant,0.020874084877740003
