sample,group,p_value
7,Mutant,0.028074553111344838
15,Mutant,0.0003997117877872727
