sample,group,p_value
A,Mutant,0.00019285715021024854
G,Mutant,0.0008160253012278812
