sample,group,p_value
AI,Mutant,0.00019285715020640423
GI,Mutant,0.0008160253012330753
