sample,group,p_value
A,Mutant,3.530394390174442e-07
S,Mutant,0.04550872499638596
T,Mutant,0.018289128954505064
