sample,group,p_value
G,clash,9.990188948873682e-26
L,clash,0.002265769357110992
R,clash,7.926476017212984e-17
G,void,0.05995678874419838
L,void,0.014625638705191792
R,void,0.13365713894935824
