sample,group,p_value
G,void,0.9457730806635023
L,void,0.012303046674404731
R,void,0.003064722186446824
G,clash,7.226129466422996e-10
L,clash,1.7074740495552723e-05
R,clash,2.85083480088224e-21
