sample,group,p_value
G,clash,7.88579714585389e-10
G,void,0.5813042670830734
