sample,group,p_value
G,clash,7.885797145808959e-10
G,void,0.5813042670840138
