Sequence,Segments,Fluorescence,FluorStdDev,Rep1-Fluor,Rep2-Fluor,Rep3-Fluor,Sample,LB-12H_M9-36H,LB-36H_M9-36H,std,Percent Error,mean,PercentGpA_transformed,Percent GpA,std_adjusted,Type,Mutant Type,mean_transformed,percent_wt,wt_seq,position,wt_aa,mut_aa,mut_position
LLLAYLLALLLGFLLGTLILI,13.0,30249.32133,1965.213027,30478.00483,32090.18804,28179.77111,D,-58.24202822,-46.37438814,1965.2130291981728,0.0649671775434417,30249.321326666668,0.9512353124132692,91.40451086829422,0.061799073427144,WT,,,133.0716628411183,LLLAALLALLLGFLLGTLILI,A4Y,A,Y,4
LLLYTLLALLLGILLGFLILI,13.0,27165.12298,1951.257549,28057.66692,28510.47876,24927.22325,D,20.54862463,54.64354642,1951.257551060881,0.0718295128918394,27165.122976666666,0.4004270699462702,38.47716752020833,0.028762481382947,WT,,,144.87395575576855,LLLWTLLALLLGILLGFLILI,W3Y,W,Y,3
LLLGYLLALLLGTLLSFLILI,1.0,22477.0845,1386.982931,23733.1067,22709.61265,20988.53414,G,4840200000000.0,4953900000000.0,1216.986285375439,0.0556996749186598,21849.073395,0.5946544256552502,51.94344258195126,0.0331220581979397,WT,,,196.15008203613274,LLLGALLALLLGTLLSFLILI,A4Y,A,Y,4
LLLTYLLAILLGLLLGFLILI,0.0,23793.87285,1294.564535,25171.63022,23607.22499,22602.76333,G,9242640000000.0,12112300000000.0,710.2616512278944,0.0307406115885334,23104.99416,0.7600232063938437,66.38851083764831,0.0233635781860249,WT,,,208.7730218774525,LLLTVLLAILLGLLLGFLILI,V4Y,V,Y,4
LLLYVLLGALLGTLLSFLILI,1.0,22836.03017,2384.639863,24798.36257,23527.71961,20182.00835,G,19021900000000.0,21196700000000.0,2365.7751198381884,0.1082493637115827,21854.86398,0.595416879790813,52.01004343599912,0.0644534983804914,WT,,,127.25051782386588,LLLLVLLGALLGTLLSFLILI,L3Y,L,Y,3
