sample,group,p_value
11G,Mutant,1.3379018125014174e-09
12G,Mutant,0.03528367552938067
15G,Mutant,0.02391281834533469
7G,Mutant,8.712995183610685e-07
