sample,group,p_value
11G,Mutant,1.3379018124912654e-09
12G,Mutant,0.03528367552939637
15G,Mutant,0.023912818345489265
7G,Mutant,8.712995183593335e-07
