sample,group,p_value
7,Mutant,0.0022810599209980675
11,Mutant,3.678218909988445e-08
