sample,group,p_value
7,Mutant,0.0022810599210225007
11,Mutant,3.8992081952007056e-08
