sample,group,p_value
A,Mutant,0.012907262547787441
G,Mutant,2.484083794883372e-13
L,Mutant,0.02956388745525701
