sample,group,p_value
AI,Mutant,0.012907262547787441
GI,Mutant,3.5489718451244e-13
