sample,group,p_value
AI,Mutant,0.01523694363498609
GI,Mutant,3.548971845031597e-13
