sample,group,p_value
AI,Mutant,0.0004086982861951994
GI,Mutant,2.4054905219388514e-08
