sample,group,p_value
11I,Mutant,0.008053908377693566
12I,Mutant,1.2201747272801188e-08
4I,Mutant,0.002826429296125211
8I,Mutant,5.778335563253072e-06
