sample,group,p_value
11I,Mutant,0.008053908377680634
12I,Mutant,1.220174727266854e-08
4I,Mutant,0.002826429296127747
8I,Mutant,5.7783355632385285e-06
