sample,group,p_value
8,Mutant,0.00017867028813329863
12,Mutant,8.993507667037183e-08
