sample,group,p_value
A,Mutant,1.3879673264268488e-11
T,Mutant,9.954158726629893e-06
