sample,group,p_value
AI,Mutant,1.3879673264322738e-11
TI,Mutant,2.7020849894856705e-06
