,high_count,low_count,high_frequency,low_frequency
L,44,321,0.2037037037037037,0.19863861386138615
A,35,235,0.16203703703703703,0.1454207920792079
V,27,197,0.125,0.1219059405940594
T,27,203,0.125,0.12561881188118812
F,26,196,0.12037037037037036,0.12128712871287128
S,23,191,0.10648148148148148,0.11819306930693069
I,17,139,0.0787037037037037,0.08601485148514851
Y,14,123,0.06481481481481481,0.07611386138613861
W,3,11,0.013888888888888888,0.006806930693069307
