,high_count,low_count,high_frequency,low_frequency
A,387,30,0.18323863636363635,0.1875
T,311,24,0.14725378787878787,0.15
L,278,20,0.13162878787878787,0.125
S,262,25,0.1240530303030303,0.15625
F,242,15,0.11458333333333333,0.09375
V,241,16,0.11410984848484848,0.1
Y,225,17,0.10653409090909091,0.10625
I,155,13,0.07339015151515152,0.08125
W,11,0,0.005208333333333333,0.0
