sample,group,p_value
G,void,0.7812315560407185
L,void,0.20841870964007747
R,void,0.48351617638195477
G,clash,3.6379999304430064e-09
L,clash,0.0019093288786202706
R,clash,2.169728191664381e-12
