sample,group,p_value
G,void,0.7848477883211545
L,void,0.2084187096407225
R,void,0.48351617638286915
G,clash,3.8220282413372974e-09
L,clash,0.0019093288786188186
R,clash,2.1697281916740015e-12
