Sequence	Interface	InterfaceSequence	Baseline	Dimer	Dimerw/Baseline	HBONDDimer	HBONDMonomer	IMM1Dimer	IMM1Monomer	Monomer	MonomerSasa	SequenceProbability	Total	VDWDimer	VDWMonomer	acceptCycleNumber	axialRotation	bestEnergyTotal	crossingAngle	currEnergyTotal	currEntropy	endAxialRotation	endCrossingAngle	endXShift	endZShift	energyComparison	entropyDiff	geometryNumber	prevEntropy	startEnergy	xShift	zShift	
LLLYYLLGFLLGTLLGTLILI	133002300210030003212	L--YY--GF-LGT-LGT--L-	330.223	-336.448	-6.22468	-74.6119	-72.5746	-224.214	-276.423	-328.765	4602	2.00815e-06	-16.2398	-37.6226	20.2328	119	-82.2419	-5.82687	-41.3331	-6.10478	0.119894	-82.6971	-41.4975	6.96829	3.4399	0.277916	0.884404	1	1.0043	-7.68298	6.96416	3.30647	
LLLYYLLGTLLGTLLGTLILI	133002300210030003212	L--YY--GT-LGT-LGT--L-	343.806	-337.744	6.06155	-88.0558	-86.3718	-223.411	-274.79	-347.91	4546.73	4.5081e-07	-8.17418	-26.277	13.2521	115	-82.33	7.10971	-41.4	6.87921	0.817658	-82.2419	-41.3331	6.96416	3.30647	0.230493	-0.646338	0	0.171321	10.1654	6.98	3.05	
