sample,group,p_value
A,Mutant,0.04023721511788816
I,Mutant,0.026034289681458517
