sample,group,p_value
11I,Mutant,2.1975554597584893e-05
12I,Mutant,3.406565512679244e-17
3A,Mutant,0.004060575077287248
4I,Mutant,0.0003643211125896117
8I,Mutant,4.86766443677647e-07
