sample,group,p_value
11A,Mutant,0.04774051042247058
12A,Mutant,0.0008802775587642113
4A,Mutant,0.0018881288700287454
5A,Mutant,0.013868287490171103
8A,Mutant,0.011500366562213347
8L,Mutant,0.02650495354351417
8S,Mutant,0.039169980178288405
