sample,group,p_value
A,Mutant,4.5280878022754906e-08
F,Mutant,0.0039946932833537264
T,Mutant,0.04074351996627679
