sample,group,p_value
AI,Mutant,4.528087802275456e-08
FA,Mutant,5.733073294371606e-05
TI,Mutant,0.014493513352371942
