sample,group,p_value
12A,Mutant,0.0323143779080899
12S,Mutant,0.03852960915956453
7L,Mutant,0.010876601244656572
