Sequence	Interface	InterfaceSequence	Baseline	Dimer	Dimerw/Baseline	HBONDDimer	HBONDMonomer	IMM1Dimer	IMM1Monomer	Monomer	MonomerSasa	SequenceProbability	Total	VDWDimer	VDWMonomer	acceptCycleNumber	axialRotation	bestEnergyTotal	crossingAngle	currEnergyTotal	currEntropy	endAxialRotation	endCrossingAngle	endXShift	endZShift	energyComparison	entropyDiff	geometryNumber	prevEntropy	startEnergy	xShift	zShift	
LLLYYLLGTLLGTLLGFLILI	133002200200020003012	L--YY--GT-LGT-LGF-IL-	327.788	-319.31	8.47823	-86.1093	-72.5746	-224.079	-276.513	-329.068	4611.64	2.42987e-06	7.19156	-9.12166	20.0195	111	-93.2785	8.52013	-41.04	8.56949	0.0912572	-93.2803	-40.9677	7.34122	0.577738	-0.0493596	1.06072	1	1.15198	9.75828	7.34374	0.58191	
LLLYYLLGTLLGTLLGYLILI	133002200200020003012	L--YY--GT-LGT-LGY-IL-	330.77	-323.609	7.16011	-86.1194	-72.5716	-225.399	-278.447	-333.253	4619.67	4.04978e-07	7.73686	-12.0905	17.7659	111	-93.2803	9.00493	-40.9677	7.66515	0.505042	-93.2803	-41.0401	7.36371	0.605537	1.33978	-0.176318	2	0.328724	9.64339	7.34122	0.577738	
LLLYYLLGYLLGTLLGTLILI	133002200200020003012	L--YY--GY-LGT-LGT-IL-	333.427	-325.141	8.28585	-86.1581	-72.5716	-226.354	-278.486	-333.279	4598.55	4.04978e-07	5.80346	-12.6289	17.7785	113	-93.46	9.08857	-41.04	8.7909	0.505042	-93.2785	-41.04	7.34374	0.58191	0.297674	-0.176318	0	0.328724	8.13742	7.36	0.57	
