sample,group,p_value
11I,Mutant,1.996618373068918e-06
12I,Mutant,0.010601692461684601
15I,Mutant,0.008143896300561346
