sample,group,p_value
11I,Mutant,1.9966183730711157e-06
12I,Mutant,0.010601692461651989
15I,Mutant,0.008143896300533207
