sample,group,p_value
11G,Mutant,1.694693243863937e-05
12G,Mutant,0.019731357526963568
15G,Mutant,0.0350622270903166
7G,Mutant,4.314354689540962e-05
