sample,group,p_value
11G,Mutant,1.69469324387104e-05
12G,Mutant,0.019731357526882074
15G,Mutant,0.03506222709020231
7G,Mutant,4.314354689491061e-05
