sample,group,p_value
11,Mutant,6.601497968485499e-07
15,Mutant,0.013802395251044978
