sample,group,p_value
A,Mutant,2.2351598014979797e-14
T,Mutant,9.257166747152383e-08
V,Mutant,0.0022449609915949783
