sample,group,p_value
AI,Mutant,2.2351598014966313e-14
TI,Mutant,6.45403977277206e-08
VI,Mutant,0.0014029507358188644
