sample,group,p_value
AI,Mutant,2.2351598014980926e-14
TI,Mutant,6.454039772751499e-08
VI,Mutant,0.0014029507358150526
