,AA,Entropy,GAS
0,A,0.143,0.0
1,F,0.098,0.0
2,G,0.085,0.0
3,I,0.121,0.1111111111111111
4,L,0.211,0.8888888888888888
5,S,0.073,0.0
6,T,0.066,0.0
7,V,0.126,0.0
8,W,0.028,0.0
9,Y,0.049,0.0
