sample,group,p_value
A,Mutant,0.018198860937843807
I,Mutant,0.0027707223556274114
