sample,group,p_value
A,Mutant,0.018198860937831334
I,Mutant,0.002770722355633004
