sample,group,p_value
11Y,Mutant,0.007725058582505609
4A,Mutant,0.03455982742521935
7L,Mutant,0.005057098558103183
