sample,group,p_value
11Y,Mutant,0.007725058582467023
4A,Mutant,0.03455982742455456
7L,Mutant,0.005057098558095769
