sample,group,p_value
A,Mutant,0.0063848611805439395
S,Mutant,0.017795805936571218
