sample,group,p_value
AI,Mutant,0.00638486118047602
FA,Mutant,0.018759138409033697
SI,Mutant,0.03890052356345235
