sample,group,p_value
AI,Mutant,0.0063848611805439786
FA,Mutant,0.01875913840900167
SI,Mutant,0.038900523563366436
