sample,group,p_value
11G,Mutant,7.380996469701211e-14
15A,Mutant,0.030120584719536752
15G,Mutant,0.03127376224534381
7A,Mutant,0.02839117583714491
7G,Mutant,2.667657310977565e-07
