sample,group,p_value
11I,Mutant,5.71515797254378e-14
15I,Mutant,0.006857186560240347
7I,Mutant,0.0004024060433612677
