sample,group,p_value
7,Mutant,0.0034998429782712743
11,Mutant,8.020724599797983e-13
