sample,group,p_value
7,Mutant,0.003499842978233667
11,Mutant,7.598402270451175e-13
