sample,group,p_value
A,Mutant,0.008780390097104553
G,Mutant,8.384981066070147e-19
