sample,group,p_value
11G,Mutant,1.945025419181734e-15
15G,Mutant,0.018682460575571266
7A,Mutant,0.028391175837174775
7G,Mutant,6.684635562855765e-07
