sample,group,p_value
AI,Mutant,0.018707933183251542
GI,Mutant,6.0173137225795056e-18
YA,Mutant,0.02378334959236507
