sample,group,p_value
AI,Mutant,0.01700084994075212
GI,Mutant,6.0173137228523405e-18
YA,Mutant,0.02378334959238727
