sample,group,p_value
11A,Mutant,0.000611479768569258
12A,Mutant,0.00017185226415660813
14Y,Mutant,0.027709517267617684
4A,Mutant,0.028965830893075216
8A,Mutant,0.018971269077907943
