sample,group,p_value
11A,Mutant,0.0033413242828823314
12A,Mutant,9.519088227667498e-05
8A,Mutant,0.02652872959001529
