sample,group,p_value
11A,Mutant,0.0033413242828931626
12A,Mutant,9.519088227711648e-05
8A,Mutant,0.026528729589705532
