sample,group,p_value
AI,Mutant,1.683745724409955e-07
TI,Mutant,0.018657482551294846
