sample,group,p_value
11I,Mutant,4.671442632501574e-08
15I,Mutant,0.0026459843306790186
7I,Mutant,0.0005795055685882211
