sample,group,p_value
7,Mutant,0.006020437537625994
11,Mutant,8.638335331743766e-05
15,Mutant,0.021126364444489204
