sample,group,p_value
G,void,0.10579549829007094
L,void,0.0006701436613002073
R,void,0.17055961399781397
G,clash,9.89641392103545e-25
L,clash,0.002540564890206429
R,clash,1.677552406144767e-16
