sample,group,p_value
A,Mutant,0.019608765744316154
I,Mutant,8.56369338973658e-24
