sample,group,p_value
A,Mutant,0.019608765744287843
I,Mutant,9.089525235790673e-24
