sample,group,p_value
7,Mutant,0.007259031266534087
11,Mutant,3.041043273370685e-15
15,Mutant,0.008218943817058198
