sample,group,p_value
AI,Mutant,0.016070543177170788
GI,Mutant,2.012872652252658e-23
