sample,group,p_value
G,void,0.4937778783940512
L,void,1.0946346229115875e-05
R,void,0.011332574901640963
G,clash,1.1539452121121099e-17
L,clash,0.00010201974232835574
R,clash,5.084332221085844e-22
