sample,group,p_value
G,clash,7.689501563530499e-14
G,void,0.42770224720338834
