sample,group,p_value
G,clash,7.689501563555989e-14
G,void,0.42770224720218897
