sample,group,p_value
11G,Mutant,9.013956541795662e-15
15G,Mutant,0.022309831885742773
7A,Mutant,0.009248766999904462
7G,Mutant,2.387780995289644e-05
