sample,group,p_value
7,Mutant,0.00741103356684279
11,Mutant,1.0391769987751544e-11
15,Mutant,0.004114692116648831
