sample,group,p_value
AI,Mutant,0.00696918718970464
GI,Mutant,9.892779096409127e-17
