sample,group,p_value
11I,Mutant,2.5236779962899842e-31
15I,Mutant,0.002183701289009992
7I,Mutant,1.6512826332418554e-05
