sample,group,p_value
11G,Mutant,0.004191345892372031
15G,Mutant,0.0003532867502962169
7A,Mutant,0.003362065702586047
7G,Mutant,0.0005795055685882211
