sample,group,p_value
11I,Mutant,0.008758253730673694
15I,Mutant,0.047536334869535436
7I,Mutant,0.008614888565329713
