sample,group,p_value
7,Mutant,0.010418322580268492
11,Mutant,0.01656727522386413
