sample,group,p_value
AI,Mutant,0.0031857558865542
FA,Mutant,0.001484722525122962
GI,Mutant,4.524748593616139e-06
