sample,group,p_value
11G,Mutant,2.2076340792178834e-14
12G,Mutant,0.04864094368785726
15A,Mutant,0.009464234908076042
15G,Mutant,0.016144025542829038
7A,Mutant,0.015833094590464062
7G,Mutant,5.060371060594204e-06
