sample,group,p_value
7,Mutant,7.78694950532511e-06
11,Mutant,0.01454289095397481
