sample,group,p_value
11G,Mutant,3.4187813835085234e-10
12G,Mutant,0.03056304818547857
7G,Mutant,0.00035412437860471863
