sample,group,p_value
11G,Mutant,3.418781383534072e-10
12G,Mutant,0.030563048185479468
7G,Mutant,0.0003541243786077365
