sample,group,p_value
11I,Mutant,2.2367391829422756e-10
7I,Mutant,0.011732693551558484
