sample,group,p_value
11I,Mutant,2.2367391829566893e-10
7I,Mutant,0.011732693551639759
