sample,group,p_value
7,Mutant,0.0005273253799161194
11,Mutant,2.2067482009341207e-10
