sample,group,p_value
7,Mutant,0.0005273253799084175
11,Mutant,2.206748200923077e-10
