sample,group,p_value
G,clash,1.0634972410108286e-14
G,void,0.7722552329331702
