sample,group,p_value
G,clash,1.0634972410371988e-14
G,void,0.7722552329326768
