sample,group,p_value
A,Mutant,0.0028743509529855563
S,Mutant,0.010894672512483309
