sample,group,p_value
A,Mutant,0.002874350953062739
S,Mutant,0.010894672512366704
