sample,group,p_value
AI,Mutant,0.002874350953062739
SI,Mutant,0.010894672512366704
