sample,group,p_value
7,Mutant,0.007400172132523359
11,Mutant,0.0022311967399626306
15,Mutant,0.012233286322022736
