sample,group,p_value
11I,Mutant,6.099568246091478e-05
15I,Mutant,0.013930237819413788
7I,Mutant,0.001731518131357348
