sample,group,p_value
7,Mutant,0.00019625114051254319
11,Mutant,0.000412704591858665
15,Mutant,0.026175292018308087
