sample,group,p_value
A,Mutant,0.010609694259166512
G,Mutant,2.487521110808349e-08
