sample,group,p_value
A,Mutant,0.009461815393941043
G,Mutant,2.4875211108098742e-08
