sample,group,p_value
AI,Mutant,0.0023388914238974224
GI,Mutant,2.4875211108098835e-08
