sample,group,p_value
AI,Mutant,0.0026908080187251215
GI,Mutant,2.487521110808376e-08
