sample,group,p_value
11G,Mutant,2.1268879516366506e-29
7G,Mutant,9.867634608051522e-09
