sample,group,p_value
A,Mutant,0.0403257013102534
I,Mutant,0.017426233449408232
