sample,group,p_value
14A,Mutant,0.002354742894482748
4I,Mutant,0.027193242328541093
