sample,group,p_value
14F,Mutant,0.019204558045496662
4A,Mutant,0.023484610951535118
4Y,Mutant,0.047300694444989834
8A,Mutant,0.04239493702464403
