sample,group,p_value
A,Mutant,0.02827849735819251
F,Mutant,0.004737130788344948
T,Mutant,0.016093776597843543
