sample,group,p_value
AI,Mutant,0.02541911470975417
FA,Mutant,0.0009631969903246056
TI,Mutant,0.0048138043349818666
