sample,group,p_value
12I,Mutant,0.006470519788353132
4I,Mutant,0.008119598176762619
