sample,group,p_value
G,clash,3.880293753287917e-16
G,void,0.35982943410649004
