sample,group,p_value
G,clash,3.880293753281006e-16
G,void,0.3598294341053888
