sample,group,p_value
G,clash,6.921083195388641e-19
L,clash,4.243267707093426e-08
R,clash,2.0277885400824523e-28
G,void,0.5858353713443192
L,void,0.002400531075886449
R,void,0.002401265282643165
