sample,group,p_value
G,clash,6.921083195313155e-19
L,clash,4.243267707008787e-08
R,clash,2.027788540110819e-28
G,void,0.5858353713418699
L,void,0.002400531075879154
R,void,0.002401265282620735
