sample,group,p_value
G,void,0.8341986871248244
L,void,0.01918312467279142
R,void,0.04004040616851162
G,clash,1.0647873246249823e-06
L,clash,0.014763513988340155
R,clash,1.2314070343295045e-08
