sample,group,p_value
G,void,0.8341986871238855
L,void,0.019183124672722505
R,void,0.04004040616833226
G,clash,1.064787324623551e-06
L,clash,0.014763513988359641
R,clash,1.2314070343333002e-08
