sample,group,p_value
G,clash,1.0139144311126249e-07
L,clash,0.010877870366294392
R,clash,1.5392578125454727e-12
G,void,0.9836132438151857
L,void,0.002425198561940028
R,void,0.40125352699990213
