sample,group,p_value
G,clash,1.0513769677817615e-07
L,clash,0.010877870366281437
R,clash,1.5392578125563254e-12
G,void,0.9802383488404907
L,void,0.0024251985619649823
R,void,0.4012535270005966
