sample,group,p_value
7,Mutant,0.007417699586732759
11,Mutant,6.598554803424437e-15
15,Mutant,0.008696765402635113
