sample,group,p_value
G,clash,7.181685651567181e-10
L,clash,1.0664797685261316e-05
R,clash,7.915863973986448e-21
G,void,0.6981203128754887
L,void,0.14783198190973323
R,void,0.005407962747233902
