sample,group,p_value
11S,Mutant,0.03086963704886643
12A,Mutant,0.0001693197391071478
12S,Mutant,0.004050383309437731
4A,Mutant,0.0035859721111600826
5A,Mutant,0.04194139898018131
8A,Mutant,0.0037492729512791675
