sample,group,p_value
12I,Mutant,2.2440296613725934e-07
4I,Mutant,0.00033723091156387445
8I,Mutant,0.013557539526456837
