sample,group,p_value
A,Mutant,0.008341995628746404
F,Mutant,0.006875001061863197
G,Mutant,6.000354808125991e-08
