sample,group,p_value
AI,Mutant,0.0023682682776327815
GI,Mutant,3.316165149799107e-20
TI,Mutant,0.03962513616795818
