sample,group,p_value
11Y,Mutant,0.02992493315624372
12S,Mutant,0.00664120875125652
