sample,group,p_value
11I,Mutant,0.019585782144526134
12I,Mutant,0.011823215030056561
14A,Mutant,0.0077296010556439825
5I,Mutant,0.040744923552150356
7I,Mutant,0.03386316490212439
