sample,group,p_value
12,Mutant,0.039821595279245045
14,Mutant,0.028277862957622017
