sample,group,p_value
A,Mutant,0.030659224345958018
F,Mutant,0.019651469873454404
