sample,group,p_value
AI,Mutant,0.007874462845149683
FA,Mutant,0.01813414693663375
LI,Mutant,0.022986818186875316
TI,Mutant,0.03150367425250283
