sample,group,p_value
A,Mutant,0.010558035393712627
I,Mutant,2.438634777003661e-16
