sample,group,p_value
11A,Mutant,0.006757860788964684
12A,Mutant,0.0006125123367279185
12S,Mutant,0.024798167979868457
12T,Mutant,0.0001884029808242765
12V,Mutant,0.0003234833698822359
16L,Mutant,0.034534549264652305
3Y,Mutant,0.001387064590222983
8A,Mutant,1.9430597829480824e-05
