sample,group,p_value
3,Mutant,0.0010544995240802384
8,Mutant,6.526062605011666e-07
12,Mutant,4.157112737686635e-08
