sample,group,p_value
A,Mutant,1.5857710899169876e-09
F,Mutant,0.00027543757443181804
T,Mutant,5.9861931548320726e-06
V,Mutant,1.8185106413146605e-05
Y,Mutant,0.011792777791394373
