sample,group,p_value
AI,Mutant,2.1593714546176078e-09
FA,Mutant,0.00028888095375421264
TI,Mutant,4.94580408787828e-06
VI,Mutant,3.2785966996945736e-06
YA,Mutant,0.04475210551555155
