sample,group,p_value
11I,Mutant,1.5627580209700015e-18
7I,Mutant,7.652493391163847e-05
