sample,group,p_value
7,Mutant,7.652493391163847e-05
11,Mutant,1.5627580209700015e-18
