sample,group,p_value
A,Mutant,0.007342653073519807
I,Mutant,1.66894737601183e-18
