sample,group,p_value
11I,Mutant,0.0004334952965807075
12I,Mutant,2.6507791430676697e-09
3A,Mutant,0.0053945133613487175
4A,Mutant,0.021554538821695387
4I,Mutant,0.004001983738879565
7I,Mutant,0.023140568293821027
8I,Mutant,3.932382341868412e-05
