sample,group,p_value
11A,Mutant,9.607792046256353e-05
12A,Mutant,0.00021074446273538073
12L,Mutant,0.010475701458422566
12S,Mutant,0.03463284163713754
12T,Mutant,0.004835862531371504
3Y,Mutant,0.004587781676811523
4A,Mutant,0.02460540469470822
7I,Mutant,0.005448432136168702
8A,Mutant,0.0003014965556246011
