sample,group,p_value
3,Mutant,0.0053945133613487175
8,Mutant,0.0021484504754478305
12,Mutant,2.306696988085145e-06
