sample,group,p_value
A,Mutant,3.5956004013973972e-12
S,Mutant,0.019572270822174078
T,Mutant,0.0004172303948099492
V,Mutant,0.006576856198144959
Y,Mutant,0.004288181964771717
