sample,group,p_value
AI,Mutant,4.081742559557442e-12
SI,Mutant,0.019572270822174217
TI,Mutant,0.00030656129105121206
VI,Mutant,0.004115208258932314
YA,Mutant,0.004288181964771717
