sample,group,p_value
11G,Mutant,1.609952643561863e-05
12G,Mutant,0.029559742256228455
15A,Mutant,0.009464234908076042
7G,Mutant,4.062970563256127e-06
