sample,group,p_value
G,clash,1.1865691680575633e-18
L,clash,0.0028848221895786644
R,clash,6.477755100006763e-13
G,void,0.32508480528054196
L,void,0.4250639455305826
R,void,0.9465864370086461
