sample,group,p_value
7,Mutant,0.01339175059977478
11,Mutant,0.001382338819150876
15,Mutant,0.004989234202991167
