sample,group,p_value
A,Mutant,0.0008633525931483382
G,Mutant,8.43199896313352e-05
