sample,group,p_value
A,Mutant,0.0008633525931374791
G,Mutant,8.431998963204658e-05
