sample,group,p_value
AI,Mutant,0.0008633525931374791
GI,Mutant,8.431998963204658e-05
