sample,group,p_value
AI,Mutant,0.0008633525931483382
GI,Mutant,8.43199896313352e-05
