Sequence,Mutant,Region,Mutant Type,CHARMM_IMM1,CHARMM_IMM1REF,CHARMM_VDW,Dimer,HBONDMonomer,IMM1Monomer,Monomer,MonomerSasa,SCWRL4_HBOND,VDWMonomer,Mutant_DimerSasa,Mutant_MonomerSasa,Mutant_Position_MonomerSasa,Mutant_Position_Sasa,WT_DimerSasa,WT_MonomerSasa,WT_Position_MonomerSasa,WT_Position_Sasa,Total,Interface,Position,WT_AA,SasaDifference,SasaPercDifference,Mutant_SASA_no_alanine,SASA_no_wt_position,DimerSasaDifference,Segment,PercentGpA_transformed,std_adjusted,Sample,LB-12H_M9-36H,wt_seq,Fluorescence,FluorStdDev,Percent GpA
LLLTYLLVALLTFLLSLLILI,LLLTYLLVALLIFLLSLLILI,Right,clash,25.4127,-281.668,961517000.0,961516000.0,-60.3627,-280.54,-365.568,4671.13,-45.0878,-24.6648,3749.96,4722.94,52.7708,22.6474,3730.55,4741.45,78.9233,30.7939,-17.0262,1.10011e+17,11,T,107.6204,17.38526328,,,,,0.3056912015596955,0.0298006420020376,R,22795790908990.91,LLLTYLLVALLIALLSLLILI,24748.66207090556,1366.7674265906082,27.380547532277514
LLLSYLLVALLGLLLGFLILI,LLLSYLLVALLGALLGFLILI,GAS,void,,,,,,,,,,,3351.19,4102.59,63.0341,70.1301,3334.73,4180.76,126.874,113.811,-29.9073,1.1e+17,12,L,90.3123,31.23233452,3281.0599,3220.919,60.1409,0.0,0.6298656950238204,0.1401016397371127,G,16323996275453.598,LLLSYLLVALLGALLGLLILI,23110.801293790064,1853.768522569936,107.33394368744216
LLLFVLLIALLLTLLSLLILI,LLLFVLLIALLATLLSLLILI,Right,void,,,,,,,,,,,3981.08,4646.27,51.3745,66.6432,3941.56,4686.25,106.684,130.478,-7.46132,1.1e+17,11,L,63.6246,51.15861326,3914.4368,3811.082,103.3548,5.0,0.2280964071931149,0.204196778800984,R,20896141666566.67,LLLYVLLIALLATLLSLLILI,24444.415206590707,2189.897617230578,7.0141159531600685
