sample,group,p_value
11I,Mutant,2.2746167023300924e-18
15I,Mutant,0.0008772834519982644
7I,Mutant,0.00032168744842374873
