sample,group,p_value
11G,Mutant,6.6811838193543645e-18
12G,Mutant,0.0479411490599555
15G,Mutant,0.022129796901995603
7G,Mutant,5.060371060633997e-06
