sample,group,p_value
11G,Mutant,6.68118381940358e-18
12G,Mutant,0.04794114905969292
15G,Mutant,0.022129796901956916
7G,Mutant,5.060371060594204e-06
