sample,group,p_value
11I,Mutant,2.4627223600578267e-18
15I,Mutant,0.0008772834519995839
7I,Mutant,0.0003216874484256534
