sample,group,p_value
7,Mutant,0.011584644282267229
11,Mutant,3.108302294740154e-16
15,Mutant,0.0019489893217021024
