sample,group,p_value
7,Mutant,0.011584644282347943
11,Mutant,3.3294318244694946e-16
15,Mutant,0.001948989321709018
