sample,group,p_value
A,Mutant,0.018903498813624683
G,Mutant,4.163260656825955e-24
