sample,group,p_value
A,Mutant,0.01706065867915435
G,Mutant,4.163260656845592e-24
