sample,group,p_value
AI,Mutant,0.015056028474953888
GI,Mutant,2.0128726522598637e-23
