sample,group,p_value
11I,Mutant,2.157196266534977e-13
12I,Mutant,0.037384411223696755
15I,Mutant,0.004082511927567566
7I,Mutant,0.00014073081856216699
