sample,group,p_value
11I,Mutant,2.024632996487729e-13
12I,Mutant,0.03738441122374674
15I,Mutant,0.004082511927580648
7I,Mutant,0.00014073081856115797
