sample,group,p_value
11G,Mutant,1.7792061391459345e-15
12G,Mutant,0.03528367552939623
15G,Mutant,0.018152139175435303
3Y,Mutant,0.03646284290079508
7A,Mutant,0.011660109029784623
7G,Mutant,1.9714814517831212e-05
