sample,group,p_value
7,Mutant,0.0007537332899206766
11,Mutant,2.700942134888594e-12
15,Mutant,0.014940284415837808
