sample,group,p_value
A,Mutant,0.017399711985901553
G,Mutant,4.704023194485007e-18
