sample,group,p_value
A,Mutant,0.015458942824472898
G,Mutant,4.704023194678807e-18
