sample,group,p_value
AI,Mutant,0.015458942824473016
GI,Mutant,4.704023194678671e-18
TI,Mutant,0.009429771668037266
