sample,group,p_value
11I,Mutant,1.76577427285988e-31
15I,Mutant,0.00010761296215349929
7I,Mutant,1.725517767339392e-07
