sample,group,p_value
11A,Mutant,0.004424165801780889
12A,Mutant,0.00043186249922614483
12S,Mutant,0.016929571092039287
12T,Mutant,0.0017636668198875213
12V,Mutant,0.00022083455150656434
8A,Mutant,0.00012856256675674338
