sample,group,p_value
A,Mutant,0.03134689210242137
I,Mutant,4.123750830424072e-06
