sample,group,p_value
A,Mutant,0.031346892102261326
I,Mutant,4.1237508304539215e-06
