sample,group,p_value
12I,Mutant,1.2812920441043582e-07
4I,Mutant,0.00019059510365701887
8I,Mutant,0.014745248835183024
