sample,group,p_value
A,Mutant,8.867523132549075e-09
T,Mutant,0.034190135721817706
