sample,group,p_value
A,Mutant,8.527457615012806e-10
F,Mutant,0.017937560704647054
