sample,group,p_value
A,Mutant,8.527457614901149e-10
F,Mutant,0.017937560704752446
