Sequence,Type,Clash Mutant,Mutant Type,Geometry,Interface,Seed,HBONDDimerOptimize,HBONDDimerPreOptimize,HBONDMonomer,IMM1DimerOptimize,IMM1DimerPreOptimize,IMM1Monomer,Monomer,MonomerSasa,OptimizeSasa,PreBBOptimizeSasa,Total,TotalPreOptimize,VDWDimerOptimize,VDWDimerPreOptimize,VDWMonomer,endAxialRotation,endAxialRotationPrime,endCrossingAngle,endXShift,endZShift,endZShiftPrime,firstRepackEnergy,preOptimizeAxialRotation,preOptimizeAxialRotationPrime,preOptimizeCrossingAngle,preOptimizeEnergy,preOptimizeXShift,preOptimizeZShift,preOptimizeZShiftPrime,replicateNumber,Directory,PercentGpA,PercentStd,Sample,LB-12H_M9-36H,VDWDiff,HBONDDiff,IMM1Diff
YLLLAVLLGFLLATL,WT,LLLYLLLAVLLIFLLATLILI,clash,LLLYLLLAVLLGFLLATLILI_0,110011001100110000,1,-62.0983,-62.9041,-58.7343,-233.476,-229.05,-245.864,-341.779,4702.18,3894.94,3711.31,-28.7138,-24.4314,-74.9187,-74.2572,-37.1808,-58.9963,56.8073,-40.3288,7.11673,3.01842,2.37053,-24.648,-63.0129,43.6304,-40.5932,-366.211,7.074,1.84204,0.996496,0,LLLYLLLAVLLGFLLATLILI,1.0918445759609008,0.0492961127917126,D,99999900.0,-37.7379,-3.3640000000000043,12.388000000000005
AVLLGILLGLLLTFL,WT,LLLAVLLGILLLLLLTFLILI,clash,LLLAVLLGILLGLLLTFLILI_1,110011001100110000,1,-58.098,-57.5951,-58.7585,-222.545,-220.705,-238.607,-353.494,4480.47,3577.98,3581.47,-21.4065,-17.2437,-94.2582,-92.4382,-56.129,-108.117,25.437,-37.3852,7.33316,6.15157,5.03313,-14.0187,-106.47,21.0167,-38.4019,-367.854,7.4459,5.30775,4.123,1,LLLAVLLGILLGLLLTFLILI,1.028204138520384,0.0178303300105073,D,99999900.0,-38.129200000000004,0.660499999999999,16.062000000000012
YLLLAFLLGTLLGVL,WT,LLLYLLLAFLLGTLLLVLILI,clash,LLLYLLLAFLLGTLLGVLILI_0,110011001100110000,1,-58.7101,-58.7101,-58.7101,-228.705,-219.37,-244.623,-340.611,4599.03,3637.84,3586.63,-19.8038,-13.4972,-72.9991,-76.0279,-37.2774,-68.3878,49.8936,-36.4657,7.4926,3.49382,2.74222,-13.6836,-70.4738,37.5669,-39.1051,-354.108,7.2986,2.1426,1.2061,0,LLLYLLLAFLLGTLLGVLILI,1.033232906466237,0.1496555563279077,D,99999900.0,-35.7217,0.0,15.917999999999978
GYLLAFLLGLLLGTL,WT,LLLGYLLAFLLLLLLGTLILI,clash,LLLGYLLAFLLGLLLGTLILI_0,110011001100110000,1,-63.0919,-64.1804,-58.7749,-221.396,-218.985,-243.557,-338.614,4565.14,3533.02,3542.58,-18.7993,-14.5969,-72.9257,-70.0453,-36.2825,-60.8939,53.8847,-34.9998,7.33505,2.90852,2.21679,-10.9289,-61.4169,47.8691,-36.8365,-353.211,7.2814,2.17486,1.3929,0,LLLGYLLAFLLGLLLGTLILI,1.4856331817491115,0.0734007098355389,D,99999900.0,-36.64320000000001,-4.317,22.161
