sample,group,p_value
11A,Mutant,0.0010244603510624582
11T,Mutant,0.03668010565354908
12A,Mutant,8.563594476584671e-08
12T,Mutant,0.0004379294494887347
12V,Mutant,0.00033392097300679886
12Y,Mutant,0.007432030802375975
4A,Mutant,0.0313078045752232
8A,Mutant,0.0015198295467514355
8T,Mutant,0.036750213525956435
