sample,group,p_value
8,Mutant,0.0035278046351645493
11,Mutant,0.0015916745802697612
12,Mutant,1.6107132825432874e-09
