sample,group,p_value
A,Mutant,1.0044364285460601e-08
T,Mutant,1.0694868961386061e-06
