sample,group,p_value
AI,Mutant,4.8812662554731055e-09
TI,Mutant,1.1102068408661687e-06
