sample,group,p_value
G,clash,3.264585858168011e-06
G,void,0.8875148368398798
