sample,group,p_value
G,clash,3.2645858581681193e-06
G,void,0.8875148368399457
