sample,group,p_value
11G,Mutant,1.135552070497579e-15
15G,Mutant,0.027518997962571273
7A,Mutant,0.04712497495638008
7G,Mutant,1.3594653684311908e-07
