sample,group,p_value
11I,Mutant,4.1601989676379124e-15
15I,Mutant,0.000889983618383411
7I,Mutant,0.0001834036978221796
