sample,group,p_value
11I,Mutant,0.00018008250325610015
12I,Mutant,2.2530477717423894e-08
3A,Mutant,0.04156115558872401
4A,Mutant,0.03246637166696126
4I,Mutant,0.0072919294717811445
7I,Mutant,0.008001159184730192
8I,Mutant,0.0003565901027626947
