sample,group,p_value
11A,Mutant,9.655074363109059e-05
12A,Mutant,0.00011815939738198371
12S,Mutant,0.03463284163713766
12T,Mutant,0.004504733041385831
3Y,Mutant,0.009074941789179884
4A,Mutant,0.016613893350633836
7I,Mutant,0.005448432136168702
8A,Mutant,0.003269901037684557
