sample,group,p_value
3,Mutant,0.04156115558872398
8,Mutant,0.015225118157665455
12,Mutant,4.0674191160321336e-06
