sample,group,p_value
A,Mutant,6.346359895772678e-11
T,Mutant,0.00030948622527909614
V,Mutant,0.0039308341564368975
Y,Mutant,0.029978880895127052
