sample,group,p_value
AI,Mutant,2.3859751368286833e-11
FA,Mutant,0.03039926843149953
TI,Mutant,0.00014499989343794712
VI,Mutant,0.002351320680331192
YA,Mutant,0.029978880895127052
