sample,group,p_value
11G,Mutant,5.500757194989235e-18
12G,Mutant,0.04864094368806748
15A,Mutant,0.009464234908005123
15G,Mutant,0.0036742345826476864
7A,Mutant,0.016675433381758337
7G,Mutant,6.109951868488969e-08
