sample,group,p_value
7,Mutant,0.001912247354320188
11,Mutant,1.5385977941504369e-13
15,Mutant,0.03141743297167901
