sample,group,p_value
11G,Mutant,0.00039314012005995367
15G,Mutant,0.011894685745703952
7G,Mutant,3.621776246334068e-05
