sample,group,p_value
11I,Mutant,3.206708892771318e-05
15I,Mutant,0.002189502863473996
7I,Mutant,0.0006536703425385885
