sample,group,p_value
A,Mutant,0.00013278374578249498
G,Mutant,1.1275174316503506e-09
