sample,group,p_value
AI,Mutant,0.00013278374578249574
GI,Mutant,2.20844104721004e-09
