sample,group,p_value
G,clash,7.681047925599616e-29
G,void,0.007728521679793076
