sample,group,p_value
15I,Mutant,0.008354005603946297
7I,Mutant,0.018870346260788033
