sample,group,p_value
7,Mutant,0.01339175059975221
11,Mutant,0.001382338819145539
15,Mutant,0.004989234202967098
