sample,group,p_value
11I,Mutant,0.0002009997531469398
12I,Mutant,3.3073606466193413e-23
4I,Mutant,0.01891621976011823
8I,Mutant,2.6055614563146617e-08
