sample,group,p_value
11A,Mutant,6.977080017774284e-05
12A,Mutant,1.1225844052379218e-13
12L,Mutant,0.014590516370527898
12S,Mutant,0.005428699333643466
12T,Mutant,1.2997188718242201e-05
12V,Mutant,6.864991933249368e-05
8A,Mutant,3.2104091889678204e-06
8S,Mutant,0.0408897191109115
8T,Mutant,0.0006784595278466447
