sample,group,p_value
8,Mutant,1.206299352113477e-05
12,Mutant,4.60507161694083e-17
