sample,group,p_value
8,Mutant,1.2062993521078535e-05
12,Mutant,4.6050716169186005e-17
