sample,group,p_value
A,Mutant,1.0367925382240749e-16
T,Mutant,5.120140864627478e-09
V,Mutant,0.011037279078620534
