sample,group,p_value
A,Mutant,1.0367925382273621e-16
T,Mutant,5.120140864639632e-09
V,Mutant,0.01103727907864252
