sample,group,p_value
AI,Mutant,1.0367925382240375e-16
LI,Mutant,0.043121468057687726
TI,Mutant,3.9991825790566755e-09
VI,Mutant,0.008017666267345402
