sample,group,p_value
A,Mutant,0.0011167792979499323
G,Mutant,4.608880409097847e-08
