sample,group,p_value
A,Mutant,0.0013826927155021957
G,Mutant,4.60888040912695e-08
