sample,group,p_value
AI,Mutant,0.00040786120128227967
GI,Mutant,2.0371613350624532e-08
