sample,group,p_value
G,void,0.6290581748663877
L,void,0.06874633215058902
R,void,0.22864434183413265
G,clash,1.504903114444796e-08
L,clash,0.01772263550449864
R,clash,5.826615846460636e-10
