sample,group,p_value
G,clash,3.7964298172258396e-10
L,clash,0.010804785629632128
R,clash,1.710951768499318e-11
G,void,0.3919066785368829
L,void,0.32039129082689655
R,void,0.755937995571248
