sample,group,p_value
11G,Mutant,3.140868929148507e-11
12G,Mutant,0.030563048185479468
15G,Mutant,0.029189172162738326
7G,Mutant,0.0003541243786077365
