sample,group,p_value
11I,Mutant,1.2445885870187084e-11
15I,Mutant,0.03761358507901983
7I,Mutant,0.011732693551558475
