sample,group,p_value
11G,Mutant,3.140868929127065e-11
12G,Mutant,0.030563048185478534
15G,Mutant,0.02918917216289516
7G,Mutant,0.00035412437860471863
