sample,group,p_value
11I,Mutant,1.2445885870275482e-11
15I,Mutant,0.03761358507887301
7I,Mutant,0.011732693551639794
