sample,group,p_value
7,Mutant,0.0010514145478437292
11,Mutant,5.465789596202181e-11
