sample,group,p_value
7,Mutant,0.001051414547832603
11,Mutant,5.4657895961733774e-11
