sample,group,p_value
G,void,0.3077883735960184
L,void,0.3350727693076574
R,void,0.7761805815886398
G,clash,3.126292186837955e-17
L,clash,0.005731777367679367
R,clash,2.80323553510899e-12
