sample,group,p_value
11I,Mutant,4.4234095329506413e-17
15I,Mutant,0.00023665472882596522
7I,Mutant,5.912338824570035e-05
