sample,group,p_value
11G,Mutant,9.236963823644107e-17
15G,Mutant,0.0018637112227768383
7G,Mutant,6.109951868488969e-08
