sample,group,p_value
11G,Mutant,9.236963823646033e-17
15G,Mutant,0.0018637112227725212
7G,Mutant,6.109951868425125e-08
