sample,group,p_value
11I,Mutant,4.696607410319166e-17
15I,Mutant,0.00023665472882631708
7I,Mutant,5.912338824574927e-05
