sample,group,p_value
7,Mutant,0.0016945963628836613
11,Mutant,4.992870821620973e-16
15,Mutant,0.0027241521702676607
