sample,group,p_value
7,Mutant,0.001694596362874857
11,Mutant,4.719764931999654e-16
15,Mutant,0.0027241521702555597
