sample,group,p_value
A,Mutant,0.02455876266943246
G,Mutant,6.718119418737988e-25
