sample,group,p_value
A,Mutant,0.02697668499675661
G,Mutant,6.718119418705725e-25
