sample,group,p_value
AI,Mutant,0.024132694290323015
GI,Mutant,6.0023491861729136e-24
LI,Mutant,0.03383550741132751
