sample,group,p_value
AI,Mutant,0.02642580073311588
GI,Mutant,6.002349186141242e-24
LI,Mutant,0.03383550741122734
