sample,group,p_value
A,Mutant,8.929008106952436e-08
F,Mutant,0.0011498858006789483
S,Mutant,0.025710032799409033
T,Mutant,6.377165831937584e-06
V,Mutant,6.0350611440407606e-05
