Sequence,Type,Clash Mutant,Mutant Type,Geometry,Interface,Seed,HBONDDimerOptimize,HBONDDimerPreOptimize,HBONDMonomer,IMM1DimerOptimize,IMM1DimerPreOptimize,IMM1Monomer,Monomer,MonomerSasa,OptimizeSasa,PreBBOptimizeSasa,Total,TotalPreOptimize,VDWDimerOptimize,VDWDimerPreOptimize,VDWMonomer,endAxialRotation,endAxialRotationPrime,endCrossingAngle,endXShift,endZShift,endZShiftPrime,firstRepackEnergy,preOptimizeAxialRotation,preOptimizeAxialRotationPrime,preOptimizeCrossingAngle,preOptimizeEnergy,preOptimizeXShift,preOptimizeZShift,preOptimizeZShiftPrime,replicateNumber,Directory,PercentGpA,PercentStd,Sample,toxgreen_fluor,toxgreen_std,Segments,LB-0H_M9-30H,LB-0H_M9-36H,LB-12H_M9-30H,LB-12H_M9-36H,LB-36H_M9-30H,LB-36H_M9-36H,VDWDiff,HBONDDiff,IMM1Diff,interfaceSasa,vdwPerSasa,hbondPerSasa,imm1PerSasa,totalPerSasa
TFLLALLLGYLLGSL,WT,LLLTFLLALLLIYLLGSLILI,clash,LLLTFLLALLLGYLLGSLILI_0,110011001100110000,1,-64.1203,-61.5111,-60.2601,-229.309,-226.604,-244.54,-346.55,4560.52,3674.94,3571.28,-23.3486,-18.3004,-76.4697,-76.7358,-41.7503,-73.5903,49.1385,-49.4274,7.28845,4.17225,3.40932,-17.809,-75.8727,44.54,-43.5756,-364.851,7.3804,3.8938,3.0619,0,LLLTFLLALLLGYLLGSLILI,0.949728993425309,0.13591835155224,G,22882.875040810468,2667.6694857716902,1,-96.1408091229162,,-95.72816416782145,,-96.16535290231153,,-34.7194,-3.860199999999999,15.230999999999995,885.5800000000004,-0.03920526660493686,-0.004358951195826461,0.017198897897423144,-0.026365319903340175
TALLFLLLGYLLGSL,WT,LLLTALLFLLLGYLLISLILI,clash,LLLTALLFLLLGYLLGSLILI_0,110011001100110000,1,-63.6911,-70.5599,-60.326,-232.79,-224.657,-245.462,-345.883,4670.51,3661.12,3533.11,-15.7936,38374.5,-65.1953,38323.8,-40.0949,-61.0159,65.4098,-45.889,7.98831,4.4827,3.96385,20398.7,-54.4566,55.8714,-40.6917,38028.6,7.0594,2.21113,1.5492,0,LLLTALLFLLLGYLLGSLILI,1.0902176615987655,0.1162041563337594,G,26267.8244955396,2280.738976240116,0,-95.43662865743394,,-95.10519531892116,,-96.53895087570096,,-25.1004,-3.365099999999998,12.671999999999997,1009.3900000000003,-0.024866899810776798,-0.0033337956587642012,0.012554116842845672,-0.01564667769643051
