sample,group,p_value
11I,Mutant,2.6239621458986872e-05
12I,Mutant,2.2979880693174786e-18
4I,Mutant,0.009877457452191714
8I,Mutant,1.1250351766998514e-06
