sample,group,p_value
8,Mutant,0.0005120997782412796
12,Mutant,3.8310460400109684e-13
