sample,group,p_value
A,Mutant,2.0276253617856454e-13
S,Mutant,0.016355848508577072
T,Mutant,1.453088208859367e-07
V,Mutant,0.006367433928711041
