sample,group,p_value
11I,Mutant,2.708533056093747e-15
15I,Mutant,0.012533138489264796
7I,Mutant,0.0004630900141939058
