sample,group,p_value
11A,Mutant,0.00029631239653761624
12A,Mutant,4.825724959820446e-13
12L,Mutant,0.014590516370527868
12S,Mutant,0.008423579489585541
12T,Mutant,1.7092885814066665e-05
12V,Mutant,2.45330347490405e-05
8A,Mutant,1.7986432600027042e-05
8T,Mutant,0.0008851406766510363
