sample,group,p_value
11I,Mutant,0.00015211188313725427
12I,Mutant,5.549065033475589e-23
4A,Mutant,0.018289076264414277
4I,Mutant,0.007937712601646432
8I,Mutant,7.130870795671191e-08
