sample,group,p_value
11A,Mutant,0.0002963123965378485
12A,Mutant,4.825724959807537e-13
12L,Mutant,0.014590516370527029
12S,Mutant,0.008423579489606139
12T,Mutant,1.709288581416196e-05
12V,Mutant,2.45330347490142e-05
8A,Mutant,1.798643260024677e-05
8T,Mutant,0.0008851406766510348
