sample,group,p_value
8,Mutant,2.7653249959220444e-05
12,Mutant,2.921988468692462e-16
