sample,group,p_value
7,Mutant,0.00029729704472245336
11,Mutant,2.081224100894687e-23
