sample,group,p_value
11I,Mutant,5.361233915872697e-05
15I,Mutant,0.03914648664235017
