sample,group,p_value
11I,Mutant,5.3612339158883155e-05
15I,Mutant,0.03914648664238846
