sample,group,p_value
A,Mutant,2.931383295747065e-08
T,Mutant,0.03419013572181775
