sample,group,p_value
G,clash,1.429980529937338e-43
L,clash,0.017221534573000574
R,clash,0.007395612770719227
G,void,0.00424363373904872
L,void,0.1293924665129586
R,void,0.04431903695798956
