sample,group,p_value
11I,Mutant,0.008232112142554824
12I,Mutant,0.00030369955311716854
4A,Mutant,0.0211657616552862
4I,Mutant,0.006125694110327304
