sample,group,p_value
A,Mutant,3.6711278627111805e-07
L,Mutant,0.023812959633119052
T,Mutant,0.037926439423969706
