sample,group,p_value
AI,Mutant,3.671127862711139e-07
TI,Mutant,0.013985805428328222
