sample,group,p_value
AI,Mutant,3.671127862725416e-07
TI,Mutant,0.013985805428412205
