sample,group,p_value
11I,Mutant,2.1857030020536625e-05
15I,Mutant,9.140247240924896e-05
7I,Mutant,4.0470474380974224e-05
