sample,group,p_value
11G,Mutant,1.1449919207130063e-05
15G,Mutant,0.00034471011676123954
7G,Mutant,1.0042242709267588e-11
