sample,group,p_value
7,Mutant,6.750119869587642e-06
11,Mutant,2.4348443737963476e-05
15,Mutant,0.0002158495977199914
