sample,group,p_value
A,Mutant,0.004673620057023844
G,Mutant,1.0230132559461264e-12
