sample,group,p_value
AI,Mutant,0.0046736200570238525
GI,Mutant,1.4644807612524697e-13
