sample,group,p_value
11F,Mutant,0.03173847078178665
11Y,Mutant,5.302159181365914e-10
12A,Mutant,0.0022683221476290974
12S,Mutant,0.009505576011511628
15L,Mutant,0.028410742581553006
4A,Mutant,0.04875477830285096
4Y,Mutant,0.04030772936677507
