sample,group,p_value
8,Mutant,0.0002281908159364892
12,Mutant,1.605630974153017e-07
