sample,group,p_value
G,clash,1.1082288625035618e-08
L,clash,0.009436502550622698
R,clash,3.990028416270048e-10
G,void,0.6071621699289566
L,void,0.07244765114441463
R,void,0.22285485086391582
