sample,group,p_value
G,clash,1.1082288625027918e-08
L,clash,0.009436502550575128
R,clash,3.9900284162660105e-10
G,void,0.6071621699283208
L,void,0.07244765114434026
R,void,0.2228548508635658
