sample,group,p_value
11G,Mutant,1.235193633953906e-06
12G,Mutant,0.01941693712492534
15G,Mutant,0.03164907219585326
7G,Mutant,0.00013177060727173823
