sample,group,p_value
7,Mutant,0.04697523902821367
11,Mutant,1.793491132942066e-05
15,Mutant,0.007266234607096489
