sample,group,p_value
11I,Mutant,0.000483913816825164
7I,Mutant,0.017525538034789474
8A,Mutant,0.044483479048597764
