AA,Count,Average
A,72,0.009880609304240428
F,197,0.02703444490188006
G,771,0.10580485796624126
I,763,0.10470701248799232
L,4225,0.5797996432002196
S,63,0.008645533141210375
T,557,0.0764374914230822
V,150,0.02058460271716756
W,160,0.02195690956497873
Y,329,0.04514889529298751
