sample,group,p_value
11G,Mutant,9.455410671988845e-05
15G,Mutant,0.001968476210465729
