sample,group,p_value
11G,Mutant,9.455410671959334e-05
15G,Mutant,0.0019684762104662376
