sample,group,p_value
11I,Mutant,0.0004251509798089193
15I,Mutant,0.0009078964813271471
