sample,group,p_value
11I,Mutant,0.00042515097980790734
15I,Mutant,0.0009078964813241402
