sample,group,p_value
11,Mutant,0.00011864271267660303
15,Mutant,0.01732057473397265
