sample,group,p_value
11,Mutant,0.00011864271267626668
15,Mutant,0.017320574733943356
