sample,group,p_value
11G,Mutant,1.2405807547441614e-10
12G,Mutant,0.02545303605989631
15G,Mutant,0.031885883920007296
7G,Mutant,1.5022566610117205e-05
