sample,group,p_value
11G,Mutant,1.2405807547504113e-10
12G,Mutant,0.0254530360598716
15G,Mutant,0.03188588391998534
7G,Mutant,1.5022566609902568e-05
