sample,group,p_value
11A,Mutant,0.0005982214853733159
12A,Mutant,2.1958198921961688e-09
12L,Mutant,0.009739509011025717
12T,Mutant,0.0002715323121642081
12V,Mutant,0.012351533137575761
4A,Mutant,0.013648354539380214
8A,Mutant,7.114831239240642e-05
8S,Mutant,0.0408897191109115
8T,Mutant,0.010019437112139056
