sample,group,p_value
8,Mutant,0.0001182871388583235
12,Mutant,7.183570996817887e-08
