sample,group,p_value
AI,Mutant,2.2351598014979797e-14
TI,Mutant,6.454039772751663e-08
VI,Mutant,0.0014029507358150417
