sample,group,p_value
11I,Mutant,2.5397209670354732e-05
12A,Mutant,0.018613138486514726
12I,Mutant,1.9116048634802382e-19
4A,Mutant,0.015666384743915792
4I,Mutant,0.007710369506080716
8I,Mutant,6.1738501887775335e-06
