sample,group,p_value
8,Mutant,0.0025653193472045333
12,Mutant,1.2042047317563562e-13
