sample,group,p_value
G,void,0.3077883735950924
L,void,0.3350727693073121
R,void,0.7761805815878144
G,clash,3.126292186869642e-17
L,clash,0.00573177736766726
R,clash,2.803235535115612e-12
