sample,group,p_value
12I,Mutant,1.372430403896361e-05
7I,Mutant,0.04931715579861609
8I,Mutant,0.04727856969067583
