sample,group,p_value
A,Mutant,0.00021444409794505942
F,Mutant,0.007353956779830214
