sample,group,p_value
11G,Mutant,1.6781965685240972e-12
12G,Mutant,0.008413515269913359
15G,Mutant,0.004250559915270512
7G,Mutant,3.387106647839293e-07
