sample,group,p_value
11I,Mutant,1.2277518578082424e-11
12I,Mutant,0.008395488511595932
15I,Mutant,0.0006941419183395156
7I,Mutant,0.002979145547519848
