sample,group,p_value
7,Mutant,0.004555059673673285
11,Mutant,5.942987345515447e-13
15,Mutant,0.0022726573825042383
