sample,group,p_value
7,Mutant,0.004555059673692216
11,Mutant,5.942987345557179e-13
15,Mutant,0.002272657382496295
