sample,group,p_value
11I,Mutant,4.3411458829053154e-12
12I,Mutant,0.008023441914486116
15I,Mutant,0.0018173342564418407
7I,Mutant,0.004101728141856602
