sample,group,p_value
11G,Mutant,3.6261636992471915e-13
12G,Mutant,0.005466534311103904
15G,Mutant,0.001290820287344107
7G,Mutant,2.203085030188979e-06
