sample,group,p_value
7,Mutant,0.0068562779489152285
11,Mutant,5.566633843341271e-13
15,Mutant,0.006802960712307947
