sample,group,p_value
11I,Mutant,4.762186660031591e-15
15I,Mutant,0.03061561493657762
7I,Mutant,0.002436958391776182
