sample,group,p_value
11G,Mutant,5.924696813932547e-14
15A,Mutant,0.009464234908076057
15G,Mutant,0.032333955123395444
4F,Mutant,0.015278620864920421
7G,Mutant,1.453418115445738e-07
