sample,group,p_value
7,Mutant,0.022799467333218457
11,Mutant,6.508007173482754e-15
