sample,group,p_value
7,Mutant,0.022799467333413235
11,Mutant,6.8933117339094665e-15
