sample,group,p_value
A,Mutant,0.011076636125569582
F,Mutant,0.024820883721219076
G,Mutant,3.2632775180323996e-18
