sample,group,p_value
G,void,0.028571045519222626
L,void,0.7884845562388446
R,void,0.007399636620125401
G,clash,3.4124974660737847e-32
L,clash,0.01913924506023094
R,clash,0.00038978711758572295
