sample,group,p_value
11I,Mutant,0.00460463717410903
12I,Mutant,5.057823230864883e-09
7I,Mutant,0.03672658625645366
