sample,group,p_value
11A,Mutant,0.0036751652418111737
12A,Mutant,0.0026850101345442627
12S,Mutant,0.00943349118763219
12T,Mutant,0.003034673766198043
12V,Mutant,5.508643970310189e-05
