sample,group,p_value
11A,Mutant,0.0036751652418113815
12A,Mutant,0.002685010134546183
12S,Mutant,0.009433491187626373
12T,Mutant,0.003034673766209477
12V,Mutant,5.508643970338774e-05
