sample,group,p_value
11I,Mutant,0.0046046371741112115
12I,Mutant,5.057823230897115e-09
7I,Mutant,0.03672658625643485
