sample,group,p_value
A,Mutant,2.5831127238338374e-06
F,Mutant,0.01336114442856196
T,Mutant,0.0019673122923436833
V,Mutant,0.0008930810059170585
