sample,group,p_value
A,Mutant,2.583112723821229e-06
F,Mutant,0.013361144428498
T,Mutant,0.0019673122923446044
V,Mutant,0.0008930810059144026
