sample,group,p_value
AI,Mutant,2.583112723821229e-06
FA,Mutant,0.013361144428497953
TI,Mutant,0.001974256401688944
VI,Mutant,0.0006496752193509895
