sample,group,p_value
AI,Mutant,2.583112723833784e-06
FA,Mutant,0.013361144428562101
TI,Mutant,0.001974256401687578
VI,Mutant,0.0006496752193528903
