sample,group,p_value
11A,Mutant,0.00011452188393038255
12A,Mutant,2.2925082970153063e-12
12L,Mutant,0.014590516370527868
12S,Mutant,0.0024607615822832226
12T,Mutant,0.00013524179869950256
12V,Mutant,2.0648907451213947e-05
12Y,Mutant,0.0022520474760046355
4A,Mutant,0.047337310871711315
8A,Mutant,0.0001407454204372037
8T,Mutant,0.0007387598819304578
