sample,group,p_value
11A,Mutant,0.00011452188393034779
12A,Mutant,2.2925082970016005e-12
12L,Mutant,0.014590516370526987
12S,Mutant,0.002460761582283302
12T,Mutant,0.00013524179870006502
12V,Mutant,2.064890745119326e-05
12Y,Mutant,0.002252047476008904
4A,Mutant,0.04733731087156693
8A,Mutant,0.00014074542043770316
8T,Mutant,0.000738759881930099
