sample,group,p_value
A,Mutant,4.478895132935783e-13
T,Mutant,3.553235114975443e-08
V,Mutant,0.008073425879723673
Y,Mutant,0.0035425091797303175
