sample,group,p_value
AI,Mutant,8.200739386788064e-14
LI,Mutant,0.04312146805768766
TI,Mutant,6.764610319027726e-08
VI,Mutant,0.004401973450706697
