sample,group,p_value
AI,Mutant,2.1473486571446318e-13
LI,Mutant,0.043121468057687254
TI,Mutant,3.263996581974078e-08
VI,Mutant,0.00553782873586128
YA,Mutant,0.00357310122059254
