Sequence	Interface	InterfaceSequence	Baseline	Dimer	Dimerw/Baseline	HBONDDimer	HBONDMonomer	IMM1Dimer	IMM1Monomer	Monomer	MonomerSasa	SequenceProbability	Total	VDWDimer	VDWMonomer	acceptCycleNumber	axialRotation	bestEnergyTotal	crossingAngle	currEnergyTotal	currEntropy	endAxialRotation	endCrossingAngle	endXShift	endZShift	energyComparison	entropyDiff	geometryNumber	prevEntropy	startEnergy	xShift	zShift	
LLLGGLLYGLLTSLLTTLILI	033001300120022003212	L--GGL-YGL-TS--TT--L-	365.998	-351.818	14.1797	-104.683	-101.84	-224.498	-268.582	-369.139	4456.58	1.34323e-06	12.4854	-22.6371	1.28381	105	-46.0779	14.6131	-40.0673	14.3515	0.171816	-46.1734	-39.9969	7.29889	5.06035	0.261534	0.644368	2	0.816184	17.3206	7.28465	5.03318	
LLLYGLLTGLLFGLLTTLILI	033001300120022003212	L--YGL-TGL-FG--TT--L-	340.702	-324.096	16.6066	-87.787	-86.3148	-223.055	-273.804	-345.551	4577.89	1.80324e-06	17.4238	-13.254	14.5679	123	-45.3321	17.2254	-39.382	16.7785	0.171816	-46.0779	-40.0673	7.28465	5.03318	0.446957	0.644368	1	0.816184	21.4554	7.3153	5.07919	
LLLYGLLTGLLTSLLTTLILI	033001300120022003212	L--YGL-TGL-TS--TT--L-	373.664	-361.374	12.29	-118.757	-115.582	-223.576	-275.232	-383.568	4529.4	7.82234e-07	18.1242	-19.0415	7.24632	100	-44.85	13.2263	-39.1	12.4312	0.141213	-45.3321	-39.382	7.3153	5.07919	0.795116	0.776469	0	0.917682	22.1937	7.34	5.08	
