sample,group,p_value
12A,Mutant,0.00016931973910714858
12S,Mutant,0.0024000417039810582
4A,Mutant,0.002346064808390965
5A,Mutant,0.04194139898018131
8A,Mutant,0.0072181451676558055
