sample,group,p_value
12I,Mutant,1.2812920441064898e-07
4I,Mutant,0.00021052399167470208
8I,Mutant,0.013557539526456882
