sample,group,p_value
11Y,Mutant,0.00022804795916508155
12A,Mutant,0.0001693197391071478
12S,Mutant,0.002400041703981065
4A,Mutant,0.002346064808390965
5A,Mutant,0.04194139898018131
8A,Mutant,0.004746731264259852
