sample,group,p_value
A,Mutant,8.867523132416228e-09
T,Mutant,0.03419013572203915
