sample,group,p_value
A,Mutant,1.3168965549096087e-08
T,Mutant,0.03419013572181775
