sample,group,p_value
11I,Mutant,0.0002009997531469379
12I,Mutant,3.3073606466195065e-23
4I,Mutant,0.014241267166584626
8I,Mutant,3.616729720188567e-08
