sample,group,p_value
11I,Mutant,0.00020099975314676153
12I,Mutant,3.307360646630063e-23
4I,Mutant,0.014241267166569165
8I,Mutant,3.616729720217291e-08
