sample,group,p_value
8,Mutant,1.5979313433589464e-05
12,Mutant,4.605071616940564e-17
