sample,group,p_value
AI,Mutant,0.00222584203536116
TI,Mutant,0.03068818432623492
