sample,group,p_value
11I,Mutant,1.4264526922711765e-05
12I,Mutant,0.03156888422691721
7I,Mutant,0.004796213326870599
