sample,group,p_value
11G,Mutant,1.6099526435687224e-05
12G,Mutant,0.029559742256314855
15A,Mutant,0.009464234908005128
7G,Mutant,4.062970563258892e-06
