sample,group,p_value
11G,Mutant,4.5547256231351644e-08
12G,Mutant,0.003506049432182738
15G,Mutant,1.3567532541771188e-05
