sample,group,p_value
11G,Mutant,4.554725623115442e-08
12G,Mutant,0.0035060494321742844
15G,Mutant,1.3567532541573858e-05
