sample,group,p_value
11I,Mutant,1.069602260677408e-06
12I,Mutant,0.0325222192260974
15I,Mutant,0.0029297186888571766
