sample,group,p_value
11I,Mutant,1.069602260679839e-06
12I,Mutant,0.03252221922594261
15I,Mutant,0.002929718688862295
