sample,group,p_value
11,Mutant,1.4747088681782645e-06
15,Mutant,0.0036618910404692057
