Amino Acid,Count,Percentage
Y,64,6.355511420059583
F,96,9.533267130089374
A,124,12.313803376365442
L,249,24.726911618669316
G,213,21.1519364448858
T,107,10.625620655412115
S,63,6.256206554121152
V,67,6.653426017874876
I,24,2.3833167825223436
