sample,group,p_value
7,Mutant,0.018499291040015128
8,Mutant,0.00199190491630054
12,Mutant,1.8037024777425642e-05
