sample,group,p_value
A,Mutant,9.301933838186756e-08
F,Mutant,0.01077837578681681
S,Mutant,0.015284907978872326
T,Mutant,0.00034539682026232663
V,Mutant,0.0009637624495226281
