Sequence,Type,Clash Mutant,Mutant Type,Geometry,Interface,Seed,HBONDDimerOptimize,HBONDDimerPreOptimize,HBONDMonomer,IMM1DimerOptimize,IMM1DimerPreOptimize,IMM1Monomer,Monomer,MonomerSasa,OptimizeSasa,PreBBOptimizeSasa,Total,TotalPreOptimize,VDWDimerOptimize,VDWDimerPreOptimize,VDWMonomer,endAxialRotation,endAxialRotationPrime,endCrossingAngle,endXShift,endZShift,endZShiftPrime,firstRepackEnergy,preOptimizeAxialRotation,preOptimizeAxialRotationPrime,preOptimizeCrossingAngle,preOptimizeEnergy,preOptimizeXShift,preOptimizeZShift,preOptimizeZShiftPrime,replicateNumber,Directory,PercentGpA,PercentStd,Sample,LB-12H_M9-36H,VDWDiff,HBONDDiff,IMM1Diff
YALLFLLTSLLLSLL,WT,LLLYILLFLLTSLLLSLLILI,clash,LLLYALLFLLTSLLLSLLILI_1,1.1001100110011e+17,1.0,-92.9901,-91.6472,-89.5603,-232.689,-231.479,-253.344,-383.721,4723.05,3694.88,3690.59,-27.5183,15.5789,-85.5609,-45.0165,-40.8174,-99.9011,48.6658,23.5005,8.45392,8.05505,7.28503,17.6689,-104.094,30.6553,19.1597,-367.988,8.5974,6.25257,5.2124,1.0,LLLYALLFLLTSLLLSLLILI,0.3851429769483559,0.0932625641780767,L,99999900.0,-44.743500000000004,-3.4298,20.655
LFVLLALLTILYSLL,WT,LLLLFVLLALLTILYILLILI,clash,LLLLFVLLALLTILYSLLILI_0,1.1001100110011e+17,1.0,-74.3828,-74.2659,-74.2659,-252.81,-237.845,-246.225,-367.249,4550.24,3931.99,3838.73,-24.1189,-9.15603,-64.1751,-64.2945,-46.7577,-41.7668,76.1382,33.3448,9.40878,3.04368,2.68575,-8.52411,-41.1626,59.5701,26.296,-376.405,9.4713,0.716349,0.1099,0.0,LLLLFVLLALLTILYSLLILI,0.0875377992127409,0.0461581805905319,L,99999900.0,-17.4174,-0.11690000000000111,-6.585000000000008
TFLLALLLGYLLGSL,WT,LLLTFLLALLLIYLLGSLILI,clash,LLLTFLLALLLGYLLGSLILI_0,1.1001100110011e+17,1.0,-63.9199,-61.5111,-60.2601,-225.599,-226.604,-244.905,-346.916,4558.97,3668.58,3571.28,-20.1244,-17.9348,-77.5217,-76.7358,-41.7503,-78.363,39.366,-45.0715,7.22746,3.56887,2.65936,-17.765,-75.8727,44.54,-43.5756,-364.851,7.3804,3.8938,3.0619,0.0,LLLTFLLALLLGYLLGSLILI,1.0375203360272192,0.125925779627079,G,99999900.0,-35.77139999999999,-3.659799999999997,19.30600000000001
