sample,group,p_value
11A,Mutant,0.002504494182749224
12A,Mutant,8.954762338299956e-08
12T,Mutant,0.0003299444513728685
12V,Mutant,0.004468837810049277
4A,Mutant,0.0011298841776134934
8A,Mutant,5.7749705997711646e-05
8S,Mutant,0.0408897191109115
8T,Mutant,0.010210026138053904
