sample,group,p_value
AI,Mutant,9.257342048515232e-16
TI,Mutant,9.365505117297644e-08
VI,Mutant,0.0005302330096455192
YA,Mutant,0.013218052576834172
