Sequence,512,Fluorescence,PercentGpA,FluorStd,PercentStd,Rep1-Fluor,Rep2-Fluor,Rep3-Fluor,Sample
LIIFGVMAGVIGT,48216.66667,19627.0,1.0,3749.770704,0.07776918156,30835.21720006862,33272.28986114109,32922.30636164624,L
LIIFGVMAIVIGT,33825.66667,5236.0,0.2667753605,2054.156112,0.01620066332,25677.44427678731,28066.86481006465,27486.838526973766,L
FHMIAVGLSSSILGCLITLLVL,59694.0,31104.33333,1.584772677,2695.227078,0.07155362735,32195.969062780165,35090.8526114293,35199.28851296349,L
VVIIAIVCCVVGTSLVWVVIIL,34945.33333,6355.666667,0.3238226253,3823.969709,0.03543500067,28376.41400364316,31113.32672137081,30334.59847392108,L
CAVVVGVGLIVGFAVGLL,36085.66667,7496.0,0.3819228614,615.756716,0.00651703539,26624.246052975563,28849.35426647168,28035.5516590361,L
LLLLAYLLLTLAVLLFSL,43964.0,15374.33333,0.7833256908,7141.936082,0.1272509784,27836.47467197593,30007.658172770527,29573.4381228169,L
LLLLFALLALLYVLTSLL,40892.66667,12303.0,0.6268405768,916.9549244,0.01405593229,28262.59063935644,29952.80015457545,30735.879898440795,L
LLLYALLFVLTALLLSLL,39428.33333,10838.66667,0.5522324689,1766.703522,0.02474441512,27929.650097966573,30711.52608870999,29603.745351167083,L
LLLLYLLLAVLTALLFSL,37468.66667,8879.0,0.4523870179,3335.586955,0.040273016620000004,27311.95632895761,28648.08535646187,28407.585230319663,L
LLLLLALLLILFVLLSTL,36237.0,7647.333333,0.38963332819999996,1822.253275,0.01959352619,27328.708617065604,29261.051763608844,29601.392407970896,L
