Sequence,512,Fluorescence,PercentGpA,FluorStd,PercentStd,Rep1-Fluor,Rep2-Fluor,Rep3-Fluor,Sample
LIIFGVMAGVIGT,48216.66667,19627.0,1.0,3749.770704,0.07776918156,28634.050357555912,31387.861981272163,27292.35872113816,R
LIIFGVMAIVIGT,33825.66667,5236.0,0.2667753605,2054.156112,0.01620066332,23637.400213757297,25677.548656500872,22711.62740481134,R
FHMIAVGLSSSILGCLITLLVL,59694.0,31104.33333,1.584772677,2695.227078,0.07155362735,31483.62347410387,33513.36418616438,28864.089163431163,R
VVIIAIVCCVVGTSLVWVVIIL,34945.33333,6355.666667,0.3238226253,3823.969709,0.03543500067,26074.621836480343,28843.632391996653,24703.73825283994,R
CAVVVGVGLIVGFAVGLL,36085.66667,7496.0,0.3819228614,615.756716,0.00651703539,24015.579136259774,26324.90383201249,23188.76210388215,R
LLLFYLLVALLLTLLSTL,37789.66667,9200.0,0.468742039,1889.068906,0.02343196141,24755.43146166662,26895.62212673754,24002.84900361984,R
LLLTVLLLALLFALLSIL,36471.0,7881.333333,0.40155568010000003,1712.78837,0.01885826818,24644.9892722532,26463.15204144116,23909.59078247453,R
LLLTVLLALLLAFLLSIL,39563.66667,10974.0,0.5591277322,733.158464,0.01036125475,24088.62497024785,27034.10055074556,23759.90331471733,R
LLLYALLTALLFVLLSLL,38954.33333,10364.66667,0.5280820638,616.8730285,0.008362601899999999,24318.50110820732,26546.905857637405,23449.504285491494,R
LLLVYLLIALLFSLLTLL,38425.0,9835.333333,0.5011124132,1358.540025,0.01771714432,24689.98448157154,26443.66092981008,23566.50111699812,R
