sample,group,p_value
8,Mutant,0.0006111646713132581
11,Mutant,0.0026278197188625194
12,Mutant,1.3554199139758934e-11
