sample,group,p_value
G,clash,1.111954392381469e-34
L,clash,0.1546660863460232
R,clash,
G,void,0.010729497530962126
L,void,0.23779590989890498
R,void,
