sample,group,p_value
8,Mutant,0.0003682874930213251
12,Mutant,1.412133727190502e-10
