sample,group,p_value
A,Mutant,3.1133875647345894e-18
S,Mutant,0.0019332143215480644
T,Mutant,4.496701130003303e-06
V,Mutant,0.00030126711949883804
Y,Mutant,0.006075060901064205
