Sample,SampleName,Sequence,512,Subtract No TM,PercentGpA,StandardDev,PercentStandardDev
C,GpA,LIIFGVMAGVIGT,48216.66667,19627,100,3749.770704,7.776918156
C,G83I,LIIFGVMAIVIGT,33825.66667,5236,26.67753605,2054.156112,1.620066332
C,NoTM,,28589.66667,0,0,1874.824347,0
C,2H1,FHMIAVGLSSSILGCLITLLVL,59694,31104.33333,158.4772677,2695.227078,7.155362735
C,2F12,VVIIAIVCCVVGTSLVWVVIIL,34945.33333,6355.666667,32.38226253,3823.969709,3.543500067
C,2H11,GIYFVLGVCFGLLLTLCLLVIL,68141.33333,39551.66667,201.5166183,1424.667096,4.213215111
C,1G2,CAVVVGVGLIVGFAVGLL,36085.66667,7496,38.19228614,615.756716,0.651703539
R,R1,LLLFYLLVALLLTLLSTLILI,37789.66667,9200,46.8742039,1889.068906,2.343196141
R,R19,LLLTVLLLALLFALLSILILI,36471,7881.333333,40.15556801,1712.78837,1.885826818
R,R27,LLLTVLLALLLAFLLSILILI,39563.66667,10974,55.91277322,733.158464,1.036125475
R,R28,LLLYALLTALLFVLLSLLILI,38954.33333,10364.66667,52.80820638,616.8730285,0.83626019
R,R30,LLLVYLLIALLFSLLTLLILI,38425,9835.333333,50.11124132,1358.540025,1.771714432
G,G2,LLLTVLLALLLGFLLGSLILI,48397,19807.33333,100.9188023,3298.538464,6.87820632
G,G4,LLLTVLLLGLLFGLLFALILI,61227.33333,32637.66667,166.289635,4744.026806,12.88448219
G,G8,LLLVALLALLLGTLLSFLILI,39668.66667,11079,56.44775055,1331.213857,1.894291743
G,G9,LLLTALLIGLLFGLLVLLILI,38096.66667,9507,48.43837571,2536.02964,3.224459441
G,G10,LLLTALLIGLLFGLLVLLILI,35698.66667,7109,36.22051256,5225.676734,5.302066084
L,L1,LLLLAYLLLTLAVLLFSLILI,43964,15374.33333,78.33256908,7141.936082,12.72509784
L,L3,LLLLFALLALLYVLTSLLILI,40892.66667,12303,62.68405768,916.9549244,1.405593229
L,L5,LLLYALLFVLTALLLSLLILI,39428.33333,10838.66667,55.22324689,1766.703522,2.474441512
L,L13,LLLLYLLLAVLTALLFSLILI,37468.66667,8879,45.23870179,3335.586955,4.027301662
L,L18,LLLLLALLLILFVLLSTLILI,36237,7647.333333,38.96333282,1822.253275,1.959352619