sample,group,p_value
12I,Mutant,0.006594818039320105
8I,Mutant,0.00016527157746860032
