sample,group,p_value
4,Mutant,0.021933133894687377
12,Mutant,0.03467551778618776
