sample,group,p_value
G,clash,1.0387063956451992e-15
G,void,0.42936969528123703
