sample,group,p_value
G,clash,1.0387063956470595e-15
G,void,0.4293696952825915
