sample,group,p_value
G,clash,1.49892717292214e-16
L,clash,0.00635807108836885
R,clash,1.9435273483235165e-14
G,void,0.33076243247476045
L,void,0.009561046623308044
R,void,0.11272216050648323
