sample,group,p_value
G,clash,1.4989271729222588e-16
L,clash,0.006358071088396343
R,clash,1.943527348318863e-14
G,void,0.33076243247577664
L,void,0.009561046623327473
R,void,0.11272216050684818
