sample,group,p_value
11A,Mutant,8.384730347882124e-05
12A,Mutant,3.1692267443065934e-10
12L,Mutant,0.004281502242125734
12S,Mutant,0.013135198569553893
12T,Mutant,0.001375189018896634
12V,Mutant,0.0007558786449716489
16L,Mutant,0.004097532585500099
16Y,Mutant,0.008780818383469224
4A,Mutant,0.0022239348716877457
8A,Mutant,1.8364380379282077e-05
8S,Mutant,0.04088971911085158
8T,Mutant,0.0014714016603340166
