sample,group,p_value
8,Mutant,0.000869916502657665
12,Mutant,1.749759064017441e-10
