sample,group,p_value
G,clash,4.525131094280682e-24
L,clash,8.160169786922216e-06
R,clash,6.037282152789933e-20
G,void,0.10903715996607803
L,void,0.013344229719947866
R,void,0.11606523522632904
