sample,group,p_value
11I,Mutant,0.0003941771092592012
7I,Mutant,0.025747789119142054
8A,Mutant,0.031046766100863023
