sample,group,p_value
11G,Mutant,1.3478328398553812e-07
7G,Mutant,9.174179678667423e-06
