sample,group,p_value
11I,Mutant,0.00039417710926005896
7I,Mutant,0.02574778911915813
8A,Mutant,0.031046766101043625
