sample,group,p_value
F,Mutant,0.03278883762926059
G,Mutant,1.0961637520179841e-08
