sample,group,p_value
F,Mutant,0.032788837629303125
G,Mutant,1.0961637520156297e-08
