sample,group,p_value
11I,Mutant,5.388011578482008e-16
12I,Mutant,0.031050855879004056
15I,Mutant,0.0010539989477469287
7I,Mutant,0.00020361552820899248
