sample,group,p_value
11G,Mutant,9.659833860825364e-16
15G,Mutant,0.0001558539485995271
7A,Mutant,0.01583309459046403
7G,Mutant,2.669565485541358e-07
