sample,group,p_value
AI,Mutant,0.004211531215844868
GI,Mutant,9.078206473656362e-23
