sample,group,p_value
A,Mutant,0.007905152580706853
T,Mutant,0.0013955609456800012
