sample,group,p_value
G,clash,8.80473430171606e-40
G,void,0.024917427750709802
