sample,group,p_value
G,clash,8.804734301714557e-40
G,void,0.02491742775101889
