sample,group,p_value
11G,Mutant,0.00020856274856740213
15G,Mutant,0.008984454332332659
7G,Mutant,1.5022566610117205e-05
