sample,group,p_value
11I,Mutant,0.0008901412918655411
15I,Mutant,0.00028783703845628806
7I,Mutant,0.026674316409958668
