sample,group,p_value
11I,Mutant,0.0008901412918678566
15I,Mutant,0.00028783703845429264
7I,Mutant,0.02667431640997576
