sample,group,p_value
7,Mutant,0.012659245548036505
11,Mutant,0.0018333998806401156
15,Mutant,0.013432541507208233
