sample,group,p_value
7,Mutant,0.012659245548046963
11,Mutant,0.0018333998806441155
15,Mutant,0.013432541507174475
