sample,group,p_value
A,Mutant,0.011377328615156166
G,Mutant,1.3931391003348265e-07
