sample,group,p_value
A,Mutant,0.011377328615081369
G,Mutant,1.3931391003328854e-07
