sample,group,p_value
AI,Mutant,0.011377328615081369
GI,Mutant,1.3931391003328854e-07
