sample,group,p_value
AI,Mutant,0.011377328615156166
GI,Mutant,1.3931391003348265e-07
