sample,group,p_value
G,clash,3.3690143613762786e-15
R,clash,
G,void,0.1379058564745267
R,void,
