sample,group,p_value
11I,Mutant,4.71237036672434e-06
12I,Mutant,0.04494847055509745
15I,Mutant,0.0029297186888571766
