sample,group,p_value
11,Mutant,8.83801405961224e-07
15,Mutant,0.0036618910404692057
