sample,group,p_value
11A,Mutant,0.005972650545192964
12A,Mutant,0.012144435894795589
12S,Mutant,0.037446991420581395
12T,Mutant,0.00763409911982325
12V,Mutant,0.00037480631776104083
3Y,Mutant,0.003091667615525882
8A,Mutant,0.000340875867214923
