sample,group,p_value
11I,Mutant,0.005267474682784266
12I,Mutant,1.0692151575994794e-06
15I,Mutant,0.045290622141978557
3A,Mutant,0.004624715880066909
4I,Mutant,0.04465726565812
8I,Mutant,9.736577772190937e-05
