sample,group,p_value
11A,Mutant,0.005972650545193039
12A,Mutant,0.012144435894799242
12S,Mutant,0.03744699142057431
12T,Mutant,0.007634099119839471
12V,Mutant,0.0003748063177628962
3Y,Mutant,0.003091667615528789
8A,Mutant,0.0003408758672176132
