sample,group,p_value
11I,Mutant,0.005267474682795968
12I,Mutant,1.0692151575943375e-06
15I,Mutant,0.04529062214211534
3A,Mutant,0.004624715880051649
4I,Mutant,0.04465726565813424
8I,Mutant,9.736577772151154e-05
