sample,group,p_value
A,Mutant,5.584862435741358e-08
F,Mutant,0.034377032243852426
S,Mutant,0.010346554331896136
T,Mutant,0.0005310885981094469
V,Mutant,0.0022540339714315558
