sample,group,p_value
AI,Mutant,1.059722211164078e-07
SI,Mutant,0.010346554331896057
TI,Mutant,0.0005585256360967048
VI,Mutant,0.002256464670227533
