sample,group,p_value
11I,Mutant,0.005402286430883271
12I,Mutant,8.18369337222501e-08
3A,Mutant,0.004624715880051649
4I,Mutant,0.02907271959551896
8I,Mutant,5.562678834018509e-05
