sample,group,p_value
A,Mutant,3.1475403700299385e-07
F,Mutant,0.0011743026351515391
S,Mutant,0.0058592249714390955
T,Mutant,3.2710961584453824e-05
V,Mutant,0.005509949315010904
