sample,group,p_value
AI,Mutant,1.866869371137156e-07
FA,Mutant,0.0024459049655644466
SI,Mutant,0.0058592249714390955
TI,Mutant,8.384661516985009e-05
VI,Mutant,0.005091120172369724
