sample,group,p_value
11I,Mutant,8.348989641958364e-06
15I,Mutant,0.006419598057241055
7I,Mutant,6.051032872262473e-11
