sample,group,p_value
11G,Mutant,6.183660828632924e-09
15G,Mutant,0.0009067772331174912
7G,Mutant,1.168685177457086e-10
