sample,group,p_value
7,Mutant,1.6327676880004572e-07
11,Mutant,1.496680527811751e-05
15,Mutant,0.0016970049558283264
