Sequence,Flow Mean,Mean Std,Percent GpA,Percent GpA stdev
LIIFGVMAGVIGT,19907.3333333333,1174.72876302007,1,0.0834525308314903
LIIFGVMAIVIGT,4983.33333333333,2106.04336770796,0.250326512842839,0.106818645933702
IIVAMTAVGGSICVMLVVICL,10065,1896.67832451016,0.505592578949131,0.0998374567583563
GIYFVLGVCFGLLLTLCLLVI,26073.3333333333,832.330863699447,1.30973510599109,0.0878716149293249
VVIIAIVCCVVGTSLVWVVII,11171.6666666667,1334.61579989648,0.561183483473427,0.0747741799549446
CAVVVGVGLIVGFAVGL,5871.33333333333,1679.63200334676,0.294933190449081,0.086148831231335
