sample,group,p_value
11I,Mutant,4.8835646932144386e-05
12I,Mutant,6.541677758079891e-23
4A,Mutant,0.007171183147653344
4I,Mutant,0.007710369506062222
8I,Mutant,3.8204578425390664e-06
