sample,group,p_value
11A,Mutant,0.00013095224305662457
12A,Mutant,9.241009027118959e-13
12L,Mutant,0.004937926985694189
12S,Mutant,0.002460761582283307
12T,Mutant,1.4958521203592385e-05
12V,Mutant,2.0648907451193296e-05
4A,Mutant,0.047337310871566535
8A,Mutant,5.153074288206591e-05
8T,Mutant,0.0018801123221521936
