sample,group,p_value
11I,Mutant,4.8835646932100015e-05
12I,Mutant,6.541677758077782e-23
4A,Mutant,0.00717118314766567
4I,Mutant,0.007710369506080599
8I,Mutant,3.8204578425384735e-06
