sample,group,p_value
A,Mutant,2.9115556840873415e-15
S,Mutant,0.04851401720519084
T,Mutant,6.8088443194610964e-09
V,Mutant,0.006367433928711052
