sample,group,p_value
8,Mutant,0.00010800626100544285
12,Mutant,1.5985040876165935e-07
