sample,group,p_value
A,Mutant,2.6775021314356316e-15
T,Mutant,2.550202550637687e-07
V,Mutant,0.0009285257287582715
