sample,group,p_value
AI,Mutant,9.2573420485155e-16
TI,Mutant,9.36550511729778e-08
VI,Mutant,0.0005302330096455192
YA,Mutant,0.013218052576834172
