sample,group,p_value
G,clash,2.497962806808217e-08
G,void,0.5005842478692961
