sample,group,p_value
G,clash,2.4979628068023303e-08
G,void,0.5005842478701028
