sample,group,p_value
12I,Mutant,0.009454983398172032
4I,Mutant,0.04549013985834959
