sample,group,p_value
11Y,Mutant,0.0029076538090837137
12S,Mutant,0.015224883096202981
