sample,group,p_value
AI,Mutant,0.002861389335622401
FA,Mutant,0.009072127392518602
