sample,group,p_value
AI,Mutant,0.002861389335637386
FA,Mutant,0.009072127392449671
