sample,group,p_value
11I,Mutant,2.1058349628869683e-16
15I,Mutant,0.0073915286593177814
7I,Mutant,0.0010441446682293454
