sample,group,p_value
11I,Mutant,2.2530223962378353e-16
15I,Mutant,0.007391528659321448
7I,Mutant,0.00104414466823434
