sample,group,p_value
AI,Mutant,0.03952306958867495
GI,Mutant,9.561251234773484e-21
