sample,group,p_value
G,void,0.3970510789325902
L,void,0.0030426796688340072
R,void,0.015146745624310879
G,clash,1.0696639133755374e-18
L,clash,1.3370959352963561e-05
R,clash,9.28796839652656e-22
