sample,group,p_value
A,Mutant,0.04021951717257466
G,Mutant,1.8863151389710317e-24
