sample,group,p_value
G,void,0.33172244525871486
L,void,0.009561046623327529
R,void,0.11272216050684827
G,clash,7.52287036187967e-16
L,clash,0.006358071088396388
R,clash,1.943527348318863e-14
