sample,group,p_value
G,void,0.3317224452578542
L,void,0.009561046623308044
R,void,0.11272216050648462
G,clash,7.522870361873486e-16
L,clash,0.00635807108836885
R,clash,1.943527348323425e-14
