sample,group,p_value
11I,Mutant,0.0001362899684891623
12I,Mutant,1.4269621595053186e-17
4I,Mutant,0.012666165886421932
8I,Mutant,8.350715227165534e-07
