sample,group,p_value
8,Mutant,0.0003087135920986662
12,Mutant,1.290986574309614e-09
