sample,group,p_value
8,Mutant,0.00030871359209846727
12,Mutant,1.2909865743133409e-09
