sample,group,p_value
A,Mutant,1.1455012024493471e-14
T,Mutant,1.0656870940528722e-07
V,Mutant,0.008413878326985575
