sample,group,p_value
A,Mutant,0.0036080000100101955
I,Mutant,7.753202571962504e-05
