sample,group,p_value
11A,Mutant,0.02008637605462667
4Y,Mutant,0.004092275764708882
