sample,group,p_value
11I,Mutant,0.019685569598867407
12I,Mutant,0.019048045199904984
4A,Mutant,0.011639408458126624
4I,Mutant,0.025070243226972082
