sample,group,p_value
A,Mutant,0.0038096147068957644
F,Mutant,0.03457708288253639
Y,Mutant,0.026857656289539247
