sample,group,p_value
AI,Mutant,0.000649929910217338
FA,Mutant,0.0497220392583007
SI,Mutant,0.028736912341268288
YA,Mutant,0.01474192898507664
