sample,group,p_value
G,clash,1.0375699251795506e-05
G,void,0.7278138007783213
