sample,group,p_value
G,clash,1.03756992516737e-05
G,void,0.7278138007783056
