sample,group,p_value
11G,Mutant,0.0012215485221439934
12G,Mutant,0.010801651661201271
15G,Mutant,0.011709885582120255
7G,Mutant,0.01759887843959884
