sample,group,p_value
11I,Mutant,0.007251529775345574
12I,Mutant,8.566866436609809e-13
4I,Mutant,0.0018740435246919413
8I,Mutant,1.0431202262653243e-05
