sample,group,p_value
11A,Mutant,0.0009252917446462009
12A,Mutant,4.699193473061255e-10
12T,Mutant,0.0045677835102733745
12V,Mutant,0.03772347027871728
3Y,Mutant,0.012452702764128453
4A,Mutant,0.01846868168525237
8A,Mutant,6.566585654585126e-05
8S,Mutant,0.04088971911091145
8T,Mutant,0.002311980216796168
