sample,group,p_value
8,Mutant,0.00018246856384120824
12,Mutant,2.3566715512346055e-07
