sample,group,p_value
A,Mutant,1.6944000036588167e-16
T,Mutant,2.254853658491312e-06
V,Mutant,0.04538860318837165
