sample,group,p_value
AI,Mutant,1.376900761629259e-16
TI,Mutant,1.1008723608255776e-06
VI,Mutant,0.04538860318819098
