sample,group,p_value
AI,Mutant,1.37690076163787e-16
TI,Mutant,1.100872360825725e-06
VI,Mutant,0.045388603188371714
