sample,group,p_value
11I,Mutant,0.037330754810927055
12I,Mutant,9.048666367542283e-08
4I,Mutant,0.022971946245663483
7I,Mutant,0.04008492535178453
8I,Mutant,0.0028787280299982835
