sample,group,p_value
11I,Mutant,0.03733075481080227
12I,Mutant,9.048666367614886e-08
4I,Mutant,0.0229719462456973
7I,Mutant,0.04008492535166235
8I,Mutant,0.002878728029987087
