sample,group,p_value
12A,Mutant,0.0034724088131342034
12T,Mutant,0.023984895585970393
4A,Mutant,0.018399738820203963
8A,Mutant,0.002986327542263531
