sample,group,p_value
AI,Mutant,1.1725981554923315e-09
SI,Mutant,0.03333542861536509
TI,Mutant,0.003956330484500106
