sample,group,p_value
AI,Mutant,1.172598155497076e-09
SI,Mutant,0.03333542861525434
TI,Mutant,0.00395633048450219
