sample,group,p_value
A,Mutant,0.009365943517701904
I,Mutant,5.502764936684671e-05
