sample,group,p_value
A,Mutant,0.009365943517575545
I,Mutant,5.502764936729669e-05
