sample,group,p_value
12A,Mutant,0.003219516512774181
12S,Mutant,0.008685551596826617
4A,Mutant,0.0121047955817704
5F,Mutant,0.03061036990481751
8A,Mutant,0.03715828633198659
