sample,group,p_value
AI,Mutant,7.180735445362612e-06
FA,Mutant,0.011665441821190569
