sample,group,p_value
11G,Mutant,6.207002232220962e-11
12G,Mutant,0.025360501949960184
7G,Mutant,0.0007761806176431909
