sample,group,p_value
11I,Mutant,1.1391221027764588e-09
12I,Mutant,0.0271421081793699
7I,Mutant,0.015883744035627593
