sample,group,p_value
11G,Mutant,6.207002232176487e-11
12G,Mutant,0.02536050195000717
7G,Mutant,0.0007761806176359551
