sample,group,p_value
11I,Mutant,1.1391221027696051e-09
12I,Mutant,0.02714210817950981
7I,Mutant,0.015883744035522233
