sample,group,p_value
7,Mutant,0.0006504914164513266
11,Mutant,1.0441577750865313e-09
