sample,group,p_value
7,Mutant,0.0006504914164446484
11,Mutant,1.044157775081333e-09
