sample,group,p_value
11I,Mutant,0.026148110509473393
12I,Mutant,0.00027989430698438755
4I,Mutant,0.002373952682147603
8I,Mutant,0.016919931386270164
