sample,group,p_value
11A,Mutant,0.04774051042247074
11F,Mutant,0.022804191598633696
11Y,Mutant,1.1951680467376517e-05
12A,Mutant,0.0016784502662804484
4A,Mutant,0.002970865672539086
8A,Mutant,0.011500366562213274
8L,Mutant,0.02468687125798786
8S,Mutant,0.03916998017828835
