sample,group,p_value
11I,Mutant,0.026148110509272755
12I,Mutant,0.00027989430698743134
4I,Mutant,0.002373952682162723
8I,Mutant,0.016919931386432528
