sample,group,p_value
A,Mutant,9.49167194190749e-08
F,Mutant,0.012800010844963487
T,Mutant,0.04074351996627679
Y,Mutant,0.04007745686972245
