sample,group,p_value
AI,Mutant,9.491671941907683e-08
TI,Mutant,0.014493513352372018
