sample,group,p_value
AI,Mutant,9.491671942022173e-08
TI,Mutant,0.014493513352451507
