sample,group,p_value
G,void,0.05037637378413796
L,void,0.21810528471125368
R,void,0.4721248685826437
G,clash,1.9205330629788552e-25
L,clash,0.0020384156470708557
R,clash,2.0487086595226e-13
