,H1-Rep1,H1-Rep2,H1-Rep3,H2-Rep1,H2-Rep2,H2-Rep3,H3-Rep1,H3-Rep2,H3-Rep3,H4-Rep1,H4-Rep2,H4-Rep3
Median,17554.0,19719.0,15881.0,31375.0,31270.0,30723.0,42040.0,41726.0,36400.0,49214.0,44174.0,53488.0
Percent,0.22252968984203852,0.22300469483568075,0.27959413754227735,0.4808024904877205,0.4800469483568075,0.46674182638105977,0.28594488642914795,0.2852112676056338,0.24239007891770015,0.010722933241093047,0.011737089201877935,0.011273957158962797
