,high_count,low_count,high_frequency,low_frequency
L,153,212,0.19921875,0.19924812030075187
A,121,149,0.15755208333333334,0.1400375939849624
T,97,133,0.12630208333333334,0.125
V,92,132,0.11979166666666667,0.12406015037593984
F,92,130,0.11979166666666667,0.12218045112781954
S,90,124,0.1171875,0.11654135338345864
I,63,93,0.08203125,0.08740601503759399
Y,48,89,0.0625,0.08364661654135339
W,12,2,0.015625,0.0018796992481203006
