,high_count,low_count,high_frequency,low_frequency
A,225,192,0.17468944099378883,0.1951219512195122
T,187,148,0.14518633540372672,0.15040650406504066
L,169,129,0.13121118012422361,0.13109756097560976
S,158,129,0.12267080745341614,0.13109756097560976
F,152,105,0.11801242236024845,0.10670731707317073
Y,149,93,0.11568322981366459,0.09451219512195122
V,147,110,0.11413043478260869,0.11178861788617886
I,97,71,0.07531055900621118,0.07215447154471545
W,4,7,0.003105590062111801,0.007113821138211382
