sample,group,p_value
11G,Mutant,0.000924521628659516
12G,Mutant,0.026114666645590773
15G,Mutant,0.01306501892688668
7A,Mutant,0.0037853612761852523
7G,Mutant,0.00014064596971340282
