sample,group,p_value
11I,Mutant,0.001752911188217502
12I,Mutant,0.04294631209269358
15I,Mutant,0.01771754085359994
7I,Mutant,0.007303811333785716
