sample,group,p_value
11G,Mutant,0.0009245216286581164
12G,Mutant,0.026114666645579068
15G,Mutant,0.01306501892684942
7A,Mutant,0.0037853612761776755
7G,Mutant,0.000140645969711878
