sample,group,p_value
11I,Mutant,0.0016367966673766264
12I,Mutant,0.04294631209284116
15I,Mutant,0.017717540853509645
7I,Mutant,0.007303811333781005
