sample,group,p_value
7,Mutant,0.008704892271564473
11,Mutant,0.025446126986482947
