sample,group,p_value
7,Mutant,0.008704892271587111
11,Mutant,0.026635001558970084
