sample,group,p_value
A,Mutant,0.0007481661080252949
G,Mutant,1.560782728995683e-08
