sample,group,p_value
AI,Mutant,0.00037316070966854267
GI,Mutant,1.3011201765858384e-09
