sample,group,p_value
AI,Mutant,0.0003098879625845551
GI,Mutant,1.301120176590254e-09
