sample,group,p_value
11I,Mutant,6.21006300166321e-11
12I,Mutant,0.03135341739383379
15I,Mutant,0.005569568416962197
7I,Mutant,0.0022204834805998525
