sample,group,p_value
7,Mutant,0.005979157754646876
11,Mutant,9.265726423519507e-12
15,Mutant,0.015815131208741205
