sample,group,p_value
12A,Mutant,0.02514280543992736
12L,Mutant,0.006589964995564141
12T,Mutant,0.00016437429092142238
12V,Mutant,0.018902438926118176
3Y,Mutant,0.0020777965904836323
8A,Mutant,3.0553891494970867e-06
8T,Mutant,0.0434043143397979
