sample,group,p_value
AI,Mutant,1.5677596080829595e-07
TI,Mutant,2.875920111712297e-05
VI,Mutant,0.0016510615026791896
YA,Mutant,0.0023794866979582018
