sample,group,p_value
G,clash,1.1091589004400994e-08
G,void,0.4403962874962085
