sample,group,p_value
G,clash,1.1091589004414544e-08
G,void,0.44039628749538584
