sample,group,p_value
A,Mutant,0.033952216837073626
I,Mutant,7.56821396533623e-08
