sample,group,p_value
G,clash,8.160210511733546e-09
L,clash,0.006999285361984855
R,clash,2.5614297336190547e-07
G,void,0.3070544237850325
L,void,0.15478144117252507
R,void,0.15360212153644404
