sample,group,p_value
G,void,0.3970510789304206
L,void,0.003042679668824163
R,void,0.015146745624211342
G,clash,1.0696639133698577e-18
L,clash,1.3370959352842652e-05
R,clash,9.287968396556442e-22
