Sequence,PercentGpA,PercentStd,Sample,Geometry,Interface,Seed,HBONDDimerOptimize,HBONDDimerPreOptimize,HBONDMonomer,IMM1DimerOptimize,IMM1DimerPreOptimize,IMM1Monomer,Monomer,MonomerSasa,OptimizeSasa,PreBBOptimizeSasa,Total,TotalPreOptimize,VDWDimerOptimize,VDWDimerPreOptimize,VDWMonomer,endAxialRotation,endAxialRotationPrime,endCrossingAngle,endXShift,endZShift,endZShiftPrime,firstRepackEnergy,preOptimizeAxialRotation,preOptimizeAxialRotationPrime,preOptimizeCrossingAngle,preOptimizeEnergy,preOptimizeXShift,preOptimizeZShift,preOptimizeZShiftPrime,replicateNumber,Directory,VDWDiff,HBONDDiff,IMM1Diff
LLALLLILVTLLSFL,0.6270234499649133,0.0573283903508542,L,AAALLALLLILVTLLSFLAAA_0,110011001100110000,1,-57.0586,-57.0736,-60.9534,-236.008,-230.513,-241.611,320.801,4163.93,3589.87,3491.64,-14.6482,-10.3637,599.219,598.023,623.365,-8.28343,104.147,18.5988,9.48011,1.80238,1.86459,-9.26528,-15.856,85.056,19.3699,310.437,9.4176,0.36096,0.1368,0,AAALLALLLILVTLLSFLAAA,-24.145999999999958,3.8948000000000036,5.60299999999998
FLLLTILVALLLSLL,0.4855250848829623,0.0414525432807424,L,AAAFLLLTILVALLLSLLAAA_0,110011001100110000,1,-70.4896,-70.4896,-74.0801,-227.694,-224.914,-241.427,-356.652,4194.24,3424.3,3509.2,-12.4493,-9.96694,-70.9181,-71.2152,-41.1446,-107.304,13.1408,24.0109,9.53984,4.3696,3.06672,-8.24144,-108.506,6.15667,24.8812,-366.619,9.4921,3.60705,2.1994,0,AAAFLLLTILVALLLSLLAAA,-29.7735,3.590500000000006,13.733000000000004
VALLIALLFTLLSLL,0.5489995157152975,0.0657353537208541,R,AAAVALLIALLFTLLSLLAAA_1,110011001100110000,1,-74.1526,-74.1282,-74.1282,-223.2,-221.695,-238.657,-338.049,4088.65,3358.92,3481.09,-8.12689,-7.32975,-48.8237,-49.5562,-25.2643,-39.5619,95.9364,-33.4828,8.58488,5.3857,5.32474,-1.26335,-35.9255,91.0265,-40.2111,-339.659,8.8691,4.1774,4.0428,1,AAAVALLIALLFTLLSLLAAA,-23.559400000000004,-0.024399999999999977,15.457000000000022
