sample,group,p_value
G,void,0.3538424132116551
L,void,0.11923196250115552
R,void,0.5224372867532528
G,clash,6.346784164620283e-20
L,clash,0.003031521203876557
R,clash,2.840908343125911e-16
