sample,group,p_value
G,void,0.3538424132134175
L,void,0.11923196250138082
R,void,0.5224372867539926
G,clash,6.346784164558732e-20
L,clash,0.003031521203885369
R,clash,2.8409083431392836e-16
