sample,group,p_value
12A,Mutant,0.02219910124410752
4A,Mutant,0.011508869098825628
8L,Mutant,0.02271078151461868
