sample,group,p_value
12A,Mutant,0.022199101244260947
4A,Mutant,0.01150886909874771
8L,Mutant,0.0227107815148409
