sample,group,p_value
AI,Mutant,6.711943645875127e-05
LA,Mutant,0.00013978989195102457
TI,Mutant,0.018732115422887774
