sample,group,p_value
AI,Mutant,6.711943645897557e-05
LA,Mutant,0.00013978989194974014
TI,Mutant,0.018732115422985075
