,< 0.35_freq,< 0.35_count,>= 0.35_freq,>= 0.35_count
L,0.17177914110429449,448,0.16236162361623616,352
A,0.16717791411042945,436,0.24953874538745388,541
I,0.1441717791411043,376,0.10193726937269372,221
V,0.12308282208588957,321,0.12269372693726938,266
T,0.11464723926380369,299,0.12407749077490775,269
S,0.10467791411042945,273,0.11070110701107011,240
F,0.09892638036809816,258,0.0761070110701107,165
Y,0.06901840490797546,180,0.045202952029520294,98
W,0.00651840490797546,17,0.007380073800738007,16
