,>= 0.35_freq,>= 0.35_count,< 0.35_freq,< 0.35_count
A,0.29094076655052264,668,0.2052980132450331,744
T,0.13719512195121952,315,0.12141280353200883,440
S,0.1210801393728223,278,0.108719646799117,394
L,0.1171602787456446,269,0.108719646799117,394
V,0.11106271777003485,255,0.11147902869757174,404
I,0.08841463414634146,203,0.14072847682119205,510
F,0.06925087108013937,159,0.0935430463576159,339
Y,0.06097560975609756,140,0.10375275938189846,376
W,0.0039198606271777,9,0.0063465783664459164,23
