sample,group,p_value
AI,Mutant,0.0181996979532254
GI,Mutant,1.0443516477673048e-19
