sample,group,p_value
AI,Mutant,0.016470160001383967
GI,Mutant,1.044351647763357e-19
