sample,group,p_value
7,Mutant,0.01820173972102141
12,Mutant,0.001185079790886773
