sample,group,p_value
AI,Mutant,0.007905152580706853
TI,Mutant,0.0013955609456800012
