sample,group,p_value
11I,Mutant,0.00013630110173119418
12I,Mutant,2.99507599527191e-22
4I,Mutant,0.006192695689997512
8I,Mutant,4.376867234621039e-06
