sample,group,p_value
8,Mutant,0.003078222733510515
12,Mutant,1.4303131795234186e-14
