sample,group,p_value
8,Mutant,0.003078222733511073
12,Mutant,1.430313179524374e-14
