sample,group,p_value
A,Mutant,8.948817003999623e-15
T,Mutant,3.7722954162072315e-09
V,Mutant,0.006367433928700162
