sample,group,p_value
A,Mutant,8.948817003962433e-15
T,Mutant,3.772295416227751e-09
V,Mutant,0.006367433928711052
