sample,group,p_value
AI,Mutant,8.948817003962594e-15
LI,Mutant,0.043121468057687254
TI,Mutant,3.203079059547913e-09
VI,Mutant,0.004401973450715159
