sample,group,p_value
AI,Mutant,8.948817004000073e-15
LI,Mutant,0.04312146805768766
TI,Mutant,3.20307905953108e-09
VI,Mutant,0.004401973450706732
