sample,group,p_value
G,clash,3.892816360635495e-25
L,clash,0.0014676005362565352
R,clash,7.926476017212642e-17
G,void,0.06584290118750268
L,void,0.0030654819456287083
R,void,0.13365713894935985
