sample,group,p_value
11I,Mutant,4.5966825306057893e-29
15I,Mutant,0.028286097287493952
7I,Mutant,2.359010718726383e-05
