sample,group,p_value
11G,Mutant,1.1765452659619645e-28
7G,Mutant,4.874239987703745e-06
