sample,group,p_value
11G,Mutant,1.1765452660018201e-28
7G,Mutant,4.874239987651605e-06
