sample,group,p_value
7,Mutant,0.00329802608046382
11,Mutant,1.3515930760912196e-28
15,Mutant,0.03802047106004365
