sample,group,p_value
11G,Mutant,2.4600728235826766e-05
15A,Mutant,0.009464234908076057
15G,Mutant,0.030348400087998367
7A,Mutant,0.0037853612761776755
7G,Mutant,0.000140645969711878
