sample,group,p_value
11I,Mutant,4.2013227431171056e-05
15I,Mutant,0.03839489891023602
7I,Mutant,0.005251102153559929
