sample,group,p_value
7,Mutant,0.03682638920799949
11,Mutant,2.0022693587259164e-06
