sample,group,p_value
AI,Mutant,0.01743354785435428
GI,Mutant,7.53464903984005e-10
