sample,group,p_value
A,Mutant,0.02610686639447861
I,Mutant,9.638504891524559e-23
