sample,group,p_value
11A,Mutant,0.00020083719067699951
12A,Mutant,1.8394672709172656e-12
12L,Mutant,0.004937926985701649
12S,Mutant,0.0024607615822832226
12T,Mutant,1.4958521203519791e-05
12V,Mutant,2.0648907451213947e-05
4A,Mutant,0.047337310871711266
8A,Mutant,0.00011988020094755381
8T,Mutant,0.0017574163345656488
