sample,group,p_value
11I,Mutant,3.8243819684514857e-05
12I,Mutant,1.2708183279769949e-22
4I,Mutant,0.007710369506062303
8I,Mutant,4.013296979516298e-06
