sample,group,p_value
A,Mutant,1.7052556923619632e-15
S,Mutant,0.044966155497847854
T,Mutant,3.4689635183432986e-09
V,Mutant,0.006367433928710978
