sample,group,p_value
AI,Mutant,1.7052556923619081e-15
LI,Mutant,0.043121468057687254
SI,Mutant,0.04496615549784727
TI,Mutant,2.9465750283947497e-09
VI,Mutant,0.004401973450715159
