sample,group,p_value
11Y,Mutant,0.029924933156243748
12S,Mutant,0.003182147239520217
16F,Mutant,0.04873071644951653
