sample,group,p_value
G,clash,1.1715813067453718e-17
G,void,0.016256244934839282
