sample,group,p_value
11I,Mutant,1.0521392647435709e-05
15I,Mutant,0.002371127495237921
