sample,group,p_value
11G,Mutant,1.419601220299639e-08
12G,Mutant,0.016413721527294402
15G,Mutant,0.003723774173444736
