sample,group,p_value
11G,Mutant,1.4196012202912864e-08
12G,Mutant,0.016413721527390155
15G,Mutant,0.0037237741734540853
