sample,group,p_value
11I,Mutant,1.0521392647407545e-05
15I,Mutant,0.0023711274952337587
