sample,group,p_value
11,Mutant,5.784618906997849e-06
15,Mutant,0.0037631661298553045
