sample,group,p_value
11,Mutant,5.7846189069861575e-06
15,Mutant,0.0037631661298437717
