sample,group,p_value
G,Mutant,4.4947499850693847e-10
L,Mutant,0.025939698088653276
