sample,group,p_value
G,Mutant,4.494749985045283e-10
L,Mutant,0.025939698088688845
