sample,group,p_value
GI,Mutant,4.494749985045283e-10
LA,Mutant,0.04556870324750922
