sample,group,p_value
GI,Mutant,4.4947499850693847e-10
LA,Mutant,0.04556870324746567
