sample,group,p_value
11A,Mutant,0.006530901166813453
12A,Mutant,0.01422559641768653
12S,Mutant,0.020538660291806933
12T,Mutant,0.003924605443037091
12V,Mutant,0.0007742065181439737
12Y,Mutant,0.024090623854873264
8A,Mutant,0.012687313421942466
