sample,group,p_value
11A,Mutant,0.006530901166817336
12A,Mutant,0.014225596417673845
12S,Mutant,0.020538660291791612
12T,Mutant,0.003924605443028763
12V,Mutant,0.0007742065181408107
12Y,Mutant,0.024090623854822944
8A,Mutant,0.012687313421897856
