sample,group,p_value
11,Mutant,0.016848459508884733
12,Mutant,3.149273831137738e-07
