sample,group,p_value
11,Mutant,0.016848459508909053
12,Mutant,3.149273831126418e-07
