sample,group,p_value
G,void,0.9830983235878371
L,void,5.410856412718487e-06
R,void,0.0029406223362642768
G,clash,1.885999439348288e-09
L,clash,0.0015529906963444812
R,clash,1.0150625515159785e-21
