sample,group,p_value
11A,Mutant,0.0004475711946184232
11T,Mutant,0.036251160169487553
12A,Mutant,4.738153610846513e-08
12S,Mutant,0.03635640580470299
12T,Mutant,0.0009251486105971475
12V,Mutant,0.00014605194064397513
4A,Mutant,0.03927589175731619
8A,Mutant,0.0015198295467514413
8T,Mutant,0.036750213525956435
