sample,group,p_value
8,Mutant,0.0031514343920467625
11,Mutant,0.0006135894927664803
12,Mutant,1.3941611097770246e-09
