sample,group,p_value
A,Mutant,3.324419567022872e-09
T,Mutant,1.7430929754630402e-06
