sample,group,p_value
G,void,0.21813747646376166
L,void,0.04835525688772829
R,void,0.11960774729004515
G,clash,7.148557338901109e-22
L,clash,8.164592170150251e-05
R,clash,2.2849957326245308e-14
