sample,group,p_value
A,Mutant,1.3759636393569291e-08
S,Mutant,0.03820949160989648
T,Mutant,0.0011173932905763195
V,Mutant,0.0071930525403231015
Y,Mutant,0.005014660101380651
