sample,group,p_value
11I,Mutant,0.008758253730652244
15I,Mutant,0.04753633486946457
7I,Mutant,0.008614888565320309
