sample,group,p_value
11G,Mutant,0.004191345892354974
15G,Mutant,0.0003532867502952292
7A,Mutant,0.003362065702609748
7G,Mutant,0.0005795055685933652
