sample,group,p_value
7,Mutant,0.010418322580224048
11,Mutant,0.016567275223741712
