sample,group,p_value
A,Mutant,0.003800890375785496
F,Mutant,0.001484722525122962
G,Mutant,7.753123126637133e-06
