sample,group,p_value
A,Mutant,0.003800890375831981
F,Mutant,0.0014847225251045147
G,Mutant,7.753123126565432e-06
