sample,group,p_value
AI,Mutant,0.003185755886579359
FA,Mutant,0.0014847225251045147
GI,Mutant,4.5247485935868605e-06
