sample,group,p_value
G,clash,3.907407042135874e-32
G,void,0.004862324805240502
