sample,group,p_value
11A,Mutant,0.0012272342774523044
12A,Mutant,0.0016535676806081155
12T,Mutant,0.015199787714859369
3Y,Mutant,0.008259284605504277
4A,Mutant,0.020580988816947664
8A,Mutant,0.0030313932930814747
8T,Mutant,0.025286734214616375
