sample,group,p_value
11I,Mutant,0.0009381034425196657
12I,Mutant,1.63530001742991e-07
4I,Mutant,0.01865280124399649
8I,Mutant,3.0354665318025002e-05
