sample,group,p_value
8,Mutant,0.0033676337553585683
12,Mutant,0.001819873878152936
