sample,group,p_value
A,Mutant,4.139356590971619e-10
S,Mutant,0.012489476042723366
T,Mutant,0.007295483891978019
V,Mutant,0.002578039278722182
Y,Mutant,0.016018576564406566
