sample,group,p_value
AI,Mutant,2.025019138969889e-10
SI,Mutant,0.0124894760427235
TI,Mutant,0.00394337665880633
VI,Mutant,0.002578039278722175
YA,Mutant,0.016018576564406528
