sample,group,p_value
A,Mutant,0.044994138497190965
I,Mutant,0.0006817208520043378
