sample,group,p_value
12I,Mutant,0.025500744028888404
14A,Mutant,0.04887720133731588
