sample,group,p_value
A,Mutant,0.029574210065322366
I,Mutant,2.0314523883104388e-18
