sample,group,p_value
11A,Mutant,4.146414449028085e-05
12A,Mutant,2.1572924008861256e-05
12L,Mutant,0.00654826974262424
12S,Mutant,0.005334972456161688
12T,Mutant,0.0005753384942851427
12V,Mutant,0.006017375563764072
3Y,Mutant,0.010278168473819975
4A,Mutant,0.01937444480933082
8A,Mutant,0.00050786523655137
