sample,group,p_value
11I,Mutant,0.00015054743218546613
12I,Mutant,1.2151698285060392e-12
3A,Mutant,0.03407910779888662
4A,Mutant,0.016603797532236588
4I,Mutant,0.001037764870892377
8I,Mutant,0.00011201983247068406
