sample,group,p_value
8,Mutant,0.00808427565631462
12,Mutant,1.460173524336368e-06
