sample,group,p_value
A,Mutant,1.0490988920253163e-12
T,Mutant,0.00015370402847250477
V,Mutant,0.005734454069557678
