sample,group,p_value
AI,Mutant,7.382798353894882e-13
TI,Mutant,0.00014308440928843078
VI,Mutant,0.002434918868005101
