sample,group,p_value
AI,Mutant,0.00031622366312979454
FI,Mutant,0.029186832610878347
