sample,group,p_value
11A,Mutant,1.2979546208525138e-05
12A,Mutant,4.930352695650893e-13
12S,Mutant,0.0018508798046992982
12T,Mutant,0.0003780598356305675
12V,Mutant,2.3313358852803628e-05
8A,Mutant,1.20266869842975e-05
8T,Mutant,0.001505853696858765
