sample,group,p_value
8,Mutant,0.00033772336220563826
11,Mutant,0.026583747816716227
12,Mutant,8.196639005594787e-13
