sample,group,p_value
AI,Mutant,1.4409302521802538e-13
LI,Mutant,0.043121468057687726
SI,Mutant,0.02521596680354714
TI,Mutant,3.225087934149889e-07
VI,Mutant,0.006842668963786763
