sample,group,p_value
11A,Mutant,0.04208317052183647
4A,Mutant,0.012221560471605367
