sample,group,p_value
11A,Mutant,0.042083170522030075
4A,Mutant,0.012221560471476968
