sample,group,p_value
11A,Mutant,0.021077920137920092
12A,Mutant,0.025626270584181623
12T,Mutant,0.009373862722520708
12V,Mutant,0.018902438926118155
3Y,Mutant,0.013070629294537131
8A,Mutant,2.2374784584579265e-06
8T,Mutant,0.0197077522056546
