sample,group,p_value
11A,Mutant,0.02107792013786633
12A,Mutant,0.02562627058415399
12T,Mutant,0.009373862722534713
12V,Mutant,0.018902438926117662
3Y,Mutant,0.013070629294577002
8A,Mutant,2.237478458482184e-06
8T,Mutant,0.01970775220564582
