sample,group,p_value
11I,Mutant,0.01075396157883429
12I,Mutant,3.275308070669885e-05
3A,Mutant,0.019452322999108138
8I,Mutant,2.305941459362113e-07
