sample,group,p_value
3,Mutant,0.012741928595347144
8,Mutant,5.08244705334136e-06
12,Mutant,6.074124765025166e-06
