sample,group,p_value
3,Mutant,0.012741928595328692
8,Mutant,5.082447053327823e-06
12,Mutant,6.074124765008167e-06
