sample,group,p_value
A,Mutant,2.7460202556555183e-06
T,Mutant,0.00022844841742698137
V,Mutant,0.012358542036439516
Y,Mutant,0.0048425071651166576
