sample,group,p_value
A,Mutant,0.018403054591537994
I,Mutant,0.0007162785424823573
