sample,group,p_value
11A,Mutant,0.01060666333973325
4A,Mutant,0.027357157968634957
4Y,Mutant,0.0017843402851586507
