sample,group,p_value
11I,Mutant,0.002428376204821345
4A,Mutant,0.018881489111932628
8I,Mutant,0.030577702697609253
