sample,group,p_value
A,Mutant,0.0393499948080305
Y,Mutant,0.02242567499933003
