sample,group,p_value
AI,Mutant,0.0019546460766091322
FA,Mutant,0.029981547946259055
YA,Mutant,0.02242567499932979
