sample,group,p_value
A,Mutant,0.0074503270345375435
I,Mutant,0.000481087478727543
