sample,group,p_value
A,Mutant,0.007450327034518605
I,Mutant,0.0004810874787318147
