sample,group,p_value
12I,Mutant,0.029533437260683065
4A,Mutant,4.926807166110625e-05
4I,Mutant,0.0014250400096465804
