sample,group,p_value
12I,Mutant,0.029533437260700023
4A,Mutant,4.926807166074834e-05
4I,Mutant,0.0014250400096578945
