sample,group,p_value
A,Mutant,0.0002950060250587359
L,Mutant,0.0005110873440269755
Y,Mutant,0.03891171051699491
