sample,group,p_value
A,Mutant,0.00029500602505979555
L,Mutant,0.0005110873440202487
Y,Mutant,0.0389117105168341
