sample,group,p_value
11A,Mutant,0.03908993445089867
11S,Mutant,0.03086963704886643
12A,Mutant,0.0001693197391071478
12S,Mutant,0.002400041703981074
4A,Mutant,0.002346064808390949
5A,Mutant,0.04194139898018131
8A,Mutant,0.0058556068278282835
