sample,group,p_value
12I,Mutant,1.281292044106483e-07
4I,Mutant,0.0001905951036558866
8I,Mutant,0.014745248835260157
