sample,group,p_value
AI,Mutant,1.0392037526654272e-09
TI,Mutant,0.01793272190803297
