sample,group,p_value
G,clash,2.628796800415571e-26
L,clash,0.0023534845250297344
R,clash,1.6775524061449004e-16
G,void,0.07508593640531795
L,void,0.02377156336925653
R,void,0.17055961399781208
