sample,group,p_value
12A,Mutant,0.03779984988036905
4A,Mutant,0.009126600972841119
8L,Mutant,0.04489123547417893
