sample,group,p_value
G,clash,1.62570186821792e-22
G,void,0.022057975678492676
