sample,group,p_value
11I,Mutant,0.04308742706754867
12I,Mutant,3.1977837392359143e-07
4I,Mutant,0.0002105239916747021
8I,Mutant,0.008243858713648543
