sample,group,p_value
A,Mutant,1.316896554902987e-08
T,Mutant,0.03419013572203905
