sample,group,p_value
AI,Mutant,9.739426644706926e-09
TI,Mutant,0.008544655261296679
