sample,group,p_value
11G,Mutant,4.499856325856343e-14
12G,Mutant,0.03169509427790649
15G,Mutant,0.022392666828562263
7A,Mutant,0.015833094590495037
7G,Mutant,9.668590099240299e-05
