sample,group,p_value
11G,Mutant,4.4998563258764234e-14
12G,Mutant,0.03169509427777047
15G,Mutant,0.022392666828593564
7A,Mutant,0.01583309459046403
7G,Mutant,9.668590099176854e-05
