sample,group,p_value
11I,Mutant,3.876416027199179e-15
12I,Mutant,0.024020360220282273
15I,Mutant,0.0018936334160007593
7I,Mutant,0.0022288111148055264
