sample,group,p_value
AI,Mutant,0.00175704626584374
GI,Mutant,4.8152086595258e-19
