sample,group,p_value
11I,Mutant,0.0010713226468379404
12I,Mutant,1.1633545097685283e-09
16A,Mutant,0.03390983348870019
3A,Mutant,0.03830686768537822
8I,Mutant,0.02120808962133399
