sample,group,p_value
11A,Mutant,0.004609147864507074
12A,Mutant,4.9108178409891825e-05
12S,Mutant,0.026803087201997866
12T,Mutant,0.0034574843245019997
12V,Mutant,0.00039410060572285033
3Y,Mutant,0.014858593396739892
8A,Mutant,0.00975584087198998
