sample,group,p_value
3,Mutant,0.020119045203582847
12,Mutant,6.00650539722362e-07
16,Mutant,0.030576534296655796
