sample,group,p_value
AI,Mutant,1.0303605917475178e-06
TI,Mutant,0.009254244371682648
VI,Mutant,0.0004024309911018445
