sample,group,p_value
AI,Mutant,1.030360591754794e-06
TI,Mutant,0.009254244371676363
VI,Mutant,0.00040243099110195637
