sample,group,p_value
11I,Mutant,1.7676756988487337e-05
12I,Mutant,2.789666974914287e-18
4I,Mutant,0.009877457452191714
8I,Mutant,1.1250351766998408e-06
