sample,group,p_value
8,Mutant,0.0005120997782412605
11,Mutant,0.03359074821148687
12,Mutant,1.1882139418472882e-12
