sample,group,p_value
A,Mutant,9.130810350351504e-13
S,Mutant,0.017086219824254418
T,Mutant,1.628140636036547e-07
V,Mutant,0.006367433928711041
