sample,group,p_value
A,Mutant,9.130810350328468e-13
S,Mutant,0.017086219824230427
T,Mutant,1.6281406360279733e-07
V,Mutant,0.006367433928700211
