sample,group,p_value
AI,Mutant,9.452711312926427e-13
LI,Mutant,0.04312146805768766
SI,Mutant,0.016355848508556068
TI,Mutant,1.5933240533793586e-07
VI,Mutant,0.004401973450706732
