sample,group,p_value
G,void,0.8775995514033308
L,void,2.5449335581145578e-05
R,void,0.004339831943325847
G,clash,1.4103013456691365e-09
L,clash,0.0006716173292690674
R,clash,7.00457149266994e-21
