sample,group,p_value
G,void,0.8775995514058172
L,void,2.5449335581269732e-05
R,void,0.004339831943353641
G,clash,1.4103013456693215e-09
L,clash,0.0006716173292727645
R,clash,7.004571492626606e-21
