sample,group,p_value
G,clash,3.417017007717612e-23
L,clash,6.749420195315961e-05
R,clash,2.558809139130113e-19
G,void,0.1620590910805273
L,void,0.014710806224130922
R,void,0.20082742414617016
