sample,group,p_value
G,clash,3.417017007736618e-23
L,clash,6.749420195280921e-05
R,clash,2.558809139131659e-19
G,void,0.16205909107918598
L,void,0.014710806224076285
R,void,0.20082742414562593
