sample,group,p_value
G,clash,1.18656916807039e-18
L,clash,0.002884822189573385
R,clash,6.477755100020172e-13
G,void,0.3250848052795394
L,void,0.42506394552985094
R,void,0.946586437007865
