sample,group,p_value
11I,Mutant,0.004701860874619046
4A,Mutant,0.012224020232435085
