sample,group,p_value
FA,Mutant,0.02083652526925201
TI,Mutant,0.04995225670494319
