sample,group,p_value
12I,Mutant,1.695742503925745e-10
4I,Mutant,0.03908818244984452
8I,Mutant,0.008681044474904705
