sample,group,p_value
12A,Mutant,0.0002966521463008438
12S,Mutant,0.031589090468268355
12T,Mutant,0.000719159042056848
12V,Mutant,0.0021597142197670068
3Y,Mutant,0.03389848364120994
4A,Mutant,0.037538827339435483
8A,Mutant,0.011132647698455
