sample,group,p_value
12I,Mutant,1.695742503936414e-10
4I,Mutant,0.039088182449848734
8I,Mutant,0.0086810444748949
