sample,group,p_value
12A,Mutant,0.00029665214629977113
12S,Mutant,0.03158909046817768
12T,Mutant,0.0007191590420564487
12V,Mutant,0.0021597142197590713
3Y,Mutant,0.03389848364110837
4A,Mutant,0.03753882733948255
8A,Mutant,0.011132647698408184
