sample,group,p_value
8,Mutant,0.04254283511228558
12,Mutant,2.707469737519718e-07
