sample,group,p_value
8,Mutant,0.04254283511233267
12,Mutant,2.7074697375059247e-07
