sample,group,p_value
A,Mutant,8.010896717908776e-08
S,Mutant,0.049492118901371625
T,Mutant,0.005713703269744112
V,Mutant,0.0035769086828007636
Y,Mutant,0.027628797120902687
