sample,group,p_value
A,Mutant,8.010896717874353e-08
S,Mutant,0.04949211890151516
T,Mutant,0.005713703269752185
V,Mutant,0.0035769086827986698
Y,Mutant,0.02762879712081167
