sample,group,p_value
AI,Mutant,1.340091078943425e-07
SI,Mutant,0.04949211890137201
TI,Mutant,0.005135912082975014
VI,Mutant,0.0009226475543417028
YA,Mutant,0.017301767038200317
