sample,group,p_value
AI,Mutant,1.3400910789382242e-07
SI,Mutant,0.049492118901514434
TI,Mutant,0.005135912082983908
VI,Mutant,0.0009226475543414318
YA,Mutant,0.01730176703812158
