sample,group,p_value
A,Mutant,0.01600448535412742
I,Mutant,2.279092170492046e-15
