sample,group,p_value
11I,Mutant,0.011033216079797976
12I,Mutant,3.507151737308366e-07
15I,Mutant,0.04641464004752574
3A,Mutant,0.02849785501318728
4I,Mutant,0.010225365378894567
7I,Mutant,0.014824605744039408
8I,Mutant,0.00016846004692349563
