sample,group,p_value
11A,Mutant,0.00028665729127502233
12A,Mutant,0.003440660138405143
12T,Mutant,0.02574598327217799
3Y,Mutant,0.01396464096499712
4A,Mutant,0.020580988816947664
8A,Mutant,0.005675993468688211
8T,Mutant,0.02007878540628214
