sample,group,p_value
3,Mutant,0.02849785501318728
8,Mutant,0.02139280699196333
12,Mutant,0.00010284948841138381
