sample,group,p_value
A,Mutant,5.259937309433332e-11
S,Mutant,0.029223248253012046
T,Mutant,0.0021363785206444824
V,Mutant,0.013231390146559977
Y,Mutant,0.016018576564406528
