sample,group,p_value
AI,Mutant,8.689555156457158e-10
SI,Mutant,0.001001335199846735
TI,Mutant,0.0013018665088760917
VI,Mutant,0.013231390146559977
YA,Mutant,0.01601857656440642
