sample,group,p_value
G,clash,1.3055503207704407e-09
G,void,0.4835914142196659
