sample,group,p_value
G,clash,1.3055503207736057e-09
G,void,0.4835914142186092
