sample,group,p_value
11I,Mutant,2.0921717763225213e-05
12I,Mutant,0.01542081285705817
15I,Mutant,0.007565140001370617
7I,Mutant,0.025747789119142054
