sample,group,p_value
11I,Mutant,2.092171776323798e-05
12I,Mutant,0.015420812856948915
15I,Mutant,0.007565140001331525
7I,Mutant,0.025747789119158152
