sample,group,p_value
11G,Mutant,3.1438402713699445e-06
12G,Mutant,0.006829850655794078
7G,Mutant,9.174179678667407e-06
