sample,group,p_value
11G,Mutant,3.1438402713634952e-06
12G,Mutant,0.006829850655815903
7G,Mutant,9.17417967879423e-06
