sample,group,p_value
7,Mutant,0.028561202208574152
11,Mutant,1.6352087025865665e-05
15,Mutant,0.017093531928316873
