sample,group,p_value
7,Mutant,0.02856120220850085
11,Mutant,1.6352087025819787e-05
15,Mutant,0.017093531928373776
