sample,group,p_value
11G,Mutant,1.1843191686091937e-09
7G,Mutant,0.0017369805007452451
