sample,group,p_value
11I,Mutant,9.605808545251654e-12
15I,Mutant,0.03678068628408251
7I,Mutant,0.0005795055685933652
