sample,group,p_value
7,Mutant,0.00440304959060105
11,Mutant,4.718418799860116e-08
