AA,Count,Average
A,180,0.015333503705596729
F,309,0.026322514694607717
G,1091,0.09293806968225572
I,1197,0.10196779964221825
L,6793,0.578669392622881
S,130,0.01107419712070875
T,913,0.07777493824005452
V,219,0.018655762841809354
W,296,0.025215094982536844
Y,611,0.05204872646733112
