AA,Count,Average
A,73,0.027157738095238096
F,72,0.026785714285714284
G,222,0.08258928571428571
I,260,0.09672619047619048
L,1548,0.5758928571428571
S,39,0.014508928571428572
T,232,0.08630952380952381
V,44,0.01636904761904762
W,58,0.021577380952380952
Y,140,0.052083333333333336
