sample,group,p_value
11Y,Mutant,7.96210317904849e-05
12A,Mutant,0.00041342464193143923
12S,Mutant,0.004634912997292858
4A,Mutant,0.0028323588983682974
5A,Mutant,0.04194139898005943
8A,Mutant,0.014169669560063235
8L,Mutant,0.016960846114072312
