sample,group,p_value
A,Mutant,5.566583784496951e-07
T,Mutant,0.029554138617213448
