sample,group,p_value
11A,Mutant,0.0015002234187670082
12A,Mutant,1.6145875804874315e-08
12T,Mutant,0.014762251143738324
4S,Mutant,0.04727669240984895
8A,Mutant,0.0023153892201514086
8T,Mutant,0.0016630993255046843
