sample,group,p_value
8,Mutant,0.00017867028813329958
12,Mutant,8.993507667037083e-08
