sample,group,p_value
A,Mutant,1.3879673264267837e-11
T,Mutant,9.954158726630038e-06
