sample,group,p_value
11G,Mutant,4.679812550104592e-13
12G,Mutant,0.004411364043068871
15G,Mutant,0.0073814681017797925
3Y,Mutant,0.046821900639215194
7G,Mutant,1.0228311653999339e-06
