Sequence	Interface	InterfaceSequence	Baseline	Dimer	Dimerw/Baseline	HBONDDimer	HBONDMonomer	IMM1Dimer	IMM1Monomer	Monomer	MonomerSasa	SequenceProbability	Total	VDWDimer	VDWMonomer	acceptCycleNumber	axialRotation	bestEnergyTotal	crossingAngle	currEnergyTotal	currEntropy	endAxialRotation	endCrossingAngle	endXShift	endZShift	energyComparison	entropyDiff	geometryNumber	prevEntropy	startEnergy	xShift	zShift	
LLLGYLLYTLLATLLTFLILI	133001200220032003201	L--GYL-YT--AT--TF--LI	343.854	-285.636	58.2185	-76.9424	-86.4455	-238.616	-279.848	-350.684	4612.07	5.53505e-06	49.3273	29.9223	15.6104	128	-50.7011	58.4568	-43.9537	58.3226	0.104052	-51.383	-44.5187	8.62591	1.57989	0.134292	0.97647	1	1.08052	65.0477	8.6733	1.52478	
LLLGYLLYTLLAYLLGTLILI	133001200220032003201	L--GYL-YT--AY--GT--LI	339.272	-179.989	159.283	-76.1342	-72.6413	-235.601	-277.509	-338.826	4596.64	1.78212e-06	59.4384	131.746	11.3239	138	-51.31	159.853	-44.52	159.788	0.505042	-50.7011	-43.9537	8.6733	1.52478	0.0651863	-0.176318	0	0.328724	158.837	8.69	1.26	
LLLYVLLYTLLATLLTFLILI	133001200220032003201	L--YVL-YT--AT--TF--LI	348.106	-301.989	46.1165	-78.6863	-86.4455	-237.214	-286.222	-360.312	4673.26	8.2049e-06	37.4805	13.9108	12.355	140	-51.383	46.5011	-44.5187	46.4213	0.30482	-50.6645	-44.9667	8.73144	1.70711	0.0797991	0.234025	2	0.538845	58.323	8.62591	1.57989	
