sample,group,p_value
11G,Mutant,3.5305625867557088e-15
12G,Mutant,0.004748678523380313
15G,Mutant,0.011356617256036237
7G,Mutant,1.1592770680357262e-11
