sample,group,p_value
11I,Mutant,5.103161065395385e-14
12I,Mutant,0.04216991021543405
15I,Mutant,0.032542270942674686
7I,Mutant,2.905079615950841e-06
