sample,group,p_value
7,Mutant,4.623950066539223e-06
11,Mutant,6.662393607805089e-15
15,Mutant,0.03261900078530542
